ARM GAS  C:\Users\Spencer\AppData\Local\Temp\ccWmt4tk.s 			page 1


   1              		.cpu cortex-m7
   2              		.eabi_attribute 28, 1
   3              		.eabi_attribute 20, 1
   4              		.eabi_attribute 21, 1
   5              		.eabi_attribute 23, 3
   6              		.eabi_attribute 24, 1
   7              		.eabi_attribute 25, 1
   8              		.eabi_attribute 26, 1
   9              		.eabi_attribute 30, 1
  10              		.eabi_attribute 34, 1
  11              		.eabi_attribute 18, 4
  12              		.file	"Marigold.cpp"
  13              		.text
  14              	.Ltext0:
  15              		.cfi_sections	.debug_frame
  16              		.section	.text._ZN5daisy13AnalogControlD2Ev,"axG",%progbits,_ZN5daisy13AnalogControlD5Ev,comdat
  17              		.align	1
  18              		.weak	_ZN5daisy13AnalogControlD2Ev
  19              		.arch armv7e-m
  20              		.syntax unified
  21              		.thumb
  22              		.thumb_func
  23              		.fpu fpv5-d16
  25              	_ZN5daisy13AnalogControlD2Ev:
  26              	.LVL0:
  27              	.LFB2197:
  28              		.file 1 "../../../../Dependencies/libDaisy/src/hid/ctrl.h"
   1:../../../../Dependencies/libDaisy/src/hid/ctrl.h **** #pragma once
   2:../../../../Dependencies/libDaisy/src/hid/ctrl.h **** #ifndef DSY_KNOB_H
   3:../../../../Dependencies/libDaisy/src/hid/ctrl.h **** #define DSY_KNOB_H /**< & */
   4:../../../../Dependencies/libDaisy/src/hid/ctrl.h **** #include <stdint.h>
   5:../../../../Dependencies/libDaisy/src/hid/ctrl.h **** 
   6:../../../../Dependencies/libDaisy/src/hid/ctrl.h **** #ifdef __cplusplus
   7:../../../../Dependencies/libDaisy/src/hid/ctrl.h **** namespace daisy
   8:../../../../Dependencies/libDaisy/src/hid/ctrl.h **** {
   9:../../../../Dependencies/libDaisy/src/hid/ctrl.h **** /**
  10:../../../../Dependencies/libDaisy/src/hid/ctrl.h ****     @brief Hardware Interface for control inputs \n
  11:../../../../Dependencies/libDaisy/src/hid/ctrl.h ****     Primarily designed for ADC input controls such as \n
  12:../../../../Dependencies/libDaisy/src/hid/ctrl.h ****     potentiometers, and control voltage. \n
  13:../../../../Dependencies/libDaisy/src/hid/ctrl.h ****     @author Stephen Hensley
  14:../../../../Dependencies/libDaisy/src/hid/ctrl.h ****     @date November 2019
  15:../../../../Dependencies/libDaisy/src/hid/ctrl.h ****     @ingroup controls
  16:../../../../Dependencies/libDaisy/src/hid/ctrl.h **** */
  17:../../../../Dependencies/libDaisy/src/hid/ctrl.h **** class AnalogControl
  18:../../../../Dependencies/libDaisy/src/hid/ctrl.h **** {
  19:../../../../Dependencies/libDaisy/src/hid/ctrl.h ****   public:
  20:../../../../Dependencies/libDaisy/src/hid/ctrl.h ****     /** Constructor */
  21:../../../../Dependencies/libDaisy/src/hid/ctrl.h ****     AnalogControl() {}
  22:../../../../Dependencies/libDaisy/src/hid/ctrl.h ****     /** destructor */
  23:../../../../Dependencies/libDaisy/src/hid/ctrl.h ****     ~AnalogControl() {}
  29              		.loc 1 23 5 view -0
  30              		.cfi_startproc
  31              		@ args = 0, pretend = 0, frame = 0
  32              		@ frame_needed = 0, uses_anonymous_args = 0
  33              		@ link register save eliminated.
  34              		.loc 1 23 23 is_stmt 0 view .LVU1
  35 0000 7047     		bx	lr
ARM GAS  C:\Users\Spencer\AppData\Local\Temp\ccWmt4tk.s 			page 2


  36              		.cfi_endproc
  37              	.LFE2197:
  39              		.weak	_ZN5daisy13AnalogControlD1Ev
  40              		.thumb_set _ZN5daisy13AnalogControlD1Ev,_ZN5daisy13AnalogControlD2Ev
  41              		.section	.text._ZN5daisy9ParameterD2Ev,"axG",%progbits,_ZN5daisy9ParameterD5Ev,comdat
  42              		.align	1
  43              		.weak	_ZN5daisy9ParameterD2Ev
  44              		.syntax unified
  45              		.thumb
  46              		.thumb_func
  47              		.fpu fpv5-d16
  49              	_ZN5daisy9ParameterD2Ev:
  50              	.LVL1:
  51              	.LFB2216:
  52              		.file 2 "../../../../Dependencies/libDaisy/src/hid/parameter.h"
   1:../../../../Dependencies/libDaisy/src/hid/parameter.h **** #pragma once
   2:../../../../Dependencies/libDaisy/src/hid/parameter.h **** #include <stdint.h>
   3:../../../../Dependencies/libDaisy/src/hid/parameter.h **** #include "hid/ctrl.h"
   4:../../../../Dependencies/libDaisy/src/hid/parameter.h **** 
   5:../../../../Dependencies/libDaisy/src/hid/parameter.h **** namespace daisy
   6:../../../../Dependencies/libDaisy/src/hid/parameter.h **** {
   7:../../../../Dependencies/libDaisy/src/hid/parameter.h **** /** @addtogroup controls
   8:../../../../Dependencies/libDaisy/src/hid/parameter.h ****     @{
   9:../../../../Dependencies/libDaisy/src/hid/parameter.h **** */
  10:../../../../Dependencies/libDaisy/src/hid/parameter.h **** 
  11:../../../../Dependencies/libDaisy/src/hid/parameter.h **** /**      Simple parameter mapping tool that takes a 0-1 input from an hid_ctrl. */
  12:../../../../Dependencies/libDaisy/src/hid/parameter.h **** class Parameter
  13:../../../../Dependencies/libDaisy/src/hid/parameter.h **** {
  14:../../../../Dependencies/libDaisy/src/hid/parameter.h ****   public:
  15:../../../../Dependencies/libDaisy/src/hid/parameter.h ****     /** Curves are applied to the output signal */
  16:../../../../Dependencies/libDaisy/src/hid/parameter.h ****     enum Curve
  17:../../../../Dependencies/libDaisy/src/hid/parameter.h ****     {
  18:../../../../Dependencies/libDaisy/src/hid/parameter.h ****         LINEAR,      /**< Linear curve */
  19:../../../../Dependencies/libDaisy/src/hid/parameter.h ****         EXPONENTIAL, /**< Exponential curve */
  20:../../../../Dependencies/libDaisy/src/hid/parameter.h ****         LOGARITHMIC, /**<  Logarithmic curve */
  21:../../../../Dependencies/libDaisy/src/hid/parameter.h ****         CUBE,        /**< Cubic curve */
  22:../../../../Dependencies/libDaisy/src/hid/parameter.h ****         LAST,        /**< Final enum element. */
  23:../../../../Dependencies/libDaisy/src/hid/parameter.h ****     };
  24:../../../../Dependencies/libDaisy/src/hid/parameter.h ****     /** Constructor */
  25:../../../../Dependencies/libDaisy/src/hid/parameter.h ****     Parameter() {}
  26:../../../../Dependencies/libDaisy/src/hid/parameter.h ****     /** Destructor */
  27:../../../../Dependencies/libDaisy/src/hid/parameter.h ****     ~Parameter() {}
  53              		.loc 2 27 5 is_stmt 1 view -0
  54              		.cfi_startproc
  55              		@ args = 0, pretend = 0, frame = 0
  56              		@ frame_needed = 0, uses_anonymous_args = 0
  57              		@ link register save eliminated.
  58              	.LBB732:
  59              	.LBI732:
  60              		.loc 1 23 5 view .LVU3
  61              		.loc 1 23 5 is_stmt 0 view .LVU4
  62              	.LBE732:
  63              		.loc 2 27 19 view .LVU5
  64 0000 7047     		bx	lr
  65              		.cfi_endproc
  66              	.LFE2216:
  68              		.weak	_ZN5daisy9ParameterD1Ev
ARM GAS  C:\Users\Spencer\AppData\Local\Temp\ccWmt4tk.s 			page 3


  69              		.thumb_set _ZN5daisy9ParameterD1Ev,_ZN5daisy9ParameterD2Ev
  70              		.section	.text._ZN5daisy3LedD2Ev,"axG",%progbits,_ZN5daisy3LedD5Ev,comdat
  71              		.align	1
  72              		.weak	_ZN5daisy3LedD2Ev
  73              		.syntax unified
  74              		.thumb
  75              		.thumb_func
  76              		.fpu fpv5-d16
  78              	_ZN5daisy3LedD2Ev:
  79              	.LVL2:
  80              	.LFB2408:
  81              		.file 3 "../../../../Dependencies/libDaisy/src/hid/led.h"
   1:../../../../Dependencies/libDaisy/src/hid/led.h **** 
   2:../../../../Dependencies/libDaisy/src/hid/led.h **** #pragma once
   3:../../../../Dependencies/libDaisy/src/hid/led.h **** #ifndef DSY_LED_H
   4:../../../../Dependencies/libDaisy/src/hid/led.h **** #define DSY_LED_H
   5:../../../../Dependencies/libDaisy/src/hid/led.h **** #include "daisy_core.h"
   6:../../../../Dependencies/libDaisy/src/hid/led.h **** #include "per/gpio.h"
   7:../../../../Dependencies/libDaisy/src/hid/led.h **** 
   8:../../../../Dependencies/libDaisy/src/hid/led.h **** /* TODO - Get this set up to work with the dev_leddriver stuff as well
   9:../../../../Dependencies/libDaisy/src/hid/led.h **** - Setup Hardware PWM for pins that have it
  10:../../../../Dependencies/libDaisy/src/hid/led.h **** */
  11:../../../../Dependencies/libDaisy/src/hid/led.h **** 
  12:../../../../Dependencies/libDaisy/src/hid/led.h **** namespace daisy
  13:../../../../Dependencies/libDaisy/src/hid/led.h **** {
  14:../../../../Dependencies/libDaisy/src/hid/led.h **** /**
  15:../../../../Dependencies/libDaisy/src/hid/led.h ****     @brief LED Class providing simple Software PWM ability, etc \n 
  16:../../../../Dependencies/libDaisy/src/hid/led.h ****     Eventually this will work with hardware PWM, and external LED Driver devices as well.
  17:../../../../Dependencies/libDaisy/src/hid/led.h ****     @author shensley
  18:../../../../Dependencies/libDaisy/src/hid/led.h ****     @date March 2020
  19:../../../../Dependencies/libDaisy/src/hid/led.h ****     @ingroup feedback
  20:../../../../Dependencies/libDaisy/src/hid/led.h **** */
  21:../../../../Dependencies/libDaisy/src/hid/led.h **** class Led
  22:../../../../Dependencies/libDaisy/src/hid/led.h **** {
  23:../../../../Dependencies/libDaisy/src/hid/led.h ****   public:
  24:../../../../Dependencies/libDaisy/src/hid/led.h ****     Led() {}
  25:../../../../Dependencies/libDaisy/src/hid/led.h ****     ~Led() {}
  82              		.loc 3 25 5 is_stmt 1 view -0
  83              		.cfi_startproc
  84              		@ args = 0, pretend = 0, frame = 0
  85              		@ frame_needed = 0, uses_anonymous_args = 0
  86              		@ link register save eliminated.
  87              		.loc 3 25 13 is_stmt 0 view .LVU7
  88 0000 7047     		bx	lr
  89              		.cfi_endproc
  90              	.LFE2408:
  92              		.weak	_ZN5daisy3LedD1Ev
  93              		.thumb_set _ZN5daisy3LedD1Ev,_ZN5daisy3LedD2Ev
  94              		.section	.text._ZN5daisy9DaisySeedD2Ev,"axG",%progbits,_ZN5daisy9DaisySeedD5Ev,comdat
  95              		.align	1
  96              		.weak	_ZN5daisy9DaisySeedD2Ev
  97              		.syntax unified
  98              		.thumb
  99              		.thumb_func
 100              		.fpu fpv5-d16
 102              	_ZN5daisy9DaisySeedD2Ev:
 103              	.LVL3:
ARM GAS  C:\Users\Spencer\AppData\Local\Temp\ccWmt4tk.s 			page 4


 104              	.LFB3207:
 105              		.file 4 "../../../../Dependencies/libDaisy/src/daisy_seed.h"
   1:../../../../Dependencies/libDaisy/src/daisy_seed.h **** #pragma once
   2:../../../../Dependencies/libDaisy/src/daisy_seed.h **** #ifndef DSY_SEED_H
   3:../../../../Dependencies/libDaisy/src/daisy_seed.h **** #define DSY_SEED_H
   4:../../../../Dependencies/libDaisy/src/daisy_seed.h **** 
   5:../../../../Dependencies/libDaisy/src/daisy_seed.h **** #include "daisy.h"
   6:../../../../Dependencies/libDaisy/src/daisy_seed.h **** 
   7:../../../../Dependencies/libDaisy/src/daisy_seed.h **** //Uncomment this out if you're still using the rev2 hardware
   8:../../../../Dependencies/libDaisy/src/daisy_seed.h **** //#define SEED_REV2
   9:../../../../Dependencies/libDaisy/src/daisy_seed.h **** 
  10:../../../../Dependencies/libDaisy/src/daisy_seed.h **** namespace daisy
  11:../../../../Dependencies/libDaisy/src/daisy_seed.h **** {
  12:../../../../Dependencies/libDaisy/src/daisy_seed.h **** /**
  13:../../../../Dependencies/libDaisy/src/daisy_seed.h ****    @brief This is the higher-level interface for the Daisy board. \n 
  14:../../../../Dependencies/libDaisy/src/daisy_seed.h ****     All basic peripheral configuration/initialization is setup here. \n
  15:../../../../Dependencies/libDaisy/src/daisy_seed.h **** 
  16:../../../../Dependencies/libDaisy/src/daisy_seed.h ****    @ingroup boards
  17:../../../../Dependencies/libDaisy/src/daisy_seed.h **** */
  18:../../../../Dependencies/libDaisy/src/daisy_seed.h **** class DaisySeed
  19:../../../../Dependencies/libDaisy/src/daisy_seed.h **** {
  20:../../../../Dependencies/libDaisy/src/daisy_seed.h ****   public:
  21:../../../../Dependencies/libDaisy/src/daisy_seed.h ****     DaisySeed() {}
  22:../../../../Dependencies/libDaisy/src/daisy_seed.h ****     ~DaisySeed() {}
 106              		.loc 4 22 5 is_stmt 1 view -0
 107              		.cfi_startproc
 108              		@ args = 0, pretend = 0, frame = 0
 109              		@ frame_needed = 0, uses_anonymous_args = 0
 110              		@ link register save eliminated.
 111              	.LBB733:
 112              	.LBI733:
 113              		.file 5 "../../../../Dependencies/libDaisy/src/dev/codec_ak4556.h"
   1:../../../../Dependencies/libDaisy/src/dev/codec_ak4556.h **** #pragma once
   2:../../../../Dependencies/libDaisy/src/dev/codec_ak4556.h **** #ifndef DSY_CODEC_AK4556_H
   3:../../../../Dependencies/libDaisy/src/dev/codec_ak4556.h **** #define DSY_CODEC_AK4556_H
   4:../../../../Dependencies/libDaisy/src/dev/codec_ak4556.h **** 
   5:../../../../Dependencies/libDaisy/src/dev/codec_ak4556.h **** #include "daisy_core.h"
   6:../../../../Dependencies/libDaisy/src/dev/codec_ak4556.h **** #include "per/gpio.h"
   7:../../../../Dependencies/libDaisy/src/dev/codec_ak4556.h **** 
   8:../../../../Dependencies/libDaisy/src/dev/codec_ak4556.h **** namespace daisy
   9:../../../../Dependencies/libDaisy/src/dev/codec_ak4556.h **** {
  10:../../../../Dependencies/libDaisy/src/dev/codec_ak4556.h **** /** @brief Ak4556 Codec support 
  11:../../../../Dependencies/libDaisy/src/dev/codec_ak4556.h ****  ** @author shensley
  12:../../../../Dependencies/libDaisy/src/dev/codec_ak4556.h ****  ** @addtogroup codec
  13:../../../../Dependencies/libDaisy/src/dev/codec_ak4556.h ****  ** 
  14:../../../../Dependencies/libDaisy/src/dev/codec_ak4556.h ****  ** I don't see any real reason to have this be more than a function, but in case we want
  15:../../../../Dependencies/libDaisy/src/dev/codec_ak4556.h ****  ** to add other functions down the road I wrapped the function in a class.
  16:../../../../Dependencies/libDaisy/src/dev/codec_ak4556.h ****  ***/
  17:../../../../Dependencies/libDaisy/src/dev/codec_ak4556.h **** class Ak4556
  18:../../../../Dependencies/libDaisy/src/dev/codec_ak4556.h **** {
  19:../../../../Dependencies/libDaisy/src/dev/codec_ak4556.h ****   public:
  20:../../../../Dependencies/libDaisy/src/dev/codec_ak4556.h ****     Ak4556() {}
  21:../../../../Dependencies/libDaisy/src/dev/codec_ak4556.h ****     ~Ak4556() {}
 114              		.loc 5 21 5 view .LVU9
 115              		.loc 5 21 5 is_stmt 0 view .LVU10
 116              	.LBE733:
 117              	.LBB734:
ARM GAS  C:\Users\Spencer\AppData\Local\Temp\ccWmt4tk.s 			page 5


 118              	.LBI734:
 119              		.file 6 "../../../../Dependencies/libDaisy/src/sys/system.h"
   1:../../../../Dependencies/libDaisy/src/sys/system.h **** #ifndef DSY_SYSTEM_H
   2:../../../../Dependencies/libDaisy/src/sys/system.h **** #define DSY_SYSTEM_H
   3:../../../../Dependencies/libDaisy/src/sys/system.h **** 
   4:../../../../Dependencies/libDaisy/src/sys/system.h **** #ifndef UNIT_TEST // for unit tests, a dummy implementation is provided below
   5:../../../../Dependencies/libDaisy/src/sys/system.h **** 
   6:../../../../Dependencies/libDaisy/src/sys/system.h **** #include <cstdint>
   7:../../../../Dependencies/libDaisy/src/sys/system.h **** #include "per/tim.h"
   8:../../../../Dependencies/libDaisy/src/sys/system.h **** 
   9:../../../../Dependencies/libDaisy/src/sys/system.h **** namespace daisy
  10:../../../../Dependencies/libDaisy/src/sys/system.h **** {
  11:../../../../Dependencies/libDaisy/src/sys/system.h **** /** A handle for interacting with the Core System.
  12:../../../../Dependencies/libDaisy/src/sys/system.h ****  ** This includes the Clock tree, MPU, global DMA initialization,
  13:../../../../Dependencies/libDaisy/src/sys/system.h ****  ** cache handling, and any other necessary global initiailzation
  14:../../../../Dependencies/libDaisy/src/sys/system.h ****  **
  15:../../../../Dependencies/libDaisy/src/sys/system.h ****  ** @author shensley
  16:../../../../Dependencies/libDaisy/src/sys/system.h ****  ** @ingroup system
  17:../../../../Dependencies/libDaisy/src/sys/system.h ****  */
  18:../../../../Dependencies/libDaisy/src/sys/system.h **** class System
  19:../../../../Dependencies/libDaisy/src/sys/system.h **** {
  20:../../../../Dependencies/libDaisy/src/sys/system.h ****   public:
  21:../../../../Dependencies/libDaisy/src/sys/system.h ****     /** Contains settings for initializing the System */
  22:../../../../Dependencies/libDaisy/src/sys/system.h ****     struct Config
  23:../../../../Dependencies/libDaisy/src/sys/system.h ****     {
  24:../../../../Dependencies/libDaisy/src/sys/system.h ****         /** Specifies the system clock frequency that feeds APB/AHB clocks, etc. */
  25:../../../../Dependencies/libDaisy/src/sys/system.h ****         enum class SysClkFreq
  26:../../../../Dependencies/libDaisy/src/sys/system.h ****         {
  27:../../../../Dependencies/libDaisy/src/sys/system.h ****             FREQ_400MHZ,
  28:../../../../Dependencies/libDaisy/src/sys/system.h ****             FREQ_480MHZ,
  29:../../../../Dependencies/libDaisy/src/sys/system.h ****         };
  30:../../../../Dependencies/libDaisy/src/sys/system.h **** 
  31:../../../../Dependencies/libDaisy/src/sys/system.h ****         /** Method to call on the struct to set to defaults
  32:../../../../Dependencies/libDaisy/src/sys/system.h ****          ** CPU Freq set to 400MHz
  33:../../../../Dependencies/libDaisy/src/sys/system.h ****          ** Cache Enabled
  34:../../../../Dependencies/libDaisy/src/sys/system.h ****          ** */
  35:../../../../Dependencies/libDaisy/src/sys/system.h ****         void Defaults()
  36:../../../../Dependencies/libDaisy/src/sys/system.h ****         {
  37:../../../../Dependencies/libDaisy/src/sys/system.h ****             cpu_freq    = SysClkFreq::FREQ_400MHZ;
  38:../../../../Dependencies/libDaisy/src/sys/system.h ****             use_dcache  = true;
  39:../../../../Dependencies/libDaisy/src/sys/system.h ****             use_icache  = true;
  40:../../../../Dependencies/libDaisy/src/sys/system.h ****             skip_clocks = false;
  41:../../../../Dependencies/libDaisy/src/sys/system.h ****         }
  42:../../../../Dependencies/libDaisy/src/sys/system.h **** 
  43:../../../../Dependencies/libDaisy/src/sys/system.h ****         /** Method to call on the struct to set to boost mode:
  44:../../../../Dependencies/libDaisy/src/sys/system.h ****          ** CPU Freq set to 480MHz
  45:../../../../Dependencies/libDaisy/src/sys/system.h ****          ** Cache Enabled
  46:../../../../Dependencies/libDaisy/src/sys/system.h ****          ** */
  47:../../../../Dependencies/libDaisy/src/sys/system.h ****         void Boost()
  48:../../../../Dependencies/libDaisy/src/sys/system.h ****         {
  49:../../../../Dependencies/libDaisy/src/sys/system.h ****             cpu_freq    = SysClkFreq::FREQ_480MHZ;
  50:../../../../Dependencies/libDaisy/src/sys/system.h ****             use_dcache  = true;
  51:../../../../Dependencies/libDaisy/src/sys/system.h ****             use_icache  = true;
  52:../../../../Dependencies/libDaisy/src/sys/system.h ****             skip_clocks = false;
  53:../../../../Dependencies/libDaisy/src/sys/system.h ****         }
  54:../../../../Dependencies/libDaisy/src/sys/system.h **** 
  55:../../../../Dependencies/libDaisy/src/sys/system.h ****         SysClkFreq cpu_freq;
ARM GAS  C:\Users\Spencer\AppData\Local\Temp\ccWmt4tk.s 			page 6


  56:../../../../Dependencies/libDaisy/src/sys/system.h ****         bool       use_dcache;
  57:../../../../Dependencies/libDaisy/src/sys/system.h ****         bool       use_icache;
  58:../../../../Dependencies/libDaisy/src/sys/system.h ****         bool       skip_clocks;
  59:../../../../Dependencies/libDaisy/src/sys/system.h ****     };
  60:../../../../Dependencies/libDaisy/src/sys/system.h **** 
  61:../../../../Dependencies/libDaisy/src/sys/system.h ****     /** Describes the different regions of memory available to the Daisy */
  62:../../../../Dependencies/libDaisy/src/sys/system.h ****     enum MemoryRegion
  63:../../../../Dependencies/libDaisy/src/sys/system.h ****     {
  64:../../../../Dependencies/libDaisy/src/sys/system.h ****         INTERNAL_FLASH = 0,
  65:../../../../Dependencies/libDaisy/src/sys/system.h ****         ITCMRAM,
  66:../../../../Dependencies/libDaisy/src/sys/system.h ****         DTCMRAM,
  67:../../../../Dependencies/libDaisy/src/sys/system.h ****         SRAM_D1,
  68:../../../../Dependencies/libDaisy/src/sys/system.h ****         SRAM_D2,
  69:../../../../Dependencies/libDaisy/src/sys/system.h ****         SRAM_D3,
  70:../../../../Dependencies/libDaisy/src/sys/system.h ****         SDRAM,
  71:../../../../Dependencies/libDaisy/src/sys/system.h ****         QSPI,
  72:../../../../Dependencies/libDaisy/src/sys/system.h ****         INVALID_ADDRESS,
  73:../../../../Dependencies/libDaisy/src/sys/system.h ****     };
  74:../../../../Dependencies/libDaisy/src/sys/system.h **** 
  75:../../../../Dependencies/libDaisy/src/sys/system.h ****     /** Bootloader struct for controlling bootloading parameters */
  76:../../../../Dependencies/libDaisy/src/sys/system.h ****     struct BootInfo
  77:../../../../Dependencies/libDaisy/src/sys/system.h ****     {
  78:../../../../Dependencies/libDaisy/src/sys/system.h ****         enum class Type : uint32_t
  79:../../../../Dependencies/libDaisy/src/sys/system.h ****         {
  80:../../../../Dependencies/libDaisy/src/sys/system.h ****             INVALID      = 0x00000000,
  81:../../../../Dependencies/libDaisy/src/sys/system.h ****             JUMP         = 0xDEADBEEF,
  82:../../../../Dependencies/libDaisy/src/sys/system.h ****             SKIP_TIMEOUT = 0x5AFEB007,
  83:../../../../Dependencies/libDaisy/src/sys/system.h ****             INF_TIMEOUT  = 0xB0074EFA,
  84:../../../../Dependencies/libDaisy/src/sys/system.h ****         } status;
  85:../../../../Dependencies/libDaisy/src/sys/system.h ****         uint32_t data;
  86:../../../../Dependencies/libDaisy/src/sys/system.h ****         enum class Version : uint32_t
  87:../../../../Dependencies/libDaisy/src/sys/system.h ****         {
  88:../../../../Dependencies/libDaisy/src/sys/system.h ****             LT_v6_0 = 0, // Less than v6.0
  89:../../../../Dependencies/libDaisy/src/sys/system.h ****             NONE,        // No bootloader present
  90:../../../../Dependencies/libDaisy/src/sys/system.h ****             v6_0,        // v6.0
  91:../../../../Dependencies/libDaisy/src/sys/system.h ****             v6_1,        // v6.1 or greater
  92:../../../../Dependencies/libDaisy/src/sys/system.h ****             LAST
  93:../../../../Dependencies/libDaisy/src/sys/system.h ****         } version;
  94:../../../../Dependencies/libDaisy/src/sys/system.h ****     };
  95:../../../../Dependencies/libDaisy/src/sys/system.h **** 
  96:../../../../Dependencies/libDaisy/src/sys/system.h ****     System() {}
  97:../../../../Dependencies/libDaisy/src/sys/system.h ****     ~System() {}
 120              		.loc 6 97 5 is_stmt 1 view .LVU11
 121              		.loc 6 97 5 is_stmt 0 view .LVU12
 122              	.LBE734:
 123              	.LBB735:
 124              	.LBI735:
 125              		.file 7 "../../../../Dependencies/libDaisy/src/hid/usb.h"
   1:../../../../Dependencies/libDaisy/src/hid/usb.h **** #pragma once
   2:../../../../Dependencies/libDaisy/src/hid/usb.h **** #ifndef DSY_HID_USB_H
   3:../../../../Dependencies/libDaisy/src/hid/usb.h **** #define DSY_HID_USB_H
   4:../../../../Dependencies/libDaisy/src/hid/usb.h **** #include <stdint.h>
   5:../../../../Dependencies/libDaisy/src/hid/usb.h **** #include <stdlib.h>
   6:../../../../Dependencies/libDaisy/src/hid/usb.h **** 
   7:../../../../Dependencies/libDaisy/src/hid/usb.h **** namespace daisy
   8:../../../../Dependencies/libDaisy/src/hid/usb.h **** /** @addtogroup human_interface
   9:../../../../Dependencies/libDaisy/src/hid/usb.h ****     @{
ARM GAS  C:\Users\Spencer\AppData\Local\Temp\ccWmt4tk.s 			page 7


  10:../../../../Dependencies/libDaisy/src/hid/usb.h **** */
  11:../../../../Dependencies/libDaisy/src/hid/usb.h **** 
  12:../../../../Dependencies/libDaisy/src/hid/usb.h **** {
  13:../../../../Dependencies/libDaisy/src/hid/usb.h **** /** 
  14:../../../../Dependencies/libDaisy/src/hid/usb.h ****     @brief Interface for initializing and using the USB Peripherals on the daisy
  15:../../../../Dependencies/libDaisy/src/hid/usb.h ****     @author Stephen Hensley
  16:../../../../Dependencies/libDaisy/src/hid/usb.h ****     @date December 2019
  17:../../../../Dependencies/libDaisy/src/hid/usb.h **** */
  18:../../../../Dependencies/libDaisy/src/hid/usb.h **** class UsbHandle
  19:../../../../Dependencies/libDaisy/src/hid/usb.h **** {
  20:../../../../Dependencies/libDaisy/src/hid/usb.h ****   public:
  21:../../../../Dependencies/libDaisy/src/hid/usb.h ****     /** Return values for USBHandle Functions */
  22:../../../../Dependencies/libDaisy/src/hid/usb.h ****     enum class Result
  23:../../../../Dependencies/libDaisy/src/hid/usb.h ****     {
  24:../../../../Dependencies/libDaisy/src/hid/usb.h ****         OK,
  25:../../../../Dependencies/libDaisy/src/hid/usb.h ****         ERR,
  26:../../../../Dependencies/libDaisy/src/hid/usb.h ****     };
  27:../../../../Dependencies/libDaisy/src/hid/usb.h **** 
  28:../../../../Dependencies/libDaisy/src/hid/usb.h ****     /** Specified which of the two USB Peripherals to initialize. */
  29:../../../../Dependencies/libDaisy/src/hid/usb.h ****     enum UsbPeriph
  30:../../../../Dependencies/libDaisy/src/hid/usb.h ****     {
  31:../../../../Dependencies/libDaisy/src/hid/usb.h ****         FS_INTERNAL, /**< Internal pin */
  32:../../../../Dependencies/libDaisy/src/hid/usb.h ****         FS_EXTERNAL, /**< FS External D+ pin is Pin 38 (GPIO32). FS External D- pin is Pin 37 (GPIO
  33:../../../../Dependencies/libDaisy/src/hid/usb.h ****         FS_BOTH,     /**< Both */
  34:../../../../Dependencies/libDaisy/src/hid/usb.h ****     };
  35:../../../../Dependencies/libDaisy/src/hid/usb.h **** 
  36:../../../../Dependencies/libDaisy/src/hid/usb.h **** 
  37:../../../../Dependencies/libDaisy/src/hid/usb.h ****     /** Function called upon reception of a buffer */
  38:../../../../Dependencies/libDaisy/src/hid/usb.h ****     typedef void (*ReceiveCallback)(uint8_t* buff, uint32_t* len);
  39:../../../../Dependencies/libDaisy/src/hid/usb.h **** 
  40:../../../../Dependencies/libDaisy/src/hid/usb.h ****     UsbHandle() {}
  41:../../../../Dependencies/libDaisy/src/hid/usb.h **** 
  42:../../../../Dependencies/libDaisy/src/hid/usb.h ****     ~UsbHandle() {}
 126              		.loc 7 42 5 is_stmt 1 view .LVU13
 127              		.loc 7 42 5 is_stmt 0 view .LVU14
 128              	.LBE735:
 129              	.LBB736:
 130              	.LBI736:
 131              		.file 8 "../../../../Dependencies/libDaisy/src/per/adc.h"
   1:../../../../Dependencies/libDaisy/src/per/adc.h **** #pragma once
   2:../../../../Dependencies/libDaisy/src/per/adc.h **** #ifndef DSY_ADC_H
   3:../../../../Dependencies/libDaisy/src/per/adc.h **** #define DSY_ADC_H /**< Macro */
   4:../../../../Dependencies/libDaisy/src/per/adc.h **** #include <stdint.h>
   5:../../../../Dependencies/libDaisy/src/per/adc.h **** #include <stdlib.h>
   6:../../../../Dependencies/libDaisy/src/per/adc.h **** #include "daisy_core.h"
   7:../../../../Dependencies/libDaisy/src/per/adc.h **** #include "per/gpio.h"
   8:../../../../Dependencies/libDaisy/src/per/adc.h **** 
   9:../../../../Dependencies/libDaisy/src/per/adc.h **** #define DSY_ADC_MAX_CHANNELS 16 /**< Maximum number of ADC channels */
  10:../../../../Dependencies/libDaisy/src/per/adc.h **** 
  11:../../../../Dependencies/libDaisy/src/per/adc.h **** namespace daisy
  12:../../../../Dependencies/libDaisy/src/per/adc.h **** {
  13:../../../../Dependencies/libDaisy/src/per/adc.h **** /** @addtogroup per_analog
  14:../../../../Dependencies/libDaisy/src/per/adc.h ****     @{
  15:../../../../Dependencies/libDaisy/src/per/adc.h **** */
  16:../../../../Dependencies/libDaisy/src/per/adc.h **** 
  17:../../../../Dependencies/libDaisy/src/per/adc.h **** /* While there may not be many configuration options here,
  18:../../../../Dependencies/libDaisy/src/per/adc.h **** using a struct like this allows us to add more configuration
ARM GAS  C:\Users\Spencer\AppData\Local\Temp\ccWmt4tk.s 			page 8


  19:../../../../Dependencies/libDaisy/src/per/adc.h **** later without breaking existing functionality.
  20:../../../../Dependencies/libDaisy/src/per/adc.h **** */
  21:../../../../Dependencies/libDaisy/src/per/adc.h **** 
  22:../../../../Dependencies/libDaisy/src/per/adc.h **** /** @brief   Configuration Structure for an ADC Channel 
  23:../../../../Dependencies/libDaisy/src/per/adc.h ****  *  @details This can be used to configure a a single input, 
  24:../../../../Dependencies/libDaisy/src/per/adc.h ****  *           or a multiplexed input, allowing up to 8 inputs on 
  25:../../../../Dependencies/libDaisy/src/per/adc.h ****  *           one channel.
  26:../../../../Dependencies/libDaisy/src/per/adc.h ****  *  @note    Sharing data lines to multiple muxes _is_ possible, but
  27:../../../../Dependencies/libDaisy/src/per/adc.h ****  *           each channel sharing data lines must be set to the maximum
  28:../../../../Dependencies/libDaisy/src/per/adc.h ****  *           number of channels, even if some multiplexers have fewer
  29:../../../../Dependencies/libDaisy/src/per/adc.h ****  *           inputs connected.
  30:../../../../Dependencies/libDaisy/src/per/adc.h **** */
  31:../../../../Dependencies/libDaisy/src/per/adc.h **** struct AdcChannelConfig
  32:../../../../Dependencies/libDaisy/src/per/adc.h **** {
  33:../../../../Dependencies/libDaisy/src/per/adc.h ****     /** Which pin to use for multiplexing */
  34:../../../../Dependencies/libDaisy/src/per/adc.h ****     enum MuxPin
  35:../../../../Dependencies/libDaisy/src/per/adc.h ****     {
  36:../../../../Dependencies/libDaisy/src/per/adc.h ****         MUX_SEL_0,    /**< & */
  37:../../../../Dependencies/libDaisy/src/per/adc.h ****         MUX_SEL_1,    /**< & */
  38:../../../../Dependencies/libDaisy/src/per/adc.h ****         MUX_SEL_2,    /**< & */
  39:../../../../Dependencies/libDaisy/src/per/adc.h ****         MUX_SEL_LAST, /**< & */
  40:../../../../Dependencies/libDaisy/src/per/adc.h ****     };
  41:../../../../Dependencies/libDaisy/src/per/adc.h **** 
  42:../../../../Dependencies/libDaisy/src/per/adc.h ****     /** \brief per channel conversion speed added to fixed time based on bitdepth, etc. */
  43:../../../../Dependencies/libDaisy/src/per/adc.h ****     enum ConversionSpeed
  44:../../../../Dependencies/libDaisy/src/per/adc.h ****     {
  45:../../../../Dependencies/libDaisy/src/per/adc.h ****         SPEED_1CYCLES_5,
  46:../../../../Dependencies/libDaisy/src/per/adc.h ****         SPEED_2CYCLES_5,
  47:../../../../Dependencies/libDaisy/src/per/adc.h ****         SPEED_8CYCLES_5,
  48:../../../../Dependencies/libDaisy/src/per/adc.h ****         SPEED_16CYCLES_5,
  49:../../../../Dependencies/libDaisy/src/per/adc.h ****         SPEED_32CYCLES_5,
  50:../../../../Dependencies/libDaisy/src/per/adc.h ****         SPEED_64CYCLES_5,
  51:../../../../Dependencies/libDaisy/src/per/adc.h ****         SPEED_387CYCLES_5,
  52:../../../../Dependencies/libDaisy/src/per/adc.h ****         SPEED_810CYCLES_5,
  53:../../../../Dependencies/libDaisy/src/per/adc.h ****     };
  54:../../../../Dependencies/libDaisy/src/per/adc.h **** 
  55:../../../../Dependencies/libDaisy/src/per/adc.h ****     /** Initializes a single ADC pin as an ADC. 
  56:../../../../Dependencies/libDaisy/src/per/adc.h ****     \param pin Pin to init.
  57:../../../../Dependencies/libDaisy/src/per/adc.h ****     \param speed conversion speed for this pin defaults to 8.5 cycles
  58:../../../../Dependencies/libDaisy/src/per/adc.h ****      */
  59:../../../../Dependencies/libDaisy/src/per/adc.h ****     void InitSingle(Pin pin, ConversionSpeed speed = SPEED_8CYCLES_5);
  60:../../../../Dependencies/libDaisy/src/per/adc.h **** 
  61:../../../../Dependencies/libDaisy/src/per/adc.h ****     /** 
  62:../../../../Dependencies/libDaisy/src/per/adc.h ****     Initializes a single ADC pin as a Multiplexed ADC.
  63:../../../../Dependencies/libDaisy/src/per/adc.h ****     Requires a CD405X Multiplexer connected to the pin.
  64:../../../../Dependencies/libDaisy/src/per/adc.h ****     You only need to supply the mux pins that are required,
  65:../../../../Dependencies/libDaisy/src/per/adc.h ****     e.g. a 4052 mux would only require mux_0 and mux_1.
  66:../../../../Dependencies/libDaisy/src/per/adc.h ****     Internal Callbacks handle the pin addressing.
  67:../../../../Dependencies/libDaisy/src/per/adc.h ****     \param adc_pin &
  68:../../../../Dependencies/libDaisy/src/per/adc.h ****     \param mux_channels must be 1-8
  69:../../../../Dependencies/libDaisy/src/per/adc.h ****     \param mux_0 First mux pin
  70:../../../../Dependencies/libDaisy/src/per/adc.h ****     \param mux_1 Second mux pin
  71:../../../../Dependencies/libDaisy/src/per/adc.h ****     \param mux_2 Third mux pin
  72:../../../../Dependencies/libDaisy/src/per/adc.h ****     \param speed conversion speed for this pin defaults to 8.5 cycles
  73:../../../../Dependencies/libDaisy/src/per/adc.h ****     */
  74:../../../../Dependencies/libDaisy/src/per/adc.h ****     void InitMux(Pin             adc_pin,
  75:../../../../Dependencies/libDaisy/src/per/adc.h ****                  size_t          mux_channels,
ARM GAS  C:\Users\Spencer\AppData\Local\Temp\ccWmt4tk.s 			page 9


  76:../../../../Dependencies/libDaisy/src/per/adc.h ****                  Pin             mux_0,
  77:../../../../Dependencies/libDaisy/src/per/adc.h ****                  Pin             mux_1 = Pin(PORTX, 0),
  78:../../../../Dependencies/libDaisy/src/per/adc.h ****                  Pin             mux_2 = Pin(PORTX, 0),
  79:../../../../Dependencies/libDaisy/src/per/adc.h ****                  ConversionSpeed speed = SPEED_8CYCLES_5);
  80:../../../../Dependencies/libDaisy/src/per/adc.h **** 
  81:../../../../Dependencies/libDaisy/src/per/adc.h ****     GPIO            pin_;                   /**< & */
  82:../../../../Dependencies/libDaisy/src/per/adc.h ****     GPIO            mux_pin_[MUX_SEL_LAST]; /**< & */
  83:../../../../Dependencies/libDaisy/src/per/adc.h ****     uint8_t         mux_channels_;          /**< & */
  84:../../../../Dependencies/libDaisy/src/per/adc.h ****     ConversionSpeed speed_;
  85:../../../../Dependencies/libDaisy/src/per/adc.h **** };
  86:../../../../Dependencies/libDaisy/src/per/adc.h **** 
  87:../../../../Dependencies/libDaisy/src/per/adc.h **** /**
  88:../../../../Dependencies/libDaisy/src/per/adc.h ****    @brief Handler for analog to digital conversion
  89:../../../../Dependencies/libDaisy/src/per/adc.h **** */
  90:../../../../Dependencies/libDaisy/src/per/adc.h **** class AdcHandle
  91:../../../../Dependencies/libDaisy/src/per/adc.h **** {
  92:../../../../Dependencies/libDaisy/src/per/adc.h ****   public:
  93:../../../../Dependencies/libDaisy/src/per/adc.h ****     /** Supported oversampling amounts */
  94:../../../../Dependencies/libDaisy/src/per/adc.h ****     enum OverSampling
  95:../../../../Dependencies/libDaisy/src/per/adc.h ****     {
  96:../../../../Dependencies/libDaisy/src/per/adc.h ****         OVS_NONE, /**< & */
  97:../../../../Dependencies/libDaisy/src/per/adc.h ****         OVS_4,    /**< & */
  98:../../../../Dependencies/libDaisy/src/per/adc.h ****         OVS_8,    /**< & */
  99:../../../../Dependencies/libDaisy/src/per/adc.h ****         OVS_16,   /**< & */
 100:../../../../Dependencies/libDaisy/src/per/adc.h ****         OVS_32,   /**< & */
 101:../../../../Dependencies/libDaisy/src/per/adc.h ****         OVS_64,   /**< & */
 102:../../../../Dependencies/libDaisy/src/per/adc.h ****         OVS_128,  /**< & */
 103:../../../../Dependencies/libDaisy/src/per/adc.h ****         OVS_256,  /**< & */
 104:../../../../Dependencies/libDaisy/src/per/adc.h ****         OVS_512,  /**< & */
 105:../../../../Dependencies/libDaisy/src/per/adc.h ****         OVS_1024, /**< & */
 106:../../../../Dependencies/libDaisy/src/per/adc.h ****         OVS_LAST, /**< & */
 107:../../../../Dependencies/libDaisy/src/per/adc.h ****     };
 108:../../../../Dependencies/libDaisy/src/per/adc.h **** 
 109:../../../../Dependencies/libDaisy/src/per/adc.h ****     AdcHandle() {}
 110:../../../../Dependencies/libDaisy/src/per/adc.h ****     ~AdcHandle() {}
 132              		.loc 8 110 5 is_stmt 1 view .LVU15
 133              		.loc 8 110 5 is_stmt 0 view .LVU16
 134              	.LBE736:
 135              	.LBB737:
 136              	.LBI737:
 137              		.file 9 "../../../../Dependencies/libDaisy/src/hid/audio.h"
   1:../../../../Dependencies/libDaisy/src/hid/audio.h **** #ifndef DSY_AUDIO_H
   2:../../../../Dependencies/libDaisy/src/hid/audio.h **** #define DSY_AUDIO_H /**< & */
   3:../../../../Dependencies/libDaisy/src/hid/audio.h **** 
   4:../../../../Dependencies/libDaisy/src/hid/audio.h **** #include "per/sai.h"
   5:../../../../Dependencies/libDaisy/src/hid/audio.h **** 
   6:../../../../Dependencies/libDaisy/src/hid/audio.h **** namespace daisy
   7:../../../../Dependencies/libDaisy/src/hid/audio.h **** {
   8:../../../../Dependencies/libDaisy/src/hid/audio.h **** /** @brief Audio Engine Handle
   9:../../../../Dependencies/libDaisy/src/hid/audio.h ****  *  @ingroup audio 
  10:../../../../Dependencies/libDaisy/src/hid/audio.h ****  *  @details This class allows for higher level access to an audio engine.
  11:../../../../Dependencies/libDaisy/src/hid/audio.h ****  *           If you're using a SOM like the DaisySeed or DaisyPatchSM (or any 
  12:../../../../Dependencies/libDaisy/src/hid/audio.h ****  *            board that includes one of those objects) then the intialization
  13:../../../../Dependencies/libDaisy/src/hid/audio.h ****  *            is already taken  care of.
  14:../../../../Dependencies/libDaisy/src/hid/audio.h ****  *           If you're setting up your own custom hardware, or need to make changes
  15:../../../../Dependencies/libDaisy/src/hid/audio.h ****  *           you will have to take the following steps:
  16:../../../../Dependencies/libDaisy/src/hid/audio.h ****  *             1. Create and Initialize an SaiHandle or two depending on your requirements
ARM GAS  C:\Users\Spencer\AppData\Local\Temp\ccWmt4tk.s 			page 10


  17:../../../../Dependencies/libDaisy/src/hid/audio.h ****  *             2. Initialize the Audio Handle with the desired settings and the Initialized SaiHand
  18:../../../../Dependencies/libDaisy/src/hid/audio.h ****  *             3. If the connected codec requires special configuration or initialization, do so
  19:../../../../Dependencies/libDaisy/src/hid/audio.h ****  *             4. Write a callback method using either the AudioCallback or the InterleavingAudioCa
  20:../../../../Dependencies/libDaisy/src/hid/audio.h ****  *             5. Start the Audio using one of the StartAudio function
  21:../../../../Dependencies/libDaisy/src/hid/audio.h ****  */
  22:../../../../Dependencies/libDaisy/src/hid/audio.h **** class AudioHandle
  23:../../../../Dependencies/libDaisy/src/hid/audio.h **** {
  24:../../../../Dependencies/libDaisy/src/hid/audio.h ****   public:
  25:../../../../Dependencies/libDaisy/src/hid/audio.h ****     /** Manually configurable details about the Audio Engine */
  26:../../../../Dependencies/libDaisy/src/hid/audio.h ****     /** TODO: Figure out how to get samplerate in here. */
  27:../../../../Dependencies/libDaisy/src/hid/audio.h ****     struct Config
  28:../../../../Dependencies/libDaisy/src/hid/audio.h ****     {
  29:../../../../Dependencies/libDaisy/src/hid/audio.h ****         /** number of samples to process per callback */
  30:../../../../Dependencies/libDaisy/src/hid/audio.h ****         size_t blocksize = 48;
  31:../../../../Dependencies/libDaisy/src/hid/audio.h **** 
  32:../../../../Dependencies/libDaisy/src/hid/audio.h ****         /**< Sample rate of audio */
  33:../../../../Dependencies/libDaisy/src/hid/audio.h ****         SaiHandle::Config::SampleRate samplerate
  34:../../../../Dependencies/libDaisy/src/hid/audio.h ****             = SaiHandle::Config::SampleRate::SAI_48KHZ;
  35:../../../../Dependencies/libDaisy/src/hid/audio.h **** 
  36:../../../../Dependencies/libDaisy/src/hid/audio.h ****         /** factor for adjustment before and after callback for hardware that may have extra headro
  37:../../../../Dependencies/libDaisy/src/hid/audio.h ****         float postgain = 1.f;
  38:../../../../Dependencies/libDaisy/src/hid/audio.h **** 
  39:../../../../Dependencies/libDaisy/src/hid/audio.h ****         /** factor for additional one-sided compensation to audio path for hardware that may
  40:../../../../Dependencies/libDaisy/src/hid/audio.h ****          *  have unequal input/output ranges
  41:../../../../Dependencies/libDaisy/src/hid/audio.h ****          */
  42:../../../../Dependencies/libDaisy/src/hid/audio.h ****         float output_compensation = 1.f;
  43:../../../../Dependencies/libDaisy/src/hid/audio.h ****     };
  44:../../../../Dependencies/libDaisy/src/hid/audio.h **** 
  45:../../../../Dependencies/libDaisy/src/hid/audio.h ****     enum class Result
  46:../../../../Dependencies/libDaisy/src/hid/audio.h ****     {
  47:../../../../Dependencies/libDaisy/src/hid/audio.h ****         OK,
  48:../../../../Dependencies/libDaisy/src/hid/audio.h ****         ERR,
  49:../../../../Dependencies/libDaisy/src/hid/audio.h ****     };
  50:../../../../Dependencies/libDaisy/src/hid/audio.h **** 
  51:../../../../Dependencies/libDaisy/src/hid/audio.h ****     /** Non-Interleaving input buffer
  52:../../../../Dependencies/libDaisy/src/hid/audio.h ****      * Buffer arranged by float[chn][sample] 
  53:../../../../Dependencies/libDaisy/src/hid/audio.h ****      * const so that the user can't modify the input
  54:../../../../Dependencies/libDaisy/src/hid/audio.h ****      */
  55:../../../../Dependencies/libDaisy/src/hid/audio.h ****     typedef const float* const* InputBuffer;
  56:../../../../Dependencies/libDaisy/src/hid/audio.h **** 
  57:../../../../Dependencies/libDaisy/src/hid/audio.h ****     /** Non-Interleaving output buffer
  58:../../../../Dependencies/libDaisy/src/hid/audio.h ****      * Arranged by float[chn][sample] 
  59:../../../../Dependencies/libDaisy/src/hid/audio.h ****      */
  60:../../../../Dependencies/libDaisy/src/hid/audio.h ****     typedef float** OutputBuffer;
  61:../../../../Dependencies/libDaisy/src/hid/audio.h **** 
  62:../../../../Dependencies/libDaisy/src/hid/audio.h ****     /** Type for a Non-Interleaving audio callback 
  63:../../../../Dependencies/libDaisy/src/hid/audio.h ****      * Non-Interleaving audio callbacks in daisy will be of this type
  64:../../../../Dependencies/libDaisy/src/hid/audio.h ****      */
  65:../../../../Dependencies/libDaisy/src/hid/audio.h ****     typedef void (*AudioCallback)(InputBuffer  in,
  66:../../../../Dependencies/libDaisy/src/hid/audio.h ****                                   OutputBuffer out,
  67:../../../../Dependencies/libDaisy/src/hid/audio.h ****                                   size_t       size);
  68:../../../../Dependencies/libDaisy/src/hid/audio.h **** 
  69:../../../../Dependencies/libDaisy/src/hid/audio.h ****     /** Interleaving Input buffer
  70:../../../../Dependencies/libDaisy/src/hid/audio.h ****      ** audio is prepared as { L0, R0, L1, R1, . . . LN, RN }]
  71:../../../../Dependencies/libDaisy/src/hid/audio.h ****      ** this is const, as the user shouldn't modify it
  72:../../../../Dependencies/libDaisy/src/hid/audio.h ****     */
  73:../../../../Dependencies/libDaisy/src/hid/audio.h ****     typedef const float* InterleavingInputBuffer;
ARM GAS  C:\Users\Spencer\AppData\Local\Temp\ccWmt4tk.s 			page 11


  74:../../../../Dependencies/libDaisy/src/hid/audio.h **** 
  75:../../../../Dependencies/libDaisy/src/hid/audio.h ****     /** Interleaving Output buffer 
  76:../../../../Dependencies/libDaisy/src/hid/audio.h ****      ** audio is prepared as { L0, R0, L1, R1, . . . LN, RN }
  77:../../../../Dependencies/libDaisy/src/hid/audio.h ****     */
  78:../../../../Dependencies/libDaisy/src/hid/audio.h ****     typedef float* InterleavingOutputBuffer;
  79:../../../../Dependencies/libDaisy/src/hid/audio.h **** 
  80:../../../../Dependencies/libDaisy/src/hid/audio.h ****     /** Interleaving Audio Callback 
  81:../../../../Dependencies/libDaisy/src/hid/audio.h ****      * Interleaving audio callbacks in daisy must be of this type
  82:../../../../Dependencies/libDaisy/src/hid/audio.h ****      */
  83:../../../../Dependencies/libDaisy/src/hid/audio.h ****     typedef void (*InterleavingAudioCallback)(InterleavingInputBuffer  in,
  84:../../../../Dependencies/libDaisy/src/hid/audio.h ****                                               InterleavingOutputBuffer out,
  85:../../../../Dependencies/libDaisy/src/hid/audio.h ****                                               size_t                   size);
  86:../../../../Dependencies/libDaisy/src/hid/audio.h **** 
  87:../../../../Dependencies/libDaisy/src/hid/audio.h ****     AudioHandle() : pimpl_(nullptr) {}
  88:../../../../Dependencies/libDaisy/src/hid/audio.h ****     ~AudioHandle() {}
 138              		.loc 9 88 5 is_stmt 1 view .LVU17
 139              		.loc 9 88 5 is_stmt 0 view .LVU18
 140              	.LBE737:
 141              		.loc 4 22 19 view .LVU19
 142 0000 7047     		bx	lr
 143              		.cfi_endproc
 144              	.LFE3207:
 146              		.weak	_ZN5daisy9DaisySeedD1Ev
 147              		.thumb_set _ZN5daisy9DaisySeedD1Ev,_ZN5daisy9DaisySeedD2Ev
 148              		.section	.text._ZN7daisysp10OscillatorD2Ev,"axG",%progbits,_ZN7daisysp10OscillatorD5Ev,comdat
 149              		.align	1
 150              		.weak	_ZN7daisysp10OscillatorD2Ev
 151              		.syntax unified
 152              		.thumb
 153              		.thumb_func
 154              		.fpu fpv5-d16
 156              	_ZN7daisysp10OscillatorD2Ev:
 157              	.LVL4:
 158              	.LFB4740:
 159              		.file 10 "../../../../Dependencies/DaisySP/Source/Synthesis/oscillator.h"
   1:../../../../Dependencies/DaisySP/Source/Synthesis/oscillator.h **** /*
   2:../../../../Dependencies/DaisySP/Source/Synthesis/oscillator.h **** Copyright (c) 2020 Electrosmith, Corp
   3:../../../../Dependencies/DaisySP/Source/Synthesis/oscillator.h **** 
   4:../../../../Dependencies/DaisySP/Source/Synthesis/oscillator.h **** Use of this source code is governed by an MIT-style
   5:../../../../Dependencies/DaisySP/Source/Synthesis/oscillator.h **** license that can be found in the LICENSE file or at
   6:../../../../Dependencies/DaisySP/Source/Synthesis/oscillator.h **** https://opensource.org/licenses/MIT.
   7:../../../../Dependencies/DaisySP/Source/Synthesis/oscillator.h **** */
   8:../../../../Dependencies/DaisySP/Source/Synthesis/oscillator.h **** 
   9:../../../../Dependencies/DaisySP/Source/Synthesis/oscillator.h **** #pragma once
  10:../../../../Dependencies/DaisySP/Source/Synthesis/oscillator.h **** #ifndef DSY_OSCILLATOR_H
  11:../../../../Dependencies/DaisySP/Source/Synthesis/oscillator.h **** #define DSY_OSCILLATOR_H
  12:../../../../Dependencies/DaisySP/Source/Synthesis/oscillator.h **** #include <stdint.h>
  13:../../../../Dependencies/DaisySP/Source/Synthesis/oscillator.h **** #include "Utility/dsp.h"
  14:../../../../Dependencies/DaisySP/Source/Synthesis/oscillator.h **** #ifdef __cplusplus
  15:../../../../Dependencies/DaisySP/Source/Synthesis/oscillator.h **** 
  16:../../../../Dependencies/DaisySP/Source/Synthesis/oscillator.h **** namespace daisysp
  17:../../../../Dependencies/DaisySP/Source/Synthesis/oscillator.h **** {
  18:../../../../Dependencies/DaisySP/Source/Synthesis/oscillator.h **** /** Synthesis of several waveforms, including polyBLEP bandlimited waveforms.
  19:../../../../Dependencies/DaisySP/Source/Synthesis/oscillator.h **** */
  20:../../../../Dependencies/DaisySP/Source/Synthesis/oscillator.h **** class Oscillator
  21:../../../../Dependencies/DaisySP/Source/Synthesis/oscillator.h **** {
  22:../../../../Dependencies/DaisySP/Source/Synthesis/oscillator.h ****   public:
ARM GAS  C:\Users\Spencer\AppData\Local\Temp\ccWmt4tk.s 			page 12


  23:../../../../Dependencies/DaisySP/Source/Synthesis/oscillator.h ****     Oscillator() {}
  24:../../../../Dependencies/DaisySP/Source/Synthesis/oscillator.h ****     ~Oscillator() {}
 160              		.loc 10 24 5 is_stmt 1 view -0
 161              		.cfi_startproc
 162              		@ args = 0, pretend = 0, frame = 0
 163              		@ frame_needed = 0, uses_anonymous_args = 0
 164              		@ link register save eliminated.
 165              		.loc 10 24 20 is_stmt 0 view .LVU21
 166 0000 7047     		bx	lr
 167              		.cfi_endproc
 168              	.LFE4740:
 170              		.weak	_ZN7daisysp10OscillatorD1Ev
 171              		.thumb_set _ZN7daisysp10OscillatorD1Ev,_ZN7daisysp10OscillatorD2Ev
 172              		.section	.text._ZN7daisysp17SampleRateReducerD2Ev,"axG",%progbits,_ZN7daisysp17SampleRateReducerD5
 173              		.align	1
 174              		.weak	_ZN7daisysp17SampleRateReducerD2Ev
 175              		.syntax unified
 176              		.thumb
 177              		.thumb_func
 178              		.fpu fpv5-d16
 180              	_ZN7daisysp17SampleRateReducerD2Ev:
 181              	.LVL5:
 182              	.LFB4926:
 183              		.file 11 "../../../../Dependencies/DaisySP/Source/Effects/sampleratereducer.h"
   1:../../../../Dependencies/DaisySP/Source/Effects/sampleratereducer.h **** /*
   2:../../../../Dependencies/DaisySP/Source/Effects/sampleratereducer.h **** Copyright (c) 2020 Electrosmith, Corp, Emilie Gillet
   3:../../../../Dependencies/DaisySP/Source/Effects/sampleratereducer.h **** 
   4:../../../../Dependencies/DaisySP/Source/Effects/sampleratereducer.h **** Use of this source code is governed by an MIT-style
   5:../../../../Dependencies/DaisySP/Source/Effects/sampleratereducer.h **** license that can be found in the LICENSE file or at
   6:../../../../Dependencies/DaisySP/Source/Effects/sampleratereducer.h **** https://opensource.org/licenses/MIT.
   7:../../../../Dependencies/DaisySP/Source/Effects/sampleratereducer.h **** */
   8:../../../../Dependencies/DaisySP/Source/Effects/sampleratereducer.h **** 
   9:../../../../Dependencies/DaisySP/Source/Effects/sampleratereducer.h **** #pragma once
  10:../../../../Dependencies/DaisySP/Source/Effects/sampleratereducer.h **** #ifndef DSY_SR_REDUCER_H
  11:../../../../Dependencies/DaisySP/Source/Effects/sampleratereducer.h **** #define DSY_SR_REDUCER_H
  12:../../../../Dependencies/DaisySP/Source/Effects/sampleratereducer.h **** 
  13:../../../../Dependencies/DaisySP/Source/Effects/sampleratereducer.h **** #include <stdint.h>
  14:../../../../Dependencies/DaisySP/Source/Effects/sampleratereducer.h **** #ifdef __cplusplus
  15:../../../../Dependencies/DaisySP/Source/Effects/sampleratereducer.h **** 
  16:../../../../Dependencies/DaisySP/Source/Effects/sampleratereducer.h **** /** @file sampleratereducer.h */
  17:../../../../Dependencies/DaisySP/Source/Effects/sampleratereducer.h **** 
  18:../../../../Dependencies/DaisySP/Source/Effects/sampleratereducer.h **** namespace daisysp
  19:../../../../Dependencies/DaisySP/Source/Effects/sampleratereducer.h **** {
  20:../../../../Dependencies/DaisySP/Source/Effects/sampleratereducer.h **** /** 
  21:../../../../Dependencies/DaisySP/Source/Effects/sampleratereducer.h ****        @brief Sample rate reducer.
  22:../../../../Dependencies/DaisySP/Source/Effects/sampleratereducer.h ****        @author Ben Sergentanis
  23:../../../../Dependencies/DaisySP/Source/Effects/sampleratereducer.h ****        @date Jan 2021
  24:../../../../Dependencies/DaisySP/Source/Effects/sampleratereducer.h ****        Ported from pichenettes/eurorack/plaits/dsp/fx/sample_rate_reducer.h \n
  25:../../../../Dependencies/DaisySP/Source/Effects/sampleratereducer.h ****        to an independent module. \n
  26:../../../../Dependencies/DaisySP/Source/Effects/sampleratereducer.h ****        Original code written by Emilie Gillet in 2014. \n
  27:../../../../Dependencies/DaisySP/Source/Effects/sampleratereducer.h **** */
  28:../../../../Dependencies/DaisySP/Source/Effects/sampleratereducer.h **** class SampleRateReducer
  29:../../../../Dependencies/DaisySP/Source/Effects/sampleratereducer.h **** {
  30:../../../../Dependencies/DaisySP/Source/Effects/sampleratereducer.h ****   public:
  31:../../../../Dependencies/DaisySP/Source/Effects/sampleratereducer.h ****     SampleRateReducer() {}
  32:../../../../Dependencies/DaisySP/Source/Effects/sampleratereducer.h ****     ~SampleRateReducer() {}
 184              		.loc 11 32 5 is_stmt 1 view -0
ARM GAS  C:\Users\Spencer\AppData\Local\Temp\ccWmt4tk.s 			page 13


 185              		.cfi_startproc
 186              		@ args = 0, pretend = 0, frame = 0
 187              		@ frame_needed = 0, uses_anonymous_args = 0
 188              		@ link register save eliminated.
 189              		.loc 11 32 27 is_stmt 0 view .LVU23
 190 0000 7047     		bx	lr
 191              		.cfi_endproc
 192              	.LFE4926:
 194              		.weak	_ZN7daisysp17SampleRateReducerD1Ev
 195              		.thumb_set _ZN7daisysp17SampleRateReducerD1Ev,_ZN7daisysp17SampleRateReducerD2Ev
 196              		.section	.text._ZN7daisysp4ToneD2Ev,"axG",%progbits,_ZN7daisysp4ToneD5Ev,comdat
 197              		.align	1
 198              		.weak	_ZN7daisysp4ToneD2Ev
 199              		.syntax unified
 200              		.thumb
 201              		.thumb_func
 202              		.fpu fpv5-d16
 204              	_ZN7daisysp4ToneD2Ev:
 205              	.LVL6:
 206              	.LFB5303:
 207              		.file 12 "../../../../Dependencies/DaisySP/DaisySP-LGPL/Source/Filters/tone.h"
   1:../../../../Dependencies/DaisySP/DaisySP-LGPL/Source/Filters/tone.h **** /*
   2:../../../../Dependencies/DaisySP/DaisySP-LGPL/Source/Filters/tone.h **** Copyright (c) 2023 Electrosmith, Corp, Barry Vercoe, John FFitch, Gabriel Maldonado
   3:../../../../Dependencies/DaisySP/DaisySP-LGPL/Source/Filters/tone.h **** 
   4:../../../../Dependencies/DaisySP/DaisySP-LGPL/Source/Filters/tone.h **** Use of this source code is governed by the LGPL V2.1
   5:../../../../Dependencies/DaisySP/DaisySP-LGPL/Source/Filters/tone.h **** license that can be found in the LICENSE file or at
   6:../../../../Dependencies/DaisySP/DaisySP-LGPL/Source/Filters/tone.h **** https://opensource.org/license/lgpl-2-1/
   7:../../../../Dependencies/DaisySP/DaisySP-LGPL/Source/Filters/tone.h **** */
   8:../../../../Dependencies/DaisySP/DaisySP-LGPL/Source/Filters/tone.h **** 
   9:../../../../Dependencies/DaisySP/DaisySP-LGPL/Source/Filters/tone.h **** #pragma once
  10:../../../../Dependencies/DaisySP/DaisySP-LGPL/Source/Filters/tone.h **** #ifndef DSY_TONE_H
  11:../../../../Dependencies/DaisySP/DaisySP-LGPL/Source/Filters/tone.h **** #define DSY_TONE_H
  12:../../../../Dependencies/DaisySP/DaisySP-LGPL/Source/Filters/tone.h **** 
  13:../../../../Dependencies/DaisySP/DaisySP-LGPL/Source/Filters/tone.h **** #include <stdint.h>
  14:../../../../Dependencies/DaisySP/DaisySP-LGPL/Source/Filters/tone.h **** #ifdef __cplusplus
  15:../../../../Dependencies/DaisySP/DaisySP-LGPL/Source/Filters/tone.h **** 
  16:../../../../Dependencies/DaisySP/DaisySP-LGPL/Source/Filters/tone.h **** namespace daisysp
  17:../../../../Dependencies/DaisySP/DaisySP-LGPL/Source/Filters/tone.h **** {
  18:../../../../Dependencies/DaisySP/DaisySP-LGPL/Source/Filters/tone.h **** /** A first-order recursive low-pass filter with variable frequency response. */
  19:../../../../Dependencies/DaisySP/DaisySP-LGPL/Source/Filters/tone.h **** class Tone
  20:../../../../Dependencies/DaisySP/DaisySP-LGPL/Source/Filters/tone.h **** {
  21:../../../../Dependencies/DaisySP/DaisySP-LGPL/Source/Filters/tone.h ****   public:
  22:../../../../Dependencies/DaisySP/DaisySP-LGPL/Source/Filters/tone.h ****     Tone() {}
  23:../../../../Dependencies/DaisySP/DaisySP-LGPL/Source/Filters/tone.h ****     ~Tone() {}
 208              		.loc 12 23 5 is_stmt 1 view -0
 209              		.cfi_startproc
 210              		@ args = 0, pretend = 0, frame = 0
 211              		@ frame_needed = 0, uses_anonymous_args = 0
 212              		@ link register save eliminated.
 213              		.loc 12 23 14 is_stmt 0 view .LVU25
 214 0000 7047     		bx	lr
 215              		.cfi_endproc
 216              	.LFE5303:
 218              		.weak	_ZN7daisysp4ToneD1Ev
 219              		.thumb_set _ZN7daisysp4ToneD1Ev,_ZN7daisysp4ToneD2Ev
 220              		.section	.text._ZNSt17_Function_handlerIFffEN4hannMUlfE_EE10_M_managerERSt9_Any_dataRKS3_St18_Mana
 221              		.align	1
ARM GAS  C:\Users\Spencer\AppData\Local\Temp\ccWmt4tk.s 			page 14


 222              		.weak	_ZNSt17_Function_handlerIFffEN4hannMUlfE_EE10_M_managerERSt9_Any_dataRKS3_St18_Manager_opera
 223              		.syntax unified
 224              		.thumb
 225              		.thumb_func
 226              		.fpu fpv5-d16
 228              	_ZNSt17_Function_handlerIFffEN4hannMUlfE_EE10_M_managerERSt9_Any_dataRKS3_St18_Manager_operation:
 229              	.LVL7:
 230              	.LFB6681:
 231              		.file 13 "c:\\program files\\daisytoolchain\\arm-none-eabi\\include\\c++\\10.2.1\\bits\\std_functi
   1:c:\program files\daisytoolchain\arm-none-eabi\include\c++\10.2.1\bits\std_function.h **** // Implementation of std::function -*- C++ -*-
   2:c:\program files\daisytoolchain\arm-none-eabi\include\c++\10.2.1\bits\std_function.h **** 
   3:c:\program files\daisytoolchain\arm-none-eabi\include\c++\10.2.1\bits\std_function.h **** // Copyright (C) 2004-2020 Free Software Foundation, Inc.
   4:c:\program files\daisytoolchain\arm-none-eabi\include\c++\10.2.1\bits\std_function.h **** //
   5:c:\program files\daisytoolchain\arm-none-eabi\include\c++\10.2.1\bits\std_function.h **** // This file is part of the GNU ISO C++ Library.  This library is free
   6:c:\program files\daisytoolchain\arm-none-eabi\include\c++\10.2.1\bits\std_function.h **** // software; you can redistribute it and/or modify it under the
   7:c:\program files\daisytoolchain\arm-none-eabi\include\c++\10.2.1\bits\std_function.h **** // terms of the GNU General Public License as published by the
   8:c:\program files\daisytoolchain\arm-none-eabi\include\c++\10.2.1\bits\std_function.h **** // Free Software Foundation; either version 3, or (at your option)
   9:c:\program files\daisytoolchain\arm-none-eabi\include\c++\10.2.1\bits\std_function.h **** // any later version.
  10:c:\program files\daisytoolchain\arm-none-eabi\include\c++\10.2.1\bits\std_function.h **** 
  11:c:\program files\daisytoolchain\arm-none-eabi\include\c++\10.2.1\bits\std_function.h **** // This library is distributed in the hope that it will be useful,
  12:c:\program files\daisytoolchain\arm-none-eabi\include\c++\10.2.1\bits\std_function.h **** // but WITHOUT ANY WARRANTY; without even the implied warranty of
  13:c:\program files\daisytoolchain\arm-none-eabi\include\c++\10.2.1\bits\std_function.h **** // MERCHANTABILITY or FITNESS FOR A PARTICULAR PURPOSE.  See the
  14:c:\program files\daisytoolchain\arm-none-eabi\include\c++\10.2.1\bits\std_function.h **** // GNU General Public License for more details.
  15:c:\program files\daisytoolchain\arm-none-eabi\include\c++\10.2.1\bits\std_function.h **** 
  16:c:\program files\daisytoolchain\arm-none-eabi\include\c++\10.2.1\bits\std_function.h **** // Under Section 7 of GPL version 3, you are granted additional
  17:c:\program files\daisytoolchain\arm-none-eabi\include\c++\10.2.1\bits\std_function.h **** // permissions described in the GCC Runtime Library Exception, version
  18:c:\program files\daisytoolchain\arm-none-eabi\include\c++\10.2.1\bits\std_function.h **** // 3.1, as published by the Free Software Foundation.
  19:c:\program files\daisytoolchain\arm-none-eabi\include\c++\10.2.1\bits\std_function.h **** 
  20:c:\program files\daisytoolchain\arm-none-eabi\include\c++\10.2.1\bits\std_function.h **** // You should have received a copy of the GNU General Public License and
  21:c:\program files\daisytoolchain\arm-none-eabi\include\c++\10.2.1\bits\std_function.h **** // a copy of the GCC Runtime Library Exception along with this program;
  22:c:\program files\daisytoolchain\arm-none-eabi\include\c++\10.2.1\bits\std_function.h **** // see the files COPYING3 and COPYING.RUNTIME respectively.  If not, see
  23:c:\program files\daisytoolchain\arm-none-eabi\include\c++\10.2.1\bits\std_function.h **** // <http://www.gnu.org/licenses/>.
  24:c:\program files\daisytoolchain\arm-none-eabi\include\c++\10.2.1\bits\std_function.h **** 
  25:c:\program files\daisytoolchain\arm-none-eabi\include\c++\10.2.1\bits\std_function.h **** /** @file include/bits/std_function.h
  26:c:\program files\daisytoolchain\arm-none-eabi\include\c++\10.2.1\bits\std_function.h ****  *  This is an internal header file, included by other library headers.
  27:c:\program files\daisytoolchain\arm-none-eabi\include\c++\10.2.1\bits\std_function.h ****  *  Do not attempt to use it directly. @headername{functional}
  28:c:\program files\daisytoolchain\arm-none-eabi\include\c++\10.2.1\bits\std_function.h ****  */
  29:c:\program files\daisytoolchain\arm-none-eabi\include\c++\10.2.1\bits\std_function.h **** 
  30:c:\program files\daisytoolchain\arm-none-eabi\include\c++\10.2.1\bits\std_function.h **** #ifndef _GLIBCXX_STD_FUNCTION_H
  31:c:\program files\daisytoolchain\arm-none-eabi\include\c++\10.2.1\bits\std_function.h **** #define _GLIBCXX_STD_FUNCTION_H 1
  32:c:\program files\daisytoolchain\arm-none-eabi\include\c++\10.2.1\bits\std_function.h **** 
  33:c:\program files\daisytoolchain\arm-none-eabi\include\c++\10.2.1\bits\std_function.h **** #pragma GCC system_header
  34:c:\program files\daisytoolchain\arm-none-eabi\include\c++\10.2.1\bits\std_function.h **** 
  35:c:\program files\daisytoolchain\arm-none-eabi\include\c++\10.2.1\bits\std_function.h **** #if __cplusplus < 201103L
  36:c:\program files\daisytoolchain\arm-none-eabi\include\c++\10.2.1\bits\std_function.h **** # include <bits/c++0x_warning.h>
  37:c:\program files\daisytoolchain\arm-none-eabi\include\c++\10.2.1\bits\std_function.h **** #else
  38:c:\program files\daisytoolchain\arm-none-eabi\include\c++\10.2.1\bits\std_function.h **** 
  39:c:\program files\daisytoolchain\arm-none-eabi\include\c++\10.2.1\bits\std_function.h **** #if __cpp_rtti
  40:c:\program files\daisytoolchain\arm-none-eabi\include\c++\10.2.1\bits\std_function.h **** # include <typeinfo>
  41:c:\program files\daisytoolchain\arm-none-eabi\include\c++\10.2.1\bits\std_function.h **** #endif
  42:c:\program files\daisytoolchain\arm-none-eabi\include\c++\10.2.1\bits\std_function.h **** #include <bits/stl_function.h>
  43:c:\program files\daisytoolchain\arm-none-eabi\include\c++\10.2.1\bits\std_function.h **** #include <bits/invoke.h>
  44:c:\program files\daisytoolchain\arm-none-eabi\include\c++\10.2.1\bits\std_function.h **** #include <bits/refwrap.h>
  45:c:\program files\daisytoolchain\arm-none-eabi\include\c++\10.2.1\bits\std_function.h **** #include <bits/functexcept.h>
  46:c:\program files\daisytoolchain\arm-none-eabi\include\c++\10.2.1\bits\std_function.h **** 
  47:c:\program files\daisytoolchain\arm-none-eabi\include\c++\10.2.1\bits\std_function.h **** namespace std _GLIBCXX_VISIBILITY(default)
  48:c:\program files\daisytoolchain\arm-none-eabi\include\c++\10.2.1\bits\std_function.h **** {
ARM GAS  C:\Users\Spencer\AppData\Local\Temp\ccWmt4tk.s 			page 15


  49:c:\program files\daisytoolchain\arm-none-eabi\include\c++\10.2.1\bits\std_function.h **** _GLIBCXX_BEGIN_NAMESPACE_VERSION
  50:c:\program files\daisytoolchain\arm-none-eabi\include\c++\10.2.1\bits\std_function.h **** 
  51:c:\program files\daisytoolchain\arm-none-eabi\include\c++\10.2.1\bits\std_function.h ****   /**
  52:c:\program files\daisytoolchain\arm-none-eabi\include\c++\10.2.1\bits\std_function.h ****    *  @brief Exception class thrown when class template function's
  53:c:\program files\daisytoolchain\arm-none-eabi\include\c++\10.2.1\bits\std_function.h ****    *  operator() is called with an empty target.
  54:c:\program files\daisytoolchain\arm-none-eabi\include\c++\10.2.1\bits\std_function.h ****    *  @ingroup exceptions
  55:c:\program files\daisytoolchain\arm-none-eabi\include\c++\10.2.1\bits\std_function.h ****    */
  56:c:\program files\daisytoolchain\arm-none-eabi\include\c++\10.2.1\bits\std_function.h ****   class bad_function_call : public std::exception
  57:c:\program files\daisytoolchain\arm-none-eabi\include\c++\10.2.1\bits\std_function.h ****   {
  58:c:\program files\daisytoolchain\arm-none-eabi\include\c++\10.2.1\bits\std_function.h ****   public:
  59:c:\program files\daisytoolchain\arm-none-eabi\include\c++\10.2.1\bits\std_function.h ****     virtual ~bad_function_call() noexcept;
  60:c:\program files\daisytoolchain\arm-none-eabi\include\c++\10.2.1\bits\std_function.h **** 
  61:c:\program files\daisytoolchain\arm-none-eabi\include\c++\10.2.1\bits\std_function.h ****     const char* what() const noexcept;
  62:c:\program files\daisytoolchain\arm-none-eabi\include\c++\10.2.1\bits\std_function.h ****   };
  63:c:\program files\daisytoolchain\arm-none-eabi\include\c++\10.2.1\bits\std_function.h **** 
  64:c:\program files\daisytoolchain\arm-none-eabi\include\c++\10.2.1\bits\std_function.h ****   /**
  65:c:\program files\daisytoolchain\arm-none-eabi\include\c++\10.2.1\bits\std_function.h ****    *  Trait identifying "location-invariant" types, meaning that the
  66:c:\program files\daisytoolchain\arm-none-eabi\include\c++\10.2.1\bits\std_function.h ****    *  address of the object (or any of its members) will not escape.
  67:c:\program files\daisytoolchain\arm-none-eabi\include\c++\10.2.1\bits\std_function.h ****    *  Trivially copyable types are location-invariant and users can
  68:c:\program files\daisytoolchain\arm-none-eabi\include\c++\10.2.1\bits\std_function.h ****    *  specialize this trait for other types.
  69:c:\program files\daisytoolchain\arm-none-eabi\include\c++\10.2.1\bits\std_function.h ****    */
  70:c:\program files\daisytoolchain\arm-none-eabi\include\c++\10.2.1\bits\std_function.h ****   template<typename _Tp>
  71:c:\program files\daisytoolchain\arm-none-eabi\include\c++\10.2.1\bits\std_function.h ****     struct __is_location_invariant
  72:c:\program files\daisytoolchain\arm-none-eabi\include\c++\10.2.1\bits\std_function.h ****     : is_trivially_copyable<_Tp>::type
  73:c:\program files\daisytoolchain\arm-none-eabi\include\c++\10.2.1\bits\std_function.h ****     { };
  74:c:\program files\daisytoolchain\arm-none-eabi\include\c++\10.2.1\bits\std_function.h **** 
  75:c:\program files\daisytoolchain\arm-none-eabi\include\c++\10.2.1\bits\std_function.h ****   class _Undefined_class;
  76:c:\program files\daisytoolchain\arm-none-eabi\include\c++\10.2.1\bits\std_function.h **** 
  77:c:\program files\daisytoolchain\arm-none-eabi\include\c++\10.2.1\bits\std_function.h ****   union _Nocopy_types
  78:c:\program files\daisytoolchain\arm-none-eabi\include\c++\10.2.1\bits\std_function.h ****   {
  79:c:\program files\daisytoolchain\arm-none-eabi\include\c++\10.2.1\bits\std_function.h ****     void*       _M_object;
  80:c:\program files\daisytoolchain\arm-none-eabi\include\c++\10.2.1\bits\std_function.h ****     const void* _M_const_object;
  81:c:\program files\daisytoolchain\arm-none-eabi\include\c++\10.2.1\bits\std_function.h ****     void (*_M_function_pointer)();
  82:c:\program files\daisytoolchain\arm-none-eabi\include\c++\10.2.1\bits\std_function.h ****     void (_Undefined_class::*_M_member_pointer)();
  83:c:\program files\daisytoolchain\arm-none-eabi\include\c++\10.2.1\bits\std_function.h ****   };
  84:c:\program files\daisytoolchain\arm-none-eabi\include\c++\10.2.1\bits\std_function.h **** 
  85:c:\program files\daisytoolchain\arm-none-eabi\include\c++\10.2.1\bits\std_function.h ****   union [[gnu::may_alias]] _Any_data
  86:c:\program files\daisytoolchain\arm-none-eabi\include\c++\10.2.1\bits\std_function.h ****   {
  87:c:\program files\daisytoolchain\arm-none-eabi\include\c++\10.2.1\bits\std_function.h ****     void*       _M_access()       { return &_M_pod_data[0]; }
  88:c:\program files\daisytoolchain\arm-none-eabi\include\c++\10.2.1\bits\std_function.h ****     const void* _M_access() const { return &_M_pod_data[0]; }
  89:c:\program files\daisytoolchain\arm-none-eabi\include\c++\10.2.1\bits\std_function.h **** 
  90:c:\program files\daisytoolchain\arm-none-eabi\include\c++\10.2.1\bits\std_function.h ****     template<typename _Tp>
  91:c:\program files\daisytoolchain\arm-none-eabi\include\c++\10.2.1\bits\std_function.h ****       _Tp&
  92:c:\program files\daisytoolchain\arm-none-eabi\include\c++\10.2.1\bits\std_function.h ****       _M_access()
  93:c:\program files\daisytoolchain\arm-none-eabi\include\c++\10.2.1\bits\std_function.h ****       { return *static_cast<_Tp*>(_M_access()); }
  94:c:\program files\daisytoolchain\arm-none-eabi\include\c++\10.2.1\bits\std_function.h **** 
  95:c:\program files\daisytoolchain\arm-none-eabi\include\c++\10.2.1\bits\std_function.h ****     template<typename _Tp>
  96:c:\program files\daisytoolchain\arm-none-eabi\include\c++\10.2.1\bits\std_function.h ****       const _Tp&
  97:c:\program files\daisytoolchain\arm-none-eabi\include\c++\10.2.1\bits\std_function.h ****       _M_access() const
  98:c:\program files\daisytoolchain\arm-none-eabi\include\c++\10.2.1\bits\std_function.h ****       { return *static_cast<const _Tp*>(_M_access()); }
  99:c:\program files\daisytoolchain\arm-none-eabi\include\c++\10.2.1\bits\std_function.h **** 
 100:c:\program files\daisytoolchain\arm-none-eabi\include\c++\10.2.1\bits\std_function.h ****     _Nocopy_types _M_unused;
 101:c:\program files\daisytoolchain\arm-none-eabi\include\c++\10.2.1\bits\std_function.h ****     char _M_pod_data[sizeof(_Nocopy_types)];
 102:c:\program files\daisytoolchain\arm-none-eabi\include\c++\10.2.1\bits\std_function.h ****   };
 103:c:\program files\daisytoolchain\arm-none-eabi\include\c++\10.2.1\bits\std_function.h **** 
 104:c:\program files\daisytoolchain\arm-none-eabi\include\c++\10.2.1\bits\std_function.h ****   enum _Manager_operation
 105:c:\program files\daisytoolchain\arm-none-eabi\include\c++\10.2.1\bits\std_function.h ****   {
ARM GAS  C:\Users\Spencer\AppData\Local\Temp\ccWmt4tk.s 			page 16


 106:c:\program files\daisytoolchain\arm-none-eabi\include\c++\10.2.1\bits\std_function.h ****     __get_type_info,
 107:c:\program files\daisytoolchain\arm-none-eabi\include\c++\10.2.1\bits\std_function.h ****     __get_functor_ptr,
 108:c:\program files\daisytoolchain\arm-none-eabi\include\c++\10.2.1\bits\std_function.h ****     __clone_functor,
 109:c:\program files\daisytoolchain\arm-none-eabi\include\c++\10.2.1\bits\std_function.h ****     __destroy_functor
 110:c:\program files\daisytoolchain\arm-none-eabi\include\c++\10.2.1\bits\std_function.h ****   };
 111:c:\program files\daisytoolchain\arm-none-eabi\include\c++\10.2.1\bits\std_function.h **** 
 112:c:\program files\daisytoolchain\arm-none-eabi\include\c++\10.2.1\bits\std_function.h ****   template<typename _Signature>
 113:c:\program files\daisytoolchain\arm-none-eabi\include\c++\10.2.1\bits\std_function.h ****     class function;
 114:c:\program files\daisytoolchain\arm-none-eabi\include\c++\10.2.1\bits\std_function.h **** 
 115:c:\program files\daisytoolchain\arm-none-eabi\include\c++\10.2.1\bits\std_function.h ****   /// Base class of all polymorphic function object wrappers.
 116:c:\program files\daisytoolchain\arm-none-eabi\include\c++\10.2.1\bits\std_function.h ****   class _Function_base
 117:c:\program files\daisytoolchain\arm-none-eabi\include\c++\10.2.1\bits\std_function.h ****   {
 118:c:\program files\daisytoolchain\arm-none-eabi\include\c++\10.2.1\bits\std_function.h ****   public:
 119:c:\program files\daisytoolchain\arm-none-eabi\include\c++\10.2.1\bits\std_function.h ****     static const size_t _M_max_size = sizeof(_Nocopy_types);
 120:c:\program files\daisytoolchain\arm-none-eabi\include\c++\10.2.1\bits\std_function.h ****     static const size_t _M_max_align = __alignof__(_Nocopy_types);
 121:c:\program files\daisytoolchain\arm-none-eabi\include\c++\10.2.1\bits\std_function.h **** 
 122:c:\program files\daisytoolchain\arm-none-eabi\include\c++\10.2.1\bits\std_function.h ****     template<typename _Functor>
 123:c:\program files\daisytoolchain\arm-none-eabi\include\c++\10.2.1\bits\std_function.h ****       class _Base_manager
 124:c:\program files\daisytoolchain\arm-none-eabi\include\c++\10.2.1\bits\std_function.h ****       {
 125:c:\program files\daisytoolchain\arm-none-eabi\include\c++\10.2.1\bits\std_function.h ****       protected:
 126:c:\program files\daisytoolchain\arm-none-eabi\include\c++\10.2.1\bits\std_function.h **** 	static const bool __stored_locally =
 127:c:\program files\daisytoolchain\arm-none-eabi\include\c++\10.2.1\bits\std_function.h **** 	(__is_location_invariant<_Functor>::value
 128:c:\program files\daisytoolchain\arm-none-eabi\include\c++\10.2.1\bits\std_function.h **** 	 && sizeof(_Functor) <= _M_max_size
 129:c:\program files\daisytoolchain\arm-none-eabi\include\c++\10.2.1\bits\std_function.h **** 	 && __alignof__(_Functor) <= _M_max_align
 130:c:\program files\daisytoolchain\arm-none-eabi\include\c++\10.2.1\bits\std_function.h **** 	 && (_M_max_align % __alignof__(_Functor) == 0));
 131:c:\program files\daisytoolchain\arm-none-eabi\include\c++\10.2.1\bits\std_function.h **** 
 132:c:\program files\daisytoolchain\arm-none-eabi\include\c++\10.2.1\bits\std_function.h **** 	typedef integral_constant<bool, __stored_locally> _Local_storage;
 133:c:\program files\daisytoolchain\arm-none-eabi\include\c++\10.2.1\bits\std_function.h **** 
 134:c:\program files\daisytoolchain\arm-none-eabi\include\c++\10.2.1\bits\std_function.h **** 	// Retrieve a pointer to the function object
 135:c:\program files\daisytoolchain\arm-none-eabi\include\c++\10.2.1\bits\std_function.h **** 	static _Functor*
 136:c:\program files\daisytoolchain\arm-none-eabi\include\c++\10.2.1\bits\std_function.h **** 	_M_get_pointer(const _Any_data& __source)
 137:c:\program files\daisytoolchain\arm-none-eabi\include\c++\10.2.1\bits\std_function.h **** 	{
 138:c:\program files\daisytoolchain\arm-none-eabi\include\c++\10.2.1\bits\std_function.h **** 	  if _GLIBCXX17_CONSTEXPR (__stored_locally)
 139:c:\program files\daisytoolchain\arm-none-eabi\include\c++\10.2.1\bits\std_function.h **** 	    {
 140:c:\program files\daisytoolchain\arm-none-eabi\include\c++\10.2.1\bits\std_function.h **** 	      const _Functor& __f = __source._M_access<_Functor>();
 141:c:\program files\daisytoolchain\arm-none-eabi\include\c++\10.2.1\bits\std_function.h **** 	      return const_cast<_Functor*>(std::__addressof(__f));
 142:c:\program files\daisytoolchain\arm-none-eabi\include\c++\10.2.1\bits\std_function.h **** 	    }
 143:c:\program files\daisytoolchain\arm-none-eabi\include\c++\10.2.1\bits\std_function.h **** 	  else // have stored a pointer
 144:c:\program files\daisytoolchain\arm-none-eabi\include\c++\10.2.1\bits\std_function.h **** 	    return __source._M_access<_Functor*>();
 145:c:\program files\daisytoolchain\arm-none-eabi\include\c++\10.2.1\bits\std_function.h **** 	}
 146:c:\program files\daisytoolchain\arm-none-eabi\include\c++\10.2.1\bits\std_function.h **** 
 147:c:\program files\daisytoolchain\arm-none-eabi\include\c++\10.2.1\bits\std_function.h **** 	// Clone a location-invariant function object that fits within
 148:c:\program files\daisytoolchain\arm-none-eabi\include\c++\10.2.1\bits\std_function.h **** 	// an _Any_data structure.
 149:c:\program files\daisytoolchain\arm-none-eabi\include\c++\10.2.1\bits\std_function.h **** 	static void
 150:c:\program files\daisytoolchain\arm-none-eabi\include\c++\10.2.1\bits\std_function.h **** 	_M_clone(_Any_data& __dest, const _Any_data& __source, true_type)
 151:c:\program files\daisytoolchain\arm-none-eabi\include\c++\10.2.1\bits\std_function.h **** 	{
 152:c:\program files\daisytoolchain\arm-none-eabi\include\c++\10.2.1\bits\std_function.h **** 	  ::new (__dest._M_access()) _Functor(__source._M_access<_Functor>());
 153:c:\program files\daisytoolchain\arm-none-eabi\include\c++\10.2.1\bits\std_function.h **** 	}
 154:c:\program files\daisytoolchain\arm-none-eabi\include\c++\10.2.1\bits\std_function.h **** 
 155:c:\program files\daisytoolchain\arm-none-eabi\include\c++\10.2.1\bits\std_function.h **** 	// Clone a function object that is not location-invariant or
 156:c:\program files\daisytoolchain\arm-none-eabi\include\c++\10.2.1\bits\std_function.h **** 	// that cannot fit into an _Any_data structure.
 157:c:\program files\daisytoolchain\arm-none-eabi\include\c++\10.2.1\bits\std_function.h **** 	static void
 158:c:\program files\daisytoolchain\arm-none-eabi\include\c++\10.2.1\bits\std_function.h **** 	_M_clone(_Any_data& __dest, const _Any_data& __source, false_type)
 159:c:\program files\daisytoolchain\arm-none-eabi\include\c++\10.2.1\bits\std_function.h **** 	{
 160:c:\program files\daisytoolchain\arm-none-eabi\include\c++\10.2.1\bits\std_function.h **** 	  __dest._M_access<_Functor*>() =
 161:c:\program files\daisytoolchain\arm-none-eabi\include\c++\10.2.1\bits\std_function.h **** 	    new _Functor(*__source._M_access<const _Functor*>());
 162:c:\program files\daisytoolchain\arm-none-eabi\include\c++\10.2.1\bits\std_function.h **** 	}
ARM GAS  C:\Users\Spencer\AppData\Local\Temp\ccWmt4tk.s 			page 17


 163:c:\program files\daisytoolchain\arm-none-eabi\include\c++\10.2.1\bits\std_function.h **** 
 164:c:\program files\daisytoolchain\arm-none-eabi\include\c++\10.2.1\bits\std_function.h **** 	// Destroying a location-invariant object may still require
 165:c:\program files\daisytoolchain\arm-none-eabi\include\c++\10.2.1\bits\std_function.h **** 	// destruction.
 166:c:\program files\daisytoolchain\arm-none-eabi\include\c++\10.2.1\bits\std_function.h **** 	static void
 167:c:\program files\daisytoolchain\arm-none-eabi\include\c++\10.2.1\bits\std_function.h **** 	_M_destroy(_Any_data& __victim, true_type)
 168:c:\program files\daisytoolchain\arm-none-eabi\include\c++\10.2.1\bits\std_function.h **** 	{
 169:c:\program files\daisytoolchain\arm-none-eabi\include\c++\10.2.1\bits\std_function.h **** 	  __victim._M_access<_Functor>().~_Functor();
 170:c:\program files\daisytoolchain\arm-none-eabi\include\c++\10.2.1\bits\std_function.h **** 	}
 171:c:\program files\daisytoolchain\arm-none-eabi\include\c++\10.2.1\bits\std_function.h **** 
 172:c:\program files\daisytoolchain\arm-none-eabi\include\c++\10.2.1\bits\std_function.h **** 	// Destroying an object located on the heap.
 173:c:\program files\daisytoolchain\arm-none-eabi\include\c++\10.2.1\bits\std_function.h **** 	static void
 174:c:\program files\daisytoolchain\arm-none-eabi\include\c++\10.2.1\bits\std_function.h **** 	_M_destroy(_Any_data& __victim, false_type)
 175:c:\program files\daisytoolchain\arm-none-eabi\include\c++\10.2.1\bits\std_function.h **** 	{
 176:c:\program files\daisytoolchain\arm-none-eabi\include\c++\10.2.1\bits\std_function.h **** 	  delete __victim._M_access<_Functor*>();
 177:c:\program files\daisytoolchain\arm-none-eabi\include\c++\10.2.1\bits\std_function.h **** 	}
 178:c:\program files\daisytoolchain\arm-none-eabi\include\c++\10.2.1\bits\std_function.h **** 
 179:c:\program files\daisytoolchain\arm-none-eabi\include\c++\10.2.1\bits\std_function.h ****       public:
 180:c:\program files\daisytoolchain\arm-none-eabi\include\c++\10.2.1\bits\std_function.h **** 	static bool
 181:c:\program files\daisytoolchain\arm-none-eabi\include\c++\10.2.1\bits\std_function.h **** 	_M_manager(_Any_data& __dest, const _Any_data& __source,
 182:c:\program files\daisytoolchain\arm-none-eabi\include\c++\10.2.1\bits\std_function.h **** 		   _Manager_operation __op)
 183:c:\program files\daisytoolchain\arm-none-eabi\include\c++\10.2.1\bits\std_function.h **** 	{
 184:c:\program files\daisytoolchain\arm-none-eabi\include\c++\10.2.1\bits\std_function.h **** 	  switch (__op)
 185:c:\program files\daisytoolchain\arm-none-eabi\include\c++\10.2.1\bits\std_function.h **** 	    {
 186:c:\program files\daisytoolchain\arm-none-eabi\include\c++\10.2.1\bits\std_function.h **** #if __cpp_rtti
 187:c:\program files\daisytoolchain\arm-none-eabi\include\c++\10.2.1\bits\std_function.h **** 	    case __get_type_info:
 188:c:\program files\daisytoolchain\arm-none-eabi\include\c++\10.2.1\bits\std_function.h **** 	      __dest._M_access<const type_info*>() = &typeid(_Functor);
 189:c:\program files\daisytoolchain\arm-none-eabi\include\c++\10.2.1\bits\std_function.h **** 	      break;
 190:c:\program files\daisytoolchain\arm-none-eabi\include\c++\10.2.1\bits\std_function.h **** #endif
 191:c:\program files\daisytoolchain\arm-none-eabi\include\c++\10.2.1\bits\std_function.h **** 	    case __get_functor_ptr:
 192:c:\program files\daisytoolchain\arm-none-eabi\include\c++\10.2.1\bits\std_function.h **** 	      __dest._M_access<_Functor*>() = _M_get_pointer(__source);
 193:c:\program files\daisytoolchain\arm-none-eabi\include\c++\10.2.1\bits\std_function.h **** 	      break;
 194:c:\program files\daisytoolchain\arm-none-eabi\include\c++\10.2.1\bits\std_function.h **** 
 195:c:\program files\daisytoolchain\arm-none-eabi\include\c++\10.2.1\bits\std_function.h **** 	    case __clone_functor:
 196:c:\program files\daisytoolchain\arm-none-eabi\include\c++\10.2.1\bits\std_function.h **** 	      _M_clone(__dest, __source, _Local_storage());
 197:c:\program files\daisytoolchain\arm-none-eabi\include\c++\10.2.1\bits\std_function.h **** 	      break;
 198:c:\program files\daisytoolchain\arm-none-eabi\include\c++\10.2.1\bits\std_function.h **** 
 199:c:\program files\daisytoolchain\arm-none-eabi\include\c++\10.2.1\bits\std_function.h **** 	    case __destroy_functor:
 200:c:\program files\daisytoolchain\arm-none-eabi\include\c++\10.2.1\bits\std_function.h **** 	      _M_destroy(__dest, _Local_storage());
 201:c:\program files\daisytoolchain\arm-none-eabi\include\c++\10.2.1\bits\std_function.h **** 	      break;
 202:c:\program files\daisytoolchain\arm-none-eabi\include\c++\10.2.1\bits\std_function.h **** 	    }
 203:c:\program files\daisytoolchain\arm-none-eabi\include\c++\10.2.1\bits\std_function.h **** 	  return false;
 204:c:\program files\daisytoolchain\arm-none-eabi\include\c++\10.2.1\bits\std_function.h **** 	}
 205:c:\program files\daisytoolchain\arm-none-eabi\include\c++\10.2.1\bits\std_function.h **** 
 206:c:\program files\daisytoolchain\arm-none-eabi\include\c++\10.2.1\bits\std_function.h **** 	static void
 207:c:\program files\daisytoolchain\arm-none-eabi\include\c++\10.2.1\bits\std_function.h **** 	_M_init_functor(_Any_data& __functor, _Functor&& __f)
 208:c:\program files\daisytoolchain\arm-none-eabi\include\c++\10.2.1\bits\std_function.h **** 	{ _M_init_functor(__functor, std::move(__f), _Local_storage()); }
 209:c:\program files\daisytoolchain\arm-none-eabi\include\c++\10.2.1\bits\std_function.h **** 
 210:c:\program files\daisytoolchain\arm-none-eabi\include\c++\10.2.1\bits\std_function.h **** 	template<typename _Signature>
 211:c:\program files\daisytoolchain\arm-none-eabi\include\c++\10.2.1\bits\std_function.h **** 	  static bool
 212:c:\program files\daisytoolchain\arm-none-eabi\include\c++\10.2.1\bits\std_function.h **** 	  _M_not_empty_function(const function<_Signature>& __f)
 213:c:\program files\daisytoolchain\arm-none-eabi\include\c++\10.2.1\bits\std_function.h **** 	  { return static_cast<bool>(__f); }
 214:c:\program files\daisytoolchain\arm-none-eabi\include\c++\10.2.1\bits\std_function.h **** 
 215:c:\program files\daisytoolchain\arm-none-eabi\include\c++\10.2.1\bits\std_function.h **** 	template<typename _Tp>
 216:c:\program files\daisytoolchain\arm-none-eabi\include\c++\10.2.1\bits\std_function.h **** 	  static bool
 217:c:\program files\daisytoolchain\arm-none-eabi\include\c++\10.2.1\bits\std_function.h **** 	  _M_not_empty_function(_Tp* __fp)
 218:c:\program files\daisytoolchain\arm-none-eabi\include\c++\10.2.1\bits\std_function.h **** 	  { return __fp != nullptr; }
 219:c:\program files\daisytoolchain\arm-none-eabi\include\c++\10.2.1\bits\std_function.h **** 
ARM GAS  C:\Users\Spencer\AppData\Local\Temp\ccWmt4tk.s 			page 18


 220:c:\program files\daisytoolchain\arm-none-eabi\include\c++\10.2.1\bits\std_function.h **** 	template<typename _Class, typename _Tp>
 221:c:\program files\daisytoolchain\arm-none-eabi\include\c++\10.2.1\bits\std_function.h **** 	  static bool
 222:c:\program files\daisytoolchain\arm-none-eabi\include\c++\10.2.1\bits\std_function.h **** 	  _M_not_empty_function(_Tp _Class::* __mp)
 223:c:\program files\daisytoolchain\arm-none-eabi\include\c++\10.2.1\bits\std_function.h **** 	  { return __mp != nullptr; }
 224:c:\program files\daisytoolchain\arm-none-eabi\include\c++\10.2.1\bits\std_function.h **** 
 225:c:\program files\daisytoolchain\arm-none-eabi\include\c++\10.2.1\bits\std_function.h **** 	template<typename _Tp>
 226:c:\program files\daisytoolchain\arm-none-eabi\include\c++\10.2.1\bits\std_function.h **** 	  static bool
 227:c:\program files\daisytoolchain\arm-none-eabi\include\c++\10.2.1\bits\std_function.h **** 	  _M_not_empty_function(const _Tp&)
 228:c:\program files\daisytoolchain\arm-none-eabi\include\c++\10.2.1\bits\std_function.h **** 	  { return true; }
 229:c:\program files\daisytoolchain\arm-none-eabi\include\c++\10.2.1\bits\std_function.h **** 
 230:c:\program files\daisytoolchain\arm-none-eabi\include\c++\10.2.1\bits\std_function.h ****       private:
 231:c:\program files\daisytoolchain\arm-none-eabi\include\c++\10.2.1\bits\std_function.h **** 	static void
 232:c:\program files\daisytoolchain\arm-none-eabi\include\c++\10.2.1\bits\std_function.h **** 	_M_init_functor(_Any_data& __functor, _Functor&& __f, true_type)
 233:c:\program files\daisytoolchain\arm-none-eabi\include\c++\10.2.1\bits\std_function.h **** 	{ ::new (__functor._M_access()) _Functor(std::move(__f)); }
 234:c:\program files\daisytoolchain\arm-none-eabi\include\c++\10.2.1\bits\std_function.h **** 
 235:c:\program files\daisytoolchain\arm-none-eabi\include\c++\10.2.1\bits\std_function.h **** 	static void
 236:c:\program files\daisytoolchain\arm-none-eabi\include\c++\10.2.1\bits\std_function.h **** 	_M_init_functor(_Any_data& __functor, _Functor&& __f, false_type)
 237:c:\program files\daisytoolchain\arm-none-eabi\include\c++\10.2.1\bits\std_function.h **** 	{ __functor._M_access<_Functor*>() = new _Functor(std::move(__f)); }
 238:c:\program files\daisytoolchain\arm-none-eabi\include\c++\10.2.1\bits\std_function.h ****       };
 239:c:\program files\daisytoolchain\arm-none-eabi\include\c++\10.2.1\bits\std_function.h **** 
 240:c:\program files\daisytoolchain\arm-none-eabi\include\c++\10.2.1\bits\std_function.h ****     _Function_base() : _M_manager(nullptr) { }
 241:c:\program files\daisytoolchain\arm-none-eabi\include\c++\10.2.1\bits\std_function.h **** 
 242:c:\program files\daisytoolchain\arm-none-eabi\include\c++\10.2.1\bits\std_function.h ****     ~_Function_base()
 243:c:\program files\daisytoolchain\arm-none-eabi\include\c++\10.2.1\bits\std_function.h ****     {
 244:c:\program files\daisytoolchain\arm-none-eabi\include\c++\10.2.1\bits\std_function.h ****       if (_M_manager)
 245:c:\program files\daisytoolchain\arm-none-eabi\include\c++\10.2.1\bits\std_function.h **** 	_M_manager(_M_functor, _M_functor, __destroy_functor);
 246:c:\program files\daisytoolchain\arm-none-eabi\include\c++\10.2.1\bits\std_function.h ****     }
 247:c:\program files\daisytoolchain\arm-none-eabi\include\c++\10.2.1\bits\std_function.h **** 
 248:c:\program files\daisytoolchain\arm-none-eabi\include\c++\10.2.1\bits\std_function.h ****     bool _M_empty() const { return !_M_manager; }
 249:c:\program files\daisytoolchain\arm-none-eabi\include\c++\10.2.1\bits\std_function.h **** 
 250:c:\program files\daisytoolchain\arm-none-eabi\include\c++\10.2.1\bits\std_function.h ****     typedef bool (*_Manager_type)(_Any_data&, const _Any_data&,
 251:c:\program files\daisytoolchain\arm-none-eabi\include\c++\10.2.1\bits\std_function.h **** 				  _Manager_operation);
 252:c:\program files\daisytoolchain\arm-none-eabi\include\c++\10.2.1\bits\std_function.h **** 
 253:c:\program files\daisytoolchain\arm-none-eabi\include\c++\10.2.1\bits\std_function.h ****     _Any_data     _M_functor;
 254:c:\program files\daisytoolchain\arm-none-eabi\include\c++\10.2.1\bits\std_function.h ****     _Manager_type _M_manager;
 255:c:\program files\daisytoolchain\arm-none-eabi\include\c++\10.2.1\bits\std_function.h ****   };
 256:c:\program files\daisytoolchain\arm-none-eabi\include\c++\10.2.1\bits\std_function.h **** 
 257:c:\program files\daisytoolchain\arm-none-eabi\include\c++\10.2.1\bits\std_function.h ****   template<typename _Signature, typename _Functor>
 258:c:\program files\daisytoolchain\arm-none-eabi\include\c++\10.2.1\bits\std_function.h ****     class _Function_handler;
 259:c:\program files\daisytoolchain\arm-none-eabi\include\c++\10.2.1\bits\std_function.h **** 
 260:c:\program files\daisytoolchain\arm-none-eabi\include\c++\10.2.1\bits\std_function.h ****   template<typename _Res, typename _Functor, typename... _ArgTypes>
 261:c:\program files\daisytoolchain\arm-none-eabi\include\c++\10.2.1\bits\std_function.h ****     class _Function_handler<_Res(_ArgTypes...), _Functor>
 262:c:\program files\daisytoolchain\arm-none-eabi\include\c++\10.2.1\bits\std_function.h ****     : public _Function_base::_Base_manager<_Functor>
 263:c:\program files\daisytoolchain\arm-none-eabi\include\c++\10.2.1\bits\std_function.h ****     {
 264:c:\program files\daisytoolchain\arm-none-eabi\include\c++\10.2.1\bits\std_function.h ****       typedef _Function_base::_Base_manager<_Functor> _Base;
 265:c:\program files\daisytoolchain\arm-none-eabi\include\c++\10.2.1\bits\std_function.h **** 
 266:c:\program files\daisytoolchain\arm-none-eabi\include\c++\10.2.1\bits\std_function.h ****     public:
 267:c:\program files\daisytoolchain\arm-none-eabi\include\c++\10.2.1\bits\std_function.h ****       static bool
 268:c:\program files\daisytoolchain\arm-none-eabi\include\c++\10.2.1\bits\std_function.h ****       _M_manager(_Any_data& __dest, const _Any_data& __source,
 232              		.loc 13 268 7 is_stmt 1 view -0
 233              		.cfi_startproc
 234              		@ args = 0, pretend = 0, frame = 0
 235              		@ frame_needed = 0, uses_anonymous_args = 0
 236              		@ link register save eliminated.
 269:c:\program files\daisytoolchain\arm-none-eabi\include\c++\10.2.1\bits\std_function.h **** 		 _Manager_operation __op)
 270:c:\program files\daisytoolchain\arm-none-eabi\include\c++\10.2.1\bits\std_function.h ****       {
 271:c:\program files\daisytoolchain\arm-none-eabi\include\c++\10.2.1\bits\std_function.h **** 	switch (__op)
ARM GAS  C:\Users\Spencer\AppData\Local\Temp\ccWmt4tk.s 			page 19


 237              		.loc 13 271 2 is_stmt 0 view .LVU27
 238 0000 012A     		cmp	r2, #1
 239              	.LVL8:
  87:c:\program files\daisytoolchain\arm-none-eabi\include\c++\10.2.1\bits\std_function.h ****     const void* _M_access() const { return &_M_pod_data[0]; }
 240              		.loc 13 87 37 is_stmt 1 view .LVU28
 241              	.LBB738:
 242              	.LBI738:
 136:c:\program files\daisytoolchain\arm-none-eabi\include\c++\10.2.1\bits\std_function.h **** 	{
 243              		.loc 13 136 2 view .LVU29
 244              	.LBB739:
 245              	.LBB740:
 246              	.LBI740:
  97:c:\program files\daisytoolchain\arm-none-eabi\include\c++\10.2.1\bits\std_function.h ****       { return *static_cast<const _Tp*>(_M_access()); }
 247              		.loc 13 97 7 view .LVU30
 248              	.LBB741:
 249              	.LBI741:
  88:c:\program files\daisytoolchain\arm-none-eabi\include\c++\10.2.1\bits\std_function.h **** 
 250              		.loc 13 88 17 view .LVU31
 251              	.LBB742:
  88:c:\program files\daisytoolchain\arm-none-eabi\include\c++\10.2.1\bits\std_function.h **** 
 252              		.loc 13 88 37 view .LVU32
  88:c:\program files\daisytoolchain\arm-none-eabi\include\c++\10.2.1\bits\std_function.h **** 
 253              		.loc 13 88 37 is_stmt 0 view .LVU33
 254              	.LBE742:
 255              	.LBE741:
 256              	.LBE740:
 257              	.LBE739:
 258              	.LBE738:
 272:c:\program files\daisytoolchain\arm-none-eabi\include\c++\10.2.1\bits\std_function.h **** 	  {
 273:c:\program files\daisytoolchain\arm-none-eabi\include\c++\10.2.1\bits\std_function.h **** #if __cpp_rtti
 274:c:\program files\daisytoolchain\arm-none-eabi\include\c++\10.2.1\bits\std_function.h **** 	  case __get_type_info:
 275:c:\program files\daisytoolchain\arm-none-eabi\include\c++\10.2.1\bits\std_function.h **** 	    __dest._M_access<const type_info*>() = &typeid(_Functor);
 276:c:\program files\daisytoolchain\arm-none-eabi\include\c++\10.2.1\bits\std_function.h **** 	    break;
 277:c:\program files\daisytoolchain\arm-none-eabi\include\c++\10.2.1\bits\std_function.h **** #endif
 278:c:\program files\daisytoolchain\arm-none-eabi\include\c++\10.2.1\bits\std_function.h **** 	  case __get_functor_ptr:
 279:c:\program files\daisytoolchain\arm-none-eabi\include\c++\10.2.1\bits\std_function.h **** 	    __dest._M_access<_Functor*>() = _Base::_M_get_pointer(__source);
 259              		.loc 13 279 36 view .LVU34
 260 0002 08BF     		it	eq
 261 0004 0160     		streq	r1, [r0]
 280:c:\program files\daisytoolchain\arm-none-eabi\include\c++\10.2.1\bits\std_function.h **** 	    break;
 281:c:\program files\daisytoolchain\arm-none-eabi\include\c++\10.2.1\bits\std_function.h **** 
 282:c:\program files\daisytoolchain\arm-none-eabi\include\c++\10.2.1\bits\std_function.h **** 	  default:
 283:c:\program files\daisytoolchain\arm-none-eabi\include\c++\10.2.1\bits\std_function.h **** 	    _Base::_M_manager(__dest, __source, __op);
 284:c:\program files\daisytoolchain\arm-none-eabi\include\c++\10.2.1\bits\std_function.h **** 	  }
 285:c:\program files\daisytoolchain\arm-none-eabi\include\c++\10.2.1\bits\std_function.h **** 	return false;
 286:c:\program files\daisytoolchain\arm-none-eabi\include\c++\10.2.1\bits\std_function.h ****       }
 262              		.loc 13 286 7 view .LVU35
 263 0006 0020     		movs	r0, #0
 264              	.LVL9:
 265              		.loc 13 286 7 view .LVU36
 266 0008 7047     		bx	lr
 267              		.cfi_endproc
 268              	.LFE6681:
 270              		.section	.text._ZNSt17_Function_handlerIFffEN8halfhannMUlfE_EE10_M_managerERSt9_Any_dataRKS3_St18_
 271              		.align	1
 272              		.weak	_ZNSt17_Function_handlerIFffEN8halfhannMUlfE_EE10_M_managerERSt9_Any_dataRKS3_St18_Manager_o
 273              		.syntax unified
ARM GAS  C:\Users\Spencer\AppData\Local\Temp\ccWmt4tk.s 			page 20


 274              		.thumb
 275              		.thumb_func
 276              		.fpu fpv5-d16
 278              	_ZNSt17_Function_handlerIFffEN8halfhannMUlfE_EE10_M_managerERSt9_Any_dataRKS3_St18_Manager_operatio
 279              	.LVL10:
 280              	.LFB6692:
 268:c:\program files\daisytoolchain\arm-none-eabi\include\c++\10.2.1\bits\std_function.h **** 		 _Manager_operation __op)
 281              		.loc 13 268 7 is_stmt 1 view -0
 282              		.cfi_startproc
 283              		@ args = 0, pretend = 0, frame = 0
 284              		@ frame_needed = 0, uses_anonymous_args = 0
 285              		@ link register save eliminated.
 271:c:\program files\daisytoolchain\arm-none-eabi\include\c++\10.2.1\bits\std_function.h **** 	  {
 286              		.loc 13 271 2 is_stmt 0 view .LVU38
 287 0000 012A     		cmp	r2, #1
 288              	.LVL11:
  87:c:\program files\daisytoolchain\arm-none-eabi\include\c++\10.2.1\bits\std_function.h ****     const void* _M_access() const { return &_M_pod_data[0]; }
 289              		.loc 13 87 37 is_stmt 1 view .LVU39
 290              	.LBB743:
 291              	.LBI743:
 136:c:\program files\daisytoolchain\arm-none-eabi\include\c++\10.2.1\bits\std_function.h **** 	{
 292              		.loc 13 136 2 view .LVU40
 293              	.LBB744:
 294              	.LBB745:
 295              	.LBI745:
  97:c:\program files\daisytoolchain\arm-none-eabi\include\c++\10.2.1\bits\std_function.h ****       { return *static_cast<const _Tp*>(_M_access()); }
 296              		.loc 13 97 7 view .LVU41
 297              	.LBB746:
 298              	.LBI746:
  88:c:\program files\daisytoolchain\arm-none-eabi\include\c++\10.2.1\bits\std_function.h **** 
 299              		.loc 13 88 17 view .LVU42
 300              	.LBB747:
  88:c:\program files\daisytoolchain\arm-none-eabi\include\c++\10.2.1\bits\std_function.h **** 
 301              		.loc 13 88 37 view .LVU43
  88:c:\program files\daisytoolchain\arm-none-eabi\include\c++\10.2.1\bits\std_function.h **** 
 302              		.loc 13 88 37 is_stmt 0 view .LVU44
 303              	.LBE747:
 304              	.LBE746:
 305              	.LBE745:
 306              	.LBE744:
 307              	.LBE743:
 279:c:\program files\daisytoolchain\arm-none-eabi\include\c++\10.2.1\bits\std_function.h **** 	    break;
 308              		.loc 13 279 36 view .LVU45
 309 0002 08BF     		it	eq
 310 0004 0160     		streq	r1, [r0]
 311              		.loc 13 286 7 view .LVU46
 312 0006 0020     		movs	r0, #0
 313              	.LVL12:
 314              		.loc 13 286 7 view .LVU47
 315 0008 7047     		bx	lr
 316              		.cfi_endproc
 317              	.LFE6692:
 319              		.section	.text._Z6reverbPKfPf,"axG",%progbits,_Z6reverbPKfPf,comdat
 320              		.align	1
 321              		.weak	_Z6reverbPKfPf
 322              		.syntax unified
 323              		.thumb
ARM GAS  C:\Users\Spencer\AppData\Local\Temp\ccWmt4tk.s 			page 21


 324              		.thumb_func
 325              		.fpu fpv5-d16
 327              	_Z6reverbPKfPf:
 328              	.LVL13:
 329              	.LFB6201:
 330              		.file 14 "Marigold.cpp"
   1:Marigold.cpp  **** // Marigold.cpp
   2:Marigold.cpp  **** // Venus Spectral Reverb ported from Marigold (Funbox/DaisyPetal) hardware
   3:Marigold.cpp  **** // to Emerald (custom 125B Daisy Seed) hardware.
   4:Marigold.cpp  **** //
   5:Marigold.cpp  **** // STEP 1: Pin remapping, relay/mute GPIO init, boot into bypass.
   6:Marigold.cpp  **** //         Expression, DIP switches, toggle switches, and MIDI are
   7:Marigold.cpp  **** //         stripped in later steps. They are still present but commented
   8:Marigold.cpp  **** //         out or left inert so the DSP compiles and runs immediately.
   9:Marigold.cpp  **** //
  10:Marigold.cpp  **** // PIN CHANGES vs. original venus.cpp (Marigold hardware):
  11:Marigold.cpp  **** //   Knobs:       ADC_0-5 -> same logical order, physical shift by 1
  12:Marigold.cpp  **** //                (D15=A0 -> now D15=A0, but physical pin 22 not 23)
  13:Marigold.cpp  **** //                Emerald: D15-D20 = physical pins 22-27
  14:Marigold.cpp  **** //   FOOTSWITCH_1 (Bypass): was D25/physical 32 -> now D6/physical 7
  15:Marigold.cpp  **** //   FOOTSWITCH_2 (Freeze): was D26/physical 33 -> now D5/physical 6
  16:Marigold.cpp  **** //   NOTE: Emerald swaps L/R vs Marigold. On Emerald:
  17:Marigold.cpp  **** //         D6 (phys 7) = right footswitch = BYPASS
  18:Marigold.cpp  **** //         D5 (phys 6) = left footswitch  = FREEZE
  19:Marigold.cpp  **** //   LEDs: D22/D23 = physical pins 29/30 (unchanged)
  20:Marigold.cpp  **** //
  21:Marigold.cpp  **** // RELAY / MUTE (Emerald-specific, not present on Marigold):
  22:Marigold.cpp  **** //   DISABLE_AUDIO_BYPASS relay: D1  (physical pin 2)  active-low
  23:Marigold.cpp  **** //   ENABLE_AUDIO_MUTE    mute:  D12 (physical pin 13) active-high
  24:Marigold.cpp  **** //
  25:Marigold.cpp  **** // HARDCODED (hardware not present on Emerald, stripped in Step 3):
  26:Marigold.cpp  **** //   shimmer_mode = 1  (center: octave up only)
  27:Marigold.cpp  **** //   reverb_mode  = 1  (center: normal, no lofi)
  28:Marigold.cpp  **** //   drift_mode   = 1  (center: no drift)
  29:Marigold.cpp  **** 
  30:Marigold.cpp  **** #include <string.h>
  31:Marigold.cpp  **** #include "daisy_seed.h"
  32:Marigold.cpp  **** #include "daisysp.h"
  33:Marigold.cpp  **** 
  34:Marigold.cpp  **** #include <cmath>
  35:Marigold.cpp  **** #include <complex>
  36:Marigold.cpp  **** #include "shy_fft.h"
  37:Marigold.cpp  **** 
  38:Marigold.cpp  **** #include "fourier.h"
  39:Marigold.cpp  **** #include "wave.h"
  40:Marigold.cpp  **** 
  41:Marigold.cpp  **** #define PI 3.1415926535897932384626433832795
  42:Marigold.cpp  **** 
  43:Marigold.cpp  **** using namespace daisy;
  44:Marigold.cpp  **** using namespace daisysp;
  45:Marigold.cpp  **** using namespace soundmath;
  46:Marigold.cpp  **** 
  47:Marigold.cpp  **** // ============================================================
  48:Marigold.cpp  **** // Hardware
  49:Marigold.cpp  **** // ============================================================
  50:Marigold.cpp  **** DaisySeed hw;
  51:Marigold.cpp  **** 
ARM GAS  C:\Users\Spencer\AppData\Local\Temp\ccWmt4tk.s 			page 22


  52:Marigold.cpp  **** // Relay and mute GPIOs (Emerald-specific)
  53:Marigold.cpp  **** // DISABLE_AUDIO_BYPASS: D1, active-low
  54:Marigold.cpp  **** //   Write LOW  -> relay energized -> effect in signal path
  55:Marigold.cpp  **** //   Write HIGH -> relay bypassed  -> dry signal passes
  56:Marigold.cpp  **** // ENABLE_AUDIO_MUTE: D12, active-high
  57:Marigold.cpp  **** //   Write HIGH -> mute on  (use briefly during relay switching)
  58:Marigold.cpp  **** //   Write LOW  -> mute off
  59:Marigold.cpp  **** GPIO relay_pin;   // D1  (physical pin 2)
  60:Marigold.cpp  **** GPIO mute_pin;    // D12 (physical pin 13)
  61:Marigold.cpp  **** 
  62:Marigold.cpp  **** // Helper: set relay to effect path (bypass=false) or bypass path (bypass=true)
  63:Marigold.cpp  **** inline void SetRelay(bool bypass_active) {
  64:Marigold.cpp  ****     // relay is active-low: LOW = effect in path, HIGH = bypass
  65:Marigold.cpp  ****     relay_pin.Write(bypass_active ? true : false);
  66:Marigold.cpp  **** }
  67:Marigold.cpp  **** 
  68:Marigold.cpp  **** // Helper: enable/disable output mute
  69:Marigold.cpp  **** inline void SetMute(bool muted) {
  70:Marigold.cpp  ****     // mute is active-high: HIGH = muted
  71:Marigold.cpp  ****     mute_pin.Write(muted);
  72:Marigold.cpp  **** }
  73:Marigold.cpp  **** 
  74:Marigold.cpp  **** // ============================================================
  75:Marigold.cpp  **** // Parameters
  76:Marigold.cpp  **** // ============================================================
  77:Marigold.cpp  **** Parameter decay, mix, damp, shimmer, shimmer_tone, detune;
  78:Marigold.cpp  **** 
  79:Marigold.cpp  **** float samplerate = 32000.0f;
  80:Marigold.cpp  **** 
  81:Marigold.cpp  **** bool bypass = true;
  82:Marigold.cpp  **** 
  83:Marigold.cpp  **** // Footswitch state (polled directly from GPIO)
  84:Marigold.cpp  **** bool fs1_prev = false;  // D6 = right = bypass
  85:Marigold.cpp  **** bool fs2_prev = false;  // D5 = left  = freeze
  86:Marigold.cpp  **** 
  87:Marigold.cpp  **** // Dedicated GPIO inputs for Emerald footswitches.
  88:Marigold.cpp  **** // NOTE:
  89:Marigold.cpp  **** // - We intentionally use explicit GPIO objects instead of DaisySeed::GetPin(...) so we
  90:Marigold.cpp  **** //   have concrete input instances that support .Init(...) and .Read(...).
  91:Marigold.cpp  **** // - Both switches are active-low on Emerald 125b hardware:
  92:Marigold.cpp  **** //   * Electrical LOW  = physically pressed
  93:Marigold.cpp  **** //   * Electrical HIGH = physically released (via pull-up)
  94:Marigold.cpp  **** GPIO fs_bypass_pin;   // D6 (physical pin 7)  = BYPASS toggle switch
  95:Marigold.cpp  **** GPIO fs_freeze_pin;   // D5 (physical pin 6)  = FREEZE hold switch
  96:Marigold.cpp  **** 
  97:Marigold.cpp  **** // LED pins (D22, D23)
  98:Marigold.cpp  **** Led led1, led2;
  99:Marigold.cpp  **** 
 100:Marigold.cpp  **** // ============================================================
 101:Marigold.cpp  **** // DSP state (unchanged from venus.cpp)
 102:Marigold.cpp  **** // ============================================================
 103:Marigold.cpp  **** SampleRateReducer samplerateReducer;
 104:Marigold.cpp  **** Tone lowpass;
 105:Marigold.cpp  **** int reverb_mode = 1;   // HARDCODED: center = normal
 106:Marigold.cpp  **** 
 107:Marigold.cpp  **** Wave<float> hann([] (float phase) -> float { return 0.5 * (1 - cos(2 * PI * phase)); });
 108:Marigold.cpp  **** Wave<float> halfhann([] (float phase) -> float { return sin(PI * phase); });
ARM GAS  C:\Users\Spencer\AppData\Local\Temp\ccWmt4tk.s 			page 23


 109:Marigold.cpp  **** 
 110:Marigold.cpp  **** const size_t order = 12;
 111:Marigold.cpp  **** const size_t N = (1 << order);
 112:Marigold.cpp  **** const float  sqrtN = sqrt(N);
 113:Marigold.cpp  **** const size_t laps = 4;
 114:Marigold.cpp  **** const size_t buffsize = 2 * laps * N;
 115:Marigold.cpp  **** 
 116:Marigold.cpp  **** float in_buf[buffsize];
 117:Marigold.cpp  **** float middle[buffsize];
 118:Marigold.cpp  **** float out_buf[buffsize];
 119:Marigold.cpp  **** 
 120:Marigold.cpp  **** float reverb_energy[N/2];
 121:Marigold.cpp  **** 
 122:Marigold.cpp  **** ShyFFT<float, N, RotationPhasor>* fft;
 123:Marigold.cpp  **** Fourier<float, N>* stft;
 124:Marigold.cpp  **** 
 125:Marigold.cpp  **** float fft_size = N / 2;
 126:Marigold.cpp  **** 
 127:Marigold.cpp  **** float vdecay, vmix, vdamp, vshimmer, vshimmer_tone, vdetune;
 128:Marigold.cpp  **** float octave_up_rate_persecond, octave_up_rate_perinterval, shimmer_double, shimmer_triple, shimmer
 129:Marigold.cpp  **** float detune_rate_persecond, detune_rate_perinterval, detune_double, detune_remainder;
 130:Marigold.cpp  **** 
 131:Marigold.cpp  **** float window_samples   = 32768.0f;
 132:Marigold.cpp  **** float interval_samples = ceil(window_samples / laps);
 133:Marigold.cpp  **** 
 134:Marigold.cpp  **** bool freeze       = false;
 135:Marigold.cpp  **** int  shimmer_mode = 1;   // HARDCODED: center = octave up
 136:Marigold.cpp  **** int  detune_mode  = 1;
 137:Marigold.cpp  **** int  detune_multiplier = 1;
 138:Marigold.cpp  **** 
 139:Marigold.cpp  **** bool first_start = true;
 140:Marigold.cpp  **** 
 141:Marigold.cpp  **** int  drift_mode = 1;     // HARDCODED: center = no drift
 142:Marigold.cpp  **** Oscillator drift_osc, drift_osc2, drift_osc3, drift_osc4;
 143:Marigold.cpp  **** float drift_multiplier  = 1.0f;
 144:Marigold.cpp  **** float drift_multiplier2 = 1.0f;
 145:Marigold.cpp  **** float drift_multiplier3 = 1.0f;
 146:Marigold.cpp  **** float drift_multiplier4 = 1.0f;
 147:Marigold.cpp  **** 
 148:Marigold.cpp  **** // ============================================================
 149:Marigold.cpp  **** // Knob values array (kept for future MIDI, currently direct)
 150:Marigold.cpp  **** // ============================================================
 151:Marigold.cpp  **** float knobValues[6];
 152:Marigold.cpp  **** 
 153:Marigold.cpp  **** // Analog controls backing each parameter.
 154:Marigold.cpp  **** // IMPORTANT:
 155:Marigold.cpp  **** // - `daisy::Parameter::Init(...)` takes an AnalogControl object, not a raw ADC pointer.
 156:Marigold.cpp  **** // - Each AnalogControl is initialized from the ADC pointer + callback rate first.
 157:Marigold.cpp  **** // - Parameter then reads/scales that control each callback in ProcessControls().
 158:Marigold.cpp  **** AnalogControl knob_ctrl_decay;
 159:Marigold.cpp  **** AnalogControl knob_ctrl_mix;
 160:Marigold.cpp  **** AnalogControl knob_ctrl_damp;
 161:Marigold.cpp  **** AnalogControl knob_ctrl_shimmer;
 162:Marigold.cpp  **** AnalogControl knob_ctrl_shimmer_tone;
 163:Marigold.cpp  **** AnalogControl knob_ctrl_detune;
 164:Marigold.cpp  **** 
 165:Marigold.cpp  **** // ============================================================
ARM GAS  C:\Users\Spencer\AppData\Local\Temp\ccWmt4tk.s 			page 24


 166:Marigold.cpp  **** // ProcessControls
 167:Marigold.cpp  **** // ============================================================
 168:Marigold.cpp  **** static void ProcessControls()
 169:Marigold.cpp  **** {
 170:Marigold.cpp  ****     // Read knobs directly (no expression remapping in Step 1)
 171:Marigold.cpp  ****     vdecay        = decay.Process()        * 99.0f + 1.0f;
 172:Marigold.cpp  ****     vmix          = mix.Process();
 173:Marigold.cpp  ****     vdamp         = damp.Process();
 174:Marigold.cpp  ****     vshimmer      = shimmer.Process();
 175:Marigold.cpp  ****     vshimmer_tone = shimmer_tone.Process();
 176:Marigold.cpp  ****     float vdetune_temp = detune.Process();
 177:Marigold.cpp  **** 
 178:Marigold.cpp  ****     vdetune = fabsf(vdetune_temp);
 179:Marigold.cpp  **** 
 180:Marigold.cpp  ****     // Drift automation: drift_mode == 1 (no drift), so this block is inert
 181:Marigold.cpp  ****     // but kept structurally intact for Step 3 cleanup.
 182:Marigold.cpp  ****     if (drift_mode == 0 || drift_mode == 2) {
 183:Marigold.cpp  ****         vdamp         = vdamp         * fabsf(drift_multiplier)  * 0.7f + 0.3f;
 184:Marigold.cpp  ****         vshimmer     *= fabsf(drift_multiplier2);
 185:Marigold.cpp  ****         vshimmer_tone *= fabsf(drift_multiplier3);
 186:Marigold.cpp  ****         vdetune      *= fabsf(drift_multiplier4);
 187:Marigold.cpp  ****     }
 188:Marigold.cpp  **** 
 189:Marigold.cpp  ****     if (vdetune > 0.03f) {
 190:Marigold.cpp  ****         vdetune = vdetune - 0.029f;
 191:Marigold.cpp  ****         if (vdetune_temp >= 0) {
 192:Marigold.cpp  ****             detune_mode       = 2;
 193:Marigold.cpp  ****             detune_multiplier = 1;
 194:Marigold.cpp  ****         } else {
 195:Marigold.cpp  ****             detune_mode       = 0;
 196:Marigold.cpp  ****             detune_multiplier = -1;
 197:Marigold.cpp  ****         }
 198:Marigold.cpp  ****     } else {
 199:Marigold.cpp  ****         detune_mode = 1;
 200:Marigold.cpp  ****     }
 201:Marigold.cpp  **** 
 202:Marigold.cpp  ****     octave_up_rate_persecond  = std::pow(8.0f, vshimmer) - 1.0f;
 203:Marigold.cpp  ****     octave_up_rate_perinterval = std::min(0.75f, octave_up_rate_persecond / samplerate * interval_s
 204:Marigold.cpp  **** 
 205:Marigold.cpp  ****     float octave_up_rate_persecond2  = std::pow(8.0f, vshimmer_tone) - 1.0f;
 206:Marigold.cpp  ****     float octave_up_rate_perinterval2 = std::min(0.75f, octave_up_rate_persecond2 / samplerate * in
 207:Marigold.cpp  **** 
 208:Marigold.cpp  ****     shimmer_double    = octave_up_rate_perinterval  * (1.0f - vshimmer_tone / 1.58f);
 209:Marigold.cpp  ****     shimmer_triple    = (octave_up_rate_perinterval2 / 1.58f) * vshimmer_tone;
 210:Marigold.cpp  ****     shimmer_remainder = 1.0f - shimmer_double - shimmer_triple;
 211:Marigold.cpp  **** 
 212:Marigold.cpp  ****     detune_rate_persecond  = std::pow(8.0f, vdetune) - 1.0f;
 213:Marigold.cpp  ****     detune_rate_perinterval = std::min(0.75f, detune_rate_persecond / samplerate * interval_samples
 214:Marigold.cpp  ****     detune_double    = detune_rate_perinterval;
 215:Marigold.cpp  ****     detune_remainder = 1.0f - detune_double;
 216:Marigold.cpp  **** }
 217:Marigold.cpp  **** 
 218:Marigold.cpp  **** // ============================================================
 219:Marigold.cpp  **** // UpdateButtons
 220:Marigold.cpp  **** // Emerald footswitch mapping:
 221:Marigold.cpp  **** //   D6 (phys 7) = right footswitch = BYPASS toggle
 222:Marigold.cpp  **** //   D5 (phys 6) = left footswitch  = FREEZE (hold)
ARM GAS  C:\Users\Spencer\AppData\Local\Temp\ccWmt4tk.s 			page 25


 223:Marigold.cpp  **** // Both footswitches are active-low on Emerald 125b hardware
 224:Marigold.cpp  **** // (.Pressed() returns false when physically pressed).
 225:Marigold.cpp  **** // We read the GPIO directly here since we're not using DaisyPetal.
 226:Marigold.cpp  **** // ============================================================
 227:Marigold.cpp  **** static void UpdateButtons()
 228:Marigold.cpp  **** {
 229:Marigold.cpp  ****     // Read raw GPIO state from dedicated switch inputs.
 230:Marigold.cpp  ****     // Active-low behavior:
 231:Marigold.cpp  ****     // - .Read() == false means pin is LOW  -> physically pressed
 232:Marigold.cpp  ****     // - .Read() == true  means pin is HIGH -> physically released
 233:Marigold.cpp  ****     // We invert to convert into the more readable boolean "pressed" semantics.
 234:Marigold.cpp  ****     bool fs1_raw = !fs_bypass_pin.Read();  // true when BYPASS switch is physically pressed
 235:Marigold.cpp  ****     bool fs2_raw = !fs_freeze_pin.Read();  // true when FREEZE switch is physically pressed
 236:Marigold.cpp  **** 
 237:Marigold.cpp  ****     // Bypass: toggle on rising edge (press)
 238:Marigold.cpp  ****     if (fs1_raw && !fs1_prev) {
 239:Marigold.cpp  ****         bypass = !bypass;
 240:Marigold.cpp  **** 
 241:Marigold.cpp  ****         // Mute briefly during relay transition to prevent pop
 242:Marigold.cpp  ****         SetMute(true);
 243:Marigold.cpp  ****         System::DelayUs(1000);  // 1ms mute window
 244:Marigold.cpp  ****         SetRelay(bypass);
 245:Marigold.cpp  ****         System::DelayUs(1000);
 246:Marigold.cpp  ****         SetMute(false);
 247:Marigold.cpp  **** 
 248:Marigold.cpp  ****         led1.Set(bypass ? 0.0f : 1.0f);
 249:Marigold.cpp  ****     }
 250:Marigold.cpp  **** 
 251:Marigold.cpp  ****     // Freeze: hold behavior (active while held)
 252:Marigold.cpp  ****     freeze = fs2_raw;
 253:Marigold.cpp  ****     led2.Set(freeze ? 1.0f : 0.0f);
 254:Marigold.cpp  **** 
 255:Marigold.cpp  ****     fs1_prev = fs1_raw;
 256:Marigold.cpp  ****     fs2_prev = fs2_raw;
 257:Marigold.cpp  **** 
 258:Marigold.cpp  ****     led1.Update();
 259:Marigold.cpp  ****     led2.Update();
 260:Marigold.cpp  **** }
 261:Marigold.cpp  **** 
 262:Marigold.cpp  **** // ============================================================
 263:Marigold.cpp  **** // AudioCallback
 264:Marigold.cpp  **** // ============================================================
 265:Marigold.cpp  **** static void AudioCallback(AudioHandle::InputBuffer  in,
 266:Marigold.cpp  ****                           AudioHandle::OutputBuffer out,
 267:Marigold.cpp  ****                           size_t                    size)
 268:Marigold.cpp  **** {
 269:Marigold.cpp  ****     ProcessControls();
 270:Marigold.cpp  ****     UpdateButtons();
 271:Marigold.cpp  **** 
 272:Marigold.cpp  ****     for (size_t i = 0; i < size; i++)
 273:Marigold.cpp  ****     {
 274:Marigold.cpp  ****         // Drift oscillators still processed (harmless at drift_mode==1)
 275:Marigold.cpp  ****         drift_multiplier  = drift_osc.Process();
 276:Marigold.cpp  ****         drift_multiplier2 = drift_osc2.Process();
 277:Marigold.cpp  ****         drift_multiplier3 = drift_osc3.Process();
 278:Marigold.cpp  ****         drift_multiplier4 = drift_osc4.Process();
 279:Marigold.cpp  **** 
ARM GAS  C:\Users\Spencer\AppData\Local\Temp\ccWmt4tk.s 			page 26


 280:Marigold.cpp  ****         if (bypass)
 281:Marigold.cpp  ****         {
 282:Marigold.cpp  ****             out[0][i] = in[0][i];
 283:Marigold.cpp  ****             out[1][i] = in[1][i];
 284:Marigold.cpp  ****         }
 285:Marigold.cpp  ****         else
 286:Marigold.cpp  ****         {
 287:Marigold.cpp  ****             stft->write(in[0][i]);
 288:Marigold.cpp  **** 
 289:Marigold.cpp  ****             float wet = 0.0f;
 290:Marigold.cpp  ****             if (reverb_mode == 0) {
 291:Marigold.cpp  ****                 wet = lowpass.Process(samplerateReducer.Process(stft->read()));
 292:Marigold.cpp  ****             } else if (reverb_mode == 1) {
 293:Marigold.cpp  ****                 wet = stft->read();
 294:Marigold.cpp  ****             } else if (reverb_mode == 2) {
 295:Marigold.cpp  ****                 wet = samplerateReducer.Process(stft->read());
 296:Marigold.cpp  ****             }
 297:Marigold.cpp  **** 
 298:Marigold.cpp  ****             out[0][i] = wet * vmix + in[0][i] * (1.0f - vmix);
 299:Marigold.cpp  ****             out[1][i] = out[0][i];
 300:Marigold.cpp  ****         }
 301:Marigold.cpp  ****     }
 302:Marigold.cpp  **** }
 303:Marigold.cpp  **** 
 304:Marigold.cpp  **** // ============================================================
 305:Marigold.cpp  **** // Reverb spectral processing (unchanged from venus.cpp)
 306:Marigold.cpp  **** // ============================================================
 307:Marigold.cpp  **** inline void reverb(const float* in, float* out)
 308:Marigold.cpp  **** {
 331              		.loc 14 308 1 is_stmt 1 view -0
 332              		.cfi_startproc
 333              		@ args = 0, pretend = 0, frame = 8
 334              		@ frame_needed = 0, uses_anonymous_args = 0
 335              		.loc 14 308 1 is_stmt 0 view .LVU49
 336 0000 2DE9F04F 		push	{r4, r5, r6, r7, r8, r9, r10, fp, lr}
 337              		.cfi_def_cfa_offset 36
 338              		.cfi_offset 4, -36
 339              		.cfi_offset 5, -32
 340              		.cfi_offset 6, -28
 341              		.cfi_offset 7, -24
 342              		.cfi_offset 8, -20
 343              		.cfi_offset 9, -16
 344              		.cfi_offset 10, -12
 345              		.cfi_offset 11, -8
 346              		.cfi_offset 14, -4
 347 0004 2DED068B 		vpush.64	{d8, d9, d10}
 348              		.cfi_def_cfa_offset 60
 349              		.cfi_offset 80, -60
 350              		.cfi_offset 81, -56
 351              		.cfi_offset 82, -52
 352              		.cfi_offset 83, -48
 353              		.cfi_offset 84, -44
 354              		.cfi_offset 85, -40
 355 0008 83B0     		sub	sp, sp, #12
 356              		.cfi_def_cfa_offset 72
 309:Marigold.cpp  ****     static const size_t offset = N / 2;
 357              		.loc 14 309 5 is_stmt 1 view .LVU50
ARM GAS  C:\Users\Spencer\AppData\Local\Temp\ccWmt4tk.s 			page 27


 310:Marigold.cpp  **** 
 311:Marigold.cpp  ****     float reverb_amp = 0.0f;
 358              		.loc 14 311 5 view .LVU51
 359              	.LVL14:
 312:Marigold.cpp  ****     for (size_t i = 0; i < N / 2; i++)
 360              		.loc 14 312 5 view .LVU52
 361              	.LBB748:
 362              		.loc 14 312 26 view .LVU53
 363 000a 8346     		mov	fp, r0
 364 000c C44D     		ldr	r5, .L37+8
 365 000e 8A46     		mov	r10, r1
 366 0010 00F50059 		add	r9, r0, #8192
 367 0014 01F50058 		add	r8, r1, #8192
 368              	.LBE748:
 308:Marigold.cpp  ****     static const size_t offset = N / 2;
 369              		.loc 14 308 1 is_stmt 0 view .LVU54
 370 0018 2F46     		mov	r7, r5
 371 001a 2E46     		mov	r6, r5
 372 001c 0024     		movs	r4, #0
 373 001e BEE0     		b	.L27
 374              	.LVL15:
 375              	.L33:
 376              	.LBB765:
 377              	.LBB749:
 378              	.LBB750:
 379              	.LBB751:
 380              		.file 15 "c:\\program files\\daisytoolchain\\arm-none-eabi\\include\\c++\\10.2.1\\cmath"
   1:c:\program files\daisytoolchain\arm-none-eabi\include\c++\10.2.1\cmath **** // -*- C++ -*- C forwarding header.
   2:c:\program files\daisytoolchain\arm-none-eabi\include\c++\10.2.1\cmath **** 
   3:c:\program files\daisytoolchain\arm-none-eabi\include\c++\10.2.1\cmath **** // Copyright (C) 1997-2020 Free Software Foundation, Inc.
   4:c:\program files\daisytoolchain\arm-none-eabi\include\c++\10.2.1\cmath **** //
   5:c:\program files\daisytoolchain\arm-none-eabi\include\c++\10.2.1\cmath **** // This file is part of the GNU ISO C++ Library.  This library is free
   6:c:\program files\daisytoolchain\arm-none-eabi\include\c++\10.2.1\cmath **** // software; you can redistribute it and/or modify it under the
   7:c:\program files\daisytoolchain\arm-none-eabi\include\c++\10.2.1\cmath **** // terms of the GNU General Public License as published by the
   8:c:\program files\daisytoolchain\arm-none-eabi\include\c++\10.2.1\cmath **** // Free Software Foundation; either version 3, or (at your option)
   9:c:\program files\daisytoolchain\arm-none-eabi\include\c++\10.2.1\cmath **** // any later version.
  10:c:\program files\daisytoolchain\arm-none-eabi\include\c++\10.2.1\cmath **** 
  11:c:\program files\daisytoolchain\arm-none-eabi\include\c++\10.2.1\cmath **** // This library is distributed in the hope that it will be useful,
  12:c:\program files\daisytoolchain\arm-none-eabi\include\c++\10.2.1\cmath **** // but WITHOUT ANY WARRANTY; without even the implied warranty of
  13:c:\program files\daisytoolchain\arm-none-eabi\include\c++\10.2.1\cmath **** // MERCHANTABILITY or FITNESS FOR A PARTICULAR PURPOSE.  See the
  14:c:\program files\daisytoolchain\arm-none-eabi\include\c++\10.2.1\cmath **** // GNU General Public License for more details.
  15:c:\program files\daisytoolchain\arm-none-eabi\include\c++\10.2.1\cmath **** 
  16:c:\program files\daisytoolchain\arm-none-eabi\include\c++\10.2.1\cmath **** // Under Section 7 of GPL version 3, you are granted additional
  17:c:\program files\daisytoolchain\arm-none-eabi\include\c++\10.2.1\cmath **** // permissions described in the GCC Runtime Library Exception, version
  18:c:\program files\daisytoolchain\arm-none-eabi\include\c++\10.2.1\cmath **** // 3.1, as published by the Free Software Foundation.
  19:c:\program files\daisytoolchain\arm-none-eabi\include\c++\10.2.1\cmath **** 
  20:c:\program files\daisytoolchain\arm-none-eabi\include\c++\10.2.1\cmath **** // You should have received a copy of the GNU General Public License and
  21:c:\program files\daisytoolchain\arm-none-eabi\include\c++\10.2.1\cmath **** // a copy of the GCC Runtime Library Exception along with this program;
  22:c:\program files\daisytoolchain\arm-none-eabi\include\c++\10.2.1\cmath **** // see the files COPYING3 and COPYING.RUNTIME respectively.  If not, see
  23:c:\program files\daisytoolchain\arm-none-eabi\include\c++\10.2.1\cmath **** // <http://www.gnu.org/licenses/>.
  24:c:\program files\daisytoolchain\arm-none-eabi\include\c++\10.2.1\cmath **** 
  25:c:\program files\daisytoolchain\arm-none-eabi\include\c++\10.2.1\cmath **** /** @file include/cmath
  26:c:\program files\daisytoolchain\arm-none-eabi\include\c++\10.2.1\cmath ****  *  This is a Standard C++ Library file.  You should @c \#include this file
  27:c:\program files\daisytoolchain\arm-none-eabi\include\c++\10.2.1\cmath ****  *  in your programs, rather than any of the @a *.h implementation files.
  28:c:\program files\daisytoolchain\arm-none-eabi\include\c++\10.2.1\cmath ****  *
  29:c:\program files\daisytoolchain\arm-none-eabi\include\c++\10.2.1\cmath ****  *  This is the C++ version of the Standard C Library header @c math.h,
  30:c:\program files\daisytoolchain\arm-none-eabi\include\c++\10.2.1\cmath ****  *  and its contents are (mostly) the same as that header, but are all
ARM GAS  C:\Users\Spencer\AppData\Local\Temp\ccWmt4tk.s 			page 28


  31:c:\program files\daisytoolchain\arm-none-eabi\include\c++\10.2.1\cmath ****  *  contained in the namespace @c std (except for names which are defined
  32:c:\program files\daisytoolchain\arm-none-eabi\include\c++\10.2.1\cmath ****  *  as macros in C).
  33:c:\program files\daisytoolchain\arm-none-eabi\include\c++\10.2.1\cmath ****  */
  34:c:\program files\daisytoolchain\arm-none-eabi\include\c++\10.2.1\cmath **** 
  35:c:\program files\daisytoolchain\arm-none-eabi\include\c++\10.2.1\cmath **** //
  36:c:\program files\daisytoolchain\arm-none-eabi\include\c++\10.2.1\cmath **** // ISO C++ 14882: 26.5  C library
  37:c:\program files\daisytoolchain\arm-none-eabi\include\c++\10.2.1\cmath **** //
  38:c:\program files\daisytoolchain\arm-none-eabi\include\c++\10.2.1\cmath **** 
  39:c:\program files\daisytoolchain\arm-none-eabi\include\c++\10.2.1\cmath **** #pragma GCC system_header
  40:c:\program files\daisytoolchain\arm-none-eabi\include\c++\10.2.1\cmath **** 
  41:c:\program files\daisytoolchain\arm-none-eabi\include\c++\10.2.1\cmath **** #include <bits/c++config.h>
  42:c:\program files\daisytoolchain\arm-none-eabi\include\c++\10.2.1\cmath **** #include <bits/cpp_type_traits.h>
  43:c:\program files\daisytoolchain\arm-none-eabi\include\c++\10.2.1\cmath **** #include <ext/type_traits.h>
  44:c:\program files\daisytoolchain\arm-none-eabi\include\c++\10.2.1\cmath **** #define _GLIBCXX_INCLUDE_NEXT_C_HEADERS
  45:c:\program files\daisytoolchain\arm-none-eabi\include\c++\10.2.1\cmath **** #include_next <math.h>
  46:c:\program files\daisytoolchain\arm-none-eabi\include\c++\10.2.1\cmath **** #undef _GLIBCXX_INCLUDE_NEXT_C_HEADERS
  47:c:\program files\daisytoolchain\arm-none-eabi\include\c++\10.2.1\cmath **** #include <bits/std_abs.h>
  48:c:\program files\daisytoolchain\arm-none-eabi\include\c++\10.2.1\cmath **** 
  49:c:\program files\daisytoolchain\arm-none-eabi\include\c++\10.2.1\cmath **** #ifndef _GLIBCXX_CMATH
  50:c:\program files\daisytoolchain\arm-none-eabi\include\c++\10.2.1\cmath **** #define _GLIBCXX_CMATH 1
  51:c:\program files\daisytoolchain\arm-none-eabi\include\c++\10.2.1\cmath **** 
  52:c:\program files\daisytoolchain\arm-none-eabi\include\c++\10.2.1\cmath **** // Get rid of those macros defined in <math.h> in lieu of real functions.
  53:c:\program files\daisytoolchain\arm-none-eabi\include\c++\10.2.1\cmath **** #undef div
  54:c:\program files\daisytoolchain\arm-none-eabi\include\c++\10.2.1\cmath **** #undef acos
  55:c:\program files\daisytoolchain\arm-none-eabi\include\c++\10.2.1\cmath **** #undef asin
  56:c:\program files\daisytoolchain\arm-none-eabi\include\c++\10.2.1\cmath **** #undef atan
  57:c:\program files\daisytoolchain\arm-none-eabi\include\c++\10.2.1\cmath **** #undef atan2
  58:c:\program files\daisytoolchain\arm-none-eabi\include\c++\10.2.1\cmath **** #undef ceil
  59:c:\program files\daisytoolchain\arm-none-eabi\include\c++\10.2.1\cmath **** #undef cos
  60:c:\program files\daisytoolchain\arm-none-eabi\include\c++\10.2.1\cmath **** #undef cosh
  61:c:\program files\daisytoolchain\arm-none-eabi\include\c++\10.2.1\cmath **** #undef exp
  62:c:\program files\daisytoolchain\arm-none-eabi\include\c++\10.2.1\cmath **** #undef fabs
  63:c:\program files\daisytoolchain\arm-none-eabi\include\c++\10.2.1\cmath **** #undef floor
  64:c:\program files\daisytoolchain\arm-none-eabi\include\c++\10.2.1\cmath **** #undef fmod
  65:c:\program files\daisytoolchain\arm-none-eabi\include\c++\10.2.1\cmath **** #undef frexp
  66:c:\program files\daisytoolchain\arm-none-eabi\include\c++\10.2.1\cmath **** #undef ldexp
  67:c:\program files\daisytoolchain\arm-none-eabi\include\c++\10.2.1\cmath **** #undef log
  68:c:\program files\daisytoolchain\arm-none-eabi\include\c++\10.2.1\cmath **** #undef log10
  69:c:\program files\daisytoolchain\arm-none-eabi\include\c++\10.2.1\cmath **** #undef modf
  70:c:\program files\daisytoolchain\arm-none-eabi\include\c++\10.2.1\cmath **** #undef pow
  71:c:\program files\daisytoolchain\arm-none-eabi\include\c++\10.2.1\cmath **** #undef sin
  72:c:\program files\daisytoolchain\arm-none-eabi\include\c++\10.2.1\cmath **** #undef sinh
  73:c:\program files\daisytoolchain\arm-none-eabi\include\c++\10.2.1\cmath **** #undef sqrt
  74:c:\program files\daisytoolchain\arm-none-eabi\include\c++\10.2.1\cmath **** #undef tan
  75:c:\program files\daisytoolchain\arm-none-eabi\include\c++\10.2.1\cmath **** #undef tanh
  76:c:\program files\daisytoolchain\arm-none-eabi\include\c++\10.2.1\cmath **** 
  77:c:\program files\daisytoolchain\arm-none-eabi\include\c++\10.2.1\cmath **** extern "C++"
  78:c:\program files\daisytoolchain\arm-none-eabi\include\c++\10.2.1\cmath **** {
  79:c:\program files\daisytoolchain\arm-none-eabi\include\c++\10.2.1\cmath **** namespace std _GLIBCXX_VISIBILITY(default)
  80:c:\program files\daisytoolchain\arm-none-eabi\include\c++\10.2.1\cmath **** {
  81:c:\program files\daisytoolchain\arm-none-eabi\include\c++\10.2.1\cmath **** _GLIBCXX_BEGIN_NAMESPACE_VERSION
  82:c:\program files\daisytoolchain\arm-none-eabi\include\c++\10.2.1\cmath **** 
  83:c:\program files\daisytoolchain\arm-none-eabi\include\c++\10.2.1\cmath ****   using ::acos;
  84:c:\program files\daisytoolchain\arm-none-eabi\include\c++\10.2.1\cmath **** 
  85:c:\program files\daisytoolchain\arm-none-eabi\include\c++\10.2.1\cmath **** #ifndef __CORRECT_ISO_CPP_MATH_H_PROTO
  86:c:\program files\daisytoolchain\arm-none-eabi\include\c++\10.2.1\cmath ****   inline _GLIBCXX_CONSTEXPR float
  87:c:\program files\daisytoolchain\arm-none-eabi\include\c++\10.2.1\cmath ****   acos(float __x)
ARM GAS  C:\Users\Spencer\AppData\Local\Temp\ccWmt4tk.s 			page 29


  88:c:\program files\daisytoolchain\arm-none-eabi\include\c++\10.2.1\cmath ****   { return __builtin_acosf(__x); }
  89:c:\program files\daisytoolchain\arm-none-eabi\include\c++\10.2.1\cmath **** 
  90:c:\program files\daisytoolchain\arm-none-eabi\include\c++\10.2.1\cmath ****   inline _GLIBCXX_CONSTEXPR long double
  91:c:\program files\daisytoolchain\arm-none-eabi\include\c++\10.2.1\cmath ****   acos(long double __x)
  92:c:\program files\daisytoolchain\arm-none-eabi\include\c++\10.2.1\cmath ****   { return __builtin_acosl(__x); }
  93:c:\program files\daisytoolchain\arm-none-eabi\include\c++\10.2.1\cmath **** #endif
  94:c:\program files\daisytoolchain\arm-none-eabi\include\c++\10.2.1\cmath **** 
  95:c:\program files\daisytoolchain\arm-none-eabi\include\c++\10.2.1\cmath ****   template<typename _Tp>
  96:c:\program files\daisytoolchain\arm-none-eabi\include\c++\10.2.1\cmath ****     inline _GLIBCXX_CONSTEXPR
  97:c:\program files\daisytoolchain\arm-none-eabi\include\c++\10.2.1\cmath ****     typename __gnu_cxx::__enable_if<__is_integer<_Tp>::__value, 
  98:c:\program files\daisytoolchain\arm-none-eabi\include\c++\10.2.1\cmath ****                                     double>::__type
  99:c:\program files\daisytoolchain\arm-none-eabi\include\c++\10.2.1\cmath ****     acos(_Tp __x)
 100:c:\program files\daisytoolchain\arm-none-eabi\include\c++\10.2.1\cmath ****     { return __builtin_acos(__x); }
 101:c:\program files\daisytoolchain\arm-none-eabi\include\c++\10.2.1\cmath **** 
 102:c:\program files\daisytoolchain\arm-none-eabi\include\c++\10.2.1\cmath ****   using ::asin;
 103:c:\program files\daisytoolchain\arm-none-eabi\include\c++\10.2.1\cmath **** 
 104:c:\program files\daisytoolchain\arm-none-eabi\include\c++\10.2.1\cmath **** #ifndef __CORRECT_ISO_CPP_MATH_H_PROTO
 105:c:\program files\daisytoolchain\arm-none-eabi\include\c++\10.2.1\cmath ****   inline _GLIBCXX_CONSTEXPR float
 106:c:\program files\daisytoolchain\arm-none-eabi\include\c++\10.2.1\cmath ****   asin(float __x)
 107:c:\program files\daisytoolchain\arm-none-eabi\include\c++\10.2.1\cmath ****   { return __builtin_asinf(__x); }
 108:c:\program files\daisytoolchain\arm-none-eabi\include\c++\10.2.1\cmath **** 
 109:c:\program files\daisytoolchain\arm-none-eabi\include\c++\10.2.1\cmath ****   inline _GLIBCXX_CONSTEXPR long double
 110:c:\program files\daisytoolchain\arm-none-eabi\include\c++\10.2.1\cmath ****   asin(long double __x)
 111:c:\program files\daisytoolchain\arm-none-eabi\include\c++\10.2.1\cmath ****   { return __builtin_asinl(__x); }
 112:c:\program files\daisytoolchain\arm-none-eabi\include\c++\10.2.1\cmath **** #endif
 113:c:\program files\daisytoolchain\arm-none-eabi\include\c++\10.2.1\cmath **** 
 114:c:\program files\daisytoolchain\arm-none-eabi\include\c++\10.2.1\cmath ****   template<typename _Tp>
 115:c:\program files\daisytoolchain\arm-none-eabi\include\c++\10.2.1\cmath ****     inline _GLIBCXX_CONSTEXPR
 116:c:\program files\daisytoolchain\arm-none-eabi\include\c++\10.2.1\cmath ****     typename __gnu_cxx::__enable_if<__is_integer<_Tp>::__value,
 117:c:\program files\daisytoolchain\arm-none-eabi\include\c++\10.2.1\cmath ****                                     double>::__type
 118:c:\program files\daisytoolchain\arm-none-eabi\include\c++\10.2.1\cmath ****     asin(_Tp __x)
 119:c:\program files\daisytoolchain\arm-none-eabi\include\c++\10.2.1\cmath ****     { return __builtin_asin(__x); }
 120:c:\program files\daisytoolchain\arm-none-eabi\include\c++\10.2.1\cmath **** 
 121:c:\program files\daisytoolchain\arm-none-eabi\include\c++\10.2.1\cmath ****   using ::atan;
 122:c:\program files\daisytoolchain\arm-none-eabi\include\c++\10.2.1\cmath **** 
 123:c:\program files\daisytoolchain\arm-none-eabi\include\c++\10.2.1\cmath **** #ifndef __CORRECT_ISO_CPP_MATH_H_PROTO
 124:c:\program files\daisytoolchain\arm-none-eabi\include\c++\10.2.1\cmath ****   inline _GLIBCXX_CONSTEXPR float
 125:c:\program files\daisytoolchain\arm-none-eabi\include\c++\10.2.1\cmath ****   atan(float __x)
 126:c:\program files\daisytoolchain\arm-none-eabi\include\c++\10.2.1\cmath ****   { return __builtin_atanf(__x); }
 127:c:\program files\daisytoolchain\arm-none-eabi\include\c++\10.2.1\cmath **** 
 128:c:\program files\daisytoolchain\arm-none-eabi\include\c++\10.2.1\cmath ****   inline _GLIBCXX_CONSTEXPR long double
 129:c:\program files\daisytoolchain\arm-none-eabi\include\c++\10.2.1\cmath ****   atan(long double __x)
 130:c:\program files\daisytoolchain\arm-none-eabi\include\c++\10.2.1\cmath ****   { return __builtin_atanl(__x); }
 131:c:\program files\daisytoolchain\arm-none-eabi\include\c++\10.2.1\cmath **** #endif
 132:c:\program files\daisytoolchain\arm-none-eabi\include\c++\10.2.1\cmath **** 
 133:c:\program files\daisytoolchain\arm-none-eabi\include\c++\10.2.1\cmath ****   template<typename _Tp>
 134:c:\program files\daisytoolchain\arm-none-eabi\include\c++\10.2.1\cmath ****     inline _GLIBCXX_CONSTEXPR
 135:c:\program files\daisytoolchain\arm-none-eabi\include\c++\10.2.1\cmath ****     typename __gnu_cxx::__enable_if<__is_integer<_Tp>::__value,
 136:c:\program files\daisytoolchain\arm-none-eabi\include\c++\10.2.1\cmath ****                                     double>::__type
 137:c:\program files\daisytoolchain\arm-none-eabi\include\c++\10.2.1\cmath ****     atan(_Tp __x)
 138:c:\program files\daisytoolchain\arm-none-eabi\include\c++\10.2.1\cmath ****     { return __builtin_atan(__x); }
 139:c:\program files\daisytoolchain\arm-none-eabi\include\c++\10.2.1\cmath **** 
 140:c:\program files\daisytoolchain\arm-none-eabi\include\c++\10.2.1\cmath ****   using ::atan2;
 141:c:\program files\daisytoolchain\arm-none-eabi\include\c++\10.2.1\cmath **** 
 142:c:\program files\daisytoolchain\arm-none-eabi\include\c++\10.2.1\cmath **** #ifndef __CORRECT_ISO_CPP_MATH_H_PROTO
 143:c:\program files\daisytoolchain\arm-none-eabi\include\c++\10.2.1\cmath ****   inline _GLIBCXX_CONSTEXPR float
 144:c:\program files\daisytoolchain\arm-none-eabi\include\c++\10.2.1\cmath ****   atan2(float __y, float __x)
ARM GAS  C:\Users\Spencer\AppData\Local\Temp\ccWmt4tk.s 			page 30


 145:c:\program files\daisytoolchain\arm-none-eabi\include\c++\10.2.1\cmath ****   { return __builtin_atan2f(__y, __x); }
 146:c:\program files\daisytoolchain\arm-none-eabi\include\c++\10.2.1\cmath **** 
 147:c:\program files\daisytoolchain\arm-none-eabi\include\c++\10.2.1\cmath ****   inline _GLIBCXX_CONSTEXPR long double
 148:c:\program files\daisytoolchain\arm-none-eabi\include\c++\10.2.1\cmath ****   atan2(long double __y, long double __x)
 149:c:\program files\daisytoolchain\arm-none-eabi\include\c++\10.2.1\cmath ****   { return __builtin_atan2l(__y, __x); }
 150:c:\program files\daisytoolchain\arm-none-eabi\include\c++\10.2.1\cmath **** #endif
 151:c:\program files\daisytoolchain\arm-none-eabi\include\c++\10.2.1\cmath **** 
 152:c:\program files\daisytoolchain\arm-none-eabi\include\c++\10.2.1\cmath ****   template<typename _Tp, typename _Up>
 153:c:\program files\daisytoolchain\arm-none-eabi\include\c++\10.2.1\cmath ****     inline _GLIBCXX_CONSTEXPR
 154:c:\program files\daisytoolchain\arm-none-eabi\include\c++\10.2.1\cmath ****     typename __gnu_cxx::__promote_2<_Tp, _Up>::__type
 155:c:\program files\daisytoolchain\arm-none-eabi\include\c++\10.2.1\cmath ****     atan2(_Tp __y, _Up __x)
 156:c:\program files\daisytoolchain\arm-none-eabi\include\c++\10.2.1\cmath ****     {
 157:c:\program files\daisytoolchain\arm-none-eabi\include\c++\10.2.1\cmath ****       typedef typename __gnu_cxx::__promote_2<_Tp, _Up>::__type __type;
 158:c:\program files\daisytoolchain\arm-none-eabi\include\c++\10.2.1\cmath ****       return atan2(__type(__y), __type(__x));
 159:c:\program files\daisytoolchain\arm-none-eabi\include\c++\10.2.1\cmath ****     }
 160:c:\program files\daisytoolchain\arm-none-eabi\include\c++\10.2.1\cmath **** 
 161:c:\program files\daisytoolchain\arm-none-eabi\include\c++\10.2.1\cmath ****   using ::ceil;
 162:c:\program files\daisytoolchain\arm-none-eabi\include\c++\10.2.1\cmath **** 
 163:c:\program files\daisytoolchain\arm-none-eabi\include\c++\10.2.1\cmath **** #ifndef __CORRECT_ISO_CPP_MATH_H_PROTO
 164:c:\program files\daisytoolchain\arm-none-eabi\include\c++\10.2.1\cmath ****   inline _GLIBCXX_CONSTEXPR float
 165:c:\program files\daisytoolchain\arm-none-eabi\include\c++\10.2.1\cmath ****   ceil(float __x)
 166:c:\program files\daisytoolchain\arm-none-eabi\include\c++\10.2.1\cmath ****   { return __builtin_ceilf(__x); }
 167:c:\program files\daisytoolchain\arm-none-eabi\include\c++\10.2.1\cmath **** 
 168:c:\program files\daisytoolchain\arm-none-eabi\include\c++\10.2.1\cmath ****   inline _GLIBCXX_CONSTEXPR long double
 169:c:\program files\daisytoolchain\arm-none-eabi\include\c++\10.2.1\cmath ****   ceil(long double __x)
 170:c:\program files\daisytoolchain\arm-none-eabi\include\c++\10.2.1\cmath ****   { return __builtin_ceill(__x); }
 171:c:\program files\daisytoolchain\arm-none-eabi\include\c++\10.2.1\cmath **** #endif
 172:c:\program files\daisytoolchain\arm-none-eabi\include\c++\10.2.1\cmath **** 
 173:c:\program files\daisytoolchain\arm-none-eabi\include\c++\10.2.1\cmath ****   template<typename _Tp>
 174:c:\program files\daisytoolchain\arm-none-eabi\include\c++\10.2.1\cmath ****     inline _GLIBCXX_CONSTEXPR
 175:c:\program files\daisytoolchain\arm-none-eabi\include\c++\10.2.1\cmath ****     typename __gnu_cxx::__enable_if<__is_integer<_Tp>::__value, 
 176:c:\program files\daisytoolchain\arm-none-eabi\include\c++\10.2.1\cmath ****                                     double>::__type
 177:c:\program files\daisytoolchain\arm-none-eabi\include\c++\10.2.1\cmath ****     ceil(_Tp __x)
 178:c:\program files\daisytoolchain\arm-none-eabi\include\c++\10.2.1\cmath ****     { return __builtin_ceil(__x); }
 179:c:\program files\daisytoolchain\arm-none-eabi\include\c++\10.2.1\cmath **** 
 180:c:\program files\daisytoolchain\arm-none-eabi\include\c++\10.2.1\cmath ****   using ::cos;
 181:c:\program files\daisytoolchain\arm-none-eabi\include\c++\10.2.1\cmath **** 
 182:c:\program files\daisytoolchain\arm-none-eabi\include\c++\10.2.1\cmath **** #ifndef __CORRECT_ISO_CPP_MATH_H_PROTO
 183:c:\program files\daisytoolchain\arm-none-eabi\include\c++\10.2.1\cmath ****   inline _GLIBCXX_CONSTEXPR float
 184:c:\program files\daisytoolchain\arm-none-eabi\include\c++\10.2.1\cmath ****   cos(float __x)
 185:c:\program files\daisytoolchain\arm-none-eabi\include\c++\10.2.1\cmath ****   { return __builtin_cosf(__x); }
 186:c:\program files\daisytoolchain\arm-none-eabi\include\c++\10.2.1\cmath **** 
 187:c:\program files\daisytoolchain\arm-none-eabi\include\c++\10.2.1\cmath ****   inline _GLIBCXX_CONSTEXPR long double
 188:c:\program files\daisytoolchain\arm-none-eabi\include\c++\10.2.1\cmath ****   cos(long double __x)
 189:c:\program files\daisytoolchain\arm-none-eabi\include\c++\10.2.1\cmath ****   { return __builtin_cosl(__x); }
 190:c:\program files\daisytoolchain\arm-none-eabi\include\c++\10.2.1\cmath **** #endif
 191:c:\program files\daisytoolchain\arm-none-eabi\include\c++\10.2.1\cmath **** 
 192:c:\program files\daisytoolchain\arm-none-eabi\include\c++\10.2.1\cmath ****   template<typename _Tp>
 193:c:\program files\daisytoolchain\arm-none-eabi\include\c++\10.2.1\cmath ****     inline _GLIBCXX_CONSTEXPR
 194:c:\program files\daisytoolchain\arm-none-eabi\include\c++\10.2.1\cmath ****     typename __gnu_cxx::__enable_if<__is_integer<_Tp>::__value,
 195:c:\program files\daisytoolchain\arm-none-eabi\include\c++\10.2.1\cmath ****                                     double>::__type
 196:c:\program files\daisytoolchain\arm-none-eabi\include\c++\10.2.1\cmath ****     cos(_Tp __x)
 197:c:\program files\daisytoolchain\arm-none-eabi\include\c++\10.2.1\cmath ****     { return __builtin_cos(__x); }
 198:c:\program files\daisytoolchain\arm-none-eabi\include\c++\10.2.1\cmath **** 
 199:c:\program files\daisytoolchain\arm-none-eabi\include\c++\10.2.1\cmath ****   using ::cosh;
 200:c:\program files\daisytoolchain\arm-none-eabi\include\c++\10.2.1\cmath **** 
 201:c:\program files\daisytoolchain\arm-none-eabi\include\c++\10.2.1\cmath **** #ifndef __CORRECT_ISO_CPP_MATH_H_PROTO
ARM GAS  C:\Users\Spencer\AppData\Local\Temp\ccWmt4tk.s 			page 31


 202:c:\program files\daisytoolchain\arm-none-eabi\include\c++\10.2.1\cmath ****   inline _GLIBCXX_CONSTEXPR float
 203:c:\program files\daisytoolchain\arm-none-eabi\include\c++\10.2.1\cmath ****   cosh(float __x)
 204:c:\program files\daisytoolchain\arm-none-eabi\include\c++\10.2.1\cmath ****   { return __builtin_coshf(__x); }
 205:c:\program files\daisytoolchain\arm-none-eabi\include\c++\10.2.1\cmath **** 
 206:c:\program files\daisytoolchain\arm-none-eabi\include\c++\10.2.1\cmath ****   inline _GLIBCXX_CONSTEXPR long double
 207:c:\program files\daisytoolchain\arm-none-eabi\include\c++\10.2.1\cmath ****   cosh(long double __x)
 208:c:\program files\daisytoolchain\arm-none-eabi\include\c++\10.2.1\cmath ****   { return __builtin_coshl(__x); }
 209:c:\program files\daisytoolchain\arm-none-eabi\include\c++\10.2.1\cmath **** #endif
 210:c:\program files\daisytoolchain\arm-none-eabi\include\c++\10.2.1\cmath **** 
 211:c:\program files\daisytoolchain\arm-none-eabi\include\c++\10.2.1\cmath ****   template<typename _Tp>
 212:c:\program files\daisytoolchain\arm-none-eabi\include\c++\10.2.1\cmath ****     inline _GLIBCXX_CONSTEXPR
 213:c:\program files\daisytoolchain\arm-none-eabi\include\c++\10.2.1\cmath ****     typename __gnu_cxx::__enable_if<__is_integer<_Tp>::__value,
 214:c:\program files\daisytoolchain\arm-none-eabi\include\c++\10.2.1\cmath ****                                     double>::__type
 215:c:\program files\daisytoolchain\arm-none-eabi\include\c++\10.2.1\cmath ****     cosh(_Tp __x)
 216:c:\program files\daisytoolchain\arm-none-eabi\include\c++\10.2.1\cmath ****     { return __builtin_cosh(__x); }
 217:c:\program files\daisytoolchain\arm-none-eabi\include\c++\10.2.1\cmath **** 
 218:c:\program files\daisytoolchain\arm-none-eabi\include\c++\10.2.1\cmath ****   using ::exp;
 219:c:\program files\daisytoolchain\arm-none-eabi\include\c++\10.2.1\cmath **** 
 220:c:\program files\daisytoolchain\arm-none-eabi\include\c++\10.2.1\cmath **** #ifndef __CORRECT_ISO_CPP_MATH_H_PROTO
 221:c:\program files\daisytoolchain\arm-none-eabi\include\c++\10.2.1\cmath ****   inline _GLIBCXX_CONSTEXPR float
 222:c:\program files\daisytoolchain\arm-none-eabi\include\c++\10.2.1\cmath ****   exp(float __x)
 223:c:\program files\daisytoolchain\arm-none-eabi\include\c++\10.2.1\cmath ****   { return __builtin_expf(__x); }
 224:c:\program files\daisytoolchain\arm-none-eabi\include\c++\10.2.1\cmath **** 
 225:c:\program files\daisytoolchain\arm-none-eabi\include\c++\10.2.1\cmath ****   inline _GLIBCXX_CONSTEXPR long double
 226:c:\program files\daisytoolchain\arm-none-eabi\include\c++\10.2.1\cmath ****   exp(long double __x)
 227:c:\program files\daisytoolchain\arm-none-eabi\include\c++\10.2.1\cmath ****   { return __builtin_expl(__x); }
 228:c:\program files\daisytoolchain\arm-none-eabi\include\c++\10.2.1\cmath **** #endif
 229:c:\program files\daisytoolchain\arm-none-eabi\include\c++\10.2.1\cmath **** 
 230:c:\program files\daisytoolchain\arm-none-eabi\include\c++\10.2.1\cmath ****   template<typename _Tp>
 231:c:\program files\daisytoolchain\arm-none-eabi\include\c++\10.2.1\cmath ****     inline _GLIBCXX_CONSTEXPR
 232:c:\program files\daisytoolchain\arm-none-eabi\include\c++\10.2.1\cmath ****     typename __gnu_cxx::__enable_if<__is_integer<_Tp>::__value,
 233:c:\program files\daisytoolchain\arm-none-eabi\include\c++\10.2.1\cmath ****                                     double>::__type
 234:c:\program files\daisytoolchain\arm-none-eabi\include\c++\10.2.1\cmath ****     exp(_Tp __x)
 235:c:\program files\daisytoolchain\arm-none-eabi\include\c++\10.2.1\cmath ****     { return __builtin_exp(__x); }
 236:c:\program files\daisytoolchain\arm-none-eabi\include\c++\10.2.1\cmath **** 
 237:c:\program files\daisytoolchain\arm-none-eabi\include\c++\10.2.1\cmath ****   using ::fabs;
 238:c:\program files\daisytoolchain\arm-none-eabi\include\c++\10.2.1\cmath **** 
 239:c:\program files\daisytoolchain\arm-none-eabi\include\c++\10.2.1\cmath **** #ifndef __CORRECT_ISO_CPP_MATH_H_PROTO
 240:c:\program files\daisytoolchain\arm-none-eabi\include\c++\10.2.1\cmath ****   inline _GLIBCXX_CONSTEXPR float
 241:c:\program files\daisytoolchain\arm-none-eabi\include\c++\10.2.1\cmath ****   fabs(float __x)
 242:c:\program files\daisytoolchain\arm-none-eabi\include\c++\10.2.1\cmath ****   { return __builtin_fabsf(__x); }
 243:c:\program files\daisytoolchain\arm-none-eabi\include\c++\10.2.1\cmath **** 
 244:c:\program files\daisytoolchain\arm-none-eabi\include\c++\10.2.1\cmath ****   inline _GLIBCXX_CONSTEXPR long double
 245:c:\program files\daisytoolchain\arm-none-eabi\include\c++\10.2.1\cmath ****   fabs(long double __x)
 246:c:\program files\daisytoolchain\arm-none-eabi\include\c++\10.2.1\cmath ****   { return __builtin_fabsl(__x); }
 247:c:\program files\daisytoolchain\arm-none-eabi\include\c++\10.2.1\cmath **** #endif
 248:c:\program files\daisytoolchain\arm-none-eabi\include\c++\10.2.1\cmath **** 
 249:c:\program files\daisytoolchain\arm-none-eabi\include\c++\10.2.1\cmath ****   template<typename _Tp>
 250:c:\program files\daisytoolchain\arm-none-eabi\include\c++\10.2.1\cmath ****     inline _GLIBCXX_CONSTEXPR
 251:c:\program files\daisytoolchain\arm-none-eabi\include\c++\10.2.1\cmath ****     typename __gnu_cxx::__enable_if<__is_integer<_Tp>::__value,
 252:c:\program files\daisytoolchain\arm-none-eabi\include\c++\10.2.1\cmath ****                                     double>::__type
 253:c:\program files\daisytoolchain\arm-none-eabi\include\c++\10.2.1\cmath ****     fabs(_Tp __x)
 254:c:\program files\daisytoolchain\arm-none-eabi\include\c++\10.2.1\cmath ****     { return __builtin_fabs(__x); }
 255:c:\program files\daisytoolchain\arm-none-eabi\include\c++\10.2.1\cmath **** 
 256:c:\program files\daisytoolchain\arm-none-eabi\include\c++\10.2.1\cmath ****   using ::floor;
 257:c:\program files\daisytoolchain\arm-none-eabi\include\c++\10.2.1\cmath **** 
 258:c:\program files\daisytoolchain\arm-none-eabi\include\c++\10.2.1\cmath **** #ifndef __CORRECT_ISO_CPP_MATH_H_PROTO
ARM GAS  C:\Users\Spencer\AppData\Local\Temp\ccWmt4tk.s 			page 32


 259:c:\program files\daisytoolchain\arm-none-eabi\include\c++\10.2.1\cmath ****   inline _GLIBCXX_CONSTEXPR float
 260:c:\program files\daisytoolchain\arm-none-eabi\include\c++\10.2.1\cmath ****   floor(float __x)
 261:c:\program files\daisytoolchain\arm-none-eabi\include\c++\10.2.1\cmath ****   { return __builtin_floorf(__x); }
 262:c:\program files\daisytoolchain\arm-none-eabi\include\c++\10.2.1\cmath **** 
 263:c:\program files\daisytoolchain\arm-none-eabi\include\c++\10.2.1\cmath ****   inline _GLIBCXX_CONSTEXPR long double
 264:c:\program files\daisytoolchain\arm-none-eabi\include\c++\10.2.1\cmath ****   floor(long double __x)
 265:c:\program files\daisytoolchain\arm-none-eabi\include\c++\10.2.1\cmath ****   { return __builtin_floorl(__x); }
 266:c:\program files\daisytoolchain\arm-none-eabi\include\c++\10.2.1\cmath **** #endif
 267:c:\program files\daisytoolchain\arm-none-eabi\include\c++\10.2.1\cmath **** 
 268:c:\program files\daisytoolchain\arm-none-eabi\include\c++\10.2.1\cmath ****   template<typename _Tp>
 269:c:\program files\daisytoolchain\arm-none-eabi\include\c++\10.2.1\cmath ****     inline _GLIBCXX_CONSTEXPR
 270:c:\program files\daisytoolchain\arm-none-eabi\include\c++\10.2.1\cmath ****     typename __gnu_cxx::__enable_if<__is_integer<_Tp>::__value,
 271:c:\program files\daisytoolchain\arm-none-eabi\include\c++\10.2.1\cmath ****                                     double>::__type
 272:c:\program files\daisytoolchain\arm-none-eabi\include\c++\10.2.1\cmath ****     floor(_Tp __x)
 273:c:\program files\daisytoolchain\arm-none-eabi\include\c++\10.2.1\cmath ****     { return __builtin_floor(__x); }
 274:c:\program files\daisytoolchain\arm-none-eabi\include\c++\10.2.1\cmath **** 
 275:c:\program files\daisytoolchain\arm-none-eabi\include\c++\10.2.1\cmath ****   using ::fmod;
 276:c:\program files\daisytoolchain\arm-none-eabi\include\c++\10.2.1\cmath **** 
 277:c:\program files\daisytoolchain\arm-none-eabi\include\c++\10.2.1\cmath **** #ifndef __CORRECT_ISO_CPP_MATH_H_PROTO
 278:c:\program files\daisytoolchain\arm-none-eabi\include\c++\10.2.1\cmath ****   inline _GLIBCXX_CONSTEXPR float
 279:c:\program files\daisytoolchain\arm-none-eabi\include\c++\10.2.1\cmath ****   fmod(float __x, float __y)
 280:c:\program files\daisytoolchain\arm-none-eabi\include\c++\10.2.1\cmath ****   { return __builtin_fmodf(__x, __y); }
 281:c:\program files\daisytoolchain\arm-none-eabi\include\c++\10.2.1\cmath **** 
 282:c:\program files\daisytoolchain\arm-none-eabi\include\c++\10.2.1\cmath ****   inline _GLIBCXX_CONSTEXPR long double
 283:c:\program files\daisytoolchain\arm-none-eabi\include\c++\10.2.1\cmath ****   fmod(long double __x, long double __y)
 284:c:\program files\daisytoolchain\arm-none-eabi\include\c++\10.2.1\cmath ****   { return __builtin_fmodl(__x, __y); }
 285:c:\program files\daisytoolchain\arm-none-eabi\include\c++\10.2.1\cmath **** #endif
 286:c:\program files\daisytoolchain\arm-none-eabi\include\c++\10.2.1\cmath **** 
 287:c:\program files\daisytoolchain\arm-none-eabi\include\c++\10.2.1\cmath ****   template<typename _Tp, typename _Up>
 288:c:\program files\daisytoolchain\arm-none-eabi\include\c++\10.2.1\cmath ****     inline _GLIBCXX_CONSTEXPR
 289:c:\program files\daisytoolchain\arm-none-eabi\include\c++\10.2.1\cmath ****     typename __gnu_cxx::__promote_2<_Tp, _Up>::__type
 290:c:\program files\daisytoolchain\arm-none-eabi\include\c++\10.2.1\cmath ****     fmod(_Tp __x, _Up __y)
 291:c:\program files\daisytoolchain\arm-none-eabi\include\c++\10.2.1\cmath ****     {
 292:c:\program files\daisytoolchain\arm-none-eabi\include\c++\10.2.1\cmath ****       typedef typename __gnu_cxx::__promote_2<_Tp, _Up>::__type __type;
 293:c:\program files\daisytoolchain\arm-none-eabi\include\c++\10.2.1\cmath ****       return fmod(__type(__x), __type(__y));
 294:c:\program files\daisytoolchain\arm-none-eabi\include\c++\10.2.1\cmath ****     }
 295:c:\program files\daisytoolchain\arm-none-eabi\include\c++\10.2.1\cmath **** 
 296:c:\program files\daisytoolchain\arm-none-eabi\include\c++\10.2.1\cmath ****   using ::frexp;
 297:c:\program files\daisytoolchain\arm-none-eabi\include\c++\10.2.1\cmath **** 
 298:c:\program files\daisytoolchain\arm-none-eabi\include\c++\10.2.1\cmath **** #ifndef __CORRECT_ISO_CPP_MATH_H_PROTO
 299:c:\program files\daisytoolchain\arm-none-eabi\include\c++\10.2.1\cmath ****   inline float
 300:c:\program files\daisytoolchain\arm-none-eabi\include\c++\10.2.1\cmath ****   frexp(float __x, int* __exp)
 301:c:\program files\daisytoolchain\arm-none-eabi\include\c++\10.2.1\cmath ****   { return __builtin_frexpf(__x, __exp); }
 302:c:\program files\daisytoolchain\arm-none-eabi\include\c++\10.2.1\cmath **** 
 303:c:\program files\daisytoolchain\arm-none-eabi\include\c++\10.2.1\cmath ****   inline long double
 304:c:\program files\daisytoolchain\arm-none-eabi\include\c++\10.2.1\cmath ****   frexp(long double __x, int* __exp)
 305:c:\program files\daisytoolchain\arm-none-eabi\include\c++\10.2.1\cmath ****   { return __builtin_frexpl(__x, __exp); }
 306:c:\program files\daisytoolchain\arm-none-eabi\include\c++\10.2.1\cmath **** #endif
 307:c:\program files\daisytoolchain\arm-none-eabi\include\c++\10.2.1\cmath **** 
 308:c:\program files\daisytoolchain\arm-none-eabi\include\c++\10.2.1\cmath ****   template<typename _Tp>
 309:c:\program files\daisytoolchain\arm-none-eabi\include\c++\10.2.1\cmath ****     inline _GLIBCXX_CONSTEXPR
 310:c:\program files\daisytoolchain\arm-none-eabi\include\c++\10.2.1\cmath ****     typename __gnu_cxx::__enable_if<__is_integer<_Tp>::__value, 
 311:c:\program files\daisytoolchain\arm-none-eabi\include\c++\10.2.1\cmath ****                                     double>::__type
 312:c:\program files\daisytoolchain\arm-none-eabi\include\c++\10.2.1\cmath ****     frexp(_Tp __x, int* __exp)
 313:c:\program files\daisytoolchain\arm-none-eabi\include\c++\10.2.1\cmath ****     { return __builtin_frexp(__x, __exp); }
 314:c:\program files\daisytoolchain\arm-none-eabi\include\c++\10.2.1\cmath **** 
 315:c:\program files\daisytoolchain\arm-none-eabi\include\c++\10.2.1\cmath ****   using ::ldexp;
ARM GAS  C:\Users\Spencer\AppData\Local\Temp\ccWmt4tk.s 			page 33


 316:c:\program files\daisytoolchain\arm-none-eabi\include\c++\10.2.1\cmath **** 
 317:c:\program files\daisytoolchain\arm-none-eabi\include\c++\10.2.1\cmath **** #ifndef __CORRECT_ISO_CPP_MATH_H_PROTO
 318:c:\program files\daisytoolchain\arm-none-eabi\include\c++\10.2.1\cmath ****   inline _GLIBCXX_CONSTEXPR float
 319:c:\program files\daisytoolchain\arm-none-eabi\include\c++\10.2.1\cmath ****   ldexp(float __x, int __exp)
 320:c:\program files\daisytoolchain\arm-none-eabi\include\c++\10.2.1\cmath ****   { return __builtin_ldexpf(__x, __exp); }
 321:c:\program files\daisytoolchain\arm-none-eabi\include\c++\10.2.1\cmath **** 
 322:c:\program files\daisytoolchain\arm-none-eabi\include\c++\10.2.1\cmath ****   inline _GLIBCXX_CONSTEXPR long double
 323:c:\program files\daisytoolchain\arm-none-eabi\include\c++\10.2.1\cmath ****   ldexp(long double __x, int __exp)
 324:c:\program files\daisytoolchain\arm-none-eabi\include\c++\10.2.1\cmath ****   { return __builtin_ldexpl(__x, __exp); }
 325:c:\program files\daisytoolchain\arm-none-eabi\include\c++\10.2.1\cmath **** #endif
 326:c:\program files\daisytoolchain\arm-none-eabi\include\c++\10.2.1\cmath **** 
 327:c:\program files\daisytoolchain\arm-none-eabi\include\c++\10.2.1\cmath ****   template<typename _Tp>
 328:c:\program files\daisytoolchain\arm-none-eabi\include\c++\10.2.1\cmath ****     inline _GLIBCXX_CONSTEXPR
 329:c:\program files\daisytoolchain\arm-none-eabi\include\c++\10.2.1\cmath ****     typename __gnu_cxx::__enable_if<__is_integer<_Tp>::__value, 
 330:c:\program files\daisytoolchain\arm-none-eabi\include\c++\10.2.1\cmath ****                                     double>::__type
 331:c:\program files\daisytoolchain\arm-none-eabi\include\c++\10.2.1\cmath ****     ldexp(_Tp __x, int __exp)
 332:c:\program files\daisytoolchain\arm-none-eabi\include\c++\10.2.1\cmath ****     { return __builtin_ldexp(__x, __exp); }
 333:c:\program files\daisytoolchain\arm-none-eabi\include\c++\10.2.1\cmath **** 
 334:c:\program files\daisytoolchain\arm-none-eabi\include\c++\10.2.1\cmath ****   using ::log;
 335:c:\program files\daisytoolchain\arm-none-eabi\include\c++\10.2.1\cmath **** 
 336:c:\program files\daisytoolchain\arm-none-eabi\include\c++\10.2.1\cmath **** #ifndef __CORRECT_ISO_CPP_MATH_H_PROTO
 337:c:\program files\daisytoolchain\arm-none-eabi\include\c++\10.2.1\cmath ****   inline _GLIBCXX_CONSTEXPR float
 338:c:\program files\daisytoolchain\arm-none-eabi\include\c++\10.2.1\cmath ****   log(float __x)
 339:c:\program files\daisytoolchain\arm-none-eabi\include\c++\10.2.1\cmath ****   { return __builtin_logf(__x); }
 340:c:\program files\daisytoolchain\arm-none-eabi\include\c++\10.2.1\cmath **** 
 341:c:\program files\daisytoolchain\arm-none-eabi\include\c++\10.2.1\cmath ****   inline _GLIBCXX_CONSTEXPR long double
 342:c:\program files\daisytoolchain\arm-none-eabi\include\c++\10.2.1\cmath ****   log(long double __x)
 343:c:\program files\daisytoolchain\arm-none-eabi\include\c++\10.2.1\cmath ****   { return __builtin_logl(__x); }
 344:c:\program files\daisytoolchain\arm-none-eabi\include\c++\10.2.1\cmath **** #endif
 345:c:\program files\daisytoolchain\arm-none-eabi\include\c++\10.2.1\cmath **** 
 346:c:\program files\daisytoolchain\arm-none-eabi\include\c++\10.2.1\cmath ****   template<typename _Tp>
 347:c:\program files\daisytoolchain\arm-none-eabi\include\c++\10.2.1\cmath ****     inline _GLIBCXX_CONSTEXPR
 348:c:\program files\daisytoolchain\arm-none-eabi\include\c++\10.2.1\cmath ****     typename __gnu_cxx::__enable_if<__is_integer<_Tp>::__value, 
 349:c:\program files\daisytoolchain\arm-none-eabi\include\c++\10.2.1\cmath ****                                     double>::__type
 350:c:\program files\daisytoolchain\arm-none-eabi\include\c++\10.2.1\cmath ****     log(_Tp __x)
 351:c:\program files\daisytoolchain\arm-none-eabi\include\c++\10.2.1\cmath ****     { return __builtin_log(__x); }
 352:c:\program files\daisytoolchain\arm-none-eabi\include\c++\10.2.1\cmath **** 
 353:c:\program files\daisytoolchain\arm-none-eabi\include\c++\10.2.1\cmath ****   using ::log10;
 354:c:\program files\daisytoolchain\arm-none-eabi\include\c++\10.2.1\cmath **** 
 355:c:\program files\daisytoolchain\arm-none-eabi\include\c++\10.2.1\cmath **** #ifndef __CORRECT_ISO_CPP_MATH_H_PROTO
 356:c:\program files\daisytoolchain\arm-none-eabi\include\c++\10.2.1\cmath ****   inline _GLIBCXX_CONSTEXPR float
 357:c:\program files\daisytoolchain\arm-none-eabi\include\c++\10.2.1\cmath ****   log10(float __x)
 358:c:\program files\daisytoolchain\arm-none-eabi\include\c++\10.2.1\cmath ****   { return __builtin_log10f(__x); }
 359:c:\program files\daisytoolchain\arm-none-eabi\include\c++\10.2.1\cmath **** 
 360:c:\program files\daisytoolchain\arm-none-eabi\include\c++\10.2.1\cmath ****   inline _GLIBCXX_CONSTEXPR long double
 361:c:\program files\daisytoolchain\arm-none-eabi\include\c++\10.2.1\cmath ****   log10(long double __x)
 362:c:\program files\daisytoolchain\arm-none-eabi\include\c++\10.2.1\cmath ****   { return __builtin_log10l(__x); }
 363:c:\program files\daisytoolchain\arm-none-eabi\include\c++\10.2.1\cmath **** #endif
 364:c:\program files\daisytoolchain\arm-none-eabi\include\c++\10.2.1\cmath **** 
 365:c:\program files\daisytoolchain\arm-none-eabi\include\c++\10.2.1\cmath ****   template<typename _Tp>
 366:c:\program files\daisytoolchain\arm-none-eabi\include\c++\10.2.1\cmath ****     inline _GLIBCXX_CONSTEXPR
 367:c:\program files\daisytoolchain\arm-none-eabi\include\c++\10.2.1\cmath ****     typename __gnu_cxx::__enable_if<__is_integer<_Tp>::__value,
 368:c:\program files\daisytoolchain\arm-none-eabi\include\c++\10.2.1\cmath ****                                     double>::__type
 369:c:\program files\daisytoolchain\arm-none-eabi\include\c++\10.2.1\cmath ****     log10(_Tp __x)
 370:c:\program files\daisytoolchain\arm-none-eabi\include\c++\10.2.1\cmath ****     { return __builtin_log10(__x); }
 371:c:\program files\daisytoolchain\arm-none-eabi\include\c++\10.2.1\cmath **** 
 372:c:\program files\daisytoolchain\arm-none-eabi\include\c++\10.2.1\cmath ****   using ::modf;
ARM GAS  C:\Users\Spencer\AppData\Local\Temp\ccWmt4tk.s 			page 34


 373:c:\program files\daisytoolchain\arm-none-eabi\include\c++\10.2.1\cmath **** 
 374:c:\program files\daisytoolchain\arm-none-eabi\include\c++\10.2.1\cmath **** #ifndef __CORRECT_ISO_CPP_MATH_H_PROTO
 375:c:\program files\daisytoolchain\arm-none-eabi\include\c++\10.2.1\cmath ****   inline float
 376:c:\program files\daisytoolchain\arm-none-eabi\include\c++\10.2.1\cmath ****   modf(float __x, float* __iptr)
 377:c:\program files\daisytoolchain\arm-none-eabi\include\c++\10.2.1\cmath ****   { return __builtin_modff(__x, __iptr); }
 378:c:\program files\daisytoolchain\arm-none-eabi\include\c++\10.2.1\cmath **** 
 379:c:\program files\daisytoolchain\arm-none-eabi\include\c++\10.2.1\cmath ****   inline long double
 380:c:\program files\daisytoolchain\arm-none-eabi\include\c++\10.2.1\cmath ****   modf(long double __x, long double* __iptr)
 381:c:\program files\daisytoolchain\arm-none-eabi\include\c++\10.2.1\cmath ****   { return __builtin_modfl(__x, __iptr); }
 382:c:\program files\daisytoolchain\arm-none-eabi\include\c++\10.2.1\cmath **** #endif
 383:c:\program files\daisytoolchain\arm-none-eabi\include\c++\10.2.1\cmath **** 
 384:c:\program files\daisytoolchain\arm-none-eabi\include\c++\10.2.1\cmath ****   using ::pow;
 385:c:\program files\daisytoolchain\arm-none-eabi\include\c++\10.2.1\cmath **** 
 386:c:\program files\daisytoolchain\arm-none-eabi\include\c++\10.2.1\cmath **** #ifndef __CORRECT_ISO_CPP_MATH_H_PROTO
 387:c:\program files\daisytoolchain\arm-none-eabi\include\c++\10.2.1\cmath ****   inline _GLIBCXX_CONSTEXPR float
 388:c:\program files\daisytoolchain\arm-none-eabi\include\c++\10.2.1\cmath ****   pow(float __x, float __y)
 389:c:\program files\daisytoolchain\arm-none-eabi\include\c++\10.2.1\cmath ****   { return __builtin_powf(__x, __y); }
 390:c:\program files\daisytoolchain\arm-none-eabi\include\c++\10.2.1\cmath **** 
 391:c:\program files\daisytoolchain\arm-none-eabi\include\c++\10.2.1\cmath ****   inline _GLIBCXX_CONSTEXPR long double
 392:c:\program files\daisytoolchain\arm-none-eabi\include\c++\10.2.1\cmath ****   pow(long double __x, long double __y)
 393:c:\program files\daisytoolchain\arm-none-eabi\include\c++\10.2.1\cmath ****   { return __builtin_powl(__x, __y); }
 394:c:\program files\daisytoolchain\arm-none-eabi\include\c++\10.2.1\cmath **** 
 395:c:\program files\daisytoolchain\arm-none-eabi\include\c++\10.2.1\cmath **** #if __cplusplus < 201103L
 396:c:\program files\daisytoolchain\arm-none-eabi\include\c++\10.2.1\cmath ****   // _GLIBCXX_RESOLVE_LIB_DEFECTS
 397:c:\program files\daisytoolchain\arm-none-eabi\include\c++\10.2.1\cmath ****   // DR 550. What should the return type of pow(float,int) be?
 398:c:\program files\daisytoolchain\arm-none-eabi\include\c++\10.2.1\cmath ****   inline double
 399:c:\program files\daisytoolchain\arm-none-eabi\include\c++\10.2.1\cmath ****   pow(double __x, int __i)
 400:c:\program files\daisytoolchain\arm-none-eabi\include\c++\10.2.1\cmath ****   { return __builtin_powi(__x, __i); }
 401:c:\program files\daisytoolchain\arm-none-eabi\include\c++\10.2.1\cmath **** 
 402:c:\program files\daisytoolchain\arm-none-eabi\include\c++\10.2.1\cmath ****   inline float
 403:c:\program files\daisytoolchain\arm-none-eabi\include\c++\10.2.1\cmath ****   pow(float __x, int __n)
 404:c:\program files\daisytoolchain\arm-none-eabi\include\c++\10.2.1\cmath ****   { return __builtin_powif(__x, __n); }
 405:c:\program files\daisytoolchain\arm-none-eabi\include\c++\10.2.1\cmath **** 
 406:c:\program files\daisytoolchain\arm-none-eabi\include\c++\10.2.1\cmath ****   inline long double
 407:c:\program files\daisytoolchain\arm-none-eabi\include\c++\10.2.1\cmath ****   pow(long double __x, int __n)
 408:c:\program files\daisytoolchain\arm-none-eabi\include\c++\10.2.1\cmath ****   { return __builtin_powil(__x, __n); }
 409:c:\program files\daisytoolchain\arm-none-eabi\include\c++\10.2.1\cmath **** #endif
 410:c:\program files\daisytoolchain\arm-none-eabi\include\c++\10.2.1\cmath **** #endif
 411:c:\program files\daisytoolchain\arm-none-eabi\include\c++\10.2.1\cmath **** 
 412:c:\program files\daisytoolchain\arm-none-eabi\include\c++\10.2.1\cmath ****   template<typename _Tp, typename _Up>
 413:c:\program files\daisytoolchain\arm-none-eabi\include\c++\10.2.1\cmath ****     inline _GLIBCXX_CONSTEXPR
 414:c:\program files\daisytoolchain\arm-none-eabi\include\c++\10.2.1\cmath ****     typename __gnu_cxx::__promote_2<_Tp, _Up>::__type
 415:c:\program files\daisytoolchain\arm-none-eabi\include\c++\10.2.1\cmath ****     pow(_Tp __x, _Up __y)
 416:c:\program files\daisytoolchain\arm-none-eabi\include\c++\10.2.1\cmath ****     {
 417:c:\program files\daisytoolchain\arm-none-eabi\include\c++\10.2.1\cmath ****       typedef typename __gnu_cxx::__promote_2<_Tp, _Up>::__type __type;
 418:c:\program files\daisytoolchain\arm-none-eabi\include\c++\10.2.1\cmath ****       return pow(__type(__x), __type(__y));
 419:c:\program files\daisytoolchain\arm-none-eabi\include\c++\10.2.1\cmath ****     }
 420:c:\program files\daisytoolchain\arm-none-eabi\include\c++\10.2.1\cmath **** 
 421:c:\program files\daisytoolchain\arm-none-eabi\include\c++\10.2.1\cmath ****   using ::sin;
 422:c:\program files\daisytoolchain\arm-none-eabi\include\c++\10.2.1\cmath **** 
 423:c:\program files\daisytoolchain\arm-none-eabi\include\c++\10.2.1\cmath **** #ifndef __CORRECT_ISO_CPP_MATH_H_PROTO
 424:c:\program files\daisytoolchain\arm-none-eabi\include\c++\10.2.1\cmath ****   inline _GLIBCXX_CONSTEXPR float
 425:c:\program files\daisytoolchain\arm-none-eabi\include\c++\10.2.1\cmath ****   sin(float __x)
 426:c:\program files\daisytoolchain\arm-none-eabi\include\c++\10.2.1\cmath ****   { return __builtin_sinf(__x); }
 427:c:\program files\daisytoolchain\arm-none-eabi\include\c++\10.2.1\cmath **** 
 428:c:\program files\daisytoolchain\arm-none-eabi\include\c++\10.2.1\cmath ****   inline _GLIBCXX_CONSTEXPR long double
 429:c:\program files\daisytoolchain\arm-none-eabi\include\c++\10.2.1\cmath ****   sin(long double __x)
ARM GAS  C:\Users\Spencer\AppData\Local\Temp\ccWmt4tk.s 			page 35


 430:c:\program files\daisytoolchain\arm-none-eabi\include\c++\10.2.1\cmath ****   { return __builtin_sinl(__x); }
 431:c:\program files\daisytoolchain\arm-none-eabi\include\c++\10.2.1\cmath **** #endif
 432:c:\program files\daisytoolchain\arm-none-eabi\include\c++\10.2.1\cmath **** 
 433:c:\program files\daisytoolchain\arm-none-eabi\include\c++\10.2.1\cmath ****   template<typename _Tp>
 434:c:\program files\daisytoolchain\arm-none-eabi\include\c++\10.2.1\cmath ****     inline _GLIBCXX_CONSTEXPR
 435:c:\program files\daisytoolchain\arm-none-eabi\include\c++\10.2.1\cmath ****     typename __gnu_cxx::__enable_if<__is_integer<_Tp>::__value, 
 436:c:\program files\daisytoolchain\arm-none-eabi\include\c++\10.2.1\cmath ****                                     double>::__type
 437:c:\program files\daisytoolchain\arm-none-eabi\include\c++\10.2.1\cmath ****     sin(_Tp __x)
 438:c:\program files\daisytoolchain\arm-none-eabi\include\c++\10.2.1\cmath ****     { return __builtin_sin(__x); }
 439:c:\program files\daisytoolchain\arm-none-eabi\include\c++\10.2.1\cmath **** 
 440:c:\program files\daisytoolchain\arm-none-eabi\include\c++\10.2.1\cmath ****   using ::sinh;
 441:c:\program files\daisytoolchain\arm-none-eabi\include\c++\10.2.1\cmath **** 
 442:c:\program files\daisytoolchain\arm-none-eabi\include\c++\10.2.1\cmath **** #ifndef __CORRECT_ISO_CPP_MATH_H_PROTO
 443:c:\program files\daisytoolchain\arm-none-eabi\include\c++\10.2.1\cmath ****   inline _GLIBCXX_CONSTEXPR float
 444:c:\program files\daisytoolchain\arm-none-eabi\include\c++\10.2.1\cmath ****   sinh(float __x)
 445:c:\program files\daisytoolchain\arm-none-eabi\include\c++\10.2.1\cmath ****   { return __builtin_sinhf(__x); }
 446:c:\program files\daisytoolchain\arm-none-eabi\include\c++\10.2.1\cmath **** 
 447:c:\program files\daisytoolchain\arm-none-eabi\include\c++\10.2.1\cmath ****   inline _GLIBCXX_CONSTEXPR long double
 448:c:\program files\daisytoolchain\arm-none-eabi\include\c++\10.2.1\cmath ****   sinh(long double __x)
 449:c:\program files\daisytoolchain\arm-none-eabi\include\c++\10.2.1\cmath ****   { return __builtin_sinhl(__x); }
 450:c:\program files\daisytoolchain\arm-none-eabi\include\c++\10.2.1\cmath **** #endif
 451:c:\program files\daisytoolchain\arm-none-eabi\include\c++\10.2.1\cmath **** 
 452:c:\program files\daisytoolchain\arm-none-eabi\include\c++\10.2.1\cmath ****   template<typename _Tp>
 453:c:\program files\daisytoolchain\arm-none-eabi\include\c++\10.2.1\cmath ****     inline _GLIBCXX_CONSTEXPR
 454:c:\program files\daisytoolchain\arm-none-eabi\include\c++\10.2.1\cmath ****     typename __gnu_cxx::__enable_if<__is_integer<_Tp>::__value, 
 455:c:\program files\daisytoolchain\arm-none-eabi\include\c++\10.2.1\cmath ****                                     double>::__type
 456:c:\program files\daisytoolchain\arm-none-eabi\include\c++\10.2.1\cmath ****     sinh(_Tp __x)
 457:c:\program files\daisytoolchain\arm-none-eabi\include\c++\10.2.1\cmath ****     { return __builtin_sinh(__x); }
 458:c:\program files\daisytoolchain\arm-none-eabi\include\c++\10.2.1\cmath **** 
 459:c:\program files\daisytoolchain\arm-none-eabi\include\c++\10.2.1\cmath ****   using ::sqrt;
 460:c:\program files\daisytoolchain\arm-none-eabi\include\c++\10.2.1\cmath **** 
 461:c:\program files\daisytoolchain\arm-none-eabi\include\c++\10.2.1\cmath **** #ifndef __CORRECT_ISO_CPP_MATH_H_PROTO
 462:c:\program files\daisytoolchain\arm-none-eabi\include\c++\10.2.1\cmath ****   inline _GLIBCXX_CONSTEXPR float
 463:c:\program files\daisytoolchain\arm-none-eabi\include\c++\10.2.1\cmath ****   sqrt(float __x)
 464:c:\program files\daisytoolchain\arm-none-eabi\include\c++\10.2.1\cmath ****   { return __builtin_sqrtf(__x); }
 381              		.loc 15 464 27 view .LVU55
 382 0020 FFF7FEFF 		bl	sqrtf
 383              	.LVL16:
 384              		.loc 15 464 27 view .LVU56
 385 0024 B0EE409A 		vmov.f32	s18, s0
 386 0028 CDE0     		b	.L15
 387              	.LVL17:
 388              	.L36:
 389              		.loc 15 464 27 view .LVU57
 390              	.LBE751:
 391              	.LBE750:
 392              	.LBB753:
 393              	.LBB754:
 313:Marigold.cpp  ****     {
 314:Marigold.cpp  ****         float fft_bin = i + 1;
 315:Marigold.cpp  ****         float real    = in[i];
 316:Marigold.cpp  ****         float imag    = in[i + offset];
 317:Marigold.cpp  ****         float energy  = real * real + imag * imag;
 318:Marigold.cpp  **** 
 319:Marigold.cpp  ****         reverb_amp = sqrt(reverb_energy[i]);
 320:Marigold.cpp  ****         if (fft_bin / fft_size > vdamp) {
 321:Marigold.cpp  ****             reverb_amp *= vdamp * fft_size / fft_bin;
ARM GAS  C:\Users\Spencer\AppData\Local\Temp\ccWmt4tk.s 			page 36


 322:Marigold.cpp  ****         }
 323:Marigold.cpp  **** 
 324:Marigold.cpp  ****         float random_phase = rand() * 2 * PI;
 325:Marigold.cpp  ****         real = reverb_amp * cos(random_phase);
 326:Marigold.cpp  ****         imag = reverb_amp * sin(random_phase);
 327:Marigold.cpp  **** 
 328:Marigold.cpp  ****         if (!freeze) {
 329:Marigold.cpp  ****             reverb_energy[i] += energy / laps;
 330:Marigold.cpp  **** 
 331:Marigold.cpp  ****             float reverb_decay_factor = 1.0f / vdecay;
 332:Marigold.cpp  ****             reverb_energy[i] *= 1.0f - reverb_decay_factor;
 333:Marigold.cpp  **** 
 334:Marigold.cpp  ****             float half_fft_size = fft_size / 2;
 335:Marigold.cpp  ****             float current       = reverb_energy[i];
 336:Marigold.cpp  **** 
 337:Marigold.cpp  ****             if (i > 0 && i < half_fft_size - 2) {
 338:Marigold.cpp  ****                 if (shimmer_mode == 1 || shimmer_mode == 2) {
 339:Marigold.cpp  ****                     reverb_energy[2*i - 1] += 0.123f * shimmer_double * current;
 394              		.loc 14 339 21 is_stmt 1 view .LVU58
 395              		.loc 14 339 54 is_stmt 0 view .LVU59
 396 002a BE4B     		ldr	r3, .L37+12
 397 002c 93ED006A 		vldr.32	s12, [r3]
 398 0030 DFEDBD6A 		vldr.32	s13, .L37+16
 399 0034 66EE266A 		vmul.f32	s13, s12, s13
 400              		.loc 14 339 71 view .LVU60
 401 0038 66EEA76A 		vmul.f32	s13, s13, s15
 402              		.loc 14 339 44 view .LVU61
 403 003c 57ED015A 		vldr.32	s11, [r7, #-4]
 404 0040 75EEA65A 		vadd.f32	s11, s11, s13
 405 0044 47ED015A 		vstr.32	s11, [r7, #-4]
 340:Marigold.cpp  ****                     reverb_energy[2*i    ] += 0.25f  * shimmer_double * current;
 406              		.loc 14 340 21 is_stmt 1 view .LVU62
 407              		.loc 14 340 54 is_stmt 0 view .LVU63
 408 0048 F5EE005A 		vmov.f32	s11, #2.5e-1
 409 004c 26EE256A 		vmul.f32	s12, s12, s11
 410              		.loc 14 340 71 view .LVU64
 411 0050 26EE276A 		vmul.f32	s12, s12, s15
 412              		.loc 14 340 44 view .LVU65
 413 0054 D7ED005A 		vldr.32	s11, [r7]
 414 0058 35EE866A 		vadd.f32	s12, s11, s12
 415 005c 87ED006A 		vstr.32	s12, [r7]
 341:Marigold.cpp  ****                     reverb_energy[2*i + 1] += 0.123f * shimmer_double * current;
 416              		.loc 14 341 21 is_stmt 1 view .LVU66
 417              		.loc 14 341 44 is_stmt 0 view .LVU67
 418 0060 97ED016A 		vldr.32	s12, [r7, #4]
 419 0064 76EE266A 		vadd.f32	s13, s12, s13
 420 0068 C7ED016A 		vstr.32	s13, [r7, #4]
 421              	.L22:
 342:Marigold.cpp  ****                 } else if ((shimmer_mode == 0 || shimmer_mode == 2) && i > 1 && !(i % 2)) {
 343:Marigold.cpp  ****                     reverb_energy[i/2 - 1] += 0.75f * shimmer_double * current;
 344:Marigold.cpp  ****                     reverb_energy[i/2    ] += 1.5f  * shimmer_double * current;
 345:Marigold.cpp  ****                     reverb_energy[i/2 + 1] += 0.75f * shimmer_double * current;
 346:Marigold.cpp  ****                 }
 347:Marigold.cpp  **** 
 348:Marigold.cpp  ****                 if (3*i + 1 < half_fft_size) {
 422              		.loc 14 348 17 is_stmt 1 view .LVU68
 423              		.loc 14 348 29 is_stmt 0 view .LVU69
ARM GAS  C:\Users\Spencer\AppData\Local\Temp\ccWmt4tk.s 			page 37


 424 006c 019B     		ldr	r3, [sp, #4]
 425 006e 03EB4303 		add	r3, r3, r3, lsl #1
 426 0072 0133     		adds	r3, r3, #1
 427 0074 06EE903A 		vmov	s13, r3	@ int
 428 0078 F8EE666A 		vcvt.f32.u32	s13, s13
 429              		.loc 14 348 17 view .LVU70
 430 007c F4EEC76A 		vcmpe.f32	s13, s14
 431 0080 F1EE10FA 		vmrs	APSR_nzcv, FPSCR
 432 0084 38D5     		bpl	.L23
 349:Marigold.cpp  ****                     reverb_energy[3*i - 2] += 0.055f * shimmer_triple * current;
 433              		.loc 14 349 21 is_stmt 1 view .LVU71
 434              		.loc 14 349 54 is_stmt 0 view .LVU72
 435 0086 A94B     		ldr	r3, .L37+20
 436 0088 93ED007A 		vldr.32	s14, [r3]
 437 008c DFEDA86A 		vldr.32	s13, .L37+24
 438 0090 67EE266A 		vmul.f32	s13, s14, s13
 439              		.loc 14 349 71 view .LVU73
 440 0094 66EEA76A 		vmul.f32	s13, s13, s15
 441              		.loc 14 349 44 view .LVU74
 442 0098 16ED026A 		vldr.32	s12, [r6, #-8]
 443 009c 76EE266A 		vadd.f32	s13, s12, s13
 444 00a0 46ED026A 		vstr.32	s13, [r6, #-8]
 350:Marigold.cpp  ****                     reverb_energy[3*i - 1] += 0.11f  * shimmer_triple * current;
 445              		.loc 14 350 21 is_stmt 1 view .LVU75
 446              		.loc 14 350 54 is_stmt 0 view .LVU76
 447 00a4 DFEDA36A 		vldr.32	s13, .L37+28
 448 00a8 67EE266A 		vmul.f32	s13, s14, s13
 449              		.loc 14 350 71 view .LVU77
 450 00ac 66EEA76A 		vmul.f32	s13, s13, s15
 451              		.loc 14 350 44 view .LVU78
 452 00b0 16ED016A 		vldr.32	s12, [r6, #-4]
 453 00b4 36EE266A 		vadd.f32	s12, s12, s13
 454 00b8 06ED016A 		vstr.32	s12, [r6, #-4]
 351:Marigold.cpp  ****                     reverb_energy[3*i    ] += 0.17f  * shimmer_triple * current;
 455              		.loc 14 351 21 is_stmt 1 view .LVU79
 456              		.loc 14 351 54 is_stmt 0 view .LVU80
 457 00bc 9FED9E6A 		vldr.32	s12, .L37+32
 458 00c0 27EE066A 		vmul.f32	s12, s14, s12
 459              		.loc 14 351 71 view .LVU81
 460 00c4 26EE276A 		vmul.f32	s12, s12, s15
 461              		.loc 14 351 44 view .LVU82
 462 00c8 D6ED005A 		vldr.32	s11, [r6]
 463 00cc 35EE866A 		vadd.f32	s12, s11, s12
 464 00d0 86ED006A 		vstr.32	s12, [r6]
 352:Marigold.cpp  ****                     reverb_energy[3*i + 1] += 0.11f  * shimmer_triple * current;
 465              		.loc 14 352 21 is_stmt 1 view .LVU83
 466              		.loc 14 352 44 is_stmt 0 view .LVU84
 467 00d4 96ED016A 		vldr.32	s12, [r6, #4]
 468 00d8 76EE266A 		vadd.f32	s13, s12, s13
 469 00dc C6ED016A 		vstr.32	s13, [r6, #4]
 353:Marigold.cpp  ****                     reverb_energy[3*i + 2] += 0.105f * shimmer_triple * current;
 470              		.loc 14 353 21 is_stmt 1 view .LVU85
 471              		.loc 14 353 54 is_stmt 0 view .LVU86
 472 00e0 DFED966A 		vldr.32	s13, .L37+36
 473 00e4 27EE267A 		vmul.f32	s14, s14, s13
 474              		.loc 14 353 71 view .LVU87
 475 00e8 27EE277A 		vmul.f32	s14, s14, s15
ARM GAS  C:\Users\Spencer\AppData\Local\Temp\ccWmt4tk.s 			page 38


 476              		.loc 14 353 44 view .LVU88
 477 00ec D6ED026A 		vldr.32	s13, [r6, #8]
 478 00f0 36EE877A 		vadd.f32	s14, s13, s14
 479 00f4 86ED027A 		vstr.32	s14, [r6, #8]
 480              	.L23:
 354:Marigold.cpp  ****                 }
 355:Marigold.cpp  **** 
 356:Marigold.cpp  ****                 if (i > 2 && i < half_fft_size - 2 && detune_mode != 1) {
 481              		.loc 14 356 17 is_stmt 1 view .LVU89
 482 00f8 0199     		ldr	r1, [sp, #4]
 483 00fa 0229     		cmp	r1, #2
 484 00fc 34D9     		bls	.L19
 485              		.loc 14 356 67 is_stmt 0 discriminator 2 view .LVU90
 486 00fe 904B     		ldr	r3, .L37+40
 487              		.loc 14 356 52 discriminator 2 view .LVU91
 488 0100 1B68     		ldr	r3, [r3]
 489 0102 012B     		cmp	r3, #1
 490 0104 00F0FE80 		beq	.L25
 357:Marigold.cpp  ****                     reverb_energy[i + (3*detune_multiplier)] += 0.123f * detune_double * current;
 491              		.loc 14 357 21 is_stmt 1 view .LVU92
 492              		.loc 14 357 62 is_stmt 0 view .LVU93
 493 0108 8E4B     		ldr	r3, .L37+44
 494 010a 1868     		ldr	r0, [r3]
 495 010c 00EB4003 		add	r3, r0, r0, lsl #1
 496 0110 0B44     		add	r3, r3, r1
 497              		.loc 14 357 72 view .LVU94
 498 0112 8D49     		ldr	r1, .L37+48
 499 0114 91ED007A 		vldr.32	s14, [r1]
 500 0118 DFED836A 		vldr.32	s13, .L37+16
 501 011c 67EE266A 		vmul.f32	s13, s14, s13
 502              		.loc 14 357 88 view .LVU95
 503 0120 66EEA76A 		vmul.f32	s13, s13, s15
 504              		.loc 14 357 62 view .LVU96
 505 0124 7E49     		ldr	r1, .L37+8
 506 0126 01EB830C 		add	ip, r1, r3, lsl #2
 507 012a 9CED006A 		vldr.32	s12, [ip]
 508 012e 36EE266A 		vadd.f32	s12, s12, s13
 509 0132 8CED006A 		vstr.32	s12, [ip]
 358:Marigold.cpp  ****                     reverb_energy[i + (2*detune_multiplier)] += 0.25f  * detune_double * current;
 510              		.loc 14 358 21 is_stmt 1 view .LVU97
 511              		.loc 14 358 62 is_stmt 0 view .LVU98
 512 0136 1B1A     		subs	r3, r3, r0
 513 0138 01EB830C 		add	ip, r1, r3, lsl #2
 514              		.loc 14 358 72 view .LVU99
 515 013c B5EE006A 		vmov.f32	s12, #2.5e-1
 516 0140 27EE067A 		vmul.f32	s14, s14, s12
 517              		.loc 14 358 88 view .LVU100
 518 0144 27EE277A 		vmul.f32	s14, s14, s15
 519              		.loc 14 358 62 view .LVU101
 520 0148 9CED006A 		vldr.32	s12, [ip]
 521 014c 37EE067A 		vadd.f32	s14, s14, s12
 522 0150 8CED007A 		vstr.32	s14, [ip]
 359:Marigold.cpp  ****                     reverb_energy[i + (1*detune_multiplier)] += 0.123f * detune_double * current;
 523              		.loc 14 359 21 is_stmt 1 view .LVU102
 524              		.loc 14 359 62 is_stmt 0 view .LVU103
 525 0154 1B1A     		subs	r3, r3, r0
 526 0156 01EB8303 		add	r3, r1, r3, lsl #2
ARM GAS  C:\Users\Spencer\AppData\Local\Temp\ccWmt4tk.s 			page 39


 527 015a 93ED007A 		vldr.32	s14, [r3]
 528 015e 77EE266A 		vadd.f32	s13, s14, s13
 529 0162 C3ED006A 		vstr.32	s13, [r3]
 360:Marigold.cpp  ****                 }
 361:Marigold.cpp  ****             }
 362:Marigold.cpp  **** 
 363:Marigold.cpp  ****             if (detune_mode == 1)
 530              		.loc 14 363 13 is_stmt 1 view .LVU104
 531 0166 04E0     		b	.L26
 532              	.L19:
 533              		.loc 14 363 13 view .LVU105
 534              		.loc 14 363 29 is_stmt 0 view .LVU106
 535 0168 754B     		ldr	r3, .L37+40
 536              		.loc 14 363 13 view .LVU107
 537 016a 1B68     		ldr	r3, [r3]
 538 016c 012B     		cmp	r3, #1
 539 016e 00F0C980 		beq	.L25
 540              	.L26:
 364:Marigold.cpp  ****                 detune_remainder = 1.0f;
 365:Marigold.cpp  ****             reverb_energy[i] = detune_remainder * shimmer_remainder * current;
 541              		.loc 14 365 13 is_stmt 1 view .LVU108
 542              		.loc 14 365 49 is_stmt 0 view .LVU109
 543 0172 764B     		ldr	r3, .L37+52
 544 0174 93ED007A 		vldr.32	s14, [r3]
 545 0178 754B     		ldr	r3, .L37+56
 546 017a D3ED006A 		vldr.32	s13, [r3]
 547 017e 27EE267A 		vmul.f32	s14, s14, s13
 548              		.loc 14 365 69 view .LVU110
 549 0182 67EE277A 		vmul.f32	s15, s14, s15
 550              	.LVL18:
 551              		.loc 14 365 30 view .LVU111
 552 0186 42ED017A 		vstr.32	s15, [r2, #-4]
 553              	.LVL19:
 554              	.L18:
 555              		.loc 14 365 30 view .LVU112
 556              	.LBE754:
 557              	.LBE753:
 366:Marigold.cpp  ****         }
 367:Marigold.cpp  **** 
 368:Marigold.cpp  ****         out[i]          = real;
 558              		.loc 14 368 9 is_stmt 1 discriminator 2 view .LVU113
 559              		.loc 14 368 25 is_stmt 0 discriminator 2 view .LVU114
 560 018a EAEC019A 		vstmia.32	r10!, {s19}
 369:Marigold.cpp  ****         out[i + offset] = imag;
 561              		.loc 14 369 9 is_stmt 1 discriminator 2 view .LVU115
 562              		.loc 14 369 25 is_stmt 0 discriminator 2 view .LVU116
 563 018e A8EC019A 		vstmia.32	r8!, {s18}
 564              	.LBE749:
 312:Marigold.cpp  ****     {
 565              		.loc 14 312 5 is_stmt 1 discriminator 2 view .LVU117
 566              	.LVL20:
 312:Marigold.cpp  ****     {
 567              		.loc 14 312 26 discriminator 2 view .LVU118
 568 0192 0C36     		adds	r6, r6, #12
 569 0194 0837     		adds	r7, r7, #8
 570 0196 B4F5006F 		cmp	r4, #2048
 571 019a 00F0B880 		beq	.L35
ARM GAS  C:\Users\Spencer\AppData\Local\Temp\ccWmt4tk.s 			page 40


 572              	.LVL21:
 573              	.L27:
 574              	.LBB764:
 314:Marigold.cpp  ****         float real    = in[i];
 575              		.loc 14 314 9 view .LVU119
 576 019e 0194     		str	r4, [sp, #4]
 577 01a0 0134     		adds	r4, r4, #1
 578              	.LVL22:
 314:Marigold.cpp  ****         float real    = in[i];
 579              		.loc 14 314 15 is_stmt 0 view .LVU120
 580 01a2 07EE904A 		vmov	s15, r4	@ int
 581 01a6 B8EE678A 		vcvt.f32.u32	s16, s15
 582              	.LVL23:
 315:Marigold.cpp  ****         float imag    = in[i + offset];
 583              		.loc 14 315 9 is_stmt 1 view .LVU121
 315:Marigold.cpp  ****         float imag    = in[i + offset];
 584              		.loc 14 315 15 is_stmt 0 view .LVU122
 585 01aa FBEC018A 		vldmia.32	fp!, {s17}
 586              	.LVL24:
 316:Marigold.cpp  ****         float energy  = real * real + imag * imag;
 587              		.loc 14 316 9 is_stmt 1 view .LVU123
 316:Marigold.cpp  ****         float energy  = real * real + imag * imag;
 588              		.loc 14 316 15 is_stmt 0 view .LVU124
 589 01ae B9EC01AA 		vldmia.32	r9!, {s20}
 590              	.LVL25:
 317:Marigold.cpp  **** 
 591              		.loc 14 317 9 is_stmt 1 view .LVU125
 319:Marigold.cpp  ****         if (fft_bin / fft_size > vdamp) {
 592              		.loc 14 319 9 view .LVU126
 319:Marigold.cpp  ****         if (fft_bin / fft_size > vdamp) {
 593              		.loc 14 319 26 is_stmt 0 view .LVU127
 594 01b2 B5EC010A 		vldmia.32	r5!, {s0}
 595              	.LVL26:
 596              	.LBB757:
 597              	.LBI750:
 463:c:\program files\daisytoolchain\arm-none-eabi\include\c++\10.2.1\cmath ****   { return __builtin_sqrtf(__x); }
 598              		.loc 15 463 3 is_stmt 1 view .LVU128
 599              	.LBB752:
 600              		.loc 15 464 5 view .LVU129
 601 01b6 B5EE400A 		vcmp.f32	s0, #0
 602 01ba F1EE10FA 		vmrs	APSR_nzcv, FPSCR
 603 01be 3FF52FAF 		bmi	.L33
 604              		.loc 15 464 27 is_stmt 0 view .LVU130
 605 01c2 B1EEC09A 		vsqrt.f32	s18, s0
 606              	.LVL27:
 607              	.L15:
 608              		.loc 15 464 27 view .LVU131
 609              	.LBE752:
 610              	.LBE757:
 320:Marigold.cpp  ****             reverb_amp *= vdamp * fft_size / fft_bin;
 611              		.loc 14 320 9 is_stmt 1 view .LVU132
 320:Marigold.cpp  ****             reverb_amp *= vdamp * fft_size / fft_bin;
 612              		.loc 14 320 21 is_stmt 0 view .LVU133
 613 01c6 634B     		ldr	r3, .L37+60
 614 01c8 93ED007A 		vldr.32	s14, [r3]
 320:Marigold.cpp  ****             reverb_amp *= vdamp * fft_size / fft_bin;
 615              		.loc 14 320 32 view .LVU134
ARM GAS  C:\Users\Spencer\AppData\Local\Temp\ccWmt4tk.s 			page 41


 616 01cc 624B     		ldr	r3, .L37+64
 617 01ce D3ED007A 		vldr.32	s15, [r3]
 320:Marigold.cpp  ****             reverb_amp *= vdamp * fft_size / fft_bin;
 618              		.loc 14 320 21 view .LVU135
 619 01d2 C8EE076A 		vdiv.f32	s13, s16, s14
 320:Marigold.cpp  ****             reverb_amp *= vdamp * fft_size / fft_bin;
 620              		.loc 14 320 9 view .LVU136
 621 01d6 F4EEE76A 		vcmpe.f32	s13, s15
 622 01da F1EE10FA 		vmrs	APSR_nzcv, FPSCR
 623 01de 05DD     		ble	.L16
 321:Marigold.cpp  ****         }
 624              		.loc 14 321 13 is_stmt 1 view .LVU137
 321:Marigold.cpp  ****         }
 625              		.loc 14 321 33 is_stmt 0 view .LVU138
 626 01e0 27EE277A 		vmul.f32	s14, s14, s15
 321:Marigold.cpp  ****         }
 627              		.loc 14 321 44 view .LVU139
 628 01e4 C7EE087A 		vdiv.f32	s15, s14, s16
 321:Marigold.cpp  ****         }
 629              		.loc 14 321 24 view .LVU140
 630 01e8 29EE279A 		vmul.f32	s18, s18, s15
 631              	.LVL28:
 632              	.L16:
 324:Marigold.cpp  ****         real = reverb_amp * cos(random_phase);
 633              		.loc 14 324 9 is_stmt 1 view .LVU141
 324:Marigold.cpp  ****         real = reverb_amp * cos(random_phase);
 634              		.loc 14 324 34 is_stmt 0 view .LVU142
 635 01ec FFF7FEFF 		bl	rand
 636              	.LVL29:
 324:Marigold.cpp  ****         real = reverb_amp * cos(random_phase);
 637              		.loc 14 324 37 view .LVU143
 638 01f0 4300     		lsls	r3, r0, #1
 639 01f2 00EE103A 		vmov	s0, r3	@ int
 324:Marigold.cpp  ****         real = reverb_amp * cos(random_phase);
 640              		.loc 14 324 41 view .LVU144
 641 01f6 B8EEC00B 		vcvt.f64.s32	d0, s0
 642 01fa 9FED477B 		vldr.64	d7, .L37
 643 01fe 20EE070B 		vmul.f64	d0, d0, d7
 324:Marigold.cpp  ****         real = reverb_amp * cos(random_phase);
 644              		.loc 14 324 43 view .LVU145
 645 0202 B7EEC08B 		vcvt.f32.f64	s16, d0
 646              	.LVL30:
 325:Marigold.cpp  ****         imag = reverb_amp * sin(random_phase);
 647              		.loc 14 325 9 is_stmt 1 view .LVU146
 648              	.LBB758:
 649              	.LBI758:
 184:c:\program files\daisytoolchain\arm-none-eabi\include\c++\10.2.1\cmath ****   { return __builtin_cosf(__x); }
 650              		.loc 15 184 3 view .LVU147
 651              	.LBB759:
 185:c:\program files\daisytoolchain\arm-none-eabi\include\c++\10.2.1\cmath **** 
 652              		.loc 15 185 5 view .LVU148
 185:c:\program files\daisytoolchain\arm-none-eabi\include\c++\10.2.1\cmath **** 
 653              		.loc 15 185 26 is_stmt 0 view .LVU149
 654 0206 B0EE480A 		vmov.f32	s0, s16
 655 020a FFF7FEFF 		bl	cosf
 656              	.LVL31:
 185:c:\program files\daisytoolchain\arm-none-eabi\include\c++\10.2.1\cmath **** 
ARM GAS  C:\Users\Spencer\AppData\Local\Temp\ccWmt4tk.s 			page 42


 657              		.loc 15 185 26 view .LVU150
 658              	.LBE759:
 659              	.LBE758:
 325:Marigold.cpp  ****         imag = reverb_amp * sin(random_phase);
 660              		.loc 14 325 14 view .LVU151
 661 020e 69EE009A 		vmul.f32	s19, s18, s0
 662              	.LVL32:
 326:Marigold.cpp  **** 
 663              		.loc 14 326 9 is_stmt 1 view .LVU152
 664              	.LBB760:
 665              	.LBI760:
 425:c:\program files\daisytoolchain\arm-none-eabi\include\c++\10.2.1\cmath ****   { return __builtin_sinf(__x); }
 666              		.loc 15 425 3 view .LVU153
 667              	.LBB761:
 426:c:\program files\daisytoolchain\arm-none-eabi\include\c++\10.2.1\cmath **** 
 668              		.loc 15 426 5 view .LVU154
 426:c:\program files\daisytoolchain\arm-none-eabi\include\c++\10.2.1\cmath **** 
 669              		.loc 15 426 26 is_stmt 0 view .LVU155
 670 0212 B0EE480A 		vmov.f32	s0, s16
 671 0216 FFF7FEFF 		bl	sinf
 672              	.LVL33:
 426:c:\program files\daisytoolchain\arm-none-eabi\include\c++\10.2.1\cmath **** 
 673              		.loc 15 426 26 view .LVU156
 674              	.LBE761:
 675              	.LBE760:
 326:Marigold.cpp  **** 
 676              		.loc 14 326 14 view .LVU157
 677 021a 29EE009A 		vmul.f32	s18, s18, s0
 678              	.LVL34:
 328:Marigold.cpp  ****             reverb_energy[i] += energy / laps;
 679              		.loc 14 328 9 is_stmt 1 view .LVU158
 680              	.LBB762:
 328:Marigold.cpp  ****             reverb_energy[i] += energy / laps;
 681              		.loc 14 328 13 is_stmt 0 view .LVU159
 682 021e 4F4B     		ldr	r3, .L37+68
 328:Marigold.cpp  ****             reverb_energy[i] += energy / laps;
 683              		.loc 14 328 9 view .LVU160
 684 0220 1B78     		ldrb	r3, [r3]	@ zero_extendqisi2
 685 0222 002B     		cmp	r3, #0
 686 0224 B1D1     		bne	.L18
 687              	.LBB755:
 329:Marigold.cpp  **** 
 688              		.loc 14 329 13 is_stmt 1 view .LVU161
 689 0226 2A46     		mov	r2, r5
 331:Marigold.cpp  ****             reverb_energy[i] *= 1.0f - reverb_decay_factor;
 690              		.loc 14 331 13 view .LVU162
 691              	.LVL35:
 332:Marigold.cpp  **** 
 692              		.loc 14 332 13 view .LVU163
 693              	.LBE755:
 694              	.LBE762:
 317:Marigold.cpp  **** 
 695              		.loc 14 317 30 is_stmt 0 view .LVU164
 696 0228 68EEA88A 		vmul.f32	s17, s17, s17
 697              	.LVL36:
 317:Marigold.cpp  **** 
 698              		.loc 14 317 44 view .LVU165
ARM GAS  C:\Users\Spencer\AppData\Local\Temp\ccWmt4tk.s 			page 43


 699 022c 6AEE0A7A 		vmul.f32	s15, s20, s20
 317:Marigold.cpp  **** 
 700              		.loc 14 317 15 view .LVU166
 701 0230 78EEA77A 		vadd.f32	s15, s17, s15
 702              	.LBB763:
 703              	.LBB756:
 329:Marigold.cpp  **** 
 704              		.loc 14 329 40 view .LVU167
 705 0234 F5EE008A 		vmov.f32	s17, #2.5e-1
 706 0238 67EEA87A 		vmul.f32	s15, s15, s17
 329:Marigold.cpp  **** 
 707              		.loc 14 329 30 view .LVU168
 708 023c 55ED018A 		vldr.32	s17, [r5, #-4]
 709 0240 77EEA87A 		vadd.f32	s15, s15, s17
 331:Marigold.cpp  ****             reverb_energy[i] *= 1.0f - reverb_decay_factor;
 710              		.loc 14 331 19 view .LVU169
 711 0244 B7EE007A 		vmov.f32	s14, #1.0e+0
 712 0248 454B     		ldr	r3, .L37+72
 713 024a 93ED006A 		vldr.32	s12, [r3]
 714 024e C7EE066A 		vdiv.f32	s13, s14, s12
 715              	.LVL37:
 332:Marigold.cpp  **** 
 716              		.loc 14 332 38 view .LVU170
 717 0252 37EE667A 		vsub.f32	s14, s14, s13
 332:Marigold.cpp  **** 
 718              		.loc 14 332 30 view .LVU171
 719 0256 67EE877A 		vmul.f32	s15, s15, s14
 720 025a 45ED017A 		vstr.32	s15, [r5, #-4]
 334:Marigold.cpp  ****             float current       = reverb_energy[i];
 721              		.loc 14 334 13 is_stmt 1 view .LVU172
 722              	.LVL38:
 335:Marigold.cpp  **** 
 723              		.loc 14 335 13 view .LVU173
 337:Marigold.cpp  ****                 if (shimmer_mode == 1 || shimmer_mode == 2) {
 724              		.loc 14 337 13 view .LVU174
 725 025e 0199     		ldr	r1, [sp, #4]
 726 0260 0029     		cmp	r1, #0
 727 0262 81D0     		beq	.L19
 334:Marigold.cpp  ****             float current       = reverb_energy[i];
 728              		.loc 14 334 44 is_stmt 0 discriminator 1 view .LVU175
 729 0264 3B4B     		ldr	r3, .L37+60
 334:Marigold.cpp  ****             float current       = reverb_energy[i];
 730              		.loc 14 334 19 discriminator 1 view .LVU176
 731 0266 D3ED006A 		vldr.32	s13, [r3]
 732              	.LVL39:
 334:Marigold.cpp  ****             float current       = reverb_energy[i];
 733              		.loc 14 334 19 discriminator 1 view .LVU177
 734 026a B6EE007A 		vmov.f32	s14, #5.0e-1
 735 026e 26EE877A 		vmul.f32	s14, s13, s14
 337:Marigold.cpp  ****                 if (shimmer_mode == 1 || shimmer_mode == 2) {
 736              		.loc 14 337 28 discriminator 1 view .LVU178
 737 0272 06EE901A 		vmov	s13, r1	@ int
 738 0276 B8EE666A 		vcvt.f32.u32	s12, s13
 337:Marigold.cpp  ****                 if (shimmer_mode == 1 || shimmer_mode == 2) {
 739              		.loc 14 337 44 discriminator 1 view .LVU179
 740 027a F0EE006A 		vmov.f32	s13, #2.0e+0
 741 027e 77EE666A 		vsub.f32	s13, s14, s13
ARM GAS  C:\Users\Spencer\AppData\Local\Temp\ccWmt4tk.s 			page 44


 337:Marigold.cpp  ****                 if (shimmer_mode == 1 || shimmer_mode == 2) {
 742              		.loc 14 337 23 discriminator 1 view .LVU180
 743 0282 B4EEE66A 		vcmpe.f32	s12, s13
 744 0286 F1EE10FA 		vmrs	APSR_nzcv, FPSCR
 745 028a 7FF56DAF 		bpl	.L19
 338:Marigold.cpp  ****                     reverb_energy[2*i - 1] += 0.123f * shimmer_double * current;
 746              		.loc 14 338 17 is_stmt 1 view .LVU181
 338:Marigold.cpp  ****                     reverb_energy[2*i - 1] += 0.123f * shimmer_double * current;
 747              		.loc 14 338 39 is_stmt 0 view .LVU182
 748 028e 354B     		ldr	r3, .L37+76
 749 0290 1B68     		ldr	r3, [r3]
 750 0292 591E     		subs	r1, r3, #1
 338:Marigold.cpp  ****                     reverb_energy[2*i - 1] += 0.123f * shimmer_double * current;
 751              		.loc 14 338 17 view .LVU183
 752 0294 0129     		cmp	r1, #1
 753 0296 7FF6C8AE 		bls	.L36
 342:Marigold.cpp  ****                     reverb_energy[i/2 - 1] += 0.75f * shimmer_double * current;
 754              		.loc 14 342 24 is_stmt 1 view .LVU184
 342:Marigold.cpp  ****                     reverb_energy[i/2 - 1] += 0.75f * shimmer_double * current;
 755              		.loc 14 342 69 is_stmt 0 view .LVU185
 756 029a 0198     		ldr	r0, [sp, #4]
 757 029c 0128     		cmp	r0, #1
 758 029e 7FF6E5AE 		bls	.L22
 342:Marigold.cpp  ****                     reverb_energy[i/2 - 1] += 0.75f * shimmer_double * current;
 759              		.loc 14 342 85 discriminator 2 view .LVU186
 760 02a2 00F00101 		and	r1, r0, #1
 342:Marigold.cpp  ****                     reverb_energy[i/2 - 1] += 0.75f * shimmer_double * current;
 761              		.loc 14 342 78 discriminator 2 view .LVU187
 762 02a6 0B43     		orrs	r3, r1, r3
 763 02a8 7FF4E0AE 		bne	.L22
 343:Marigold.cpp  ****                     reverb_energy[i/2    ] += 1.5f  * shimmer_double * current;
 764              		.loc 14 343 21 is_stmt 1 view .LVU188
 343:Marigold.cpp  ****                     reverb_energy[i/2    ] += 1.5f  * shimmer_double * current;
 765              		.loc 14 343 36 is_stmt 0 view .LVU189
 766 02ac 4108     		lsrs	r1, r0, #1
 343:Marigold.cpp  ****                     reverb_energy[i/2    ] += 1.5f  * shimmer_double * current;
 767              		.loc 14 343 44 view .LVU190
 768 02ae 481E     		subs	r0, r1, #1
 343:Marigold.cpp  ****                     reverb_energy[i/2    ] += 1.5f  * shimmer_double * current;
 769              		.loc 14 343 53 view .LVU191
 770 02b0 1C4B     		ldr	r3, .L37+12
 771 02b2 D3ED006A 		vldr.32	s13, [r3]
 772 02b6 B6EE086A 		vmov.f32	s12, #7.5e-1
 773 02ba 26EE866A 		vmul.f32	s12, s13, s12
 343:Marigold.cpp  ****                     reverb_energy[i/2    ] += 1.5f  * shimmer_double * current;
 774              		.loc 14 343 70 view .LVU192
 775 02be 26EE276A 		vmul.f32	s12, s12, s15
 343:Marigold.cpp  ****                     reverb_energy[i/2    ] += 1.5f  * shimmer_double * current;
 776              		.loc 14 343 44 view .LVU193
 777 02c2 174B     		ldr	r3, .L37+8
 778 02c4 03EB8000 		add	r0, r3, r0, lsl #2
 779 02c8 D0ED005A 		vldr.32	s11, [r0]
 780 02cc 75EE865A 		vadd.f32	s11, s11, s12
 781 02d0 C0ED005A 		vstr.32	s11, [r0]
 344:Marigold.cpp  ****                     reverb_energy[i/2 + 1] += 0.75f * shimmer_double * current;
 782              		.loc 14 344 21 is_stmt 1 view .LVU194
 344:Marigold.cpp  ****                     reverb_energy[i/2 + 1] += 0.75f * shimmer_double * current;
ARM GAS  C:\Users\Spencer\AppData\Local\Temp\ccWmt4tk.s 			page 45


 783              		.loc 14 344 44 is_stmt 0 view .LVU195
 784 02d4 03EB8100 		add	r0, r3, r1, lsl #2
 344:Marigold.cpp  ****                     reverb_energy[i/2 + 1] += 0.75f * shimmer_double * current;
 785              		.loc 14 344 53 view .LVU196
 786 02d8 F7EE085A 		vmov.f32	s11, #1.5e+0
 787 02dc 66EEA56A 		vmul.f32	s13, s13, s11
 344:Marigold.cpp  ****                     reverb_energy[i/2 + 1] += 0.75f * shimmer_double * current;
 788              		.loc 14 344 70 view .LVU197
 789 02e0 66EEA76A 		vmul.f32	s13, s13, s15
 344:Marigold.cpp  ****                     reverb_energy[i/2 + 1] += 0.75f * shimmer_double * current;
 790              		.loc 14 344 44 view .LVU198
 791 02e4 D0ED005A 		vldr.32	s11, [r0]
 792 02e8 76EEA56A 		vadd.f32	s13, s13, s11
 793 02ec C0ED006A 		vstr.32	s13, [r0]
 345:Marigold.cpp  ****                 }
 794              		.loc 14 345 21 is_stmt 1 view .LVU199
 345:Marigold.cpp  ****                 }
 795              		.loc 14 345 44 is_stmt 0 view .LVU200
 796 02f0 0131     		adds	r1, r1, #1
 797 02f2 03EB8103 		add	r3, r3, r1, lsl #2
 798 02f6 D3ED006A 		vldr.32	s13, [r3]
 799 02fa 36EE866A 		vadd.f32	s12, s13, s12
 800 02fe 83ED006A 		vstr.32	s12, [r3]
 801 0302 B3E6     		b	.L22
 802              	.L25:
 364:Marigold.cpp  ****             reverb_energy[i] = detune_remainder * shimmer_remainder * current;
 803              		.loc 14 364 17 is_stmt 1 view .LVU201
 364:Marigold.cpp  ****             reverb_energy[i] = detune_remainder * shimmer_remainder * current;
 804              		.loc 14 364 34 is_stmt 0 view .LVU202
 805 0304 114B     		ldr	r3, .L37+52
 806 0306 4FF07E51 		mov	r1, #1065353216
 807 030a 1960     		str	r1, [r3]	@ float
 808 030c 31E7     		b	.L26
 809              	.LVL40:
 810              	.L35:
 364:Marigold.cpp  ****             reverb_energy[i] = detune_remainder * shimmer_remainder * current;
 811              		.loc 14 364 34 view .LVU203
 812              	.LBE756:
 813              	.LBE763:
 814              	.LBE764:
 815              	.LBE765:
 370:Marigold.cpp  ****     }
 371:Marigold.cpp  **** }
 816              		.loc 14 371 1 view .LVU204
 817 030e 03B0     		add	sp, sp, #12
 818              		.cfi_def_cfa_offset 60
 819              		@ sp needed
 820 0310 BDEC068B 		vldm	sp!, {d8-d10}
 821              		.cfi_restore 84
 822              		.cfi_restore 85
 823              		.cfi_restore 82
 824              		.cfi_restore 83
 825              		.cfi_restore 80
 826              		.cfi_restore 81
 827              		.cfi_def_cfa_offset 36
 828              	.LVL41:
 829              		.loc 14 371 1 view .LVU205
ARM GAS  C:\Users\Spencer\AppData\Local\Temp\ccWmt4tk.s 			page 46


 830 0314 BDE8F08F 		pop	{r4, r5, r6, r7, r8, r9, r10, fp, pc}
 831              	.LVL42:
 832              	.L38:
 833              		.loc 14 371 1 view .LVU206
 834              		.align	3
 835              	.L37:
 836 0318 182D4454 		.word	1413754136
 837 031c FB210940 		.word	1074340347
 838 0320 00000000 		.word	reverb_energy
 839 0324 00000000 		.word	.LANCHOR5
 840 0328 6DE7FB3D 		.word	1039918957
 841 032c 00000000 		.word	.LANCHOR6
 842 0330 AE47613D 		.word	1029785518
 843 0334 AE47E13D 		.word	1038174126
 844 0338 7B142E3E 		.word	1043207291
 845 033c 3D0AD73D 		.word	1037503037
 846 0340 00000000 		.word	.LANCHOR7
 847 0344 00000000 		.word	.LANCHOR8
 848 0348 00000000 		.word	.LANCHOR9
 849 034c 00000000 		.word	.LANCHOR10
 850 0350 00000000 		.word	.LANCHOR11
 851 0354 00000000 		.word	.LANCHOR0
 852 0358 00000000 		.word	.LANCHOR1
 853 035c 00000000 		.word	.LANCHOR2
 854 0360 00000000 		.word	.LANCHOR3
 855 0364 00000000 		.word	.LANCHOR4
 856              		.cfi_endproc
 857              	.LFE6201:
 859              		.section	.text._ZNSt17_Function_handlerIFffEN4hannMUlfE_EE9_M_invokeERKSt9_Any_dataOf,"axG",%progb
 860              		.align	1
 861              		.weak	_ZNSt17_Function_handlerIFffEN4hannMUlfE_EE9_M_invokeERKSt9_Any_dataOf
 862              		.syntax unified
 863              		.thumb
 864              		.thumb_func
 865              		.fpu fpv5-d16
 867              	_ZNSt17_Function_handlerIFffEN4hannMUlfE_EE9_M_invokeERKSt9_Any_dataOf:
 868              	.LVL43:
 869              	.LFB6679:
 287:c:\program files\daisytoolchain\arm-none-eabi\include\c++\10.2.1\bits\std_function.h **** 
 288:c:\program files\daisytoolchain\arm-none-eabi\include\c++\10.2.1\bits\std_function.h ****       static _Res
 289:c:\program files\daisytoolchain\arm-none-eabi\include\c++\10.2.1\bits\std_function.h ****       _M_invoke(const _Any_data& __functor, _ArgTypes&&... __args)
 870              		.loc 13 289 7 is_stmt 1 view -0
 871              		.cfi_startproc
 872              		@ args = 0, pretend = 0, frame = 0
 873              		@ frame_needed = 0, uses_anonymous_args = 0
 874              		.loc 13 289 7 is_stmt 0 view .LVU208
 875 0000 08B5     		push	{r3, lr}
 876              		.cfi_def_cfa_offset 8
 877              		.cfi_offset 3, -8
 878              		.cfi_offset 14, -4
 879              	.LVL44:
  88:c:\program files\daisytoolchain\arm-none-eabi\include\c++\10.2.1\bits\std_function.h **** 
 880              		.loc 13 88 37 is_stmt 1 view .LVU209
 881              	.LBB777:
 882              	.LBI777:
 883              		.file 16 "c:\\program files\\daisytoolchain\\arm-none-eabi\\include\\c++\\10.2.1\\bits\\invoke.h"
   1:c:\program files\daisytoolchain\arm-none-eabi\include\c++\10.2.1\bits\invoke.h **** // Implementation of INVOKE -*- C++ -*-
ARM GAS  C:\Users\Spencer\AppData\Local\Temp\ccWmt4tk.s 			page 47


   2:c:\program files\daisytoolchain\arm-none-eabi\include\c++\10.2.1\bits\invoke.h **** 
   3:c:\program files\daisytoolchain\arm-none-eabi\include\c++\10.2.1\bits\invoke.h **** // Copyright (C) 2016-2020 Free Software Foundation, Inc.
   4:c:\program files\daisytoolchain\arm-none-eabi\include\c++\10.2.1\bits\invoke.h **** //
   5:c:\program files\daisytoolchain\arm-none-eabi\include\c++\10.2.1\bits\invoke.h **** // This file is part of the GNU ISO C++ Library.  This library is free
   6:c:\program files\daisytoolchain\arm-none-eabi\include\c++\10.2.1\bits\invoke.h **** // software; you can redistribute it and/or modify it under the
   7:c:\program files\daisytoolchain\arm-none-eabi\include\c++\10.2.1\bits\invoke.h **** // terms of the GNU General Public License as published by the
   8:c:\program files\daisytoolchain\arm-none-eabi\include\c++\10.2.1\bits\invoke.h **** // Free Software Foundation; either version 3, or (at your option)
   9:c:\program files\daisytoolchain\arm-none-eabi\include\c++\10.2.1\bits\invoke.h **** // any later version.
  10:c:\program files\daisytoolchain\arm-none-eabi\include\c++\10.2.1\bits\invoke.h **** 
  11:c:\program files\daisytoolchain\arm-none-eabi\include\c++\10.2.1\bits\invoke.h **** // This library is distributed in the hope that it will be useful,
  12:c:\program files\daisytoolchain\arm-none-eabi\include\c++\10.2.1\bits\invoke.h **** // but WITHOUT ANY WARRANTY; without even the implied warranty of
  13:c:\program files\daisytoolchain\arm-none-eabi\include\c++\10.2.1\bits\invoke.h **** // MERCHANTABILITY or FITNESS FOR A PARTICULAR PURPOSE.  See the
  14:c:\program files\daisytoolchain\arm-none-eabi\include\c++\10.2.1\bits\invoke.h **** // GNU General Public License for more details.
  15:c:\program files\daisytoolchain\arm-none-eabi\include\c++\10.2.1\bits\invoke.h **** 
  16:c:\program files\daisytoolchain\arm-none-eabi\include\c++\10.2.1\bits\invoke.h **** // Under Section 7 of GPL version 3, you are granted additional
  17:c:\program files\daisytoolchain\arm-none-eabi\include\c++\10.2.1\bits\invoke.h **** // permissions described in the GCC Runtime Library Exception, version
  18:c:\program files\daisytoolchain\arm-none-eabi\include\c++\10.2.1\bits\invoke.h **** // 3.1, as published by the Free Software Foundation.
  19:c:\program files\daisytoolchain\arm-none-eabi\include\c++\10.2.1\bits\invoke.h **** 
  20:c:\program files\daisytoolchain\arm-none-eabi\include\c++\10.2.1\bits\invoke.h **** // You should have received a copy of the GNU General Public License and
  21:c:\program files\daisytoolchain\arm-none-eabi\include\c++\10.2.1\bits\invoke.h **** // a copy of the GCC Runtime Library Exception along with this program;
  22:c:\program files\daisytoolchain\arm-none-eabi\include\c++\10.2.1\bits\invoke.h **** // see the files COPYING3 and COPYING.RUNTIME respectively.  If not, see
  23:c:\program files\daisytoolchain\arm-none-eabi\include\c++\10.2.1\bits\invoke.h **** // <http://www.gnu.org/licenses/>.
  24:c:\program files\daisytoolchain\arm-none-eabi\include\c++\10.2.1\bits\invoke.h **** 
  25:c:\program files\daisytoolchain\arm-none-eabi\include\c++\10.2.1\bits\invoke.h **** /** @file include/bits/invoke.h
  26:c:\program files\daisytoolchain\arm-none-eabi\include\c++\10.2.1\bits\invoke.h ****  *  This is an internal header file, included by other library headers.
  27:c:\program files\daisytoolchain\arm-none-eabi\include\c++\10.2.1\bits\invoke.h ****  *  Do not attempt to use it directly. @headername{functional}
  28:c:\program files\daisytoolchain\arm-none-eabi\include\c++\10.2.1\bits\invoke.h ****  */
  29:c:\program files\daisytoolchain\arm-none-eabi\include\c++\10.2.1\bits\invoke.h **** 
  30:c:\program files\daisytoolchain\arm-none-eabi\include\c++\10.2.1\bits\invoke.h **** #ifndef _GLIBCXX_INVOKE_H
  31:c:\program files\daisytoolchain\arm-none-eabi\include\c++\10.2.1\bits\invoke.h **** #define _GLIBCXX_INVOKE_H 1
  32:c:\program files\daisytoolchain\arm-none-eabi\include\c++\10.2.1\bits\invoke.h **** 
  33:c:\program files\daisytoolchain\arm-none-eabi\include\c++\10.2.1\bits\invoke.h **** #pragma GCC system_header
  34:c:\program files\daisytoolchain\arm-none-eabi\include\c++\10.2.1\bits\invoke.h **** 
  35:c:\program files\daisytoolchain\arm-none-eabi\include\c++\10.2.1\bits\invoke.h **** #if __cplusplus < 201103L
  36:c:\program files\daisytoolchain\arm-none-eabi\include\c++\10.2.1\bits\invoke.h **** # include <bits/c++0x_warning.h>
  37:c:\program files\daisytoolchain\arm-none-eabi\include\c++\10.2.1\bits\invoke.h **** #else
  38:c:\program files\daisytoolchain\arm-none-eabi\include\c++\10.2.1\bits\invoke.h **** 
  39:c:\program files\daisytoolchain\arm-none-eabi\include\c++\10.2.1\bits\invoke.h **** #include <type_traits>
  40:c:\program files\daisytoolchain\arm-none-eabi\include\c++\10.2.1\bits\invoke.h **** 
  41:c:\program files\daisytoolchain\arm-none-eabi\include\c++\10.2.1\bits\invoke.h **** namespace std _GLIBCXX_VISIBILITY(default)
  42:c:\program files\daisytoolchain\arm-none-eabi\include\c++\10.2.1\bits\invoke.h **** {
  43:c:\program files\daisytoolchain\arm-none-eabi\include\c++\10.2.1\bits\invoke.h **** _GLIBCXX_BEGIN_NAMESPACE_VERSION
  44:c:\program files\daisytoolchain\arm-none-eabi\include\c++\10.2.1\bits\invoke.h **** 
  45:c:\program files\daisytoolchain\arm-none-eabi\include\c++\10.2.1\bits\invoke.h ****   /**
  46:c:\program files\daisytoolchain\arm-none-eabi\include\c++\10.2.1\bits\invoke.h ****    *  @addtogroup utilities
  47:c:\program files\daisytoolchain\arm-none-eabi\include\c++\10.2.1\bits\invoke.h ****    *  @{
  48:c:\program files\daisytoolchain\arm-none-eabi\include\c++\10.2.1\bits\invoke.h ****    */
  49:c:\program files\daisytoolchain\arm-none-eabi\include\c++\10.2.1\bits\invoke.h **** 
  50:c:\program files\daisytoolchain\arm-none-eabi\include\c++\10.2.1\bits\invoke.h ****   // Used by __invoke_impl instead of std::forward<_Tp> so that a
  51:c:\program files\daisytoolchain\arm-none-eabi\include\c++\10.2.1\bits\invoke.h ****   // reference_wrapper is converted to an lvalue-reference.
  52:c:\program files\daisytoolchain\arm-none-eabi\include\c++\10.2.1\bits\invoke.h ****   template<typename _Tp, typename _Up = typename __inv_unwrap<_Tp>::type>
  53:c:\program files\daisytoolchain\arm-none-eabi\include\c++\10.2.1\bits\invoke.h ****     constexpr _Up&&
  54:c:\program files\daisytoolchain\arm-none-eabi\include\c++\10.2.1\bits\invoke.h ****     __invfwd(typename remove_reference<_Tp>::type& __t) noexcept
  55:c:\program files\daisytoolchain\arm-none-eabi\include\c++\10.2.1\bits\invoke.h ****     { return static_cast<_Up&&>(__t); }
  56:c:\program files\daisytoolchain\arm-none-eabi\include\c++\10.2.1\bits\invoke.h **** 
  57:c:\program files\daisytoolchain\arm-none-eabi\include\c++\10.2.1\bits\invoke.h ****   template<typename _Res, typename _Fn, typename... _Args>
  58:c:\program files\daisytoolchain\arm-none-eabi\include\c++\10.2.1\bits\invoke.h ****     constexpr _Res
ARM GAS  C:\Users\Spencer\AppData\Local\Temp\ccWmt4tk.s 			page 48


  59:c:\program files\daisytoolchain\arm-none-eabi\include\c++\10.2.1\bits\invoke.h ****     __invoke_impl(__invoke_other, _Fn&& __f, _Args&&... __args)
  60:c:\program files\daisytoolchain\arm-none-eabi\include\c++\10.2.1\bits\invoke.h ****     { return std::forward<_Fn>(__f)(std::forward<_Args>(__args)...); }
  61:c:\program files\daisytoolchain\arm-none-eabi\include\c++\10.2.1\bits\invoke.h **** 
  62:c:\program files\daisytoolchain\arm-none-eabi\include\c++\10.2.1\bits\invoke.h ****   template<typename _Res, typename _MemFun, typename _Tp, typename... _Args>
  63:c:\program files\daisytoolchain\arm-none-eabi\include\c++\10.2.1\bits\invoke.h ****     constexpr _Res
  64:c:\program files\daisytoolchain\arm-none-eabi\include\c++\10.2.1\bits\invoke.h ****     __invoke_impl(__invoke_memfun_ref, _MemFun&& __f, _Tp&& __t,
  65:c:\program files\daisytoolchain\arm-none-eabi\include\c++\10.2.1\bits\invoke.h **** 		  _Args&&... __args)
  66:c:\program files\daisytoolchain\arm-none-eabi\include\c++\10.2.1\bits\invoke.h ****     { return (__invfwd<_Tp>(__t).*__f)(std::forward<_Args>(__args)...); }
  67:c:\program files\daisytoolchain\arm-none-eabi\include\c++\10.2.1\bits\invoke.h **** 
  68:c:\program files\daisytoolchain\arm-none-eabi\include\c++\10.2.1\bits\invoke.h ****   template<typename _Res, typename _MemFun, typename _Tp, typename... _Args>
  69:c:\program files\daisytoolchain\arm-none-eabi\include\c++\10.2.1\bits\invoke.h ****     constexpr _Res
  70:c:\program files\daisytoolchain\arm-none-eabi\include\c++\10.2.1\bits\invoke.h ****     __invoke_impl(__invoke_memfun_deref, _MemFun&& __f, _Tp&& __t,
  71:c:\program files\daisytoolchain\arm-none-eabi\include\c++\10.2.1\bits\invoke.h **** 		  _Args&&... __args)
  72:c:\program files\daisytoolchain\arm-none-eabi\include\c++\10.2.1\bits\invoke.h ****     {
  73:c:\program files\daisytoolchain\arm-none-eabi\include\c++\10.2.1\bits\invoke.h ****       return ((*std::forward<_Tp>(__t)).*__f)(std::forward<_Args>(__args)...);
  74:c:\program files\daisytoolchain\arm-none-eabi\include\c++\10.2.1\bits\invoke.h ****     }
  75:c:\program files\daisytoolchain\arm-none-eabi\include\c++\10.2.1\bits\invoke.h **** 
  76:c:\program files\daisytoolchain\arm-none-eabi\include\c++\10.2.1\bits\invoke.h ****   template<typename _Res, typename _MemPtr, typename _Tp>
  77:c:\program files\daisytoolchain\arm-none-eabi\include\c++\10.2.1\bits\invoke.h ****     constexpr _Res
  78:c:\program files\daisytoolchain\arm-none-eabi\include\c++\10.2.1\bits\invoke.h ****     __invoke_impl(__invoke_memobj_ref, _MemPtr&& __f, _Tp&& __t)
  79:c:\program files\daisytoolchain\arm-none-eabi\include\c++\10.2.1\bits\invoke.h ****     { return __invfwd<_Tp>(__t).*__f; }
  80:c:\program files\daisytoolchain\arm-none-eabi\include\c++\10.2.1\bits\invoke.h **** 
  81:c:\program files\daisytoolchain\arm-none-eabi\include\c++\10.2.1\bits\invoke.h ****   template<typename _Res, typename _MemPtr, typename _Tp>
  82:c:\program files\daisytoolchain\arm-none-eabi\include\c++\10.2.1\bits\invoke.h ****     constexpr _Res
  83:c:\program files\daisytoolchain\arm-none-eabi\include\c++\10.2.1\bits\invoke.h ****     __invoke_impl(__invoke_memobj_deref, _MemPtr&& __f, _Tp&& __t)
  84:c:\program files\daisytoolchain\arm-none-eabi\include\c++\10.2.1\bits\invoke.h ****     { return (*std::forward<_Tp>(__t)).*__f; }
  85:c:\program files\daisytoolchain\arm-none-eabi\include\c++\10.2.1\bits\invoke.h **** 
  86:c:\program files\daisytoolchain\arm-none-eabi\include\c++\10.2.1\bits\invoke.h ****   /// Invoke a callable object.
  87:c:\program files\daisytoolchain\arm-none-eabi\include\c++\10.2.1\bits\invoke.h ****   template<typename _Callable, typename... _Args>
  88:c:\program files\daisytoolchain\arm-none-eabi\include\c++\10.2.1\bits\invoke.h ****     constexpr typename __invoke_result<_Callable, _Args...>::type
  89:c:\program files\daisytoolchain\arm-none-eabi\include\c++\10.2.1\bits\invoke.h ****     __invoke(_Callable&& __fn, _Args&&... __args)
  90:c:\program files\daisytoolchain\arm-none-eabi\include\c++\10.2.1\bits\invoke.h ****     noexcept(__is_nothrow_invocable<_Callable, _Args...>::value)
  91:c:\program files\daisytoolchain\arm-none-eabi\include\c++\10.2.1\bits\invoke.h ****     {
  92:c:\program files\daisytoolchain\arm-none-eabi\include\c++\10.2.1\bits\invoke.h ****       using __result = __invoke_result<_Callable, _Args...>;
  93:c:\program files\daisytoolchain\arm-none-eabi\include\c++\10.2.1\bits\invoke.h ****       using __type = typename __result::type;
  94:c:\program files\daisytoolchain\arm-none-eabi\include\c++\10.2.1\bits\invoke.h ****       using __tag = typename __result::__invoke_type;
  95:c:\program files\daisytoolchain\arm-none-eabi\include\c++\10.2.1\bits\invoke.h ****       return std::__invoke_impl<__type>(__tag{}, std::forward<_Callable>(__fn),
  96:c:\program files\daisytoolchain\arm-none-eabi\include\c++\10.2.1\bits\invoke.h **** 					std::forward<_Args>(__args)...);
  97:c:\program files\daisytoolchain\arm-none-eabi\include\c++\10.2.1\bits\invoke.h ****     }
  98:c:\program files\daisytoolchain\arm-none-eabi\include\c++\10.2.1\bits\invoke.h **** 
  99:c:\program files\daisytoolchain\arm-none-eabi\include\c++\10.2.1\bits\invoke.h **** #if __cplusplus >= 201703L
 100:c:\program files\daisytoolchain\arm-none-eabi\include\c++\10.2.1\bits\invoke.h ****   // INVOKE<R>: Invoke a callable object and convert the result to R.
 101:c:\program files\daisytoolchain\arm-none-eabi\include\c++\10.2.1\bits\invoke.h ****   template<typename _Res, typename _Callable, typename... _Args>
 102:c:\program files\daisytoolchain\arm-none-eabi\include\c++\10.2.1\bits\invoke.h ****     constexpr enable_if_t<is_invocable_r_v<_Res, _Callable, _Args...>, _Res>
 103:c:\program files\daisytoolchain\arm-none-eabi\include\c++\10.2.1\bits\invoke.h ****     __invoke_r(_Callable&& __fn, _Args&&... __args)
 104:c:\program files\daisytoolchain\arm-none-eabi\include\c++\10.2.1\bits\invoke.h ****     noexcept(is_nothrow_invocable_r_v<_Res, _Callable, _Args...>)
 105:c:\program files\daisytoolchain\arm-none-eabi\include\c++\10.2.1\bits\invoke.h ****     {
 106:c:\program files\daisytoolchain\arm-none-eabi\include\c++\10.2.1\bits\invoke.h ****       using __result = __invoke_result<_Callable, _Args...>;
 107:c:\program files\daisytoolchain\arm-none-eabi\include\c++\10.2.1\bits\invoke.h ****       using __type = typename __result::type;
 108:c:\program files\daisytoolchain\arm-none-eabi\include\c++\10.2.1\bits\invoke.h ****       using __tag = typename __result::__invoke_type;
 109:c:\program files\daisytoolchain\arm-none-eabi\include\c++\10.2.1\bits\invoke.h ****       if constexpr (is_void_v<_Res>)
 110:c:\program files\daisytoolchain\arm-none-eabi\include\c++\10.2.1\bits\invoke.h **** 	std::__invoke_impl<__type>(__tag{}, std::forward<_Callable>(__fn),
 111:c:\program files\daisytoolchain\arm-none-eabi\include\c++\10.2.1\bits\invoke.h **** 					std::forward<_Args>(__args)...);
 112:c:\program files\daisytoolchain\arm-none-eabi\include\c++\10.2.1\bits\invoke.h ****       else
 113:c:\program files\daisytoolchain\arm-none-eabi\include\c++\10.2.1\bits\invoke.h **** 	return std::__invoke_impl<__type>(__tag{},
 114:c:\program files\daisytoolchain\arm-none-eabi\include\c++\10.2.1\bits\invoke.h **** 					  std::forward<_Callable>(__fn),
 115:c:\program files\daisytoolchain\arm-none-eabi\include\c++\10.2.1\bits\invoke.h **** 					  std::forward<_Args>(__args)...);
ARM GAS  C:\Users\Spencer\AppData\Local\Temp\ccWmt4tk.s 			page 49


 116:c:\program files\daisytoolchain\arm-none-eabi\include\c++\10.2.1\bits\invoke.h ****     }
 117:c:\program files\daisytoolchain\arm-none-eabi\include\c++\10.2.1\bits\invoke.h **** #else // C++11
 118:c:\program files\daisytoolchain\arm-none-eabi\include\c++\10.2.1\bits\invoke.h ****   template<typename _Res, typename _Callable, typename... _Args>
 119:c:\program files\daisytoolchain\arm-none-eabi\include\c++\10.2.1\bits\invoke.h ****     using __can_invoke_as_void = __enable_if_t<
 120:c:\program files\daisytoolchain\arm-none-eabi\include\c++\10.2.1\bits\invoke.h ****       __and_<is_void<_Res>, __is_invocable<_Callable, _Args...>>::value,
 121:c:\program files\daisytoolchain\arm-none-eabi\include\c++\10.2.1\bits\invoke.h ****       _Res
 122:c:\program files\daisytoolchain\arm-none-eabi\include\c++\10.2.1\bits\invoke.h ****     >;
 123:c:\program files\daisytoolchain\arm-none-eabi\include\c++\10.2.1\bits\invoke.h **** 
 124:c:\program files\daisytoolchain\arm-none-eabi\include\c++\10.2.1\bits\invoke.h ****   template<typename _Res, typename _Callable, typename... _Args>
 125:c:\program files\daisytoolchain\arm-none-eabi\include\c++\10.2.1\bits\invoke.h ****     using __can_invoke_as_nonvoid = __enable_if_t<
 126:c:\program files\daisytoolchain\arm-none-eabi\include\c++\10.2.1\bits\invoke.h ****       __and_<__not_<is_void<_Res>>,
 127:c:\program files\daisytoolchain\arm-none-eabi\include\c++\10.2.1\bits\invoke.h **** 	     is_convertible<typename __invoke_result<_Callable, _Args...>::type,
 128:c:\program files\daisytoolchain\arm-none-eabi\include\c++\10.2.1\bits\invoke.h **** 			    _Res>
 129:c:\program files\daisytoolchain\arm-none-eabi\include\c++\10.2.1\bits\invoke.h ****       >::value,
 130:c:\program files\daisytoolchain\arm-none-eabi\include\c++\10.2.1\bits\invoke.h ****       _Res
 131:c:\program files\daisytoolchain\arm-none-eabi\include\c++\10.2.1\bits\invoke.h ****     >;
 132:c:\program files\daisytoolchain\arm-none-eabi\include\c++\10.2.1\bits\invoke.h **** 
 133:c:\program files\daisytoolchain\arm-none-eabi\include\c++\10.2.1\bits\invoke.h ****   // INVOKE<R>: Invoke a callable object and convert the result to R.
 134:c:\program files\daisytoolchain\arm-none-eabi\include\c++\10.2.1\bits\invoke.h ****   template<typename _Res, typename _Callable, typename... _Args>
 135:c:\program files\daisytoolchain\arm-none-eabi\include\c++\10.2.1\bits\invoke.h ****     constexpr __can_invoke_as_nonvoid<_Res, _Callable, _Args...>
 136:c:\program files\daisytoolchain\arm-none-eabi\include\c++\10.2.1\bits\invoke.h ****     __invoke_r(_Callable&& __fn, _Args&&... __args)
 884              		.loc 16 136 5 view .LVU210
 885              	.LBB778:
 886              	.LBB779:
 887              	.LBI779:
  59:c:\program files\daisytoolchain\arm-none-eabi\include\c++\10.2.1\bits\invoke.h ****     { return std::forward<_Fn>(__f)(std::forward<_Args>(__args)...); }
 888              		.loc 16 59 5 view .LVU211
 889              	.LBB780:
 890              	.LBB781:
 891              	.LBI781:
 107:Marigold.cpp  **** Wave<float> halfhann([] (float phase) -> float { return sin(PI * phase); });
 892              		.loc 14 107 18 view .LVU212
 893              	.LBB782:
 107:Marigold.cpp  **** Wave<float> halfhann([] (float phase) -> float { return sin(PI * phase); });
 894              		.loc 14 107 46 view .LVU213
 107:Marigold.cpp  **** Wave<float> halfhann([] (float phase) -> float { return sin(PI * phase); });
 895              		.loc 14 107 77 is_stmt 0 view .LVU214
 896 0002 91ED007A 		vldr.32	s14, [r1]
 897 0006 B7EEC77A 		vcvt.f64.f32	d7, s14
 107:Marigold.cpp  **** Wave<float> halfhann([] (float phase) -> float { return sin(PI * phase); });
 898              		.loc 14 107 67 view .LVU215
 899 000a 9FED090B 		vldr.64	d0, .L41
 900 000e 27EE000B 		vmul.f64	d0, d7, d0
 901 0012 FFF7FEFF 		bl	cos
 902              	.LVL45:
 107:Marigold.cpp  **** Wave<float> halfhann([] (float phase) -> float { return sin(PI * phase); });
 903              		.loc 14 107 62 view .LVU216
 904 0016 B7EE007B 		vmov.f64	d7, #1.0e+0
 905 001a 37EE400B 		vsub.f64	d0, d7, d0
 107:Marigold.cpp  **** Wave<float> halfhann([] (float phase) -> float { return sin(PI * phase); });
 906              		.loc 14 107 57 view .LVU217
 907 001e B6EE007B 		vmov.f64	d7, #5.0e-1
 908 0022 20EE070B 		vmul.f64	d0, d0, d7
 909              	.LBE782:
 910              	.LBE781:
 911              	.LBE780:
 912              	.LBE779:
ARM GAS  C:\Users\Spencer\AppData\Local\Temp\ccWmt4tk.s 			page 50


 913              	.LBE778:
 914              	.LBE777:
 290:c:\program files\daisytoolchain\arm-none-eabi\include\c++\10.2.1\bits\std_function.h ****       {
 291:c:\program files\daisytoolchain\arm-none-eabi\include\c++\10.2.1\bits\std_function.h **** 	return std::__invoke_r<_Res>(*_Base::_M_get_pointer(__functor),
 292:c:\program files\daisytoolchain\arm-none-eabi\include\c++\10.2.1\bits\std_function.h **** 				     std::forward<_ArgTypes>(__args)...);
 293:c:\program files\daisytoolchain\arm-none-eabi\include\c++\10.2.1\bits\std_function.h ****       }
 915              		.loc 13 293 7 view .LVU218
 916 0026 B7EEC00B 		vcvt.f32.f64	s0, d0
 917 002a 08BD     		pop	{r3, pc}
 918              	.L42:
 919 002c AFF30080 		.align	3
 920              	.L41:
 921 0030 182D4454 		.word	1413754136
 922 0034 FB211940 		.word	1075388923
 923              		.cfi_endproc
 924              	.LFE6679:
 926              		.section	.text._ZNSt17_Function_handlerIFffEN8halfhannMUlfE_EE9_M_invokeERKSt9_Any_dataOf,"axG",%p
 927              		.align	1
 928              		.weak	_ZNSt17_Function_handlerIFffEN8halfhannMUlfE_EE9_M_invokeERKSt9_Any_dataOf
 929              		.syntax unified
 930              		.thumb
 931              		.thumb_func
 932              		.fpu fpv5-d16
 934              	_ZNSt17_Function_handlerIFffEN8halfhannMUlfE_EE9_M_invokeERKSt9_Any_dataOf:
 935              	.LVL46:
 936              	.LFB6691:
 289:c:\program files\daisytoolchain\arm-none-eabi\include\c++\10.2.1\bits\std_function.h ****       {
 937              		.loc 13 289 7 is_stmt 1 view -0
 938              		.cfi_startproc
 939              		@ args = 0, pretend = 0, frame = 0
 940              		@ frame_needed = 0, uses_anonymous_args = 0
 289:c:\program files\daisytoolchain\arm-none-eabi\include\c++\10.2.1\bits\std_function.h ****       {
 941              		.loc 13 289 7 is_stmt 0 view .LVU220
 942 0000 08B5     		push	{r3, lr}
 943              		.cfi_def_cfa_offset 8
 944              		.cfi_offset 3, -8
 945              		.cfi_offset 14, -4
 946              	.LVL47:
  88:c:\program files\daisytoolchain\arm-none-eabi\include\c++\10.2.1\bits\std_function.h **** 
 947              		.loc 13 88 37 is_stmt 1 view .LVU221
 948              	.LBB783:
 949              	.LBI783:
 950              		.loc 16 136 5 view .LVU222
 951              	.LBB784:
 952              	.LBB785:
 953              	.LBI785:
  59:c:\program files\daisytoolchain\arm-none-eabi\include\c++\10.2.1\bits\invoke.h ****     { return std::forward<_Fn>(__f)(std::forward<_Args>(__args)...); }
 954              		.loc 16 59 5 view .LVU223
 955              	.LBB786:
 956              	.LBB787:
 957              	.LBI787:
 108:Marigold.cpp  **** 
 958              		.loc 14 108 22 view .LVU224
 959              	.LBB788:
 108:Marigold.cpp  **** 
 960              		.loc 14 108 50 view .LVU225
 108:Marigold.cpp  **** 
ARM GAS  C:\Users\Spencer\AppData\Local\Temp\ccWmt4tk.s 			page 51


 961              		.loc 14 108 66 is_stmt 0 view .LVU226
 962 0002 91ED007A 		vldr.32	s14, [r1]
 963 0006 B7EEC77A 		vcvt.f64.f32	d7, s14
 108:Marigold.cpp  **** 
 964              		.loc 14 108 60 view .LVU227
 965 000a 9FED050B 		vldr.64	d0, .L45
 966 000e 27EE000B 		vmul.f64	d0, d7, d0
 967 0012 FFF7FEFF 		bl	sin
 968              	.LVL48:
 108:Marigold.cpp  **** 
 969              		.loc 14 108 60 view .LVU228
 970              	.LBE788:
 971              	.LBE787:
 972              	.LBE786:
 973              	.LBE785:
 974              	.LBE784:
 975              	.LBE783:
 976              		.loc 13 293 7 view .LVU229
 977 0016 B7EEC00B 		vcvt.f32.f64	s0, d0
 978 001a 08BD     		pop	{r3, pc}
 979              	.L46:
 980 001c AFF30080 		.align	3
 981              	.L45:
 982 0020 182D4454 		.word	1413754136
 983 0024 FB210940 		.word	1074340347
 984              		.cfi_endproc
 985              	.LFE6691:
 987              		.section	.text._ZN9soundmath4WaveIfED2Ev,"axG",%progbits,_ZN9soundmath4WaveIfED5Ev,comdat
 988              		.align	1
 989              		.weak	_ZN9soundmath4WaveIfED2Ev
 990              		.syntax unified
 991              		.thumb
 992              		.thumb_func
 993              		.fpu fpv5-d16
 995              	_ZN9soundmath4WaveIfED2Ev:
 996              	.LVL49:
 997              	.LFB6917:
 998              		.file 17 "wave.h"
   1:wave.h        **** // wave.h // interpolated lookup table
   2:wave.h        **** #ifndef WAVE
   3:wave.h        **** 
   4:wave.h        **** #include <functional>
   5:wave.h        **** 
   6:wave.h        **** namespace soundmath
   7:wave.h        **** {
   8:wave.h        **** 	const int TABSIZE = 2048;
   9:wave.h        **** 
  10:wave.h        **** 	template <typename T> class Wave
  11:wave.h        **** 	{
  12:wave.h        **** 	public:
  13:wave.h        **** 		Wave() { }
  14:wave.h        **** 		~Wave() { }
 999              		.loc 17 14 3 is_stmt 1 view -0
 1000              		.cfi_startproc
 1001              		@ args = 0, pretend = 0, frame = 0
 1002              		@ frame_needed = 0, uses_anonymous_args = 0
 1003              		.loc 17 14 3 is_stmt 0 view .LVU231
ARM GAS  C:\Users\Spencer\AppData\Local\Temp\ccWmt4tk.s 			page 52


 1004 0000 10B5     		push	{r4, lr}
 1005              		.cfi_def_cfa_offset 8
 1006              		.cfi_offset 4, -8
 1007              		.cfi_offset 14, -4
 1008 0002 0446     		mov	r4, r0
 1009              	.LVL50:
 1010              	.LBB795:
 1011              	.LBI795:
 294:c:\program files\daisytoolchain\arm-none-eabi\include\c++\10.2.1\bits\std_function.h ****     };
 295:c:\program files\daisytoolchain\arm-none-eabi\include\c++\10.2.1\bits\std_function.h **** 
 296:c:\program files\daisytoolchain\arm-none-eabi\include\c++\10.2.1\bits\std_function.h ****   /**
 297:c:\program files\daisytoolchain\arm-none-eabi\include\c++\10.2.1\bits\std_function.h ****    *  @brief Primary class template for std::function.
 298:c:\program files\daisytoolchain\arm-none-eabi\include\c++\10.2.1\bits\std_function.h ****    *  @ingroup functors
 299:c:\program files\daisytoolchain\arm-none-eabi\include\c++\10.2.1\bits\std_function.h ****    *
 300:c:\program files\daisytoolchain\arm-none-eabi\include\c++\10.2.1\bits\std_function.h ****    *  Polymorphic function wrapper.
 301:c:\program files\daisytoolchain\arm-none-eabi\include\c++\10.2.1\bits\std_function.h ****    */
 302:c:\program files\daisytoolchain\arm-none-eabi\include\c++\10.2.1\bits\std_function.h ****   template<typename _Res, typename... _ArgTypes>
 303:c:\program files\daisytoolchain\arm-none-eabi\include\c++\10.2.1\bits\std_function.h ****     class function<_Res(_ArgTypes...)>
 1012              		.loc 13 303 11 is_stmt 1 view .LVU232
 1013              	.LBB796:
 1014              	.LBB797:
 1015              	.LBI797:
 242:c:\program files\daisytoolchain\arm-none-eabi\include\c++\10.2.1\bits\std_function.h ****     {
 1016              		.loc 13 242 5 view .LVU233
 1017              	.LBB798:
 244:c:\program files\daisytoolchain\arm-none-eabi\include\c++\10.2.1\bits\std_function.h **** 	_M_manager(_M_functor, _M_functor, __destroy_functor);
 1018              		.loc 13 244 7 view .LVU234
 244:c:\program files\daisytoolchain\arm-none-eabi\include\c++\10.2.1\bits\std_function.h **** 	_M_manager(_M_functor, _M_functor, __destroy_functor);
 1019              		.loc 13 244 11 is_stmt 0 view .LVU235
 1020 0004 00F50053 		add	r3, r0, #8192
 1021 0008 9B69     		ldr	r3, [r3, #24]
 244:c:\program files\daisytoolchain\arm-none-eabi\include\c++\10.2.1\bits\std_function.h **** 	_M_manager(_M_functor, _M_functor, __destroy_functor);
 1022              		.loc 13 244 7 view .LVU236
 1023 000a 2BB1     		cbz	r3, .L48
 245:c:\program files\daisytoolchain\arm-none-eabi\include\c++\10.2.1\bits\std_function.h ****     }
 1024              		.loc 13 245 2 is_stmt 1 view .LVU237
 1025              	.LBE798:
 1026              	.LBE797:
 1027              		.loc 13 303 11 is_stmt 0 view .LVU238
 1028 000c 42F21000 		movw	r0, #8208
 1029              	.LVL51:
 1030              		.loc 13 303 11 view .LVU239
 1031 0010 2044     		add	r0, r0, r4
 1032              	.LVL52:
 1033              	.LBB800:
 1034              	.LBB799:
 245:c:\program files\daisytoolchain\arm-none-eabi\include\c++\10.2.1\bits\std_function.h ****     }
 1035              		.loc 13 245 12 view .LVU240
 1036 0012 0322     		movs	r2, #3
 1037 0014 0146     		mov	r1, r0
 1038 0016 9847     		blx	r3
 1039              	.LVL53:
 1040              	.L48:
 245:c:\program files\daisytoolchain\arm-none-eabi\include\c++\10.2.1\bits\std_function.h ****     }
 1041              		.loc 13 245 12 view .LVU241
 1042              	.LBE799:
 1043              	.LBE800:
ARM GAS  C:\Users\Spencer\AppData\Local\Temp\ccWmt4tk.s 			page 53


 1044              	.LBE796:
 1045              	.LBE795:
 1046              		.loc 17 14 13 view .LVU242
 1047 0018 2046     		mov	r0, r4
 1048 001a 10BD     		pop	{r4, pc}
 1049              		.loc 17 14 13 view .LVU243
 1050              		.cfi_endproc
 1051              	.LFE6917:
 1053              		.weak	_ZN9soundmath4WaveIfED1Ev
 1054              		.thumb_set _ZN9soundmath4WaveIfED1Ev,_ZN9soundmath4WaveIfED2Ev
 1055              		.section	.text._ZNSt14_Function_baseD2Ev,"axG",%progbits,_ZNSt14_Function_baseD5Ev,comdat
 1056              		.align	1
 1057              		.weak	_ZNSt14_Function_baseD2Ev
 1058              		.syntax unified
 1059              		.thumb
 1060              		.thumb_func
 1061              		.fpu fpv5-d16
 1063              	_ZNSt14_Function_baseD2Ev:
 1064              	.LVL54:
 1065              	.LFB1973:
 242:c:\program files\daisytoolchain\arm-none-eabi\include\c++\10.2.1\bits\std_function.h ****     {
 1066              		.loc 13 242 5 is_stmt 1 view -0
 1067              		.cfi_startproc
 1068              		@ args = 0, pretend = 0, frame = 0
 1069              		@ frame_needed = 0, uses_anonymous_args = 0
 242:c:\program files\daisytoolchain\arm-none-eabi\include\c++\10.2.1\bits\std_function.h ****     {
 1070              		.loc 13 242 5 is_stmt 0 view .LVU245
 1071 0000 10B5     		push	{r4, lr}
 1072              		.cfi_def_cfa_offset 8
 1073              		.cfi_offset 4, -8
 1074              		.cfi_offset 14, -4
 1075 0002 0446     		mov	r4, r0
 1076              	.LBB802:
 244:c:\program files\daisytoolchain\arm-none-eabi\include\c++\10.2.1\bits\std_function.h **** 	_M_manager(_M_functor, _M_functor, __destroy_functor);
 1077              		.loc 13 244 7 is_stmt 1 view .LVU246
 244:c:\program files\daisytoolchain\arm-none-eabi\include\c++\10.2.1\bits\std_function.h **** 	_M_manager(_M_functor, _M_functor, __destroy_functor);
 1078              		.loc 13 244 11 is_stmt 0 view .LVU247
 1079 0004 8368     		ldr	r3, [r0, #8]
 244:c:\program files\daisytoolchain\arm-none-eabi\include\c++\10.2.1\bits\std_function.h **** 	_M_manager(_M_functor, _M_functor, __destroy_functor);
 1080              		.loc 13 244 7 view .LVU248
 1081 0006 13B1     		cbz	r3, .L51
 245:c:\program files\daisytoolchain\arm-none-eabi\include\c++\10.2.1\bits\std_function.h ****     }
 1082              		.loc 13 245 2 is_stmt 1 view .LVU249
 245:c:\program files\daisytoolchain\arm-none-eabi\include\c++\10.2.1\bits\std_function.h ****     }
 1083              		.loc 13 245 12 is_stmt 0 view .LVU250
 1084 0008 0322     		movs	r2, #3
 1085 000a 0146     		mov	r1, r0
 1086 000c 9847     		blx	r3
 1087              	.LVL55:
 1088              	.L51:
 245:c:\program files\daisytoolchain\arm-none-eabi\include\c++\10.2.1\bits\std_function.h ****     }
 1089              		.loc 13 245 12 view .LVU251
 1090              	.LBE802:
 246:c:\program files\daisytoolchain\arm-none-eabi\include\c++\10.2.1\bits\std_function.h **** 
 1091              		.loc 13 246 5 view .LVU252
 1092 000e 2046     		mov	r0, r4
 1093 0010 10BD     		pop	{r4, pc}
ARM GAS  C:\Users\Spencer\AppData\Local\Temp\ccWmt4tk.s 			page 54


 246:c:\program files\daisytoolchain\arm-none-eabi\include\c++\10.2.1\bits\std_function.h **** 
 1094              		.loc 13 246 5 view .LVU253
 1095              		.cfi_endproc
 1096              	.LFE1973:
 1098              		.weak	_ZNSt14_Function_baseD1Ev
 1099              		.thumb_set _ZNSt14_Function_baseD1Ev,_ZNSt14_Function_baseD2Ev
 1100              		.section	.text._ZN7daisysp10Oscillator4InitEf,"axG",%progbits,_ZN7daisysp10Oscillator4InitEf,comda
 1101              		.align	1
 1102              		.weak	_ZN7daisysp10Oscillator4InitEf
 1103              		.syntax unified
 1104              		.thumb
 1105              		.thumb_func
 1106              		.fpu fpv5-d16
 1108              	_ZN7daisysp10Oscillator4InitEf:
 1109              	.LVL56:
 1110              	.LFB4742:
  25:../../../../Dependencies/DaisySP/Source/Synthesis/oscillator.h ****     /** Choices for output waveforms, POLYBLEP are appropriately labeled. Others are naive forms.
  26:../../../../Dependencies/DaisySP/Source/Synthesis/oscillator.h ****     */
  27:../../../../Dependencies/DaisySP/Source/Synthesis/oscillator.h ****     enum
  28:../../../../Dependencies/DaisySP/Source/Synthesis/oscillator.h ****     {
  29:../../../../Dependencies/DaisySP/Source/Synthesis/oscillator.h ****         WAVE_SIN,
  30:../../../../Dependencies/DaisySP/Source/Synthesis/oscillator.h ****         WAVE_TRI,
  31:../../../../Dependencies/DaisySP/Source/Synthesis/oscillator.h ****         WAVE_SAW,
  32:../../../../Dependencies/DaisySP/Source/Synthesis/oscillator.h ****         WAVE_RAMP,
  33:../../../../Dependencies/DaisySP/Source/Synthesis/oscillator.h ****         WAVE_SQUARE,
  34:../../../../Dependencies/DaisySP/Source/Synthesis/oscillator.h ****         WAVE_POLYBLEP_TRI,
  35:../../../../Dependencies/DaisySP/Source/Synthesis/oscillator.h ****         WAVE_POLYBLEP_SAW,
  36:../../../../Dependencies/DaisySP/Source/Synthesis/oscillator.h ****         WAVE_POLYBLEP_SQUARE,
  37:../../../../Dependencies/DaisySP/Source/Synthesis/oscillator.h ****         WAVE_LAST,
  38:../../../../Dependencies/DaisySP/Source/Synthesis/oscillator.h ****     };
  39:../../../../Dependencies/DaisySP/Source/Synthesis/oscillator.h **** 
  40:../../../../Dependencies/DaisySP/Source/Synthesis/oscillator.h **** 
  41:../../../../Dependencies/DaisySP/Source/Synthesis/oscillator.h ****     /** Initializes the Oscillator
  42:../../../../Dependencies/DaisySP/Source/Synthesis/oscillator.h **** 
  43:../../../../Dependencies/DaisySP/Source/Synthesis/oscillator.h ****         \param sample_rate - sample rate of the audio engine being run, and the frequency that the 
  44:../../../../Dependencies/DaisySP/Source/Synthesis/oscillator.h **** 
  45:../../../../Dependencies/DaisySP/Source/Synthesis/oscillator.h ****         Defaults:
  46:../../../../Dependencies/DaisySP/Source/Synthesis/oscillator.h ****         - freq_ = 100 Hz
  47:../../../../Dependencies/DaisySP/Source/Synthesis/oscillator.h ****         - amp_ = 0.5
  48:../../../../Dependencies/DaisySP/Source/Synthesis/oscillator.h ****         - waveform_ = sine wave.
  49:../../../../Dependencies/DaisySP/Source/Synthesis/oscillator.h ****     */
  50:../../../../Dependencies/DaisySP/Source/Synthesis/oscillator.h ****     void Init(float sample_rate)
 1111              		.loc 10 50 10 is_stmt 1 view -0
 1112              		.cfi_startproc
 1113              		@ args = 0, pretend = 0, frame = 0
 1114              		@ frame_needed = 0, uses_anonymous_args = 0
 1115              		.loc 10 50 10 is_stmt 0 view .LVU255
 1116 0000 10B5     		push	{r4, lr}
 1117              		.cfi_def_cfa_offset 8
 1118              		.cfi_offset 4, -8
 1119              		.cfi_offset 14, -4
 1120 0002 0446     		mov	r4, r0
  51:../../../../Dependencies/DaisySP/Source/Synthesis/oscillator.h ****     {
  52:../../../../Dependencies/DaisySP/Source/Synthesis/oscillator.h ****         sr_        = sample_rate;
 1121              		.loc 10 52 9 is_stmt 1 view .LVU256
 1122              		.loc 10 52 20 is_stmt 0 view .LVU257
 1123 0004 80ED040A 		vstr.32	s0, [r0, #16]
ARM GAS  C:\Users\Spencer\AppData\Local\Temp\ccWmt4tk.s 			page 55


  53:../../../../Dependencies/DaisySP/Source/Synthesis/oscillator.h ****         sr_recip_  = 1.0f / sample_rate;
 1124              		.loc 10 53 9 is_stmt 1 view .LVU258
 1125              		.loc 10 53 27 is_stmt 0 view .LVU259
 1126 0008 B7EE007A 		vmov.f32	s14, #1.0e+0
 1127 000c C7EE007A 		vdiv.f32	s15, s14, s0
 1128              		.loc 10 53 20 view .LVU260
 1129 0010 C0ED057A 		vstr.32	s15, [r0, #20]
  54:../../../../Dependencies/DaisySP/Source/Synthesis/oscillator.h ****         freq_      = 100.0f;
 1130              		.loc 10 54 9 is_stmt 1 view .LVU261
 1131              		.loc 10 54 20 is_stmt 0 view .LVU262
 1132 0014 9FED0A0A 		vldr.32	s0, .L55
 1133              	.LVL57:
 1134              		.loc 10 54 20 view .LVU263
 1135 0018 80ED020A 		vstr.32	s0, [r0, #8]
  55:../../../../Dependencies/DaisySP/Source/Synthesis/oscillator.h ****         amp_       = 0.5f;
 1136              		.loc 10 55 9 is_stmt 1 view .LVU264
 1137              		.loc 10 55 20 is_stmt 0 view .LVU265
 1138 001c 4FF07C53 		mov	r3, #1056964608
 1139 0020 4360     		str	r3, [r0, #4]	@ float
  56:../../../../Dependencies/DaisySP/Source/Synthesis/oscillator.h ****         pw_        = 0.5f;
 1140              		.loc 10 56 9 is_stmt 1 view .LVU266
 1141              		.loc 10 56 20 is_stmt 0 view .LVU267
 1142 0022 C360     		str	r3, [r0, #12]	@ float
  57:../../../../Dependencies/DaisySP/Source/Synthesis/oscillator.h ****         phase_     = 0.0f;
 1143              		.loc 10 57 9 is_stmt 1 view .LVU268
 1144              		.loc 10 57 20 is_stmt 0 view .LVU269
 1145 0024 0023     		movs	r3, #0
 1146 0026 8361     		str	r3, [r0, #24]	@ float
  58:../../../../Dependencies/DaisySP/Source/Synthesis/oscillator.h ****         phase_inc_ = CalcPhaseInc(freq_);
 1147              		.loc 10 58 9 is_stmt 1 view .LVU270
 1148              		.loc 10 58 34 is_stmt 0 view .LVU271
 1149 0028 FFF7FEFF 		bl	_ZN7daisysp10Oscillator12CalcPhaseIncEf
 1150              	.LVL58:
 1151              		.loc 10 58 20 view .LVU272
 1152 002c 84ED070A 		vstr.32	s0, [r4, #28]
  59:../../../../Dependencies/DaisySP/Source/Synthesis/oscillator.h ****         waveform_  = WAVE_SIN;
 1153              		.loc 10 59 9 is_stmt 1 view .LVU273
 1154              		.loc 10 59 20 is_stmt 0 view .LVU274
 1155 0030 0023     		movs	r3, #0
 1156 0032 2370     		strb	r3, [r4]
  60:../../../../Dependencies/DaisySP/Source/Synthesis/oscillator.h ****         eoc_       = true;
 1157              		.loc 10 60 9 is_stmt 1 view .LVU275
 1158              		.loc 10 60 20 is_stmt 0 view .LVU276
 1159 0034 0123     		movs	r3, #1
 1160 0036 84F82930 		strb	r3, [r4, #41]
  61:../../../../Dependencies/DaisySP/Source/Synthesis/oscillator.h ****         eor_       = true;
 1161              		.loc 10 61 9 is_stmt 1 view .LVU277
 1162              		.loc 10 61 20 is_stmt 0 view .LVU278
 1163 003a 84F82830 		strb	r3, [r4, #40]
  62:../../../../Dependencies/DaisySP/Source/Synthesis/oscillator.h ****     }
 1164              		.loc 10 62 5 view .LVU279
 1165 003e 10BD     		pop	{r4, pc}
 1166              	.LVL59:
 1167              	.L56:
 1168              		.loc 10 62 5 view .LVU280
 1169              		.align	2
 1170              	.L55:
ARM GAS  C:\Users\Spencer\AppData\Local\Temp\ccWmt4tk.s 			page 56


 1171 0040 0000C842 		.word	1120403456
 1172              		.cfi_endproc
 1173              	.LFE4742:
 1175              		.section	.rodata.main.str1.4,"aMS",%progbits,1
 1176              		.align	2
 1177              	.LC0:
 1178 0000 4D617269 		.ascii	"Marigold boot: Step 1\000"
 1178      676F6C64 
 1178      20626F6F 
 1178      743A2053 
 1178      74657020 
 1179 0016 0000     		.align	2
 1180              	.LC1:
 1181 0018 52656C61 		.ascii	"Relay init OK. Boot into bypass.\000"
 1181      7920696E 
 1181      6974204F 
 1181      4B2E2042 
 1181      6F6F7420 
 1182 0039 000000   		.align	2
 1183              	.LC2:
 1184 003c 44535020 		.ascii	"DSP init OK. Starting audio.\000"
 1184      696E6974 
 1184      204F4B2E 
 1184      20537461 
 1184      7274696E 
 1185 0059 000000   		.align	2
 1186              	.LC3:
 1187 005c 41756469 		.ascii	"Audio started. Marigold Step 1 running.\000"
 1187      6F207374 
 1187      61727465 
 1187      642E204D 
 1187      61726967 
 1188              		.section	.text.main,"ax",%progbits
 1189              		.align	1
 1190              		.global	main
 1191              		.syntax unified
 1192              		.thumb
 1193              		.thumb_func
 1194              		.fpu fpv5-d16
 1196              	main:
 1197              	.LFB6202:
 372:Marigold.cpp  **** 
 373:Marigold.cpp  **** // ============================================================
 374:Marigold.cpp  **** // main
 375:Marigold.cpp  **** // ============================================================
 376:Marigold.cpp  **** int main(void)
 377:Marigold.cpp  **** {
 1198              		.loc 14 377 1 is_stmt 1 view -0
 1199              		.cfi_startproc
 1200              		@ args = 0, pretend = 0, frame = 536
 1201              		@ frame_needed = 0, uses_anonymous_args = 0
 1202 0000 2DE9F043 		push	{r4, r5, r6, r7, r8, r9, lr}
 1203              		.cfi_def_cfa_offset 28
 1204              		.cfi_offset 4, -28
 1205              		.cfi_offset 5, -24
 1206              		.cfi_offset 6, -20
 1207              		.cfi_offset 7, -16
ARM GAS  C:\Users\Spencer\AppData\Local\Temp\ccWmt4tk.s 			page 57


 1208              		.cfi_offset 8, -12
 1209              		.cfi_offset 9, -8
 1210              		.cfi_offset 14, -4
 1211 0004 2DED028B 		vpush.64	{d8}
 1212              		.cfi_def_cfa_offset 36
 1213              		.cfi_offset 80, -36
 1214              		.cfi_offset 81, -32
 1215 0008 ADF5097D 		sub	sp, sp, #548
 1216              		.cfi_def_cfa_offset 584
 378:Marigold.cpp  ****     // --- Hardware init ---
 379:Marigold.cpp  ****     hw.Configure();
 1217              		.loc 14 379 5 view .LVU282
 1218              		.loc 14 379 17 is_stmt 0 view .LVU283
 1219 000c 3B4C     		ldr	r4, .L72
 1220 000e 2046     		mov	r0, r4
 1221 0010 FFF7FEFF 		bl	_ZN5daisy9DaisySeed9ConfigureEv
 1222              	.LVL60:
 380:Marigold.cpp  ****     hw.Init();
 1223              		.loc 14 380 5 is_stmt 1 view .LVU284
 1224              		.loc 14 380 12 is_stmt 0 view .LVU285
 1225 0014 0021     		movs	r1, #0
 1226 0016 2046     		mov	r0, r4
 1227 0018 FFF7FEFF 		bl	_ZN5daisy9DaisySeed4InitEb
 1228              	.LVL61:
 381:Marigold.cpp  ****     hw.SetAudioSampleRate(SaiHandle::Config::SampleRate::SAI_32KHZ);
 1229              		.loc 14 381 5 is_stmt 1 view .LVU286
 1230              		.loc 14 381 26 is_stmt 0 view .LVU287
 1231 001c 0221     		movs	r1, #2
 1232 001e 2046     		mov	r0, r4
 1233 0020 FFF7FEFF 		bl	_ZN5daisy9DaisySeed18SetAudioSampleRateENS_9SaiHandle6Config10SampleRateE
 1234              	.LVL62:
 382:Marigold.cpp  ****     samplerate = hw.AudioSampleRate();
 1235              		.loc 14 382 5 is_stmt 1 view .LVU288
 1236              		.loc 14 382 36 is_stmt 0 view .LVU289
 1237 0024 2046     		mov	r0, r4
 1238 0026 FFF7FEFF 		bl	_ZN5daisy9DaisySeed15AudioSampleRateEv
 1239              	.LVL63:
 1240              		.loc 14 382 16 view .LVU290
 1241 002a 354B     		ldr	r3, .L72+4
 1242 002c 83ED000A 		vstr.32	s0, [r3]
 383:Marigold.cpp  ****     hw.SetAudioBlockSize(256);
 1243              		.loc 14 383 5 is_stmt 1 view .LVU291
 1244              		.loc 14 383 25 is_stmt 0 view .LVU292
 1245 0030 4FF48071 		mov	r1, #256
 1246 0034 2046     		mov	r0, r4
 1247 0036 FFF7FEFF 		bl	_ZN5daisy9DaisySeed17SetAudioBlockSizeEj
 1248              	.LVL64:
 384:Marigold.cpp  **** 
 385:Marigold.cpp  ****     // --- Serial for testing ---
 386:Marigold.cpp  ****     hw.StartLog(false);
 1249              		.loc 14 386 5 is_stmt 1 view .LVU293
 1250              	.LBB880:
 1251              	.LBI880:
  23:../../../../Dependencies/libDaisy/src/daisy_seed.h **** 
  24:../../../../Dependencies/libDaisy/src/daisy_seed.h ****     /** This function used to provide a pre-initialization configuraiton 
  25:../../../../Dependencies/libDaisy/src/daisy_seed.h ****      *  it has since been deprecated, and does nothing.
  26:../../../../Dependencies/libDaisy/src/daisy_seed.h ****      */
ARM GAS  C:\Users\Spencer\AppData\Local\Temp\ccWmt4tk.s 			page 58


  27:../../../../Dependencies/libDaisy/src/daisy_seed.h ****     void Configure();
  28:../../../../Dependencies/libDaisy/src/daisy_seed.h **** 
  29:../../../../Dependencies/libDaisy/src/daisy_seed.h ****     /** 
  30:../../../../Dependencies/libDaisy/src/daisy_seed.h ****     Initializes the Daisy Seed and the following peripherals:
  31:../../../../Dependencies/libDaisy/src/daisy_seed.h ****     SDRAM, QSPI, 24-bit 48kHz Audio via AK4556, Internal USB,
  32:../../../../Dependencies/libDaisy/src/daisy_seed.h ****     as well as the built-in LED and Testpoint.
  33:../../../../Dependencies/libDaisy/src/daisy_seed.h **** 
  34:../../../../Dependencies/libDaisy/src/daisy_seed.h ****     ADCs, DACs, and other special peripherals (such as I2C, SPI, etc.)
  35:../../../../Dependencies/libDaisy/src/daisy_seed.h ****     can be initialized using their specific initializers within libdaisy
  36:../../../../Dependencies/libDaisy/src/daisy_seed.h ****     for a specific application.
  37:../../../../Dependencies/libDaisy/src/daisy_seed.h ****     */
  38:../../../../Dependencies/libDaisy/src/daisy_seed.h ****     void Init(bool boost = false);
  39:../../../../Dependencies/libDaisy/src/daisy_seed.h **** 
  40:../../../../Dependencies/libDaisy/src/daisy_seed.h ****     /** 
  41:../../../../Dependencies/libDaisy/src/daisy_seed.h ****     Deinitializes all peripherals automatically handled by `Init`.
  42:../../../../Dependencies/libDaisy/src/daisy_seed.h ****     */
  43:../../../../Dependencies/libDaisy/src/daisy_seed.h ****     void DeInit();
  44:../../../../Dependencies/libDaisy/src/daisy_seed.h **** 
  45:../../../../Dependencies/libDaisy/src/daisy_seed.h ****     /** 
  46:../../../../Dependencies/libDaisy/src/daisy_seed.h ****     Wait some ms before going on.
  47:../../../../Dependencies/libDaisy/src/daisy_seed.h ****     \param del Delay time in ms.
  48:../../../../Dependencies/libDaisy/src/daisy_seed.h ****     */
  49:../../../../Dependencies/libDaisy/src/daisy_seed.h ****     void DelayMs(size_t del);
  50:../../../../Dependencies/libDaisy/src/daisy_seed.h **** 
  51:../../../../Dependencies/libDaisy/src/daisy_seed.h ****     /** 
  52:../../../../Dependencies/libDaisy/src/daisy_seed.h ****     Returns the gpio_pin corresponding to the index 0-31.
  53:../../../../Dependencies/libDaisy/src/daisy_seed.h ****     For the given GPIO on the Daisy Seed (labeled 1-32 in docs).
  54:../../../../Dependencies/libDaisy/src/daisy_seed.h ****     */
  55:../../../../Dependencies/libDaisy/src/daisy_seed.h ****     static Pin GetPin(uint8_t pin_idx);
  56:../../../../Dependencies/libDaisy/src/daisy_seed.h **** 
  57:../../../../Dependencies/libDaisy/src/daisy_seed.h ****     /** Begins the audio for the seeds builtin audio.
  58:../../../../Dependencies/libDaisy/src/daisy_seed.h ****     the specified callback will get called whenever
  59:../../../../Dependencies/libDaisy/src/daisy_seed.h ****     new data is ready to be prepared.
  60:../../../../Dependencies/libDaisy/src/daisy_seed.h ****     */
  61:../../../../Dependencies/libDaisy/src/daisy_seed.h ****     void StartAudio(AudioHandle::InterleavingAudioCallback cb);
  62:../../../../Dependencies/libDaisy/src/daisy_seed.h **** 
  63:../../../../Dependencies/libDaisy/src/daisy_seed.h ****     /** Begins the audio for the seeds builtin audio.
  64:../../../../Dependencies/libDaisy/src/daisy_seed.h ****     the specified callback will get called whenever
  65:../../../../Dependencies/libDaisy/src/daisy_seed.h ****     new data is ready to be prepared.
  66:../../../../Dependencies/libDaisy/src/daisy_seed.h ****     This will use the newer non-interleaved callback.
  67:../../../../Dependencies/libDaisy/src/daisy_seed.h ****     */
  68:../../../../Dependencies/libDaisy/src/daisy_seed.h ****     void StartAudio(AudioHandle::AudioCallback cb);
  69:../../../../Dependencies/libDaisy/src/daisy_seed.h **** 
  70:../../../../Dependencies/libDaisy/src/daisy_seed.h ****     /** Changes to a new interleaved callback
  71:../../../../Dependencies/libDaisy/src/daisy_seed.h ****      */
  72:../../../../Dependencies/libDaisy/src/daisy_seed.h ****     void ChangeAudioCallback(AudioHandle::InterleavingAudioCallback cb);
  73:../../../../Dependencies/libDaisy/src/daisy_seed.h **** 
  74:../../../../Dependencies/libDaisy/src/daisy_seed.h ****     /** Changes to a new multichannel callback
  75:../../../../Dependencies/libDaisy/src/daisy_seed.h ****      */
  76:../../../../Dependencies/libDaisy/src/daisy_seed.h ****     void ChangeAudioCallback(AudioHandle::AudioCallback cb);
  77:../../../../Dependencies/libDaisy/src/daisy_seed.h **** 
  78:../../../../Dependencies/libDaisy/src/daisy_seed.h ****     /** Stops the audio if it is running. */
  79:../../../../Dependencies/libDaisy/src/daisy_seed.h ****     void StopAudio();
  80:../../../../Dependencies/libDaisy/src/daisy_seed.h **** 
  81:../../../../Dependencies/libDaisy/src/daisy_seed.h ****     /** Updates the Audio Sample Rate, and reinitializes.
  82:../../../../Dependencies/libDaisy/src/daisy_seed.h ****      ** Audio must be stopped for this to work.
  83:../../../../Dependencies/libDaisy/src/daisy_seed.h ****      */
ARM GAS  C:\Users\Spencer\AppData\Local\Temp\ccWmt4tk.s 			page 59


  84:../../../../Dependencies/libDaisy/src/daisy_seed.h ****     void SetAudioSampleRate(SaiHandle::Config::SampleRate samplerate);
  85:../../../../Dependencies/libDaisy/src/daisy_seed.h **** 
  86:../../../../Dependencies/libDaisy/src/daisy_seed.h ****     /** Returns the audio sample rate in Hz as a floating point number.
  87:../../../../Dependencies/libDaisy/src/daisy_seed.h ****      */
  88:../../../../Dependencies/libDaisy/src/daisy_seed.h ****     float AudioSampleRate();
  89:../../../../Dependencies/libDaisy/src/daisy_seed.h **** 
  90:../../../../Dependencies/libDaisy/src/daisy_seed.h ****     /** Sets the number of samples processed per channel by the audio callback.
  91:../../../../Dependencies/libDaisy/src/daisy_seed.h ****      */
  92:../../../../Dependencies/libDaisy/src/daisy_seed.h ****     void SetAudioBlockSize(size_t blocksize);
  93:../../../../Dependencies/libDaisy/src/daisy_seed.h **** 
  94:../../../../Dependencies/libDaisy/src/daisy_seed.h ****     /** Returns the number of samples per channel in a block of audio. */
  95:../../../../Dependencies/libDaisy/src/daisy_seed.h ****     size_t AudioBlockSize();
  96:../../../../Dependencies/libDaisy/src/daisy_seed.h **** 
  97:../../../../Dependencies/libDaisy/src/daisy_seed.h ****     /** Returns the rate in Hz that the Audio callback is called */
  98:../../../../Dependencies/libDaisy/src/daisy_seed.h ****     float AudioCallbackRate() const;
  99:../../../../Dependencies/libDaisy/src/daisy_seed.h **** 
 100:../../../../Dependencies/libDaisy/src/daisy_seed.h ****     /** Returns the SAI Handle for the Daisy Seed 
 101:../../../../Dependencies/libDaisy/src/daisy_seed.h ****      *  This can be useful when adding a secondary codec,
 102:../../../../Dependencies/libDaisy/src/daisy_seed.h ****      *  the result of this function can be passed to the audio reinit 
 103:../../../../Dependencies/libDaisy/src/daisy_seed.h ****      *  with an SAI2 configuration
 104:../../../../Dependencies/libDaisy/src/daisy_seed.h ****      */
 105:../../../../Dependencies/libDaisy/src/daisy_seed.h ****     const SaiHandle& AudioSaiHandle() const;
 106:../../../../Dependencies/libDaisy/src/daisy_seed.h **** 
 107:../../../../Dependencies/libDaisy/src/daisy_seed.h ****     /** Sets the state of the built in LED
 108:../../../../Dependencies/libDaisy/src/daisy_seed.h ****      */
 109:../../../../Dependencies/libDaisy/src/daisy_seed.h ****     void SetLed(bool state);
 110:../../../../Dependencies/libDaisy/src/daisy_seed.h **** 
 111:../../../../Dependencies/libDaisy/src/daisy_seed.h ****     /** Sets the state of the test point near pin 10
 112:../../../../Dependencies/libDaisy/src/daisy_seed.h ****      */
 113:../../../../Dependencies/libDaisy/src/daisy_seed.h ****     void SetTestPoint(bool state);
 114:../../../../Dependencies/libDaisy/src/daisy_seed.h **** 
 115:../../../../Dependencies/libDaisy/src/daisy_seed.h ****     /** Print formatted debug log message
 116:../../../../Dependencies/libDaisy/src/daisy_seed.h ****      */
 117:../../../../Dependencies/libDaisy/src/daisy_seed.h ****     template <typename... VA>
 118:../../../../Dependencies/libDaisy/src/daisy_seed.h ****     static void Print(const char* format, VA... va)
 119:../../../../Dependencies/libDaisy/src/daisy_seed.h ****     {
 120:../../../../Dependencies/libDaisy/src/daisy_seed.h ****         Log::Print(format, va...);
 121:../../../../Dependencies/libDaisy/src/daisy_seed.h ****     }
 122:../../../../Dependencies/libDaisy/src/daisy_seed.h **** 
 123:../../../../Dependencies/libDaisy/src/daisy_seed.h ****     /** Print formatted debug log message with automatic line termination
 124:../../../../Dependencies/libDaisy/src/daisy_seed.h ****     */
 125:../../../../Dependencies/libDaisy/src/daisy_seed.h ****     template <typename... VA>
 126:../../../../Dependencies/libDaisy/src/daisy_seed.h ****     static void PrintLine(const char* format, VA... va)
 127:../../../../Dependencies/libDaisy/src/daisy_seed.h ****     {
 128:../../../../Dependencies/libDaisy/src/daisy_seed.h ****         Log::PrintLine(format, va...);
 129:../../../../Dependencies/libDaisy/src/daisy_seed.h ****     }
 130:../../../../Dependencies/libDaisy/src/daisy_seed.h **** 
 131:../../../../Dependencies/libDaisy/src/daisy_seed.h ****     /** Start the logging session. Optionally wait for terminal connection before proceeding.
 132:../../../../Dependencies/libDaisy/src/daisy_seed.h ****     */
 133:../../../../Dependencies/libDaisy/src/daisy_seed.h ****     static void StartLog(bool wait_for_pc = false)
 1252              		.loc 4 133 17 view .LVU294
 1253              	.LBB881:
 134:../../../../Dependencies/libDaisy/src/daisy_seed.h ****     {
 135:../../../../Dependencies/libDaisy/src/daisy_seed.h ****         Log::StartLog(wait_for_pc);
 1254              		.loc 4 135 9 view .LVU295
 1255              		.loc 4 135 22 is_stmt 0 view .LVU296
 1256 003a 0020     		movs	r0, #0
ARM GAS  C:\Users\Spencer\AppData\Local\Temp\ccWmt4tk.s 			page 60


 1257 003c FFF7FEFF 		bl	_ZN5daisy6LoggerILNS_17LoggerDestinationE1EE8StartLogEb
 1258              	.LVL65:
 1259              		.loc 4 135 22 view .LVU297
 1260              	.LBE881:
 1261              	.LBE880:
 387:Marigold.cpp  ****     System::Delay(500);
 1262              		.loc 14 387 5 is_stmt 1 view .LVU298
 1263              		.loc 14 387 18 is_stmt 0 view .LVU299
 1264 0040 4FF4FA70 		mov	r0, #500
 1265 0044 FFF7FEFF 		bl	_ZN5daisy6System5DelayEm
 1266              	.LVL66:
 388:Marigold.cpp  ****     hw.PrintLine("Marigold boot: Step 1");
 1267              		.loc 14 388 5 is_stmt 1 view .LVU300
 1268              	.LBB882:
 1269              	.LBI882:
 126:../../../../Dependencies/libDaisy/src/daisy_seed.h ****     {
 1270              		.loc 4 126 17 view .LVU301
 1271              	.LBB883:
 128:../../../../Dependencies/libDaisy/src/daisy_seed.h ****     }
 1272              		.loc 4 128 23 is_stmt 0 view .LVU302
 1273 0048 2E48     		ldr	r0, .L72+8
 1274 004a FFF7FEFF 		bl	_ZN5daisy6LoggerILNS_17LoggerDestinationE1EE9PrintLineEPKcz
 1275              	.LVL67:
 128:../../../../Dependencies/libDaisy/src/daisy_seed.h ****     }
 1276              		.loc 4 128 23 view .LVU303
 1277              	.LBE883:
 1278              	.LBE882:
 389:Marigold.cpp  **** 
 390:Marigold.cpp  ****     // --- Relay and mute GPIO init ---
 391:Marigold.cpp  ****     // D1 = relay (active-low). D12 = mute (active-high).
 392:Marigold.cpp  ****     relay_pin.Init(seed::D1,  GPIO::Mode::OUTPUT);
 1279              		.loc 14 392 5 is_stmt 1 view .LVU304
 1280              		.loc 14 392 19 is_stmt 0 view .LVU305
 1281 004e 2E4E     		ldr	r6, .L72+12
 1282 0050 0024     		movs	r4, #0
 1283 0052 0094     		str	r4, [sp]
 1284 0054 2346     		mov	r3, r4
 1285 0056 0122     		movs	r2, #1
 1286 0058 2C49     		ldr	r1, .L72+16
 1287 005a 0968     		ldr	r1, [r1]
 1288 005c 3046     		mov	r0, r6
 1289 005e FFF7FEFF 		bl	_ZN5daisy4GPIO4InitENS_3PinENS0_4ModeENS0_4PullENS0_5SpeedE
 1290              	.LVL68:
 393:Marigold.cpp  ****     mute_pin.Init(seed::D12, GPIO::Mode::OUTPUT);
 1291              		.loc 14 393 5 is_stmt 1 view .LVU306
 1292              		.loc 14 393 18 is_stmt 0 view .LVU307
 1293 0062 2B4D     		ldr	r5, .L72+20
 1294 0064 0094     		str	r4, [sp]
 1295 0066 2346     		mov	r3, r4
 1296 0068 0122     		movs	r2, #1
 1297 006a 2A49     		ldr	r1, .L72+24
 1298 006c 0968     		ldr	r1, [r1]
 1299 006e 2846     		mov	r0, r5
 1300 0070 FFF7FEFF 		bl	_ZN5daisy4GPIO4InitENS_3PinENS0_4ModeENS0_4PullENS0_5SpeedE
 1301              	.LVL69:
 394:Marigold.cpp  **** 
 395:Marigold.cpp  ****     // Boot state: bypass active, audio muted briefly then unmuted
ARM GAS  C:\Users\Spencer\AppData\Local\Temp\ccWmt4tk.s 			page 61


 396:Marigold.cpp  ****     SetMute(true);
 1302              		.loc 14 396 5 is_stmt 1 view .LVU308
 1303              	.LBB884:
 1304              	.LBI884:
  69:Marigold.cpp  ****     // mute is active-high: HIGH = muted
 1305              		.loc 14 69 13 view .LVU309
 1306              	.LBB885:
  71:Marigold.cpp  **** }
 1307              		.loc 14 71 5 view .LVU310
  71:Marigold.cpp  **** }
 1308              		.loc 14 71 19 is_stmt 0 view .LVU311
 1309 0074 0121     		movs	r1, #1
 1310 0076 2846     		mov	r0, r5
 1311 0078 FFF7FEFF 		bl	_ZN5daisy4GPIO5WriteEb
 1312              	.LVL70:
  71:Marigold.cpp  **** }
 1313              		.loc 14 71 19 view .LVU312
 1314              	.LBE885:
 1315              	.LBE884:
 397:Marigold.cpp  ****     SetRelay(true);   // bypass path active (HIGH = bypass on active-low relay)
 1316              		.loc 14 397 5 is_stmt 1 view .LVU313
 1317              	.LBB886:
 1318              	.LBI886:
  63:Marigold.cpp  ****     // relay is active-low: LOW = effect in path, HIGH = bypass
 1319              		.loc 14 63 13 view .LVU314
 1320              	.LBB887:
  65:Marigold.cpp  **** }
 1321              		.loc 14 65 5 view .LVU315
  65:Marigold.cpp  **** }
 1322              		.loc 14 65 20 is_stmt 0 view .LVU316
 1323 007c 0121     		movs	r1, #1
 1324 007e 3046     		mov	r0, r6
 1325 0080 FFF7FEFF 		bl	_ZN5daisy4GPIO5WriteEb
 1326              	.LVL71:
  65:Marigold.cpp  **** }
 1327              		.loc 14 65 20 view .LVU317
 1328              	.LBE887:
 1329              	.LBE886:
 398:Marigold.cpp  ****     System::DelayUs(5000);
 1330              		.loc 14 398 5 is_stmt 1 view .LVU318
 1331              		.loc 14 398 20 is_stmt 0 view .LVU319
 1332 0084 41F28830 		movw	r0, #5000
 1333 0088 FFF7FEFF 		bl	_ZN5daisy6System7DelayUsEm
 1334              	.LVL72:
 399:Marigold.cpp  ****     SetMute(false);
 1335              		.loc 14 399 5 is_stmt 1 view .LVU320
 1336              	.LBB888:
 1337              	.LBI888:
  69:Marigold.cpp  ****     // mute is active-high: HIGH = muted
 1338              		.loc 14 69 13 view .LVU321
 1339              	.LBB889:
  71:Marigold.cpp  **** }
 1340              		.loc 14 71 5 view .LVU322
  71:Marigold.cpp  **** }
 1341              		.loc 14 71 19 is_stmt 0 view .LVU323
 1342 008c 2146     		mov	r1, r4
 1343 008e 2846     		mov	r0, r5
ARM GAS  C:\Users\Spencer\AppData\Local\Temp\ccWmt4tk.s 			page 62


 1344 0090 FFF7FEFF 		bl	_ZN5daisy4GPIO5WriteEb
 1345              	.LVL73:
  71:Marigold.cpp  **** }
 1346              		.loc 14 71 19 view .LVU324
 1347              	.LBE889:
 1348              	.LBE888:
 400:Marigold.cpp  **** 
 401:Marigold.cpp  ****     hw.PrintLine("Relay init OK. Boot into bypass.");
 1349              		.loc 14 401 5 is_stmt 1 view .LVU325
 1350              	.LBB890:
 1351              	.LBI890:
 126:../../../../Dependencies/libDaisy/src/daisy_seed.h ****     {
 1352              		.loc 4 126 17 view .LVU326
 1353              	.LBB891:
 128:../../../../Dependencies/libDaisy/src/daisy_seed.h ****     }
 1354              		.loc 4 128 23 is_stmt 0 view .LVU327
 1355 0094 2048     		ldr	r0, .L72+28
 1356 0096 FFF7FEFF 		bl	_ZN5daisy6LoggerILNS_17LoggerDestinationE1EE9PrintLineEPKcz
 1357              	.LVL74:
 128:../../../../Dependencies/libDaisy/src/daisy_seed.h ****     }
 1358              		.loc 4 128 23 view .LVU328
 1359              	.LBE891:
 1360              	.LBE890:
 402:Marigold.cpp  **** 
 403:Marigold.cpp  ****     // --- Footswitch GPIO init ---
 404:Marigold.cpp  ****     // D6 = right = bypass, D5 = left = freeze. Active-low, so we enable pull-ups.
 405:Marigold.cpp  ****     // Pull-up means idle state reads HIGH; pressing the switch pulls to LOW.
 406:Marigold.cpp  ****     fs_bypass_pin.Init(seed::D6, GPIO::Mode::INPUT, GPIO::Pull::PULLUP);
 1361              		.loc 14 406 5 is_stmt 1 view .LVU329
 1362              		.loc 14 406 23 is_stmt 0 view .LVU330
 1363 009a 0094     		str	r4, [sp]
 1364 009c 0123     		movs	r3, #1
 1365 009e 2246     		mov	r2, r4
 1366 00a0 1E49     		ldr	r1, .L72+32
 1367 00a2 0968     		ldr	r1, [r1]
 1368 00a4 1E48     		ldr	r0, .L72+36
 1369 00a6 FFF7FEFF 		bl	_ZN5daisy4GPIO4InitENS_3PinENS0_4ModeENS0_4PullENS0_5SpeedE
 1370              	.LVL75:
 407:Marigold.cpp  ****     fs_freeze_pin.Init(seed::D5, GPIO::Mode::INPUT, GPIO::Pull::PULLUP);
 1371              		.loc 14 407 5 is_stmt 1 view .LVU331
 1372              		.loc 14 407 23 is_stmt 0 view .LVU332
 1373 00aa 0094     		str	r4, [sp]
 1374 00ac 0123     		movs	r3, #1
 1375 00ae 2246     		mov	r2, r4
 1376 00b0 1C49     		ldr	r1, .L72+40
 1377 00b2 0968     		ldr	r1, [r1]
 1378 00b4 1C48     		ldr	r0, .L72+44
 1379 00b6 FFF7FEFF 		bl	_ZN5daisy4GPIO4InitENS_3PinENS0_4ModeENS0_4PullENS0_5SpeedE
 1380              	.LVL76:
 408:Marigold.cpp  **** 
 409:Marigold.cpp  ****     // --- Knob init (ADC channels A0-A5 = D15-D20) ---
 410:Marigold.cpp  ****     AdcChannelConfig adc_cfg[6];
 1381              		.loc 14 410 5 is_stmt 1 view .LVU333
 1382              		.loc 14 410 31 view .LVU334
 1383 00ba 1EAA     		add	r2, sp, #120
 1384 00bc 9CA8     		add	r0, sp, #624
 1385 00be 02E0     		b	.L59
ARM GAS  C:\Users\Spencer\AppData\Local\Temp\ccWmt4tk.s 			page 63


 1386              	.LVL77:
 1387              	.L71:
 1388              		.loc 14 410 31 discriminator 3 view .LVU335
 1389              		.loc 14 410 31 discriminator 3 view .LVU336
 1390 00c0 5432     		adds	r2, r2, #84
 1391 00c2 8242     		cmp	r2, r0
 1392 00c4 32D0     		beq	.L70
 1393              	.L59:
 1394              	.LVL78:
 1395              	.LBB892:
 1396              	.LBI892:
  31:../../../../Dependencies/libDaisy/src/per/adc.h **** {
 1397              		.loc 8 31 8 view .LVU337
 1398              	.LBB893:
 1399              	.LBB894:
 1400              	.LBI894:
 1401              		.file 18 "../../../../Dependencies/libDaisy/src/per/gpio.h"
   1:../../../../Dependencies/libDaisy/src/per/gpio.h **** #pragma once
   2:../../../../Dependencies/libDaisy/src/per/gpio.h **** #ifndef DSY_GPIO_H
   3:../../../../Dependencies/libDaisy/src/per/gpio.h **** #define DSY_GPIO_H
   4:../../../../Dependencies/libDaisy/src/per/gpio.h **** #include "daisy_core.h"
   5:../../../../Dependencies/libDaisy/src/per/gpio.h **** 
   6:../../../../Dependencies/libDaisy/src/per/gpio.h **** #ifdef __cplusplus
   7:../../../../Dependencies/libDaisy/src/per/gpio.h **** 
   8:../../../../Dependencies/libDaisy/src/per/gpio.h **** namespace daisy
   9:../../../../Dependencies/libDaisy/src/per/gpio.h **** {
  10:../../../../Dependencies/libDaisy/src/per/gpio.h **** /** @brief General Purpose I/O control 
  11:../../../../Dependencies/libDaisy/src/per/gpio.h ****  *  @details peripheral control over a single GPIO
  12:../../../../Dependencies/libDaisy/src/per/gpio.h ****  *  @ingroup peripheral
  13:../../../../Dependencies/libDaisy/src/per/gpio.h ****  *   
  14:../../../../Dependencies/libDaisy/src/per/gpio.h ****  *  Button Input (with internal Pullup resistor)
  15:../../../../Dependencies/libDaisy/src/per/gpio.h ****  *  @include GPIO_Input.cpp 
  16:../../../../Dependencies/libDaisy/src/per/gpio.h ****  * 
  17:../../../../Dependencies/libDaisy/src/per/gpio.h ****  *  Output Example (perfect for blinking an LED)
  18:../../../../Dependencies/libDaisy/src/per/gpio.h ****  *  @include GPIO_Output.cpp
  19:../../../../Dependencies/libDaisy/src/per/gpio.h ****  * 
  20:../../../../Dependencies/libDaisy/src/per/gpio.h **** */
  21:../../../../Dependencies/libDaisy/src/per/gpio.h **** class GPIO
  22:../../../../Dependencies/libDaisy/src/per/gpio.h **** {
  23:../../../../Dependencies/libDaisy/src/per/gpio.h ****   public:
  24:../../../../Dependencies/libDaisy/src/per/gpio.h ****     /** @brief Mode of operation for the specified GPIO */
  25:../../../../Dependencies/libDaisy/src/per/gpio.h ****     enum class Mode
  26:../../../../Dependencies/libDaisy/src/per/gpio.h ****     {
  27:../../../../Dependencies/libDaisy/src/per/gpio.h ****         INPUT,      /**< Input for reading state of pin */
  28:../../../../Dependencies/libDaisy/src/per/gpio.h ****         OUTPUT,     /**< Output w/ push-pull configuration */
  29:../../../../Dependencies/libDaisy/src/per/gpio.h ****         OPEN_DRAIN, /**< Output w/ open-drain configuration */
  30:../../../../Dependencies/libDaisy/src/per/gpio.h ****         ANALOG,     /**< Analog for connection to ADC or DAC peripheral */
  31:../../../../Dependencies/libDaisy/src/per/gpio.h ****     };
  32:../../../../Dependencies/libDaisy/src/per/gpio.h **** 
  33:../../../../Dependencies/libDaisy/src/per/gpio.h ****     /** @brief Configures whether an internal Pull up or Pull down resistor is used. 
  34:../../../../Dependencies/libDaisy/src/per/gpio.h ****      *  
  35:../../../../Dependencies/libDaisy/src/per/gpio.h ****      * Internal Pull up/down resistors are typically 40k ohms, and will be between
  36:../../../../Dependencies/libDaisy/src/per/gpio.h ****      * 30k and 50k
  37:../../../../Dependencies/libDaisy/src/per/gpio.h ****      * 
  38:../../../../Dependencies/libDaisy/src/per/gpio.h ****      * When the Pin is configured in Analog mode, the pull up/down resistors are
  39:../../../../Dependencies/libDaisy/src/per/gpio.h ****      * disabled by hardware. 
  40:../../../../Dependencies/libDaisy/src/per/gpio.h ****      */
ARM GAS  C:\Users\Spencer\AppData\Local\Temp\ccWmt4tk.s 			page 64


  41:../../../../Dependencies/libDaisy/src/per/gpio.h ****     enum class Pull
  42:../../../../Dependencies/libDaisy/src/per/gpio.h ****     {
  43:../../../../Dependencies/libDaisy/src/per/gpio.h ****         NOPULL,   /**< No pull up resistor */
  44:../../../../Dependencies/libDaisy/src/per/gpio.h ****         PULLUP,   /**< Internal pull up enabled */
  45:../../../../Dependencies/libDaisy/src/per/gpio.h ****         PULLDOWN, /**< Internal pull down enabled*/
  46:../../../../Dependencies/libDaisy/src/per/gpio.h ****     };
  47:../../../../Dependencies/libDaisy/src/per/gpio.h **** 
  48:../../../../Dependencies/libDaisy/src/per/gpio.h ****     /** @brief Output speed controls the drive strength, and slew rate of the pin */
  49:../../../../Dependencies/libDaisy/src/per/gpio.h ****     enum class Speed
  50:../../../../Dependencies/libDaisy/src/per/gpio.h ****     {
  51:../../../../Dependencies/libDaisy/src/per/gpio.h ****         LOW,
  52:../../../../Dependencies/libDaisy/src/per/gpio.h ****         MEDIUM,
  53:../../../../Dependencies/libDaisy/src/per/gpio.h ****         HIGH,
  54:../../../../Dependencies/libDaisy/src/per/gpio.h ****         VERY_HIGH,
  55:../../../../Dependencies/libDaisy/src/per/gpio.h ****     };
  56:../../../../Dependencies/libDaisy/src/per/gpio.h **** 
  57:../../../../Dependencies/libDaisy/src/per/gpio.h ****     /** @brief Configuration for a given GPIO */
  58:../../../../Dependencies/libDaisy/src/per/gpio.h ****     struct Config
  59:../../../../Dependencies/libDaisy/src/per/gpio.h ****     {
  60:../../../../Dependencies/libDaisy/src/per/gpio.h ****         Pin   pin;
  61:../../../../Dependencies/libDaisy/src/per/gpio.h ****         Mode  mode;
  62:../../../../Dependencies/libDaisy/src/per/gpio.h ****         Pull  pull;
  63:../../../../Dependencies/libDaisy/src/per/gpio.h ****         Speed speed;
  64:../../../../Dependencies/libDaisy/src/per/gpio.h **** 
  65:../../../../Dependencies/libDaisy/src/per/gpio.h ****         /** Constructor with no arguments will prepare an invalid GPIO set as
  66:../../../../Dependencies/libDaisy/src/per/gpio.h ****          *  an input, with no pullup. 
  67:../../../../Dependencies/libDaisy/src/per/gpio.h ****          */
  68:../../../../Dependencies/libDaisy/src/per/gpio.h ****         Config()
  69:../../../../Dependencies/libDaisy/src/per/gpio.h ****         : pin(), mode(Mode::INPUT), pull(Pull::NOPULL), speed(Speed::LOW)
  70:../../../../Dependencies/libDaisy/src/per/gpio.h ****         {
  71:../../../../Dependencies/libDaisy/src/per/gpio.h ****         }
  72:../../../../Dependencies/libDaisy/src/per/gpio.h ****     };
  73:../../../../Dependencies/libDaisy/src/per/gpio.h **** 
  74:../../../../Dependencies/libDaisy/src/per/gpio.h ****     GPIO() {}
 1402              		.loc 18 74 5 view .LVU338
 1403              	.LBB895:
 1404              	.LBI895:
  68:../../../../Dependencies/libDaisy/src/per/gpio.h ****         : pin(), mode(Mode::INPUT), pull(Pull::NOPULL), speed(Speed::LOW)
 1405              		.loc 18 68 9 view .LVU339
 1406              	.LBB896:
 1407              	.LBB897:
 1408              	.LBI897:
 1409              		.file 19 "../../../../Dependencies/libDaisy/src/daisy_core.h"
   1:../../../../Dependencies/libDaisy/src/daisy_core.h **** #pragma once
   2:../../../../Dependencies/libDaisy/src/daisy_core.h **** #ifndef DSY_CORE_HW_H
   3:../../../../Dependencies/libDaisy/src/daisy_core.h **** #define DSY_CORE_HW_H /**< & */
   4:../../../../Dependencies/libDaisy/src/daisy_core.h **** #include <stdint.h>
   5:../../../../Dependencies/libDaisy/src/daisy_core.h **** #include <stdlib.h>
   6:../../../../Dependencies/libDaisy/src/daisy_core.h **** 
   7:../../../../Dependencies/libDaisy/src/daisy_core.h **** #if defined(_MSC_VER)
   8:../../../../Dependencies/libDaisy/src/daisy_core.h **** #define FORCE_INLINE __forceinline /**< & */
   9:../../../../Dependencies/libDaisy/src/daisy_core.h **** #elif defined(__clang__)
  10:../../../../Dependencies/libDaisy/src/daisy_core.h **** #define FORCE_INLINE inline __attribute__((always_inline)) /**< & */
  11:../../../../Dependencies/libDaisy/src/daisy_core.h **** #pragma clang diagnostic ignored "-Wduplicate-decl-specifier"
  12:../../../../Dependencies/libDaisy/src/daisy_core.h **** #elif defined(__GNUC__)
  13:../../../../Dependencies/libDaisy/src/daisy_core.h **** #define FORCE_INLINE inline __attribute__((always_inline)) /**< & */
  14:../../../../Dependencies/libDaisy/src/daisy_core.h **** #else
ARM GAS  C:\Users\Spencer\AppData\Local\Temp\ccWmt4tk.s 			page 65


  15:../../../../Dependencies/libDaisy/src/daisy_core.h **** #error unknown compiler
  16:../../../../Dependencies/libDaisy/src/daisy_core.h **** #endif
  17:../../../../Dependencies/libDaisy/src/daisy_core.h **** 
  18:../../../../Dependencies/libDaisy/src/daisy_core.h **** /** @addtogroup utility
  19:../../../../Dependencies/libDaisy/src/daisy_core.h ****     @{
  20:../../../../Dependencies/libDaisy/src/daisy_core.h **** */
  21:../../../../Dependencies/libDaisy/src/daisy_core.h **** 
  22:../../../../Dependencies/libDaisy/src/daisy_core.h **** /** Macro for area of memory that is configured as cacheless
  23:../../../../Dependencies/libDaisy/src/daisy_core.h **** This should be used primarily for DMA buffers, and the like.
  24:../../../../Dependencies/libDaisy/src/daisy_core.h **** */
  25:../../../../Dependencies/libDaisy/src/daisy_core.h **** #define DMA_BUFFER_MEM_SECTION __attribute__((section(".sram1_bss")))
  26:../../../../Dependencies/libDaisy/src/daisy_core.h **** /** 
  27:../../../../Dependencies/libDaisy/src/daisy_core.h **** THE DTCM RAM section is also non-cached. However, is not suitable 
  28:../../../../Dependencies/libDaisy/src/daisy_core.h **** for DMA transfers. Performance is on par with internal SRAM w/ 
  29:../../../../Dependencies/libDaisy/src/daisy_core.h **** cache enabled.
  30:../../../../Dependencies/libDaisy/src/daisy_core.h **** */
  31:../../../../Dependencies/libDaisy/src/daisy_core.h **** #define DTCM_MEM_SECTION __attribute__((section(".dtcmram_bss")))
  32:../../../../Dependencies/libDaisy/src/daisy_core.h **** 
  33:../../../../Dependencies/libDaisy/src/daisy_core.h **** #define FBIPMAX 0.999985f             /**< close to 1.0f-LSB at 16 bit */
  34:../../../../Dependencies/libDaisy/src/daisy_core.h **** #define FBIPMIN (-FBIPMAX)            /**< - (1 - LSB) */
  35:../../../../Dependencies/libDaisy/src/daisy_core.h **** #define U82F_SCALE 0.0078740f         /**< 1 / 127 */
  36:../../../../Dependencies/libDaisy/src/daisy_core.h **** #define F2U8_SCALE 127.0f             /**< 128 - 1 */
  37:../../../../Dependencies/libDaisy/src/daisy_core.h **** #define S82F_SCALE 0.0078125f         /**< 1 / (2**7) */
  38:../../../../Dependencies/libDaisy/src/daisy_core.h **** #define F2S8_SCALE 127.0f             /**< (2 ** 7) - 1 */
  39:../../../../Dependencies/libDaisy/src/daisy_core.h **** #define S162F_SCALE 3.0517578125e-05f /**< 1 / (2** 15) */
  40:../../../../Dependencies/libDaisy/src/daisy_core.h **** #define F2S16_SCALE 32767.0f          /**< (2 ** 15) - 1 */
  41:../../../../Dependencies/libDaisy/src/daisy_core.h **** #define F2S24_SCALE 8388608.0f        /**< 2 ** 23 */
  42:../../../../Dependencies/libDaisy/src/daisy_core.h **** #define S242F_SCALE 1.192092896e-07f  /**< 1 / (2 ** 23) */
  43:../../../../Dependencies/libDaisy/src/daisy_core.h **** #define S24SIGN 0x800000              /**< 2 ** 23 */
  44:../../../../Dependencies/libDaisy/src/daisy_core.h **** #define S322F_SCALE 4.6566129e-10f    /**< 1 / (2** 31) */
  45:../../../../Dependencies/libDaisy/src/daisy_core.h **** #define F2S32_SCALE 2147483647.f      /**< (2 ** 31) - 1 */
  46:../../../../Dependencies/libDaisy/src/daisy_core.h **** 
  47:../../../../Dependencies/libDaisy/src/daisy_core.h **** 
  48:../../../../Dependencies/libDaisy/src/daisy_core.h **** /** shorthand macro for simplifying the reading of the left 
  49:../../../../Dependencies/libDaisy/src/daisy_core.h ****  *  channel of a non-interleaved output buffer named out */
  50:../../../../Dependencies/libDaisy/src/daisy_core.h **** #define OUT_L out[0]
  51:../../../../Dependencies/libDaisy/src/daisy_core.h **** 
  52:../../../../Dependencies/libDaisy/src/daisy_core.h **** /** shorthand macro for simplifying the reading of the right 
  53:../../../../Dependencies/libDaisy/src/daisy_core.h ****  *  channel of a non-interleaved output buffer named out */
  54:../../../../Dependencies/libDaisy/src/daisy_core.h **** #define OUT_R out[1]
  55:../../../../Dependencies/libDaisy/src/daisy_core.h **** 
  56:../../../../Dependencies/libDaisy/src/daisy_core.h **** /** shorthand macro for simplifying the reading of the left 
  57:../../../../Dependencies/libDaisy/src/daisy_core.h ****  *  channel of a non-interleaved input buffer named in */
  58:../../../../Dependencies/libDaisy/src/daisy_core.h **** #define IN_L in[0]
  59:../../../../Dependencies/libDaisy/src/daisy_core.h **** 
  60:../../../../Dependencies/libDaisy/src/daisy_core.h **** /** shorthand macro for simplifying the reading of the right 
  61:../../../../Dependencies/libDaisy/src/daisy_core.h ****  *  channel of a non-interleaved input buffer named in */
  62:../../../../Dependencies/libDaisy/src/daisy_core.h **** #define IN_R in[1]
  63:../../../../Dependencies/libDaisy/src/daisy_core.h **** 
  64:../../../../Dependencies/libDaisy/src/daisy_core.h **** /** 
  65:../../../../Dependencies/libDaisy/src/daisy_core.h ****     Computes cube.
  66:../../../../Dependencies/libDaisy/src/daisy_core.h ****     \param x Number to be cubed
  67:../../../../Dependencies/libDaisy/src/daisy_core.h ****     \return x ^ 3
  68:../../../../Dependencies/libDaisy/src/daisy_core.h **** */
  69:../../../../Dependencies/libDaisy/src/daisy_core.h **** FORCE_INLINE float cube(float x)
  70:../../../../Dependencies/libDaisy/src/daisy_core.h **** {
  71:../../../../Dependencies/libDaisy/src/daisy_core.h ****     return (x * x) * x;
ARM GAS  C:\Users\Spencer\AppData\Local\Temp\ccWmt4tk.s 			page 66


  72:../../../../Dependencies/libDaisy/src/daisy_core.h **** }
  73:../../../../Dependencies/libDaisy/src/daisy_core.h **** 
  74:../../../../Dependencies/libDaisy/src/daisy_core.h **** /** 
  75:../../../../Dependencies/libDaisy/src/daisy_core.h ****     Converts unsigned 8-bit to float
  76:../../../../Dependencies/libDaisy/src/daisy_core.h ****     \param x Number to be scaled.
  77:../../../../Dependencies/libDaisy/src/daisy_core.h ****     \return Scaled number.
  78:../../../../Dependencies/libDaisy/src/daisy_core.h **** */
  79:../../../../Dependencies/libDaisy/src/daisy_core.h **** FORCE_INLINE float u82f(uint8_t x)
  80:../../../../Dependencies/libDaisy/src/daisy_core.h **** {
  81:../../../../Dependencies/libDaisy/src/daisy_core.h ****     return ((float)x - 127.f) * U82F_SCALE;
  82:../../../../Dependencies/libDaisy/src/daisy_core.h **** }
  83:../../../../Dependencies/libDaisy/src/daisy_core.h **** 
  84:../../../../Dependencies/libDaisy/src/daisy_core.h **** /**
  85:../../../../Dependencies/libDaisy/src/daisy_core.h ****     Converts float to unsigned 8-bit
  86:../../../../Dependencies/libDaisy/src/daisy_core.h **** */
  87:../../../../Dependencies/libDaisy/src/daisy_core.h **** FORCE_INLINE uint8_t f2u8(float x)
  88:../../../../Dependencies/libDaisy/src/daisy_core.h **** {
  89:../../../../Dependencies/libDaisy/src/daisy_core.h ****     x = x <= FBIPMIN ? FBIPMIN : x;
  90:../../../../Dependencies/libDaisy/src/daisy_core.h ****     x = x >= FBIPMAX ? FBIPMAX : x;
  91:../../../../Dependencies/libDaisy/src/daisy_core.h ****     return (uint8_t)((x * F2U8_SCALE) + F2U8_SCALE);
  92:../../../../Dependencies/libDaisy/src/daisy_core.h **** }
  93:../../../../Dependencies/libDaisy/src/daisy_core.h **** 
  94:../../../../Dependencies/libDaisy/src/daisy_core.h **** 
  95:../../../../Dependencies/libDaisy/src/daisy_core.h **** /** 
  96:../../../../Dependencies/libDaisy/src/daisy_core.h ****     Converts Signed 8-bit to float
  97:../../../../Dependencies/libDaisy/src/daisy_core.h ****     \param x Number to be scaled.
  98:../../../../Dependencies/libDaisy/src/daisy_core.h ****     \return Scaled number.
  99:../../../../Dependencies/libDaisy/src/daisy_core.h **** */
 100:../../../../Dependencies/libDaisy/src/daisy_core.h **** FORCE_INLINE float s82f(int8_t x)
 101:../../../../Dependencies/libDaisy/src/daisy_core.h **** {
 102:../../../../Dependencies/libDaisy/src/daisy_core.h ****     return (float)x * S82F_SCALE;
 103:../../../../Dependencies/libDaisy/src/daisy_core.h **** }
 104:../../../../Dependencies/libDaisy/src/daisy_core.h **** 
 105:../../../../Dependencies/libDaisy/src/daisy_core.h **** /**
 106:../../../../Dependencies/libDaisy/src/daisy_core.h ****     Converts float to Signed 8-bit
 107:../../../../Dependencies/libDaisy/src/daisy_core.h **** */
 108:../../../../Dependencies/libDaisy/src/daisy_core.h **** FORCE_INLINE int8_t f2s8(float x)
 109:../../../../Dependencies/libDaisy/src/daisy_core.h **** {
 110:../../../../Dependencies/libDaisy/src/daisy_core.h ****     x = x <= FBIPMIN ? FBIPMIN : x;
 111:../../../../Dependencies/libDaisy/src/daisy_core.h ****     x = x >= FBIPMAX ? FBIPMAX : x;
 112:../../../../Dependencies/libDaisy/src/daisy_core.h ****     return (int32_t)(x * F2S8_SCALE);
 113:../../../../Dependencies/libDaisy/src/daisy_core.h **** }
 114:../../../../Dependencies/libDaisy/src/daisy_core.h **** 
 115:../../../../Dependencies/libDaisy/src/daisy_core.h **** /** 
 116:../../../../Dependencies/libDaisy/src/daisy_core.h ****     Converts Signed 16-bit to float
 117:../../../../Dependencies/libDaisy/src/daisy_core.h ****     \param x Number to be scaled.
 118:../../../../Dependencies/libDaisy/src/daisy_core.h ****     \return Scaled number.
 119:../../../../Dependencies/libDaisy/src/daisy_core.h **** */
 120:../../../../Dependencies/libDaisy/src/daisy_core.h **** FORCE_INLINE float s162f(int16_t x)
 121:../../../../Dependencies/libDaisy/src/daisy_core.h **** {
 122:../../../../Dependencies/libDaisy/src/daisy_core.h ****     return (float)x * S162F_SCALE;
 123:../../../../Dependencies/libDaisy/src/daisy_core.h **** }
 124:../../../../Dependencies/libDaisy/src/daisy_core.h **** 
 125:../../../../Dependencies/libDaisy/src/daisy_core.h **** /**
 126:../../../../Dependencies/libDaisy/src/daisy_core.h ****     Converts float to Signed 16-bit
 127:../../../../Dependencies/libDaisy/src/daisy_core.h **** */
 128:../../../../Dependencies/libDaisy/src/daisy_core.h **** FORCE_INLINE int16_t f2s16(float x)
ARM GAS  C:\Users\Spencer\AppData\Local\Temp\ccWmt4tk.s 			page 67


 129:../../../../Dependencies/libDaisy/src/daisy_core.h **** {
 130:../../../../Dependencies/libDaisy/src/daisy_core.h ****     x = x <= FBIPMIN ? FBIPMIN : x;
 131:../../../../Dependencies/libDaisy/src/daisy_core.h ****     x = x >= FBIPMAX ? FBIPMAX : x;
 132:../../../../Dependencies/libDaisy/src/daisy_core.h ****     return (int32_t)(x * F2S16_SCALE);
 133:../../../../Dependencies/libDaisy/src/daisy_core.h **** }
 134:../../../../Dependencies/libDaisy/src/daisy_core.h **** 
 135:../../../../Dependencies/libDaisy/src/daisy_core.h **** /**
 136:../../../../Dependencies/libDaisy/src/daisy_core.h ****     Converts Signed 24-bit to float
 137:../../../../Dependencies/libDaisy/src/daisy_core.h ****  */
 138:../../../../Dependencies/libDaisy/src/daisy_core.h **** FORCE_INLINE float s242f(int32_t x)
 139:../../../../Dependencies/libDaisy/src/daisy_core.h **** {
 140:../../../../Dependencies/libDaisy/src/daisy_core.h ****     x = (x ^ S24SIGN) - S24SIGN; //sign extend aka ((x<<8)>>8)
 141:../../../../Dependencies/libDaisy/src/daisy_core.h ****     return (float)x * S242F_SCALE;
 142:../../../../Dependencies/libDaisy/src/daisy_core.h **** }
 143:../../../../Dependencies/libDaisy/src/daisy_core.h **** /**
 144:../../../../Dependencies/libDaisy/src/daisy_core.h ****     Converts float to Signed 24-bit
 145:../../../../Dependencies/libDaisy/src/daisy_core.h ****  */
 146:../../../../Dependencies/libDaisy/src/daisy_core.h **** FORCE_INLINE int32_t f2s24(float x)
 147:../../../../Dependencies/libDaisy/src/daisy_core.h **** {
 148:../../../../Dependencies/libDaisy/src/daisy_core.h ****     x = x <= FBIPMIN ? FBIPMIN : x;
 149:../../../../Dependencies/libDaisy/src/daisy_core.h ****     x = x >= FBIPMAX ? FBIPMAX : x;
 150:../../../../Dependencies/libDaisy/src/daisy_core.h ****     return (int32_t)(x * F2S24_SCALE);
 151:../../../../Dependencies/libDaisy/src/daisy_core.h **** }
 152:../../../../Dependencies/libDaisy/src/daisy_core.h **** 
 153:../../../../Dependencies/libDaisy/src/daisy_core.h **** /**
 154:../../../../Dependencies/libDaisy/src/daisy_core.h ****     Converts Signed 32-bit to float
 155:../../../../Dependencies/libDaisy/src/daisy_core.h ****  */
 156:../../../../Dependencies/libDaisy/src/daisy_core.h **** FORCE_INLINE float s322f(int32_t x)
 157:../../../../Dependencies/libDaisy/src/daisy_core.h **** {
 158:../../../../Dependencies/libDaisy/src/daisy_core.h ****     return (float)x * S322F_SCALE;
 159:../../../../Dependencies/libDaisy/src/daisy_core.h **** }
 160:../../../../Dependencies/libDaisy/src/daisy_core.h **** /**
 161:../../../../Dependencies/libDaisy/src/daisy_core.h ****     Converts float to Signed 24-bit
 162:../../../../Dependencies/libDaisy/src/daisy_core.h ****  */
 163:../../../../Dependencies/libDaisy/src/daisy_core.h **** FORCE_INLINE int32_t f2s32(float x)
 164:../../../../Dependencies/libDaisy/src/daisy_core.h **** {
 165:../../../../Dependencies/libDaisy/src/daisy_core.h ****     x = x <= FBIPMIN ? FBIPMIN : x;
 166:../../../../Dependencies/libDaisy/src/daisy_core.h ****     x = x >= FBIPMAX ? FBIPMAX : x;
 167:../../../../Dependencies/libDaisy/src/daisy_core.h ****     return (int32_t)(x * F2S32_SCALE);
 168:../../../../Dependencies/libDaisy/src/daisy_core.h **** }
 169:../../../../Dependencies/libDaisy/src/daisy_core.h **** 
 170:../../../../Dependencies/libDaisy/src/daisy_core.h **** #ifdef __cplusplus
 171:../../../../Dependencies/libDaisy/src/daisy_core.h **** 
 172:../../../../Dependencies/libDaisy/src/daisy_core.h **** namespace daisy
 173:../../../../Dependencies/libDaisy/src/daisy_core.h **** {
 174:../../../../Dependencies/libDaisy/src/daisy_core.h **** /** @brief GPIO Port names */
 175:../../../../Dependencies/libDaisy/src/daisy_core.h **** enum GPIOPort
 176:../../../../Dependencies/libDaisy/src/daisy_core.h **** {
 177:../../../../Dependencies/libDaisy/src/daisy_core.h ****     PORTA, /**< Port A */
 178:../../../../Dependencies/libDaisy/src/daisy_core.h ****     PORTB, /**< Port B */
 179:../../../../Dependencies/libDaisy/src/daisy_core.h ****     PORTC, /**< Port C */
 180:../../../../Dependencies/libDaisy/src/daisy_core.h ****     PORTD, /**< Port D */
 181:../../../../Dependencies/libDaisy/src/daisy_core.h ****     PORTE, /**< Port E */
 182:../../../../Dependencies/libDaisy/src/daisy_core.h ****     PORTF, /**< Port F */
 183:../../../../Dependencies/libDaisy/src/daisy_core.h ****     PORTG, /**< Port G */
 184:../../../../Dependencies/libDaisy/src/daisy_core.h ****     PORTH, /**< Port H */
 185:../../../../Dependencies/libDaisy/src/daisy_core.h ****     PORTI, /**< Port I */
ARM GAS  C:\Users\Spencer\AppData\Local\Temp\ccWmt4tk.s 			page 68


 186:../../../../Dependencies/libDaisy/src/daisy_core.h ****     PORTJ, /**< Port J */
 187:../../../../Dependencies/libDaisy/src/daisy_core.h ****     PORTK, /**< Port K */
 188:../../../../Dependencies/libDaisy/src/daisy_core.h ****     PORTX, /**< Used as a dummy port to signal an invalid pin. */
 189:../../../../Dependencies/libDaisy/src/daisy_core.h **** };
 190:../../../../Dependencies/libDaisy/src/daisy_core.h **** 
 191:../../../../Dependencies/libDaisy/src/daisy_core.h **** /** @brief representation of hardware port/pin combination */
 192:../../../../Dependencies/libDaisy/src/daisy_core.h **** struct Pin
 193:../../../../Dependencies/libDaisy/src/daisy_core.h **** {
 194:../../../../Dependencies/libDaisy/src/daisy_core.h ****     GPIOPort port;
 195:../../../../Dependencies/libDaisy/src/daisy_core.h ****     uint8_t  pin;
 196:../../../../Dependencies/libDaisy/src/daisy_core.h **** 
 197:../../../../Dependencies/libDaisy/src/daisy_core.h ****     /** @brief Constructor creates a valid pin. 
 198:../../../../Dependencies/libDaisy/src/daisy_core.h ****      *  @param pt GPIOPort between PA, and PK corresponding to STM32 Port.
 199:../../../../Dependencies/libDaisy/src/daisy_core.h ****      *  @param pn pin number in range of 0-15
 200:../../../../Dependencies/libDaisy/src/daisy_core.h ****     */
 201:../../../../Dependencies/libDaisy/src/daisy_core.h ****     constexpr Pin(const GPIOPort pt, const uint8_t pn) : port(pt), pin(pn) {}
 202:../../../../Dependencies/libDaisy/src/daisy_core.h **** 
 203:../../../../Dependencies/libDaisy/src/daisy_core.h ****     /** @brief Basic Constructor creates an invalid Pin object */
 204:../../../../Dependencies/libDaisy/src/daisy_core.h ****     constexpr Pin() : port(PORTX), pin(255) {}
 1410              		.loc 19 204 15 view .LVU340
 1411              	.LBB898:
 1412              		.loc 19 204 43 is_stmt 0 view .LVU341
 1413 00c6 0B23     		movs	r3, #11
 1414 00c8 02F8503C 		strb	r3, [r2, #-80]
 1415 00cc FF23     		movs	r3, #255
 1416 00ce 02F84F3C 		strb	r3, [r2, #-79]
 1417              	.LVL79:
 1418              		.loc 19 204 43 view .LVU342
 1419              	.LBE898:
 1420              	.LBE897:
  69:../../../../Dependencies/libDaisy/src/per/gpio.h ****         {
 1421              		.loc 18 69 73 view .LVU343
 1422 00d2 0023     		movs	r3, #0
 1423 00d4 42F84C3C 		str	r3, [r2, #-76]
 1424 00d8 42F8483C 		str	r3, [r2, #-72]
 1425 00dc 42F8443C 		str	r3, [r2, #-68]
 1426              	.LVL80:
  69:../../../../Dependencies/libDaisy/src/per/gpio.h ****         {
 1427              		.loc 18 69 73 view .LVU344
 1428              	.LBE896:
 1429              	.LBE895:
 1430              	.LBE894:
  31:../../../../Dependencies/libDaisy/src/per/adc.h **** {
 1431              		.loc 8 31 8 is_stmt 1 view .LVU345
 1432 00e0 A2F13C03 		sub	r3, r2, #60
 1433              	.L58:
 1434              	.LVL81:
 1435              	.LBB899:
 1436              	.LBI899:
 1437              		.loc 18 74 5 view .LVU346
 1438              	.LBB900:
 1439              	.LBI900:
  68:../../../../Dependencies/libDaisy/src/per/gpio.h ****         : pin(), mode(Mode::INPUT), pull(Pull::NOPULL), speed(Speed::LOW)
 1440              		.loc 18 68 9 view .LVU347
 1441              	.LBB901:
 1442              	.LBB902:
 1443              	.LBI902:
ARM GAS  C:\Users\Spencer\AppData\Local\Temp\ccWmt4tk.s 			page 69


 1444              		.loc 19 204 15 view .LVU348
 1445              	.LBB903:
 1446              		.loc 19 204 43 is_stmt 0 view .LVU349
 1447 00e4 0B21     		movs	r1, #11
 1448 00e6 1970     		strb	r1, [r3]
 1449 00e8 FF21     		movs	r1, #255
 1450 00ea 5970     		strb	r1, [r3, #1]
 1451              	.LVL82:
 1452              		.loc 19 204 43 view .LVU350
 1453              	.LBE903:
 1454              	.LBE902:
  69:../../../../Dependencies/libDaisy/src/per/gpio.h ****         {
 1455              		.loc 18 69 73 view .LVU351
 1456 00ec 0021     		movs	r1, #0
 1457 00ee 5960     		str	r1, [r3, #4]
 1458 00f0 9960     		str	r1, [r3, #8]
 1459 00f2 D960     		str	r1, [r3, #12]
 1460              	.LVL83:
  69:../../../../Dependencies/libDaisy/src/per/gpio.h ****         {
 1461              		.loc 18 69 73 view .LVU352
 1462              	.LBE901:
 1463              	.LBE900:
 1464              	.LBE899:
  31:../../../../Dependencies/libDaisy/src/per/adc.h **** {
 1465              		.loc 8 31 8 is_stmt 1 view .LVU353
  31:../../../../Dependencies/libDaisy/src/per/adc.h **** {
 1466              		.loc 8 31 8 view .LVU354
 1467 00f4 1433     		adds	r3, r3, #20
 1468 00f6 9342     		cmp	r3, r2
 1469 00f8 F4D1     		bne	.L58
 1470 00fa E1E7     		b	.L71
 1471              	.L73:
 1472              		.align	2
 1473              	.L72:
 1474 00fc 00000000 		.word	.LANCHOR12
 1475 0100 00000000 		.word	.LANCHOR13
 1476 0104 00000000 		.word	.LC0
 1477 0108 00000000 		.word	.LANCHOR15
 1478 010c 00000000 		.word	.LANCHOR14
 1479 0110 00000000 		.word	.LANCHOR17
 1480 0114 00000000 		.word	.LANCHOR16
 1481 0118 18000000 		.word	.LC1
 1482 011c 00000000 		.word	.LANCHOR18
 1483 0120 00000000 		.word	.LANCHOR19
 1484 0124 00000000 		.word	.LANCHOR20
 1485 0128 00000000 		.word	.LANCHOR21
 1486              	.LVL84:
 1487              	.L70:
  31:../../../../Dependencies/libDaisy/src/per/adc.h **** {
 1488              		.loc 8 31 8 is_stmt 0 view .LVU355
 1489              	.LBE893:
 1490              	.LBE892:
 411:Marigold.cpp  ****     adc_cfg[0].InitSingle(seed::D15);  // Decay
 1491              		.loc 14 411 5 is_stmt 1 discriminator 2 view .LVU356
 1492              		.loc 14 411 26 is_stmt 0 discriminator 2 view .LVU357
 1493 012c 0222     		movs	r2, #2
 1494 012e D14B     		ldr	r3, .L74
ARM GAS  C:\Users\Spencer\AppData\Local\Temp\ccWmt4tk.s 			page 70


 1495 0130 1968     		ldr	r1, [r3]
 1496 0132 0AA8     		add	r0, sp, #40
 1497 0134 FFF7FEFF 		bl	_ZN5daisy16AdcChannelConfig10InitSingleENS_3PinENS0_15ConversionSpeedE
 1498              	.LVL85:
 412:Marigold.cpp  ****     adc_cfg[1].InitSingle(seed::D16);  // Mix
 1499              		.loc 14 412 5 is_stmt 1 discriminator 2 view .LVU358
 1500              		.loc 14 412 26 is_stmt 0 discriminator 2 view .LVU359
 1501 0138 0222     		movs	r2, #2
 1502 013a CF4B     		ldr	r3, .L74+4
 1503 013c 1968     		ldr	r1, [r3]
 1504 013e 1FA8     		add	r0, sp, #124
 1505 0140 FFF7FEFF 		bl	_ZN5daisy16AdcChannelConfig10InitSingleENS_3PinENS0_15ConversionSpeedE
 1506              	.LVL86:
 413:Marigold.cpp  ****     adc_cfg[2].InitSingle(seed::D17);  // Damp
 1507              		.loc 14 413 5 is_stmt 1 discriminator 2 view .LVU360
 1508              		.loc 14 413 26 is_stmt 0 discriminator 2 view .LVU361
 1509 0144 0222     		movs	r2, #2
 1510 0146 CD4B     		ldr	r3, .L74+8
 1511 0148 1968     		ldr	r1, [r3]
 1512 014a 34A8     		add	r0, sp, #208
 1513 014c FFF7FEFF 		bl	_ZN5daisy16AdcChannelConfig10InitSingleENS_3PinENS0_15ConversionSpeedE
 1514              	.LVL87:
 414:Marigold.cpp  ****     adc_cfg[3].InitSingle(seed::D18);  // Shimmer
 1515              		.loc 14 414 5 is_stmt 1 discriminator 2 view .LVU362
 1516              		.loc 14 414 26 is_stmt 0 discriminator 2 view .LVU363
 1517 0150 0222     		movs	r2, #2
 1518 0152 CB4B     		ldr	r3, .L74+12
 1519 0154 1968     		ldr	r1, [r3]
 1520 0156 49A8     		add	r0, sp, #292
 1521 0158 FFF7FEFF 		bl	_ZN5daisy16AdcChannelConfig10InitSingleENS_3PinENS0_15ConversionSpeedE
 1522              	.LVL88:
 415:Marigold.cpp  ****     adc_cfg[4].InitSingle(seed::D19);  // Shimmer Tone
 1523              		.loc 14 415 5 is_stmt 1 discriminator 2 view .LVU364
 1524              		.loc 14 415 26 is_stmt 0 discriminator 2 view .LVU365
 1525 015c 0222     		movs	r2, #2
 1526 015e C94B     		ldr	r3, .L74+16
 1527 0160 1968     		ldr	r1, [r3]
 1528 0162 5EA8     		add	r0, sp, #376
 1529 0164 FFF7FEFF 		bl	_ZN5daisy16AdcChannelConfig10InitSingleENS_3PinENS0_15ConversionSpeedE
 1530              	.LVL89:
 416:Marigold.cpp  ****     adc_cfg[5].InitSingle(seed::D20);  // Detune
 1531              		.loc 14 416 5 is_stmt 1 discriminator 2 view .LVU366
 1532              		.loc 14 416 26 is_stmt 0 discriminator 2 view .LVU367
 1533 0168 0222     		movs	r2, #2
 1534 016a C74B     		ldr	r3, .L74+20
 1535 016c 1968     		ldr	r1, [r3]
 1536 016e 73A8     		add	r0, sp, #460
 1537 0170 FFF7FEFF 		bl	_ZN5daisy16AdcChannelConfig10InitSingleENS_3PinENS0_15ConversionSpeedE
 1538              	.LVL90:
 417:Marigold.cpp  ****     hw.adc.Init(adc_cfg, 6);
 1539              		.loc 14 417 5 is_stmt 1 discriminator 2 view .LVU368
 1540              		.loc 14 417 16 is_stmt 0 discriminator 2 view .LVU369
 1541 0174 C54D     		ldr	r5, .L74+24
 1542 0176 05F11804 		add	r4, r5, #24
 1543 017a 0423     		movs	r3, #4
 1544 017c 0622     		movs	r2, #6
 1545 017e 0AA9     		add	r1, sp, #40
ARM GAS  C:\Users\Spencer\AppData\Local\Temp\ccWmt4tk.s 			page 71


 1546 0180 2046     		mov	r0, r4
 1547 0182 FFF7FEFF 		bl	_ZN5daisy9AdcHandle4InitEPNS_16AdcChannelConfigEjNS0_12OverSamplingE
 1548              	.LVL91:
 418:Marigold.cpp  **** 
 419:Marigold.cpp  ****     float cb_rate = hw.AudioCallbackRate();
 1549              		.loc 14 419 5 is_stmt 1 discriminator 2 view .LVU370
 1550              		.loc 14 419 41 is_stmt 0 discriminator 2 view .LVU371
 1551 0186 2846     		mov	r0, r5
 1552 0188 FFF7FEFF 		bl	_ZNK5daisy9DaisySeed17AudioCallbackRateEv
 1553              	.LVL92:
 1554 018c B0EE408A 		vmov.f32	s16, s0
 1555              	.LVL93:
 420:Marigold.cpp  **** 
 421:Marigold.cpp  ****     // ------------------------------------------------------------
 422:Marigold.cpp  ****     // Analog control initialization (raw ADC -> normalized controls)
 423:Marigold.cpp  ****     // ------------------------------------------------------------
 424:Marigold.cpp  ****     // These six controls map directly to A0-A5 / D15-D20 in order.
 425:Marigold.cpp  ****     // Keeping this explicit and in-order makes future hardware debugging easier.
 426:Marigold.cpp  ****     knob_ctrl_decay.Init(        hw.adc.GetPtr(0), cb_rate);  // KNOB 1: Decay
 1556              		.loc 14 426 5 is_stmt 1 discriminator 2 view .LVU372
 1557              		.loc 14 426 25 is_stmt 0 discriminator 2 view .LVU373
 1558 0190 0021     		movs	r1, #0
 1559 0192 2046     		mov	r0, r4
 1560 0194 FFF7FEFF 		bl	_ZNK5daisy9AdcHandle6GetPtrEh
 1561              	.LVL94:
 1562              		.loc 14 426 25 discriminator 2 view .LVU374
 1563 0198 0146     		mov	r1, r0
 1564 019a DFEDBD8A 		vldr.32	s17, .L74+28
 1565 019e DFF87093 		ldr	r9, .L74+156
 1566 01a2 F0EE680A 		vmov.f32	s1, s17
 1567 01a6 0023     		movs	r3, #0
 1568 01a8 1A46     		mov	r2, r3
 1569 01aa B0EE480A 		vmov.f32	s0, s16
 1570 01ae 4846     		mov	r0, r9
 1571 01b0 FFF7FEFF 		bl	_ZN5daisy13AnalogControl4InitEPtfbbf
 1572              	.LVL95:
 427:Marigold.cpp  ****     knob_ctrl_mix.Init(          hw.adc.GetPtr(1), cb_rate);  // KNOB 2: Mix
 1573              		.loc 14 427 5 is_stmt 1 discriminator 2 view .LVU375
 1574              		.loc 14 427 23 is_stmt 0 discriminator 2 view .LVU376
 1575 01b4 0121     		movs	r1, #1
 1576 01b6 2046     		mov	r0, r4
 1577 01b8 FFF7FEFF 		bl	_ZNK5daisy9AdcHandle6GetPtrEh
 1578              	.LVL96:
 1579 01bc 0146     		mov	r1, r0
 1580 01be DFF85483 		ldr	r8, .L74+160
 1581 01c2 F0EE680A 		vmov.f32	s1, s17
 1582 01c6 0023     		movs	r3, #0
 1583 01c8 1A46     		mov	r2, r3
 1584 01ca B0EE480A 		vmov.f32	s0, s16
 1585 01ce 4046     		mov	r0, r8
 1586 01d0 FFF7FEFF 		bl	_ZN5daisy13AnalogControl4InitEPtfbbf
 1587              	.LVL97:
 428:Marigold.cpp  ****     knob_ctrl_damp.Init(         hw.adc.GetPtr(2), cb_rate);  // KNOB 3: Damp
 1588              		.loc 14 428 5 is_stmt 1 discriminator 2 view .LVU377
 1589              		.loc 14 428 24 is_stmt 0 discriminator 2 view .LVU378
 1590 01d4 0221     		movs	r1, #2
 1591 01d6 2046     		mov	r0, r4
ARM GAS  C:\Users\Spencer\AppData\Local\Temp\ccWmt4tk.s 			page 72


 1592 01d8 FFF7FEFF 		bl	_ZNK5daisy9AdcHandle6GetPtrEh
 1593              	.LVL98:
 1594 01dc 0146     		mov	r1, r0
 1595 01de AD4F     		ldr	r7, .L74+32
 1596 01e0 F0EE680A 		vmov.f32	s1, s17
 1597 01e4 0023     		movs	r3, #0
 1598 01e6 1A46     		mov	r2, r3
 1599 01e8 B0EE480A 		vmov.f32	s0, s16
 1600 01ec 3846     		mov	r0, r7
 1601 01ee FFF7FEFF 		bl	_ZN5daisy13AnalogControl4InitEPtfbbf
 1602              	.LVL99:
 429:Marigold.cpp  ****     knob_ctrl_shimmer.Init(      hw.adc.GetPtr(3), cb_rate);  // KNOB 4: Shimmer
 1603              		.loc 14 429 5 is_stmt 1 discriminator 2 view .LVU379
 1604              		.loc 14 429 27 is_stmt 0 discriminator 2 view .LVU380
 1605 01f2 0321     		movs	r1, #3
 1606 01f4 2046     		mov	r0, r4
 1607 01f6 FFF7FEFF 		bl	_ZNK5daisy9AdcHandle6GetPtrEh
 1608              	.LVL100:
 1609 01fa 0146     		mov	r1, r0
 1610 01fc A64E     		ldr	r6, .L74+36
 1611 01fe F0EE680A 		vmov.f32	s1, s17
 1612 0202 0023     		movs	r3, #0
 1613 0204 1A46     		mov	r2, r3
 1614 0206 B0EE480A 		vmov.f32	s0, s16
 1615 020a 3046     		mov	r0, r6
 1616 020c FFF7FEFF 		bl	_ZN5daisy13AnalogControl4InitEPtfbbf
 1617              	.LVL101:
 430:Marigold.cpp  ****     knob_ctrl_shimmer_tone.Init( hw.adc.GetPtr(4), cb_rate);  // KNOB 5: Shimmer Tone
 1618              		.loc 14 430 5 is_stmt 1 discriminator 2 view .LVU381
 1619              		.loc 14 430 32 is_stmt 0 discriminator 2 view .LVU382
 1620 0210 0421     		movs	r1, #4
 1621 0212 2046     		mov	r0, r4
 1622 0214 FFF7FEFF 		bl	_ZNK5daisy9AdcHandle6GetPtrEh
 1623              	.LVL102:
 1624 0218 0146     		mov	r1, r0
 1625 021a A04D     		ldr	r5, .L74+40
 1626 021c F0EE680A 		vmov.f32	s1, s17
 1627 0220 0023     		movs	r3, #0
 1628 0222 1A46     		mov	r2, r3
 1629 0224 B0EE480A 		vmov.f32	s0, s16
 1630 0228 2846     		mov	r0, r5
 1631 022a FFF7FEFF 		bl	_ZN5daisy13AnalogControl4InitEPtfbbf
 1632              	.LVL103:
 431:Marigold.cpp  ****     knob_ctrl_detune.Init(       hw.adc.GetPtr(5), cb_rate);  // KNOB 6: Detune
 1633              		.loc 14 431 5 is_stmt 1 discriminator 2 view .LVU383
 1634              		.loc 14 431 26 is_stmt 0 discriminator 2 view .LVU384
 1635 022e 0521     		movs	r1, #5
 1636 0230 2046     		mov	r0, r4
 1637 0232 FFF7FEFF 		bl	_ZNK5daisy9AdcHandle6GetPtrEh
 1638              	.LVL104:
 1639 0236 0146     		mov	r1, r0
 1640 0238 994C     		ldr	r4, .L74+44
 1641 023a F0EE680A 		vmov.f32	s1, s17
 1642 023e 0023     		movs	r3, #0
 1643 0240 1A46     		mov	r2, r3
 1644 0242 B0EE480A 		vmov.f32	s0, s16
 1645 0246 2046     		mov	r0, r4
ARM GAS  C:\Users\Spencer\AppData\Local\Temp\ccWmt4tk.s 			page 73


 1646 0248 FFF7FEFF 		bl	_ZN5daisy13AnalogControl4InitEPtfbbf
 1647              	.LVL105:
 432:Marigold.cpp  **** 
 433:Marigold.cpp  ****     // ------------------------------------------------------------
 434:Marigold.cpp  ****     // Parameter mapping initialization (normalized control -> DSP range)
 435:Marigold.cpp  ****     // ------------------------------------------------------------
 436:Marigold.cpp  ****     // NOTE:
 437:Marigold.cpp  ****     // - Parameter::Init signature is (AnalogControl input, min, max, curve)
 438:Marigold.cpp  ****     // - We keep the same ranges and curves as the original Venus implementation.
 439:Marigold.cpp  ****     decay.Init(       knob_ctrl_decay,        0.0f,  1.0f,  Parameter::LINEAR);
 1648              		.loc 14 439 5 is_stmt 1 discriminator 2 view .LVU385
 1649              		.loc 14 439 15 is_stmt 0 discriminator 2 view .LVU386
 1650 024c 0DF1080E 		add	lr, sp, #8
 1651 0250 CC46     		mov	ip, r9
 1652 0252 BCE80F00 		ldmia	ip!, {r0, r1, r2, r3}
 1653 0256 AEE80F00 		stmia	lr!, {r0, r1, r2, r3}
 1654 025a 9CE80F00 		ldm	ip, {r0, r1, r2, r3}
 1655 025e 8EE80F00 		stm	lr, {r0, r1, r2, r3}
 1656 0262 DFED908A 		vldr.32	s17, .L74+48
 1657 0266 0022     		movs	r2, #0
 1658 0268 F7EE000A 		vmov.f32	s1, #1.0e+0
 1659 026c B0EE680A 		vmov.f32	s0, s17
 1660 0270 02A9     		add	r1, sp, #8
 1661 0272 8D48     		ldr	r0, .L74+52
 1662 0274 FFF7FEFF 		bl	_ZN5daisy9Parameter4InitENS_13AnalogControlEffNS0_5CurveE
 1663              	.LVL106:
 1664              	.LBB904:
 1665              	.LBI904:
 1666              		.loc 1 23 5 is_stmt 1 discriminator 2 view .LVU387
 1667              		.loc 1 23 5 is_stmt 0 discriminator 2 view .LVU388
 1668              	.LBE904:
 440:Marigold.cpp  ****     mix.Init(         knob_ctrl_mix,          0.0f,  1.0f,  Parameter::LINEAR);
 1669              		.loc 14 440 5 is_stmt 1 discriminator 2 view .LVU389
 1670              		.loc 14 440 13 is_stmt 0 discriminator 2 view .LVU390
 1671 0278 0DF1080E 		add	lr, sp, #8
 1672 027c C446     		mov	ip, r8
 1673 027e BCE80F00 		ldmia	ip!, {r0, r1, r2, r3}
 1674 0282 AEE80F00 		stmia	lr!, {r0, r1, r2, r3}
 1675 0286 9CE80F00 		ldm	ip, {r0, r1, r2, r3}
 1676 028a 8EE80F00 		stm	lr, {r0, r1, r2, r3}
 1677 028e 0022     		movs	r2, #0
 1678 0290 F7EE000A 		vmov.f32	s1, #1.0e+0
 1679 0294 B0EE680A 		vmov.f32	s0, s17
 1680 0298 02A9     		add	r1, sp, #8
 1681 029a 8448     		ldr	r0, .L74+56
 1682 029c FFF7FEFF 		bl	_ZN5daisy9Parameter4InitENS_13AnalogControlEffNS0_5CurveE
 1683              	.LVL107:
 1684              	.LBB905:
 1685              	.LBI905:
 1686              		.loc 1 23 5 is_stmt 1 discriminator 2 view .LVU391
 1687              		.loc 1 23 5 is_stmt 0 discriminator 2 view .LVU392
 1688              	.LBE905:
 441:Marigold.cpp  ****     damp.Init(        knob_ctrl_damp,         0.0f,  1.0f,  Parameter::EXPONENTIAL);
 1689              		.loc 14 441 5 is_stmt 1 discriminator 2 view .LVU393
 1690              		.loc 14 441 14 is_stmt 0 discriminator 2 view .LVU394
 1691 02a0 0DF1080E 		add	lr, sp, #8
 1692 02a4 BC46     		mov	ip, r7
ARM GAS  C:\Users\Spencer\AppData\Local\Temp\ccWmt4tk.s 			page 74


 1693 02a6 BCE80F00 		ldmia	ip!, {r0, r1, r2, r3}
 1694 02aa AEE80F00 		stmia	lr!, {r0, r1, r2, r3}
 1695 02ae 9CE80F00 		ldm	ip, {r0, r1, r2, r3}
 1696 02b2 8EE80F00 		stm	lr, {r0, r1, r2, r3}
 1697 02b6 0122     		movs	r2, #1
 1698 02b8 F7EE000A 		vmov.f32	s1, #1.0e+0
 1699 02bc B0EE680A 		vmov.f32	s0, s17
 1700 02c0 02A9     		add	r1, sp, #8
 1701 02c2 7B48     		ldr	r0, .L74+60
 1702 02c4 FFF7FEFF 		bl	_ZN5daisy9Parameter4InitENS_13AnalogControlEffNS0_5CurveE
 1703              	.LVL108:
 1704              	.LBB906:
 1705              	.LBI906:
 1706              		.loc 1 23 5 is_stmt 1 discriminator 2 view .LVU395
 1707              		.loc 1 23 5 is_stmt 0 discriminator 2 view .LVU396
 1708              	.LBE906:
 442:Marigold.cpp  ****     shimmer.Init(     knob_ctrl_shimmer,      0.0f,  0.1f,  Parameter::LINEAR);
 1709              		.loc 14 442 5 is_stmt 1 discriminator 2 view .LVU397
 1710              		.loc 14 442 17 is_stmt 0 discriminator 2 view .LVU398
 1711 02c8 02AF     		add	r7, sp, #8
 1712 02ca B446     		mov	ip, r6
 1713 02cc BCE80F00 		ldmia	ip!, {r0, r1, r2, r3}
 1714 02d0 0FC7     		stmia	r7!, {r0, r1, r2, r3}
 1715 02d2 9CE80F00 		ldm	ip, {r0, r1, r2, r3}
 1716 02d6 87E80F00 		stm	r7, {r0, r1, r2, r3}
 1717 02da 0022     		movs	r2, #0
 1718 02dc DFED750A 		vldr.32	s1, .L74+64
 1719 02e0 B0EE680A 		vmov.f32	s0, s17
 1720 02e4 02A9     		add	r1, sp, #8
 1721 02e6 7448     		ldr	r0, .L74+68
 1722 02e8 FFF7FEFF 		bl	_ZN5daisy9Parameter4InitENS_13AnalogControlEffNS0_5CurveE
 1723              	.LVL109:
 1724              	.LBB907:
 1725              	.LBI907:
 1726              		.loc 1 23 5 is_stmt 1 discriminator 2 view .LVU399
 1727              		.loc 1 23 5 is_stmt 0 discriminator 2 view .LVU400
 1728              	.LBE907:
 443:Marigold.cpp  ****     shimmer_tone.Init(knob_ctrl_shimmer_tone, 0.0f,  0.3f,  Parameter::LINEAR);
 1729              		.loc 14 443 5 is_stmt 1 discriminator 2 view .LVU401
 1730              		.loc 14 443 22 is_stmt 0 discriminator 2 view .LVU402
 1731 02ec 02AE     		add	r6, sp, #8
 1732 02ee 0FCD     		ldmia	r5!, {r0, r1, r2, r3}
 1733 02f0 0FC6     		stmia	r6!, {r0, r1, r2, r3}
 1734 02f2 95E80F00 		ldm	r5, {r0, r1, r2, r3}
 1735 02f6 86E80F00 		stm	r6, {r0, r1, r2, r3}
 1736 02fa 0022     		movs	r2, #0
 1737 02fc DFED6F0A 		vldr.32	s1, .L74+72
 1738 0300 B0EE680A 		vmov.f32	s0, s17
 1739 0304 02A9     		add	r1, sp, #8
 1740 0306 6E48     		ldr	r0, .L74+76
 1741 0308 FFF7FEFF 		bl	_ZN5daisy9Parameter4InitENS_13AnalogControlEffNS0_5CurveE
 1742              	.LVL110:
 1743              	.LBB908:
 1744              	.LBI908:
 1745              		.loc 1 23 5 is_stmt 1 discriminator 2 view .LVU403
 1746              		.loc 1 23 5 is_stmt 0 discriminator 2 view .LVU404
 1747              	.LBE908:
ARM GAS  C:\Users\Spencer\AppData\Local\Temp\ccWmt4tk.s 			page 75


 444:Marigold.cpp  ****     detune.Init(      knob_ctrl_detune,      -0.15f, 0.15f, Parameter::LINEAR);
 1748              		.loc 14 444 5 is_stmt 1 discriminator 2 view .LVU405
 1749              		.loc 14 444 16 is_stmt 0 discriminator 2 view .LVU406
 1750 030c 02AD     		add	r5, sp, #8
 1751 030e 0FCC     		ldmia	r4!, {r0, r1, r2, r3}
 1752 0310 0FC5     		stmia	r5!, {r0, r1, r2, r3}
 1753 0312 94E80F00 		ldm	r4, {r0, r1, r2, r3}
 1754 0316 85E80F00 		stm	r5, {r0, r1, r2, r3}
 1755 031a 0022     		movs	r2, #0
 1756 031c DFED690A 		vldr.32	s1, .L74+80
 1757 0320 9FED690A 		vldr.32	s0, .L74+84
 1758 0324 02A9     		add	r1, sp, #8
 1759 0326 6948     		ldr	r0, .L74+88
 1760 0328 FFF7FEFF 		bl	_ZN5daisy9Parameter4InitENS_13AnalogControlEffNS0_5CurveE
 1761              	.LVL111:
 1762              	.LBB909:
 1763              	.LBI909:
 1764              		.loc 1 23 5 is_stmt 1 discriminator 2 view .LVU407
 1765              		.loc 1 23 5 is_stmt 0 discriminator 2 view .LVU408
 1766              	.LBE909:
 445:Marigold.cpp  **** 
 446:Marigold.cpp  ****     // --- LED init ---
 447:Marigold.cpp  ****     led1.Init(seed::D22, false, cb_rate);
 1767              		.loc 14 447 5 is_stmt 1 discriminator 2 view .LVU409
 1768              		.loc 14 447 14 is_stmt 0 discriminator 2 view .LVU410
 1769 032c 684D     		ldr	r5, .L74+92
 1770 032e B0EE480A 		vmov.f32	s0, s16
 1771 0332 0022     		movs	r2, #0
 1772 0334 674B     		ldr	r3, .L74+96
 1773 0336 1968     		ldr	r1, [r3]
 1774 0338 2846     		mov	r0, r5
 1775 033a FFF7FEFF 		bl	_ZN5daisy3Led4InitENS_3PinEbf
 1776              	.LVL112:
 448:Marigold.cpp  ****     led2.Init(seed::D23, false, cb_rate);
 1777              		.loc 14 448 5 is_stmt 1 discriminator 2 view .LVU411
 1778              		.loc 14 448 14 is_stmt 0 discriminator 2 view .LVU412
 1779 033e 664C     		ldr	r4, .L74+100
 1780 0340 B0EE480A 		vmov.f32	s0, s16
 1781 0344 0022     		movs	r2, #0
 1782 0346 654B     		ldr	r3, .L74+104
 1783 0348 1968     		ldr	r1, [r3]
 1784 034a 2046     		mov	r0, r4
 1785 034c FFF7FEFF 		bl	_ZN5daisy3Led4InitENS_3PinEbf
 1786              	.LVL113:
 449:Marigold.cpp  ****     led1.Set(0.0f);  // bypass = on, LED off
 1787              		.loc 14 449 5 is_stmt 1 discriminator 2 view .LVU413
 1788              		.loc 14 449 13 is_stmt 0 discriminator 2 view .LVU414
 1789 0350 B0EE680A 		vmov.f32	s0, s17
 1790 0354 2846     		mov	r0, r5
 1791 0356 FFF7FEFF 		bl	_ZN5daisy3Led3SetEf
 1792              	.LVL114:
 450:Marigold.cpp  ****     led2.Set(0.0f);
 1793              		.loc 14 450 5 is_stmt 1 discriminator 2 view .LVU415
 1794              		.loc 14 450 13 is_stmt 0 discriminator 2 view .LVU416
 1795 035a B0EE680A 		vmov.f32	s0, s17
 1796 035e 2046     		mov	r0, r4
 1797 0360 FFF7FEFF 		bl	_ZN5daisy3Led3SetEf
ARM GAS  C:\Users\Spencer\AppData\Local\Temp\ccWmt4tk.s 			page 76


 1798              	.LVL115:
 451:Marigold.cpp  ****     led1.Update();
 1799              		.loc 14 451 5 is_stmt 1 discriminator 2 view .LVU417
 1800              		.loc 14 451 16 is_stmt 0 discriminator 2 view .LVU418
 1801 0364 2846     		mov	r0, r5
 1802 0366 FFF7FEFF 		bl	_ZN5daisy3Led6UpdateEv
 1803              	.LVL116:
 452:Marigold.cpp  ****     led2.Update();
 1804              		.loc 14 452 5 is_stmt 1 discriminator 2 view .LVU419
 1805              		.loc 14 452 16 is_stmt 0 discriminator 2 view .LVU420
 1806 036a 2046     		mov	r0, r4
 1807 036c FFF7FEFF 		bl	_ZN5daisy3Led6UpdateEv
 1808              	.LVL117:
 453:Marigold.cpp  **** 
 454:Marigold.cpp  ****     // --- Reverb energy buffer clear ---
 455:Marigold.cpp  ****     for (size_t i = 0; i < N / 2; i++)
 1809              		.loc 14 455 5 is_stmt 1 discriminator 2 view .LVU421
 1810              	.LBB910:
 1811              		.loc 14 455 26 discriminator 2 view .LVU422
 1812 0370 5B4B     		ldr	r3, .L74+108
 1813 0372 03F50051 		add	r1, r3, #8192
 1814              	.LVL118:
 1815              	.L60:
 456:Marigold.cpp  ****         reverb_energy[i] = 0.0f;
 1816              		.loc 14 456 9 discriminator 2 view .LVU423
 1817              		.loc 14 456 26 is_stmt 0 discriminator 2 view .LVU424
 1818 0376 0022     		movs	r2, #0
 1819 0378 43F8042B 		str	r2, [r3], #4	@ float
 455:Marigold.cpp  ****         reverb_energy[i] = 0.0f;
 1820              		.loc 14 455 5 is_stmt 1 discriminator 2 view .LVU425
 455:Marigold.cpp  ****         reverb_energy[i] = 0.0f;
 1821              		.loc 14 455 26 discriminator 2 view .LVU426
 1822 037c 8B42     		cmp	r3, r1
 1823 037e FAD1     		bne	.L60
 1824              	.LBE910:
 457:Marigold.cpp  **** 
 458:Marigold.cpp  ****     // --- FFT / STFT init ---
 459:Marigold.cpp  ****     fft  = new ShyFFT<float, N, RotationPhasor>();
 1825              		.loc 14 459 5 view .LVU427
 1826              		.loc 14 459 49 is_stmt 0 view .LVU428
 1827 0380 5C20     		movs	r0, #92
 1828 0382 FFF7FEFF 		bl	_Znwj
 1829              	.LVL119:
 1830 0386 0446     		mov	r4, r0
 1831              	.LVL120:
 1832              	.LBB911:
 1833              	.LBI911:
 1834              		.file 20 "shy_fft.h"
   1:shy_fft.h     **** // Copyright 2014 Emilie Gillet.
   2:shy_fft.h     **** //
   3:shy_fft.h     **** // Author: Emilie Gillet (emilie.o.gillet@gmail.com)
   4:shy_fft.h     **** //
   5:shy_fft.h     **** // Permission is hereby granted, free of charge, to any person obtaining a copy
   6:shy_fft.h     **** // of this software and associated documentation files (the "Software"), to deal
   7:shy_fft.h     **** // in the Software without restriction, including without limitation the rights
   8:shy_fft.h     **** // to use, copy, modify, merge, publish, distribute, sublicense, and/or sell
   9:shy_fft.h     **** // copies of the Software, and to permit persons to whom the Software is
ARM GAS  C:\Users\Spencer\AppData\Local\Temp\ccWmt4tk.s 			page 77


  10:shy_fft.h     **** // furnished to do so, subject to the following conditions:
  11:shy_fft.h     **** //
  12:shy_fft.h     **** // The above copyright notice and this permission notice shall be included in
  13:shy_fft.h     **** // all copies or substantial portions of the Software.
  14:shy_fft.h     **** //
  15:shy_fft.h     **** // THE SOFTWARE IS PROVIDED "AS IS", WITHOUT WARRANTY OF ANY KIND, EXPRESS OR
  16:shy_fft.h     **** // IMPLIED, INCLUDING BUT NOT LIMITED TO THE WARRANTIES OF MERCHANTABILITY,
  17:shy_fft.h     **** // FITNESS FOR A PARTICULAR PURPOSE AND NONINFRINGEMENT. IN NO EVENT SHALL THE
  18:shy_fft.h     **** // AUTHORS OR COPYRIGHT HOLDERS BE LIABLE FOR ANY CLAIM, DAMAGES OR OTHER
  19:shy_fft.h     **** // LIABILITY, WHETHER IN AN ACTION OF CONTRACT, TORT OR OTHERWISE, ARISING FROM,
  20:shy_fft.h     **** // OUT OF OR IN CONNECTION WITH THE SOFTWARE OR THE USE OR OTHER DEALINGS IN
  21:shy_fft.h     **** // THE SOFTWARE.
  22:shy_fft.h     **** //
  23:shy_fft.h     **** // See http://creativecommons.org/licenses/MIT/ for more information.
  24:shy_fft.h     **** //
  25:shy_fft.h     **** // -----------------------------------------------------------------------------
  26:shy_fft.h     **** //
  27:shy_fft.h     **** // A modest implementation of real FFT for embedded audio applications,
  28:shy_fft.h     **** // largely based on Laurent de Soras' FFTReal.
  29:shy_fft.h     **** //
  30:shy_fft.h     **** // Improvements:
  31:shy_fft.h     **** // * No dynamic allocations.
  32:shy_fft.h     **** // * No additional buffering (can use the input buffer as a workspace).
  33:shy_fft.h     **** // * No big bitrev lookup table.
  34:shy_fft.h     **** // * Keep the fixed size template signature, but also provide method for
  35:shy_fft.h     **** //   variable size (up to the fixed size).
  36:shy_fft.h     **** 
  37:shy_fft.h     **** #ifndef STMLIB_FFT_SHY_FFT_H_
  38:shy_fft.h     **** #define STMLIB_FFT_SHY_FFT_H_
  39:shy_fft.h     **** 
  40:shy_fft.h     **** #include <algorithm>
  41:shy_fft.h     **** #include <cmath>
  42:shy_fft.h     **** 
  43:shy_fft.h     **** // Compile-time log 2
  44:shy_fft.h     **** template <size_t x>
  45:shy_fft.h     **** struct Log2
  46:shy_fft.h     **** {
  47:shy_fft.h     ****     enum
  48:shy_fft.h     ****     {
  49:shy_fft.h     ****         value = Log2<x / 2>::value + 1
  50:shy_fft.h     ****     };
  51:shy_fft.h     ****     typedef char CheckPowerOf2[((x & (x - 1)) == 0 ? 1 : -1)];
  52:shy_fft.h     **** };
  53:shy_fft.h     **** 
  54:shy_fft.h     **** template <>
  55:shy_fft.h     **** struct Log2<1>
  56:shy_fft.h     **** {
  57:shy_fft.h     ****     enum
  58:shy_fft.h     ****     {
  59:shy_fft.h     ****         value = 0
  60:shy_fft.h     ****     };
  61:shy_fft.h     **** };
  62:shy_fft.h     **** 
  63:shy_fft.h     **** 
  64:shy_fft.h     **** // Bit reversal LUT size.
  65:shy_fft.h     **** template <size_t>
  66:shy_fft.h     **** struct BitReversalLut
ARM GAS  C:\Users\Spencer\AppData\Local\Temp\ccWmt4tk.s 			page 78


  67:shy_fft.h     **** {
  68:shy_fft.h     ****     enum
  69:shy_fft.h     ****     {
  70:shy_fft.h     ****         size = 1
  71:shy_fft.h     ****     };
  72:shy_fft.h     **** };
  73:shy_fft.h     **** template <>
  74:shy_fft.h     **** struct BitReversalLut<3>
  75:shy_fft.h     **** {
  76:shy_fft.h     ****     enum
  77:shy_fft.h     ****     {
  78:shy_fft.h     ****         size = 2
  79:shy_fft.h     ****     };
  80:shy_fft.h     **** };
  81:shy_fft.h     **** template <>
  82:shy_fft.h     **** struct BitReversalLut<4>
  83:shy_fft.h     **** {
  84:shy_fft.h     ****     enum
  85:shy_fft.h     ****     {
  86:shy_fft.h     ****         size = 4
  87:shy_fft.h     ****     };
  88:shy_fft.h     **** };
  89:shy_fft.h     **** template <>
  90:shy_fft.h     **** struct BitReversalLut<5>
  91:shy_fft.h     **** {
  92:shy_fft.h     ****     enum
  93:shy_fft.h     ****     {
  94:shy_fft.h     ****         size = 8
  95:shy_fft.h     ****     };
  96:shy_fft.h     **** };
  97:shy_fft.h     **** template <>
  98:shy_fft.h     **** struct BitReversalLut<6>
  99:shy_fft.h     **** {
 100:shy_fft.h     ****     enum
 101:shy_fft.h     ****     {
 102:shy_fft.h     ****         size = 16
 103:shy_fft.h     ****     };
 104:shy_fft.h     **** };
 105:shy_fft.h     **** template <>
 106:shy_fft.h     **** struct BitReversalLut<7>
 107:shy_fft.h     **** {
 108:shy_fft.h     ****     enum
 109:shy_fft.h     ****     {
 110:shy_fft.h     ****         size = 32
 111:shy_fft.h     ****     };
 112:shy_fft.h     **** };
 113:shy_fft.h     **** template <>
 114:shy_fft.h     **** struct BitReversalLut<8>
 115:shy_fft.h     **** {
 116:shy_fft.h     ****     enum
 117:shy_fft.h     ****     {
 118:shy_fft.h     ****         size = 64
 119:shy_fft.h     ****     };
 120:shy_fft.h     **** };
 121:shy_fft.h     **** 
 122:shy_fft.h     **** 
 123:shy_fft.h     **** // Typed math functions and constants.
ARM GAS  C:\Users\Spencer\AppData\Local\Temp\ccWmt4tk.s 			page 79


 124:shy_fft.h     **** template <typename T>
 125:shy_fft.h     **** struct Math
 126:shy_fft.h     **** {
 127:shy_fft.h     ****     inline T pi() const;
 128:shy_fft.h     ****     inline T sqrt_2_div_2() const;
 129:shy_fft.h     ****     inline T cos(T x);
 130:shy_fft.h     ****     inline T sin(T x);
 131:shy_fft.h     **** };
 132:shy_fft.h     **** 
 133:shy_fft.h     **** template <>
 134:shy_fft.h     **** struct Math<float>
 135:shy_fft.h     **** {
 136:shy_fft.h     ****     inline float pi() const { return 3.141592653589793f; }
 137:shy_fft.h     ****     inline float sqrt_2_div_2() const { return 0.7071067811865476f; }
 138:shy_fft.h     ****     inline float cos(float x) { return cosf(x); }
 139:shy_fft.h     ****     inline float sin(float x) { return sinf(x); }
 140:shy_fft.h     **** };
 141:shy_fft.h     **** 
 142:shy_fft.h     **** template <>
 143:shy_fft.h     **** struct Math<double>
 144:shy_fft.h     **** {
 145:shy_fft.h     ****     inline double pi() const { return 3.141592653589793; }
 146:shy_fft.h     ****     inline float  sqrt_2_div_2() const { return 0.7071067811865476; }
 147:shy_fft.h     ****     inline double cos(double x) { return cos(x); }
 148:shy_fft.h     ****     inline double sin(double x) { return sin(x); }
 149:shy_fft.h     **** };
 150:shy_fft.h     **** 
 151:shy_fft.h     **** 
 152:shy_fft.h     **** // Look-up table for trigonometric data.
 153:shy_fft.h     **** template <typename T, size_t num_passes>
 154:shy_fft.h     **** class LutPhasor
 155:shy_fft.h     **** {
 156:shy_fft.h     ****   public:
 157:shy_fft.h     ****     LutPhasor() {}
 158:shy_fft.h     ****     ~LutPhasor() {}
 159:shy_fft.h     **** 
 160:shy_fft.h     ****     void Init()
 161:shy_fft.h     ****     {
 162:shy_fft.h     ****         Math<T> math;
 163:shy_fft.h     **** 
 164:shy_fft.h     ****         for(size_t pass = 3; pass < num_passes; ++pass)
 165:shy_fft.h     ****         {
 166:shy_fft.h     ****             size_t pass_size = 1L << (pass - 1);
 167:shy_fft.h     ****             T*     pass_ptr  = &trig_lut_[(1L << (pass - 1)) - 4];
 168:shy_fft.h     ****             T      increment = math.pi() / (pass_size << 1);
 169:shy_fft.h     ****             T      phase     = 0.0;
 170:shy_fft.h     ****             for(size_t i = 0; i < pass_size; ++i)
 171:shy_fft.h     ****             {
 172:shy_fft.h     ****                 pass_ptr[i] = math.cos(phase);
 173:shy_fft.h     ****                 phase += increment;
 174:shy_fft.h     ****             }
 175:shy_fft.h     ****         }
 176:shy_fft.h     ****     }
 177:shy_fft.h     **** 
 178:shy_fft.h     ****     inline void Start(size_t pass)
 179:shy_fft.h     ****     {
 180:shy_fft.h     ****         size_t pass_size = 1 << (pass - 1);
ARM GAS  C:\Users\Spencer\AppData\Local\Temp\ccWmt4tk.s 			page 80


 181:shy_fft.h     ****         cos_ptr_         = &trig_lut_[pass_size - 4 + 1];
 182:shy_fft.h     ****         sin_ptr_         = &trig_lut_[pass_size + pass_size - 4 - 1];
 183:shy_fft.h     ****     }
 184:shy_fft.h     **** 
 185:shy_fft.h     ****     inline void Rotate()
 186:shy_fft.h     ****     {
 187:shy_fft.h     ****         ++cos_ptr_;
 188:shy_fft.h     ****         --sin_ptr_;
 189:shy_fft.h     ****     }
 190:shy_fft.h     **** 
 191:shy_fft.h     ****     inline T cos() const { return *cos_ptr_; }
 192:shy_fft.h     ****     inline T sin() const { return *sin_ptr_; }
 193:shy_fft.h     **** 
 194:shy_fft.h     ****   private:
 195:shy_fft.h     ****     T  trig_lut_[(1 << (num_passes - 1)) - 4];
 196:shy_fft.h     ****     T* cos_ptr_;
 197:shy_fft.h     ****     T* sin_ptr_;
 198:shy_fft.h     **** };
 199:shy_fft.h     **** 
 200:shy_fft.h     **** template <typename T>
 201:shy_fft.h     **** struct LutPhasor<T, 0>
 202:shy_fft.h     **** {
 203:shy_fft.h     ****     void Init(){};
 204:shy_fft.h     **** };
 205:shy_fft.h     **** template <typename T>
 206:shy_fft.h     **** struct LutPhasor<T, 1>
 207:shy_fft.h     **** {
 208:shy_fft.h     ****     void Init(){};
 209:shy_fft.h     **** };
 210:shy_fft.h     **** template <typename T>
 211:shy_fft.h     **** struct LutPhasor<T, 2>
 212:shy_fft.h     **** {
 213:shy_fft.h     ****     void Init(){};
 214:shy_fft.h     **** };
 215:shy_fft.h     **** 
 216:shy_fft.h     **** template <typename T>
 217:shy_fft.h     **** struct LutPhasor<T, 3>
 218:shy_fft.h     **** {
 219:shy_fft.h     ****     void     Init(){};
 220:shy_fft.h     ****     void     Start(size_t){};
 221:shy_fft.h     ****     void     Rotate(){};
 222:shy_fft.h     ****     inline T cos() const { return 1.0; }
 223:shy_fft.h     ****     inline T sin() const { return 0.0; }
 224:shy_fft.h     **** };
 225:shy_fft.h     **** 
 226:shy_fft.h     **** 
 227:shy_fft.h     **** // Another way of generating roots of unity.
 228:shy_fft.h     **** template <typename T, size_t num_passes>
 229:shy_fft.h     **** class RotationPhasor
 230:shy_fft.h     **** {
 231:shy_fft.h     ****   public:
 232:shy_fft.h     ****     RotationPhasor() {}
 233:shy_fft.h     ****     ~RotationPhasor() {}
 234:shy_fft.h     **** 
 235:shy_fft.h     ****     void Init()
 236:shy_fft.h     ****     {
 237:shy_fft.h     ****         Math<T> math;
ARM GAS  C:\Users\Spencer\AppData\Local\Temp\ccWmt4tk.s 			page 81


 238:shy_fft.h     ****         for(size_t pass = 3; pass < num_passes; ++pass)
 239:shy_fft.h     ****         {
 240:shy_fft.h     ****             size_t index            = (pass - 3) << 1;
 241:shy_fft.h     ****             T      angle            = math.pi() / (1 << pass);
 242:shy_fft.h     ****             sin_cos_lut_[index]     = math.cos(angle);
 243:shy_fft.h     ****             sin_cos_lut_[index + 1] = math.sin(angle);
 244:shy_fft.h     ****         }
 245:shy_fft.h     ****     }
 246:shy_fft.h     **** 
 247:shy_fft.h     ****     inline void Start(size_t pass)
 248:shy_fft.h     ****     {
 249:shy_fft.h     ****         size_t index = (pass - 3) << 1;
 250:shy_fft.h     ****         cos_ = real_ = sin_cos_lut_[index];
 251:shy_fft.h     ****         sin_ = imag_ = sin_cos_lut_[index + 1];
 252:shy_fft.h     ****     }
 253:shy_fft.h     **** 
 254:shy_fft.h     ****     inline void Rotate()
 255:shy_fft.h     ****     {
 256:shy_fft.h     ****         T temp = cos_ * real_ - sin_ * imag_;
 257:shy_fft.h     ****         sin_   = cos_ * imag_ + sin_ * real_;
 258:shy_fft.h     ****         cos_   = temp;
 259:shy_fft.h     ****     }
 260:shy_fft.h     **** 
 261:shy_fft.h     ****     inline T cos() const { return cos_; }
 262:shy_fft.h     ****     inline T sin() const { return sin_; }
 263:shy_fft.h     **** 
 264:shy_fft.h     ****   private:
 265:shy_fft.h     ****     T sin_cos_lut_[(num_passes - 3) << 1];
 266:shy_fft.h     ****     T cos_;
 267:shy_fft.h     ****     T sin_;
 268:shy_fft.h     ****     T real_;
 269:shy_fft.h     ****     T imag_;
 270:shy_fft.h     **** };
 271:shy_fft.h     **** 
 272:shy_fft.h     **** template <typename T>
 273:shy_fft.h     **** struct RotationPhasor<T, 0>
 274:shy_fft.h     **** {
 275:shy_fft.h     ****     void Init(){};
 276:shy_fft.h     **** };
 277:shy_fft.h     **** template <typename T>
 278:shy_fft.h     **** struct RotationPhasor<T, 1>
 279:shy_fft.h     **** {
 280:shy_fft.h     ****     void Init(){};
 281:shy_fft.h     **** };
 282:shy_fft.h     **** template <typename T>
 283:shy_fft.h     **** struct RotationPhasor<T, 2>
 284:shy_fft.h     **** {
 285:shy_fft.h     ****     void Init(){};
 286:shy_fft.h     **** };
 287:shy_fft.h     **** 
 288:shy_fft.h     **** template <typename T>
 289:shy_fft.h     **** struct RotationPhasor<T, 3>
 290:shy_fft.h     **** {
 291:shy_fft.h     ****     void     Init(){};
 292:shy_fft.h     ****     void     Start(size_t){};
 293:shy_fft.h     ****     void     Rotate(){};
 294:shy_fft.h     ****     inline T cos() const { return 1.0; }
ARM GAS  C:\Users\Spencer\AppData\Local\Temp\ccWmt4tk.s 			page 82


 295:shy_fft.h     ****     inline T sin() const { return 0.0; }
 296:shy_fft.h     **** };
 297:shy_fft.h     **** 
 298:shy_fft.h     **** // Direct transform
 299:shy_fft.h     **** template <typename T, size_t num_passes, typename Phasor>
 300:shy_fft.h     **** struct DirectTransform
 301:shy_fft.h     **** {
 302:shy_fft.h     ****   private:
 303:shy_fft.h     ****     enum
 304:shy_fft.h     ****     {
 305:shy_fft.h     ****         size = 1 << num_passes
 306:shy_fft.h     ****     };
 307:shy_fft.h     **** 
 308:shy_fft.h     ****   public:
 309:shy_fft.h     ****     void operator()(T* input, T* output, const uint8_t* bit_rev, Phasor* phasor)
 310:shy_fft.h     ****     {
 311:shy_fft.h     ****         T*      s;
 312:shy_fft.h     ****         T*      d;
 313:shy_fft.h     ****         Math<T> math;
 314:shy_fft.h     **** 
 315:shy_fft.h     ****         // First and second pass.
 316:shy_fft.h     ****         d = output;
 317:shy_fft.h     ****         for(size_t i = 0; i < size; i += 4)
 318:shy_fft.h     ****         {
 319:shy_fft.h     ****             const T* s  = input;
 320:shy_fft.h     ****             size_t   r0 = num_passes <= 8
 321:shy_fft.h     ****                             ? bit_rev[i >> 2]
 322:shy_fft.h     ****                             : ((bit_rev[i & 0xff] << 8) | bit_rev[i >> 8])
 323:shy_fft.h     ****                                   >> (16 - num_passes);
 324:shy_fft.h     ****             size_t r1 = r0 + 2 * (size >> 2);
 325:shy_fft.h     ****             size_t r2 = r0 + 1 * (size >> 2);
 326:shy_fft.h     ****             size_t r3 = r0 + 3 * (size >> 2);
 327:shy_fft.h     **** 
 328:shy_fft.h     ****             d[1] = s[r0] - s[r1];
 329:shy_fft.h     ****             d[3] = s[r2] - s[r3];
 330:shy_fft.h     ****             T a  = s[r0] + s[r1];
 331:shy_fft.h     ****             T b  = s[r2] + s[r3];
 332:shy_fft.h     ****             d[0] = a + b;
 333:shy_fft.h     ****             d[2] = a - b;
 334:shy_fft.h     ****             d += 4;
 335:shy_fft.h     ****         }
 336:shy_fft.h     **** 
 337:shy_fft.h     ****         // Third pass.
 338:shy_fft.h     ****         s = output;
 339:shy_fft.h     ****         d = input;
 340:shy_fft.h     ****         for(size_t i = 0; i < size; i += 8)
 341:shy_fft.h     ****         {
 342:shy_fft.h     ****             T v;
 343:shy_fft.h     **** 
 344:shy_fft.h     ****             d[i]     = s[i] + s[i + 4];
 345:shy_fft.h     ****             d[i + 4] = s[i] - s[i + 4];
 346:shy_fft.h     ****             d[i + 2] = s[i + 2];
 347:shy_fft.h     ****             d[i + 6] = s[i + 6];
 348:shy_fft.h     **** 
 349:shy_fft.h     ****             v        = (s[i + 5] - s[i + 7]) * math.sqrt_2_div_2();
 350:shy_fft.h     ****             d[i + 1] = s[i + 1] + v;
 351:shy_fft.h     ****             d[i + 3] = s[i + 1] - v;
ARM GAS  C:\Users\Spencer\AppData\Local\Temp\ccWmt4tk.s 			page 83


 352:shy_fft.h     **** 
 353:shy_fft.h     ****             v        = (s[i + 5] + s[i + 7]) * math.sqrt_2_div_2();
 354:shy_fft.h     ****             d[i + 5] = v + s[i + 3];
 355:shy_fft.h     ****             d[i + 7] = v - s[i + 3];
 356:shy_fft.h     ****         }
 357:shy_fft.h     **** 
 358:shy_fft.h     ****         // Remaining passes.
 359:shy_fft.h     ****         for(size_t pass = 3; pass < num_passes; ++pass)
 360:shy_fft.h     ****         {
 361:shy_fft.h     ****             // Flip source and destination pointers
 362:shy_fft.h     ****             {
 363:shy_fft.h     ****                 T* tmp = s;
 364:shy_fft.h     ****                 s      = d;
 365:shy_fft.h     ****                 d      = tmp;
 366:shy_fft.h     ****             }
 367:shy_fft.h     **** 
 368:shy_fft.h     ****             size_t n   = 1 << pass;
 369:shy_fft.h     ****             size_t n_2 = n >> 1;
 370:shy_fft.h     **** 
 371:shy_fft.h     ****             for(size_t i = 0; i < size; i += (n << 1))
 372:shy_fft.h     ****             {
 373:shy_fft.h     ****                 T* s1r = s + i;
 374:shy_fft.h     ****                 T* s2r = s1r + n;
 375:shy_fft.h     ****                 T* dr  = d + i;
 376:shy_fft.h     ****                 T* di  = dr + n;
 377:shy_fft.h     **** 
 378:shy_fft.h     ****                 dr[0]   = s1r[0] + s2r[0];
 379:shy_fft.h     ****                 di[0]   = s1r[0] - s2r[0];
 380:shy_fft.h     ****                 dr[n_2] = s1r[n_2];
 381:shy_fft.h     ****                 di[n_2] = s2r[n_2];
 382:shy_fft.h     ****                 T* s1i  = s1r + n_2;
 383:shy_fft.h     ****                 T* s2i  = s1i + n;
 384:shy_fft.h     ****                 phasor->Start(pass);
 385:shy_fft.h     ****                 for(size_t j = 1; j < n_2; ++j)
 386:shy_fft.h     ****                 {
 387:shy_fft.h     ****                     T c = phasor->cos();
 388:shy_fft.h     ****                     T s = phasor->sin();
 389:shy_fft.h     ****                     T v;
 390:shy_fft.h     **** 
 391:shy_fft.h     ****                     v      = s2r[j] * c - s2i[j] * s;
 392:shy_fft.h     ****                     dr[j]  = s1r[j] + v;
 393:shy_fft.h     ****                     di[-j] = s1r[j] - v;
 394:shy_fft.h     **** 
 395:shy_fft.h     ****                     v         = s2r[j] * s + s2i[j] * c;
 396:shy_fft.h     ****                     di[j]     = v + s1i[j];
 397:shy_fft.h     ****                     di[n - j] = v - s1i[j];
 398:shy_fft.h     ****                     phasor->Rotate();
 399:shy_fft.h     ****                 }
 400:shy_fft.h     ****             }
 401:shy_fft.h     ****         }
 402:shy_fft.h     **** 
 403:shy_fft.h     ****         // Annoying additional data copy step.
 404:shy_fft.h     ****         if(d != output)
 405:shy_fft.h     ****         {
 406:shy_fft.h     ****             std::copy(&d[0], &d[size], &output[0]);
 407:shy_fft.h     ****         }
 408:shy_fft.h     ****     }
ARM GAS  C:\Users\Spencer\AppData\Local\Temp\ccWmt4tk.s 			page 84


 409:shy_fft.h     **** 
 410:shy_fft.h     ****     // The exact same thing but with "num_passes" as a run-time argument.
 411:shy_fft.h     ****     void operator()(T*             input,
 412:shy_fft.h     ****                     T*             output,
 413:shy_fft.h     ****                     const uint8_t* bit_rev,
 414:shy_fft.h     ****                     Phasor*        phasor,
 415:shy_fft.h     ****                     size_t         rt_num_passes)
 416:shy_fft.h     ****     {
 417:shy_fft.h     ****         T*      s;
 418:shy_fft.h     ****         T*      d;
 419:shy_fft.h     ****         Math<T> math;
 420:shy_fft.h     ****         size_t  rt_size = 1 << rt_num_passes;
 421:shy_fft.h     ****         // First and second pass.
 422:shy_fft.h     ****         d = output;
 423:shy_fft.h     ****         for(size_t i = 0; i < rt_size; i += 4)
 424:shy_fft.h     ****         {
 425:shy_fft.h     ****             const T* s  = input;
 426:shy_fft.h     ****             size_t   r0 = ((bit_rev[i & 0xff] << 8) | bit_rev[i >> 8])
 427:shy_fft.h     ****                         >> (16 - rt_num_passes);
 428:shy_fft.h     ****             size_t r1 = r0 + 2 * (rt_size >> 2);
 429:shy_fft.h     ****             size_t r2 = r0 + 1 * (rt_size >> 2);
 430:shy_fft.h     ****             size_t r3 = r0 + 3 * (rt_size >> 2);
 431:shy_fft.h     **** 
 432:shy_fft.h     ****             d[1] = s[r0] - s[r1];
 433:shy_fft.h     ****             d[3] = s[r2] - s[r3];
 434:shy_fft.h     ****             T a  = s[r0] + s[r1];
 435:shy_fft.h     ****             T b  = s[r2] + s[r3];
 436:shy_fft.h     ****             d[0] = a + b;
 437:shy_fft.h     ****             d[2] = a - b;
 438:shy_fft.h     ****             d += 4;
 439:shy_fft.h     ****         }
 440:shy_fft.h     **** 
 441:shy_fft.h     ****         // Third pass.
 442:shy_fft.h     ****         s = output;
 443:shy_fft.h     ****         d = input;
 444:shy_fft.h     ****         for(size_t i = 0; i < rt_size; i += 8)
 445:shy_fft.h     ****         {
 446:shy_fft.h     ****             T v;
 447:shy_fft.h     **** 
 448:shy_fft.h     ****             d[i]     = s[i] + s[i + 4];
 449:shy_fft.h     ****             d[i + 4] = s[i] - s[i + 4];
 450:shy_fft.h     ****             d[i + 2] = s[i + 2];
 451:shy_fft.h     ****             d[i + 6] = s[i + 6];
 452:shy_fft.h     **** 
 453:shy_fft.h     ****             v        = (s[i + 5] - s[i + 7]) * math.sqrt_2_div_2();
 454:shy_fft.h     ****             d[i + 1] = s[i + 1] + v;
 455:shy_fft.h     ****             d[i + 3] = s[i + 1] - v;
 456:shy_fft.h     **** 
 457:shy_fft.h     ****             v        = (s[i + 5] + s[i + 7]) * math.sqrt_2_div_2();
 458:shy_fft.h     ****             d[i + 5] = v + s[i + 3];
 459:shy_fft.h     ****             d[i + 7] = v - s[i + 3];
 460:shy_fft.h     ****         }
 461:shy_fft.h     **** 
 462:shy_fft.h     ****         // Remaining passes.
 463:shy_fft.h     ****         for(size_t pass = 3; pass < rt_num_passes; ++pass)
 464:shy_fft.h     ****         {
 465:shy_fft.h     ****             // Flip source and destination pointers
ARM GAS  C:\Users\Spencer\AppData\Local\Temp\ccWmt4tk.s 			page 85


 466:shy_fft.h     ****             {
 467:shy_fft.h     ****                 T* tmp = s;
 468:shy_fft.h     ****                 s      = d;
 469:shy_fft.h     ****                 d      = tmp;
 470:shy_fft.h     ****             }
 471:shy_fft.h     **** 
 472:shy_fft.h     ****             size_t n   = 1 << pass;
 473:shy_fft.h     ****             size_t n_2 = n >> 1;
 474:shy_fft.h     **** 
 475:shy_fft.h     ****             for(size_t i = 0; i < rt_size; i += (n << 1))
 476:shy_fft.h     ****             {
 477:shy_fft.h     ****                 T* s1r = s + i;
 478:shy_fft.h     ****                 T* s2r = s1r + n;
 479:shy_fft.h     ****                 T* dr  = d + i;
 480:shy_fft.h     ****                 T* di  = dr + n;
 481:shy_fft.h     **** 
 482:shy_fft.h     ****                 dr[0]   = s1r[0] + s2r[0];
 483:shy_fft.h     ****                 di[0]   = s1r[0] - s2r[0];
 484:shy_fft.h     ****                 dr[n_2] = s1r[n_2];
 485:shy_fft.h     ****                 di[n_2] = s2r[n_2];
 486:shy_fft.h     ****                 T* s1i  = s1r + n_2;
 487:shy_fft.h     ****                 T* s2i  = s1i + n;
 488:shy_fft.h     ****                 phasor->Start(pass);
 489:shy_fft.h     ****                 for(size_t j = 1; j < n_2; ++j)
 490:shy_fft.h     ****                 {
 491:shy_fft.h     ****                     T c = phasor->cos();
 492:shy_fft.h     ****                     T s = phasor->sin();
 493:shy_fft.h     ****                     T v;
 494:shy_fft.h     **** 
 495:shy_fft.h     ****                     v      = s2r[j] * c - s2i[j] * s;
 496:shy_fft.h     ****                     dr[j]  = s1r[j] + v;
 497:shy_fft.h     ****                     di[-j] = s1r[j] - v;
 498:shy_fft.h     **** 
 499:shy_fft.h     ****                     v         = s2r[j] * s + s2i[j] * c;
 500:shy_fft.h     ****                     di[j]     = v + s1i[j];
 501:shy_fft.h     ****                     di[n - j] = v - s1i[j];
 502:shy_fft.h     ****                     phasor->Rotate();
 503:shy_fft.h     ****                 }
 504:shy_fft.h     ****             }
 505:shy_fft.h     ****         }
 506:shy_fft.h     **** 
 507:shy_fft.h     ****         // Annoying additional data copy step.
 508:shy_fft.h     ****         if(d != output)
 509:shy_fft.h     ****         {
 510:shy_fft.h     ****             std::copy(&d[0], &d[rt_size], &output[0]);
 511:shy_fft.h     ****         }
 512:shy_fft.h     ****     }
 513:shy_fft.h     **** };
 514:shy_fft.h     **** 
 515:shy_fft.h     **** template <typename T, typename Phasor>
 516:shy_fft.h     **** struct DirectTransform<T, 0, Phasor>
 517:shy_fft.h     **** {
 518:shy_fft.h     ****     void operator()(const T* i, T* o, T*, const uint8_t*, Phasor*)
 519:shy_fft.h     ****     {
 520:shy_fft.h     ****         o[0] = i[0];
 521:shy_fft.h     ****     }
 522:shy_fft.h     **** };
ARM GAS  C:\Users\Spencer\AppData\Local\Temp\ccWmt4tk.s 			page 86


 523:shy_fft.h     **** 
 524:shy_fft.h     **** template <typename T, typename Phasor>
 525:shy_fft.h     **** struct DirectTransform<T, 1, Phasor>
 526:shy_fft.h     **** {
 527:shy_fft.h     ****     void operator()(const T* i, T* o, T*, const uint8_t*, Phasor*)
 528:shy_fft.h     ****     {
 529:shy_fft.h     ****         o[0] = i[0] + i[1];
 530:shy_fft.h     ****         o[1] = i[0] - i[1];
 531:shy_fft.h     ****     }
 532:shy_fft.h     **** };
 533:shy_fft.h     **** 
 534:shy_fft.h     **** template <typename T, typename Phasor>
 535:shy_fft.h     **** struct DirectTransform<T, 2, Phasor>
 536:shy_fft.h     **** {
 537:shy_fft.h     ****     void operator()(const T* i, T* o, T*, const uint8_t*, Phasor*)
 538:shy_fft.h     ****     {
 539:shy_fft.h     ****         o[1] = i[0] - i[2];
 540:shy_fft.h     ****         o[3] = i[1] - i[3];
 541:shy_fft.h     ****         T a  = i[0] + i[2];
 542:shy_fft.h     ****         T b  = i[1] + i[3];
 543:shy_fft.h     ****         o[0] = a + b;
 544:shy_fft.h     ****         o[2] = a - b;
 545:shy_fft.h     ****     }
 546:shy_fft.h     **** };
 547:shy_fft.h     **** 
 548:shy_fft.h     **** 
 549:shy_fft.h     **** // Inverse transform
 550:shy_fft.h     **** template <typename T, size_t num_passes, typename Phasor>
 551:shy_fft.h     **** struct InverseTransform
 552:shy_fft.h     **** {
 553:shy_fft.h     ****   private:
 554:shy_fft.h     ****     enum
 555:shy_fft.h     ****     {
 556:shy_fft.h     ****         size = 1 << num_passes
 557:shy_fft.h     ****     };
 558:shy_fft.h     **** 
 559:shy_fft.h     ****   public:
 560:shy_fft.h     ****     void operator()(T* input, T* output, const uint8_t* bit_rev, Phasor* phasor)
 561:shy_fft.h     ****     {
 562:shy_fft.h     ****         T*      s = (T*)(input);
 563:shy_fft.h     ****         T*      d = output;
 564:shy_fft.h     ****         Math<T> math;
 565:shy_fft.h     **** 
 566:shy_fft.h     ****         // Remaining passes.
 567:shy_fft.h     ****         for(size_t pass = num_passes - 1; pass >= 3; --pass)
 568:shy_fft.h     ****         {
 569:shy_fft.h     ****             size_t n   = 1 << pass;
 570:shy_fft.h     ****             size_t n_2 = n >> 1;
 571:shy_fft.h     **** 
 572:shy_fft.h     ****             for(size_t i = 0; i < size; i += (n << 1))
 573:shy_fft.h     ****             {
 574:shy_fft.h     ****                 T* sr  = s + i;
 575:shy_fft.h     ****                 T* si  = sr + n;
 576:shy_fft.h     ****                 T* d1r = d + i;
 577:shy_fft.h     ****                 T* d2r = d1r + n;
 578:shy_fft.h     **** 
 579:shy_fft.h     ****                 d1r[0]   = sr[0] + si[0];
ARM GAS  C:\Users\Spencer\AppData\Local\Temp\ccWmt4tk.s 			page 87


 580:shy_fft.h     ****                 d2r[0]   = sr[0] - si[0];
 581:shy_fft.h     ****                 d1r[n_2] = sr[n_2] * T(2);
 582:shy_fft.h     ****                 d2r[n_2] = si[n_2] * T(2);
 583:shy_fft.h     **** 
 584:shy_fft.h     ****                 T* d1i = d1r + n_2;
 585:shy_fft.h     ****                 T* d2i = d1i + n;
 586:shy_fft.h     ****                 phasor->Start(pass);
 587:shy_fft.h     ****                 for(size_t j = 1; j < n_2; ++j)
 588:shy_fft.h     ****                 {
 589:shy_fft.h     ****                     d1r[j] = sr[j] + si[-j];
 590:shy_fft.h     ****                     d1i[j] = si[j] - si[n - j];
 591:shy_fft.h     **** 
 592:shy_fft.h     ****                     T c  = phasor->cos();
 593:shy_fft.h     ****                     T s  = phasor->sin();
 594:shy_fft.h     ****                     T vr = sr[j] - si[-j];
 595:shy_fft.h     ****                     T vi = si[j] + si[n - j];
 596:shy_fft.h     **** 
 597:shy_fft.h     ****                     d2r[j] = vr * c + vi * s;
 598:shy_fft.h     ****                     d2i[j] = vi * c - vr * s;
 599:shy_fft.h     ****                     phasor->Rotate();
 600:shy_fft.h     ****                 }
 601:shy_fft.h     ****             }
 602:shy_fft.h     **** 
 603:shy_fft.h     ****             // Flip source and destination pointers for the next pass.
 604:shy_fft.h     ****             if(d == output)
 605:shy_fft.h     ****             {
 606:shy_fft.h     ****                 s = output;
 607:shy_fft.h     ****                 d = input;
 608:shy_fft.h     ****             }
 609:shy_fft.h     ****             else
 610:shy_fft.h     ****             {
 611:shy_fft.h     ****                 s = input;
 612:shy_fft.h     ****                 d = output;
 613:shy_fft.h     ****             }
 614:shy_fft.h     ****         }
 615:shy_fft.h     **** 
 616:shy_fft.h     ****         // Copy data if necessary.
 617:shy_fft.h     ****         if(d == output)
 618:shy_fft.h     ****         {
 619:shy_fft.h     ****             std::copy(&s[0], &s[size], &output[0]);
 620:shy_fft.h     ****         }
 621:shy_fft.h     **** 
 622:shy_fft.h     ****         s = output;
 623:shy_fft.h     ****         d = input;
 624:shy_fft.h     ****         for(size_t i = 0; i < size; i += 8)
 625:shy_fft.h     ****         {
 626:shy_fft.h     ****             T vr, vi;
 627:shy_fft.h     ****             d[i]     = s[i] + s[i + 4];
 628:shy_fft.h     ****             d[i + 4] = s[i] - s[i + 4];
 629:shy_fft.h     ****             d[i + 2] = s[i + 2] * T(2);
 630:shy_fft.h     ****             d[i + 6] = s[i + 6] * T(2);
 631:shy_fft.h     ****             d[i + 1] = s[i + 1] + s[i + 3];
 632:shy_fft.h     ****             d[i + 3] = s[i + 5] - s[i + 7];
 633:shy_fft.h     ****             vr       = s[i + 1] - s[i + 3];
 634:shy_fft.h     ****             vi       = s[i + 5] + s[i + 7];
 635:shy_fft.h     ****             d[i + 5] = (vr + vi) * math.sqrt_2_div_2();
 636:shy_fft.h     ****             d[i + 7] = (vi - vr) * math.sqrt_2_div_2();
ARM GAS  C:\Users\Spencer\AppData\Local\Temp\ccWmt4tk.s 			page 88


 637:shy_fft.h     ****         }
 638:shy_fft.h     **** 
 639:shy_fft.h     ****         // First and second pass.
 640:shy_fft.h     ****         s = input;
 641:shy_fft.h     ****         d = output;
 642:shy_fft.h     ****         for(size_t i = 0; i < size; i += 4)
 643:shy_fft.h     ****         {
 644:shy_fft.h     ****             size_t r0 = num_passes <= 8
 645:shy_fft.h     ****                             ? bit_rev[i >> 2]
 646:shy_fft.h     ****                             : ((bit_rev[i & 0xff] << 8) | bit_rev[i >> 8])
 647:shy_fft.h     ****                                   >> (16 - num_passes);
 648:shy_fft.h     ****             size_t r1 = r0 + 2 * (size >> 2);
 649:shy_fft.h     ****             size_t r2 = r0 + 1 * (size >> 2);
 650:shy_fft.h     ****             size_t r3 = r0 + 3 * (size >> 2);
 651:shy_fft.h     **** 
 652:shy_fft.h     ****             T b_0 = s[0] + s[2];
 653:shy_fft.h     ****             T b_2 = s[0] - s[2];
 654:shy_fft.h     ****             T b_1 = s[1] * T(2);
 655:shy_fft.h     ****             T b_3 = s[3] * T(2);
 656:shy_fft.h     **** 
 657:shy_fft.h     ****             d[r0] = b_0 + b_1;
 658:shy_fft.h     ****             d[r1] = b_0 - b_1;
 659:shy_fft.h     ****             d[r2] = b_2 + b_3;
 660:shy_fft.h     ****             d[r3] = b_2 - b_3;
 661:shy_fft.h     ****             s += 4;
 662:shy_fft.h     ****         }
 663:shy_fft.h     ****     }
 664:shy_fft.h     **** 
 665:shy_fft.h     ****     void operator()(T*             input,
 666:shy_fft.h     ****                     T*             output,
 667:shy_fft.h     ****                     const uint8_t* bit_rev,
 668:shy_fft.h     ****                     Phasor*        phasor,
 669:shy_fft.h     ****                     size_t         rt_num_passes)
 670:shy_fft.h     ****     {
 671:shy_fft.h     ****         T*      s = (T*)(input);
 672:shy_fft.h     ****         T*      d = output;
 673:shy_fft.h     ****         Math<T> math;
 674:shy_fft.h     **** 
 675:shy_fft.h     ****         size_t rt_size = 1 << rt_num_passes;
 676:shy_fft.h     **** 
 677:shy_fft.h     ****         // Remaining passes.
 678:shy_fft.h     ****         for(size_t pass = rt_num_passes - 1; pass >= 3; --pass)
 679:shy_fft.h     ****         {
 680:shy_fft.h     ****             size_t n   = 1 << pass;
 681:shy_fft.h     ****             size_t n_2 = n >> 1;
 682:shy_fft.h     **** 
 683:shy_fft.h     ****             for(size_t i = 0; i < rt_size; i += (n << 1))
 684:shy_fft.h     ****             {
 685:shy_fft.h     ****                 T* sr  = s + i;
 686:shy_fft.h     ****                 T* si  = sr + n;
 687:shy_fft.h     ****                 T* d1r = d + i;
 688:shy_fft.h     ****                 T* d2r = d1r + n;
 689:shy_fft.h     **** 
 690:shy_fft.h     ****                 d1r[0]   = sr[0] + si[0];
 691:shy_fft.h     ****                 d2r[0]   = sr[0] - si[0];
 692:shy_fft.h     ****                 d1r[n_2] = sr[n_2] * T(2);
 693:shy_fft.h     ****                 d2r[n_2] = si[n_2] * T(2);
ARM GAS  C:\Users\Spencer\AppData\Local\Temp\ccWmt4tk.s 			page 89


 694:shy_fft.h     **** 
 695:shy_fft.h     ****                 T* d1i = d1r + n_2;
 696:shy_fft.h     ****                 T* d2i = d1i + n;
 697:shy_fft.h     ****                 phasor->Start(pass);
 698:shy_fft.h     ****                 for(size_t j = 1; j < n_2; ++j)
 699:shy_fft.h     ****                 {
 700:shy_fft.h     ****                     d1r[j] = sr[j] + si[-j];
 701:shy_fft.h     ****                     d1i[j] = si[j] - si[n - j];
 702:shy_fft.h     **** 
 703:shy_fft.h     ****                     T c  = phasor->cos();
 704:shy_fft.h     ****                     T s  = phasor->sin();
 705:shy_fft.h     ****                     T vr = sr[j] - si[-j];
 706:shy_fft.h     ****                     T vi = si[j] + si[n - j];
 707:shy_fft.h     **** 
 708:shy_fft.h     ****                     d2r[j] = vr * c + vi * s;
 709:shy_fft.h     ****                     d2i[j] = vi * c - vr * s;
 710:shy_fft.h     ****                     phasor->Rotate();
 711:shy_fft.h     ****                 }
 712:shy_fft.h     ****             }
 713:shy_fft.h     **** 
 714:shy_fft.h     ****             // Flip source and destination pointers for the next pass.
 715:shy_fft.h     ****             if(d == output)
 716:shy_fft.h     ****             {
 717:shy_fft.h     ****                 s = output;
 718:shy_fft.h     ****                 d = input;
 719:shy_fft.h     ****             }
 720:shy_fft.h     ****             else
 721:shy_fft.h     ****             {
 722:shy_fft.h     ****                 s = input;
 723:shy_fft.h     ****                 d = output;
 724:shy_fft.h     ****             }
 725:shy_fft.h     ****         }
 726:shy_fft.h     **** 
 727:shy_fft.h     ****         // Copy data if necessary.
 728:shy_fft.h     ****         if(d == output)
 729:shy_fft.h     ****         {
 730:shy_fft.h     ****             std::copy(&s[0], &s[rt_size], &output[0]);
 731:shy_fft.h     ****         }
 732:shy_fft.h     **** 
 733:shy_fft.h     ****         s = output;
 734:shy_fft.h     ****         d = input;
 735:shy_fft.h     ****         for(size_t i = 0; i < rt_size; i += 8)
 736:shy_fft.h     ****         {
 737:shy_fft.h     ****             T vr, vi;
 738:shy_fft.h     ****             d[i]     = s[i] + s[i + 4];
 739:shy_fft.h     ****             d[i + 4] = s[i] - s[i + 4];
 740:shy_fft.h     ****             d[i + 2] = s[i + 2] * T(2);
 741:shy_fft.h     ****             d[i + 6] = s[i + 6] * T(2);
 742:shy_fft.h     ****             d[i + 1] = s[i + 1] + s[i + 3];
 743:shy_fft.h     ****             d[i + 3] = s[i + 5] - s[i + 7];
 744:shy_fft.h     ****             vr       = s[i + 1] - s[i + 3];
 745:shy_fft.h     ****             vi       = s[i + 5] + s[i + 7];
 746:shy_fft.h     ****             d[i + 5] = (vr + vi) * math.sqrt_2_div_2();
 747:shy_fft.h     ****             d[i + 7] = (vi - vr) * math.sqrt_2_div_2();
 748:shy_fft.h     ****         }
 749:shy_fft.h     **** 
 750:shy_fft.h     ****         // First and second pass.
ARM GAS  C:\Users\Spencer\AppData\Local\Temp\ccWmt4tk.s 			page 90


 751:shy_fft.h     ****         s = input;
 752:shy_fft.h     ****         d = output;
 753:shy_fft.h     ****         for(size_t i = 0; i < rt_size; i += 4)
 754:shy_fft.h     ****         {
 755:shy_fft.h     ****             size_t r0 = ((bit_rev[i & 0xff] << 8) | bit_rev[i >> 8])
 756:shy_fft.h     ****                         >> (16 - rt_num_passes);
 757:shy_fft.h     ****             size_t r1 = r0 + 2 * (rt_size >> 2);
 758:shy_fft.h     ****             size_t r2 = r0 + 1 * (rt_size >> 2);
 759:shy_fft.h     ****             size_t r3 = r0 + 3 * (rt_size >> 2);
 760:shy_fft.h     **** 
 761:shy_fft.h     ****             T b_0 = s[0] + s[2];
 762:shy_fft.h     ****             T b_2 = s[0] - s[2];
 763:shy_fft.h     ****             T b_1 = s[1] * T(2);
 764:shy_fft.h     ****             T b_3 = s[3] * T(2);
 765:shy_fft.h     **** 
 766:shy_fft.h     ****             d[r0] = b_0 + b_1;
 767:shy_fft.h     ****             d[r1] = b_0 - b_1;
 768:shy_fft.h     ****             d[r2] = b_2 + b_3;
 769:shy_fft.h     ****             d[r3] = b_2 - b_3;
 770:shy_fft.h     ****             s += 4;
 771:shy_fft.h     ****         }
 772:shy_fft.h     ****     }
 773:shy_fft.h     **** };
 774:shy_fft.h     **** 
 775:shy_fft.h     **** template <typename T, typename Phasor>
 776:shy_fft.h     **** struct InverseTransform<T, 0, Phasor>
 777:shy_fft.h     **** {
 778:shy_fft.h     ****     void operator()(const T* i, T* o, T*, const uint8_t*, Phasor*)
 779:shy_fft.h     ****     {
 780:shy_fft.h     ****         o[0] = i[0];
 781:shy_fft.h     ****     }
 782:shy_fft.h     **** };
 783:shy_fft.h     **** 
 784:shy_fft.h     **** template <typename T, typename Phasor>
 785:shy_fft.h     **** struct InverseTransform<T, 1, Phasor>
 786:shy_fft.h     **** {
 787:shy_fft.h     ****     void operator()(const T* i, T* o, T*, const uint8_t*, Phasor*)
 788:shy_fft.h     ****     {
 789:shy_fft.h     ****         o[0] = i[0] + i[1];
 790:shy_fft.h     ****         o[1] = i[0] - i[1];
 791:shy_fft.h     ****     }
 792:shy_fft.h     **** };
 793:shy_fft.h     **** 
 794:shy_fft.h     **** template <typename T, typename Phasor>
 795:shy_fft.h     **** struct InverseTransform<T, 2, Phasor>
 796:shy_fft.h     **** {
 797:shy_fft.h     ****     void operator()(const T* i, T* o, T*, const uint8_t*, Phasor*)
 798:shy_fft.h     ****     {
 799:shy_fft.h     ****         T a = i[0] + i[2];
 800:shy_fft.h     ****         T b = i[0] - i[2];
 801:shy_fft.h     **** 
 802:shy_fft.h     ****         o[0] = a + i[1] * T(2);
 803:shy_fft.h     ****         o[2] = a - i[1] * T(2);
 804:shy_fft.h     ****         o[1] = b + i[3] * T(2);
 805:shy_fft.h     ****         o[3] = b - i[3] * T(2);
 806:shy_fft.h     ****     }
 807:shy_fft.h     **** };
ARM GAS  C:\Users\Spencer\AppData\Local\Temp\ccWmt4tk.s 			page 91


 808:shy_fft.h     **** 
 809:shy_fft.h     **** 
 810:shy_fft.h     **** template <typename T                               = float,
 811:shy_fft.h     ****           size_t size                              = 16,
 812:shy_fft.h     ****           template <typename, size_t> class Phasor = LutPhasor>
 813:shy_fft.h     **** class ShyFFT
 814:shy_fft.h     **** {
 815:shy_fft.h     ****   public:
 816:shy_fft.h     ****     enum
 817:shy_fft.h     ****     {
 818:shy_fft.h     ****         num_passes = Log2<size>::value,
 819:shy_fft.h     ****         max_size   = size
 820:shy_fft.h     ****     };
 821:shy_fft.h     **** 
 822:shy_fft.h     ****   private:
 823:shy_fft.h     ****     typedef Phasor<T, num_passes> PhasorType;
 824:shy_fft.h     **** 
 825:shy_fft.h     ****   public:
 826:shy_fft.h     ****     ShyFFT() {}
 1835              		.loc 20 826 5 is_stmt 1 view .LVU429
 1836              	.LBB912:
 1837              	.LBI912:
 232:shy_fft.h     ****     ~RotationPhasor() {}
 1838              		.loc 20 232 5 view .LVU430
 232:shy_fft.h     ****     ~RotationPhasor() {}
 1839              		.loc 20 232 5 is_stmt 0 view .LVU431
 1840              	.LBE912:
 1841              	.LBE911:
 1842              		.loc 14 459 10 view .LVU432
 1843 0388 564B     		ldr	r3, .L74+112
 1844 038a 1860     		str	r0, [r3]
 460:Marigold.cpp  ****     fft->Init();
 1845              		.loc 14 460 5 is_stmt 1 view .LVU433
 1846              	.LVL121:
 1847              	.LBB913:
 1848              	.LBI913:
 827:shy_fft.h     ****     ~ShyFFT() {}
 828:shy_fft.h     **** 
 829:shy_fft.h     ****     void Init()
 1849              		.loc 20 829 10 view .LVU434
 1850              	.LBB914:
 830:shy_fft.h     ****     {
 831:shy_fft.h     ****         bit_rev_[0] = 0;
 1851              		.loc 20 831 21 is_stmt 0 view .LVU435
 1852 038c 0023     		movs	r3, #0
 1853 038e 80F85830 		strb	r3, [r0, #88]
 1854              	.LVL122:
 1855              		.loc 20 831 21 view .LVU436
 1856              	.LBE914:
 1857              	.LBE913:
 832:shy_fft.h     ****         for(size_t i = 1; i < sizeof(bit_rev_); ++i)
 1858              		.loc 20 832 29 is_stmt 1 view .LVU437
 1859              	.LBB928:
 1860              	.LBB926:
 1861              	.LBB915:
 1862              	.LBI915:
 235:shy_fft.h     ****     {
ARM GAS  C:\Users\Spencer\AppData\Local\Temp\ccWmt4tk.s 			page 92


 1863              		.loc 20 235 10 view .LVU438
 1864              	.LBB916:
 1865              	.LBB917:
 238:shy_fft.h     ****         {
 1866              		.loc 20 238 35 view .LVU439
 238:shy_fft.h     ****         {
 1867              		.loc 20 238 20 is_stmt 0 view .LVU440
 1868 0392 0325     		movs	r5, #3
 1869              	.LVL123:
 1870              	.L61:
 238:shy_fft.h     ****         {
 1871              		.loc 20 238 20 view .LVU441
 1872              	.LBE917:
 1873              	.LBE916:
 1874              	.LBE915:
 1875              	.LBE926:
 1876              	.LBE928:
 136:shy_fft.h     ****     inline float sqrt_2_div_2() const { return 0.7071067811865476f; }
 1877              		.loc 20 136 31 is_stmt 1 view .LVU442
 1878              	.LBB929:
 1879              	.LBB927:
 1880              	.LBB925:
 1881              	.LBB924:
 1882              	.LBB923:
 1883              	.LBB918:
 241:shy_fft.h     ****             sin_cos_lut_[index]     = math.cos(angle);
 1884              		.loc 20 241 54 is_stmt 0 view .LVU443
 1885 0394 0123     		movs	r3, #1
 1886 0396 AB40     		lsls	r3, r3, r5
 241:shy_fft.h     ****             sin_cos_lut_[index]     = math.cos(angle);
 1887              		.loc 20 241 49 view .LVU444
 1888 0398 07EE903A 		vmov	s15, r3	@ int
 1889 039c F8EEE77A 		vcvt.f32.s32	s15, s15
 241:shy_fft.h     ****             sin_cos_lut_[index]     = math.cos(angle);
 1890              		.loc 20 241 20 view .LVU445
 1891 03a0 9FED517A 		vldr.32	s14, .L74+116
 1892 03a4 87EE278A 		vdiv.f32	s16, s14, s15
 1893              	.LVL124:
 1894              	.LBB919:
 1895              	.LBI919:
 138:shy_fft.h     ****     inline float sin(float x) { return sinf(x); }
 1896              		.loc 20 138 18 is_stmt 1 view .LVU446
 1897              	.LBB920:
 138:shy_fft.h     ****     inline float sin(float x) { return sinf(x); }
 1898              		.loc 20 138 33 view .LVU447
 138:shy_fft.h     ****     inline float sin(float x) { return sinf(x); }
 1899              		.loc 20 138 44 is_stmt 0 view .LVU448
 1900 03a8 B0EE480A 		vmov.f32	s0, s16
 1901 03ac FFF7FEFF 		bl	cosf
 1902              	.LVL125:
 138:shy_fft.h     ****     inline float sin(float x) { return sinf(x); }
 1903              		.loc 20 138 44 view .LVU449
 1904              	.LBE920:
 1905              	.LBE919:
 242:shy_fft.h     ****             sin_cos_lut_[index + 1] = math.sin(angle);
 1906              		.loc 20 242 37 view .LVU450
 1907 03b0 84ED000A 		vstr.32	s0, [r4]
ARM GAS  C:\Users\Spencer\AppData\Local\Temp\ccWmt4tk.s 			page 93


 1908              	.LVL126:
 1909              	.LBB921:
 1910              	.LBI921:
 139:shy_fft.h     **** };
 1911              		.loc 20 139 18 is_stmt 1 view .LVU451
 1912              	.LBB922:
 139:shy_fft.h     **** };
 1913              		.loc 20 139 33 view .LVU452
 139:shy_fft.h     **** };
 1914              		.loc 20 139 44 is_stmt 0 view .LVU453
 1915 03b4 B0EE480A 		vmov.f32	s0, s16
 1916 03b8 FFF7FEFF 		bl	sinf
 1917              	.LVL127:
 139:shy_fft.h     **** };
 1918              		.loc 20 139 44 view .LVU454
 1919              	.LBE922:
 1920              	.LBE921:
 243:shy_fft.h     ****         }
 1921              		.loc 20 243 37 view .LVU455
 1922 03bc 84ED010A 		vstr.32	s0, [r4, #4]
 1923              	.LBE918:
 238:shy_fft.h     ****         {
 1924              		.loc 20 238 9 is_stmt 1 view .LVU456
 1925 03c0 0135     		adds	r5, r5, #1
 1926              	.LVL128:
 238:shy_fft.h     ****         {
 1927              		.loc 20 238 35 view .LVU457
 1928 03c2 0834     		adds	r4, r4, #8
 1929 03c4 0C2D     		cmp	r5, #12
 1930 03c6 E5D1     		bne	.L61
 1931              	.LVL129:
 238:shy_fft.h     ****         {
 1932              		.loc 20 238 35 is_stmt 0 view .LVU458
 1933              	.LBE923:
 1934              	.LBE924:
 1935              	.LBE925:
 1936              	.LBE927:
 1937              	.LBE929:
 461:Marigold.cpp  ****     stft = new Fourier<float, N>(reverb, fft, &hann, laps, in_buf, middle, out_buf);
 1938              		.loc 14 461 5 is_stmt 1 view .LVU459
 1939              		.loc 14 461 83 is_stmt 0 view .LVU460
 1940 03c8 3420     		movs	r0, #52
 1941 03ca FFF7FEFF 		bl	_Znwj
 1942              	.LVL130:
 1943 03ce 0546     		mov	r5, r0
 1944 03d0 444B     		ldr	r3, .L74+112
 1945 03d2 1B68     		ldr	r3, [r3]
 1946              	.LVL131:
 1947              	.LBB930:
 1948              	.LBI930:
 1949              		.file 21 "fourier.h"
   1:fourier.h     **** // fourier.h
   2:fourier.h     **** #ifndef FOURIER
   3:fourier.h     **** 
   4:fourier.h     **** #include "wave.h"
   5:fourier.h     **** 
   6:fourier.h     **** namespace soundmath
ARM GAS  C:\Users\Spencer\AppData\Local\Temp\ccWmt4tk.s 			page 94


   7:fourier.h     **** {
   8:fourier.h     **** 	template <typename T, size_t N> class Fourier
   9:fourier.h     **** 	{
  10:fourier.h     **** 	public:
  11:fourier.h     **** 		void (*processor)(const T* in, T* out);
  12:fourier.h     **** 
  13:fourier.h     **** 		// in, middle, out need to be arrays of size (N * laps * 2)
  14:fourier.h     **** 		Fourier(void (*processor)(const T*, T*), ShyFFT<T, N, RotationPhasor>* fft, Wave<T>* window, size
 1950              		.loc 21 14 3 is_stmt 1 view .LVU461
 1951              	.LBB931:
  15:fourier.h     **** 			: processor(processor), in(in), middle(middle), out(out), fft(fft), window(window), laps(laps), 
 1952              		.loc 21 15 115 is_stmt 0 view .LVU462
 1953 03d4 454A     		ldr	r2, .L74+120
 1954 03d6 0260     		str	r2, [r0]
 1955 03d8 454A     		ldr	r2, .L74+124
 1956 03da 4260     		str	r2, [r0, #4]
 1957 03dc 454A     		ldr	r2, .L74+128
 1958 03de 8260     		str	r2, [r0, #8]
 1959 03e0 454A     		ldr	r2, .L74+132
 1960 03e2 C260     		str	r2, [r0, #12]
 1961 03e4 0361     		str	r3, [r0, #16]
 1962 03e6 454B     		ldr	r3, .L74+136
 1963              	.LVL132:
 1964              		.loc 21 15 115 view .LVU463
 1965 03e8 4361     		str	r3, [r0, #20]
 1966 03ea 0423     		movs	r3, #4
 1967 03ec 8361     		str	r3, [r0, #24]
 1968 03ee 4FF48063 		mov	r3, #1024
 1969 03f2 C361     		str	r3, [r0, #28]
 1970 03f4 0024     		movs	r4, #0
 1971 03f6 0463     		str	r4, [r0, #48]
 1972              	.LBB932:
  16:fourier.h     **** 		{
  17:fourier.h     **** 			writepoints = new int[laps * 2];
 1973              		.loc 21 17 18 view .LVU464
 1974 03f8 2020     		movs	r0, #32
 1975              	.LVL133:
 1976              		.loc 21 17 18 view .LVU465
 1977 03fa FFF7FEFF 		bl	_Znaj
 1978              	.LVL134:
 1979              		.loc 21 17 16 view .LVU466
 1980 03fe 2862     		str	r0, [r5, #32]
  18:fourier.h     **** 			readpoints = new int[laps * 2];
 1981              		.loc 21 18 17 view .LVU467
 1982 0400 2020     		movs	r0, #32
 1983 0402 FFF7FEFF 		bl	_Znaj
 1984              	.LVL135:
 1985              		.loc 21 18 15 view .LVU468
 1986 0406 6862     		str	r0, [r5, #36]
  19:fourier.h     **** 
  20:fourier.h     **** 			memset(writepoints, 0, sizeof(int) * laps * 2);
 1987              		.loc 21 20 10 view .LVU469
 1988 0408 2026     		movs	r6, #32
 1989 040a 3246     		mov	r2, r6
 1990 040c 2146     		mov	r1, r4
 1991 040e 286A     		ldr	r0, [r5, #32]
 1992 0410 FFF7FEFF 		bl	memset
ARM GAS  C:\Users\Spencer\AppData\Local\Temp\ccWmt4tk.s 			page 95


 1993              	.LVL136:
  21:fourier.h     **** 			memset(readpoints, 0, sizeof(int) * laps * 2);
 1994              		.loc 21 21 10 view .LVU470
 1995 0414 3246     		mov	r2, r6
 1996 0416 2146     		mov	r1, r4
 1997 0418 686A     		ldr	r0, [r5, #36]
 1998 041a FFF7FEFF 		bl	memset
 1999              	.LVL137:
 2000              	.LBB933:
  22:fourier.h     **** 
  23:fourier.h     **** 			for (int i = 0; i < 2 * (int)laps; i++) // initialize half of writepoints
 2001              		.loc 21 23 22 is_stmt 1 view .LVU471
  24:fourier.h     **** 				writepoints[i] = -i * (int)stride;
 2002              		.loc 21 24 32 is_stmt 0 view .LVU472
 2003 041e E869     		ldr	r0, [r5, #28]
 2004              		.loc 21 24 5 view .LVU473
 2005 0420 2A6A     		ldr	r2, [r5, #32]
 2006 0422 131F     		subs	r3, r2, #4
 2007 0424 1C32     		adds	r2, r2, #28
 2008              	.LVL138:
 2009              	.L62:
 2010              		.loc 21 24 20 view .LVU474
 2011 0426 43F8044F 		str	r4, [r3, #4]!
  23:fourier.h     **** 				writepoints[i] = -i * (int)stride;
 2012              		.loc 21 23 4 is_stmt 1 view .LVU475
  23:fourier.h     **** 				writepoints[i] = -i * (int)stride;
 2013              		.loc 21 23 22 view .LVU476
 2014 042a 241A     		subs	r4, r4, r0
 2015 042c 9342     		cmp	r3, r2
 2016 042e FAD1     		bne	.L62
 2017              	.LBE933:
  25:fourier.h     **** 
  26:fourier.h     **** 			reading = new bool[laps * 2];
 2018              		.loc 21 26 14 is_stmt 0 view .LVU477
 2019 0430 0820     		movs	r0, #8
 2020 0432 FFF7FEFF 		bl	_Znaj
 2021              	.LVL139:
 2022              		.loc 21 26 12 view .LVU478
 2023 0436 A862     		str	r0, [r5, #40]
  27:fourier.h     **** 			writing = new bool[laps * 2];
 2024              		.loc 21 27 14 view .LVU479
 2025 0438 0820     		movs	r0, #8
 2026 043a FFF7FEFF 		bl	_Znaj
 2027              	.LVL140:
 2028              		.loc 21 27 12 view .LVU480
 2029 043e E862     		str	r0, [r5, #44]
  28:fourier.h     **** 
  29:fourier.h     **** 			memset(reading, false, sizeof(bool) * laps * 2);
 2030              		.loc 21 29 10 view .LVU481
 2031 0440 AB6A     		ldr	r3, [r5, #40]
 2032 0442 0022     		movs	r2, #0
 2033 0444 1A60     		str	r2, [r3]	@ unaligned
 2034 0446 5A60     		str	r2, [r3, #4]	@ unaligned
  30:fourier.h     **** 			memset(writing, true, sizeof(bool) * laps * 2);
 2035              		.loc 21 30 10 view .LVU482
 2036 0448 EB6A     		ldr	r3, [r5, #44]
 2037 044a 4FF00132 		mov	r2, #16843009
ARM GAS  C:\Users\Spencer\AppData\Local\Temp\ccWmt4tk.s 			page 96


 2038 044e 1A60     		str	r2, [r3]	@ unaligned
 2039 0450 5A60     		str	r2, [r3, #4]	@ unaligned
 2040              	.LVL141:
 2041              		.loc 21 30 10 view .LVU483
 2042              	.LBE932:
 2043              	.LBE931:
 2044              	.LBE930:
 2045              		.loc 14 461 10 view .LVU484
 2046 0452 2B4B     		ldr	r3, .L74+140
 2047 0454 1D60     		str	r5, [r3]
 462:Marigold.cpp  **** 
 463:Marigold.cpp  ****     // --- LoFi DSP init (reverb_mode hardcoded to 1, but init anyway) ---
 464:Marigold.cpp  ****     samplerateReducer.Init();
 2048              		.loc 14 464 5 is_stmt 1 view .LVU485
 2049              		.loc 14 464 27 is_stmt 0 view .LVU486
 2050 0456 2B4C     		ldr	r4, .L74+144
 2051 0458 2046     		mov	r0, r4
 2052 045a FFF7FEFF 		bl	_ZN7daisysp17SampleRateReducer4InitEv
 2053              	.LVL142:
 465:Marigold.cpp  ****     samplerateReducer.SetFreq(0.3f);
 2054              		.loc 14 465 5 is_stmt 1 view .LVU487
 2055              		.loc 14 465 30 is_stmt 0 view .LVU488
 2056 045e 9FED170A 		vldr.32	s0, .L74+72
 2057 0462 2046     		mov	r0, r4
 2058 0464 FFF7FEFF 		bl	_ZN7daisysp17SampleRateReducer7SetFreqEf
 2059              	.LVL143:
 466:Marigold.cpp  ****     lowpass.Init(samplerate);
 2060              		.loc 14 466 5 is_stmt 1 view .LVU489
 2061              		.loc 14 466 17 is_stmt 0 view .LVU490
 2062 0468 274C     		ldr	r4, .L74+148
 2063 046a 284D     		ldr	r5, .L74+152
 2064 046c 94ED000A 		vldr.32	s0, [r4]
 2065 0470 2846     		mov	r0, r5
 2066 0472 51E0     		b	.L75
 2067              	.L76:
 2068              		.align	2
 2069              	.L74:
 2070 0474 00000000 		.word	.LANCHOR22
 2071 0478 00000000 		.word	.LANCHOR23
 2072 047c 00000000 		.word	.LANCHOR24
 2073 0480 00000000 		.word	.LANCHOR25
 2074 0484 00000000 		.word	.LANCHOR26
 2075 0488 00000000 		.word	.LANCHOR27
 2076 048c 00000000 		.word	.LANCHOR12
 2077 0490 6F12033B 		.word	990057071
 2078 0494 00000000 		.word	.LANCHOR30
 2079 0498 00000000 		.word	.LANCHOR31
 2080 049c 00000000 		.word	.LANCHOR32
 2081 04a0 00000000 		.word	.LANCHOR33
 2082 04a4 00000000 		.word	0
 2083 04a8 00000000 		.word	.LANCHOR34
 2084 04ac 00000000 		.word	.LANCHOR35
 2085 04b0 00000000 		.word	.LANCHOR36
 2086 04b4 CDCCCC3D 		.word	1036831949
 2087 04b8 00000000 		.word	.LANCHOR37
 2088 04bc 9A99993E 		.word	1050253722
 2089 04c0 00000000 		.word	.LANCHOR38
ARM GAS  C:\Users\Spencer\AppData\Local\Temp\ccWmt4tk.s 			page 97


 2090 04c4 9A99193E 		.word	1041865114
 2091 04c8 9A9919BE 		.word	-1105618534
 2092 04cc 00000000 		.word	.LANCHOR39
 2093 04d0 00000000 		.word	.LANCHOR41
 2094 04d4 00000000 		.word	.LANCHOR40
 2095 04d8 00000000 		.word	.LANCHOR43
 2096 04dc 00000000 		.word	.LANCHOR42
 2097 04e0 00000000 		.word	reverb_energy
 2098 04e4 00000000 		.word	.LANCHOR44
 2099 04e8 DB0F4940 		.word	1078530011
 2100 04ec 00000000 		.word	_Z6reverbPKfPf
 2101 04f0 00000000 		.word	in_buf
 2102 04f4 00000000 		.word	middle
 2103 04f8 00000000 		.word	out_buf
 2104 04fc 00000000 		.word	hann
 2105 0500 00000000 		.word	.LANCHOR45
 2106 0504 00000000 		.word	.LANCHOR46
 2107 0508 00000000 		.word	.LANCHOR13
 2108 050c 00000000 		.word	.LANCHOR47
 2109 0510 00000000 		.word	.LANCHOR28
 2110 0514 00000000 		.word	.LANCHOR29
 2111              	.L75:
 2112 0518 FFF7FEFF 		bl	_ZN7daisysp4Tone4InitEf
 2113              	.LVL144:
 467:Marigold.cpp  ****     lowpass.SetFreq(8000.0f);
 2114              		.loc 14 467 5 is_stmt 1 view .LVU491
 2115              	.LBB934:
 2116              	.LBI934:
  24:../../../../Dependencies/DaisySP/DaisySP-LGPL/Source/Filters/tone.h ****     /** Initializes the Tone module.
  25:../../../../Dependencies/DaisySP/DaisySP-LGPL/Source/Filters/tone.h ****         sample_rate - The sample rate of the audio engine being run. 
  26:../../../../Dependencies/DaisySP/DaisySP-LGPL/Source/Filters/tone.h ****     */
  27:../../../../Dependencies/DaisySP/DaisySP-LGPL/Source/Filters/tone.h ****     void Init(float sample_rate);
  28:../../../../Dependencies/DaisySP/DaisySP-LGPL/Source/Filters/tone.h **** 
  29:../../../../Dependencies/DaisySP/DaisySP-LGPL/Source/Filters/tone.h **** 
  30:../../../../Dependencies/DaisySP/DaisySP-LGPL/Source/Filters/tone.h ****     /** Processes one sample through the filter and returns one sample.
  31:../../../../Dependencies/DaisySP/DaisySP-LGPL/Source/Filters/tone.h ****         in - input signal 
  32:../../../../Dependencies/DaisySP/DaisySP-LGPL/Source/Filters/tone.h ****     */
  33:../../../../Dependencies/DaisySP/DaisySP-LGPL/Source/Filters/tone.h ****     float Process(float in);
  34:../../../../Dependencies/DaisySP/DaisySP-LGPL/Source/Filters/tone.h **** 
  35:../../../../Dependencies/DaisySP/DaisySP-LGPL/Source/Filters/tone.h ****     /** Sets the cutoff frequency or half-way point of the filter.
  36:../../../../Dependencies/DaisySP/DaisySP-LGPL/Source/Filters/tone.h **** 
  37:../../../../Dependencies/DaisySP/DaisySP-LGPL/Source/Filters/tone.h ****         \param freq - frequency value in Hz. Range: Any positive value.
  38:../../../../Dependencies/DaisySP/DaisySP-LGPL/Source/Filters/tone.h ****     */
  39:../../../../Dependencies/DaisySP/DaisySP-LGPL/Source/Filters/tone.h ****     inline void SetFreq(float freq)
 2117              		.loc 12 39 17 view .LVU492
 2118              	.LBB935:
  40:../../../../Dependencies/DaisySP/DaisySP-LGPL/Source/Filters/tone.h ****     {
  41:../../../../Dependencies/DaisySP/DaisySP-LGPL/Source/Filters/tone.h ****         freq_ = freq;
 2119              		.loc 12 41 9 view .LVU493
 2120              		.loc 12 41 15 is_stmt 0 view .LVU494
 2121 051c 234B     		ldr	r3, .L77
 2122 051e EB60     		str	r3, [r5, #12]	@ float
  42:../../../../Dependencies/DaisySP/DaisySP-LGPL/Source/Filters/tone.h ****         CalculateCoefficients();
 2123              		.loc 12 42 9 is_stmt 1 view .LVU495
 2124              		.loc 12 42 30 is_stmt 0 view .LVU496
 2125 0520 2846     		mov	r0, r5
 2126 0522 FFF7FEFF 		bl	_ZN7daisysp4Tone21CalculateCoefficientsEv
ARM GAS  C:\Users\Spencer\AppData\Local\Temp\ccWmt4tk.s 			page 98


 2127              	.LVL145:
 2128              		.loc 12 42 30 view .LVU497
 2129              	.LBE935:
 2130              	.LBE934:
 468:Marigold.cpp  **** 
 469:Marigold.cpp  ****     // --- Drift oscillators (drift_mode hardcoded to 1 = no drift) ---
 470:Marigold.cpp  ****     drift_osc.Init(samplerate);   drift_osc.SetAmp(1.0f);
 2131              		.loc 14 470 5 is_stmt 1 view .LVU498
 2132              		.loc 14 470 19 is_stmt 0 view .LVU499
 2133 0526 224E     		ldr	r6, .L77+4
 2134 0528 94ED000A 		vldr.32	s0, [r4]
 2135 052c 3046     		mov	r0, r6
 2136 052e FFF7FEFF 		bl	_ZN7daisysp10Oscillator4InitEf
 2137              	.LVL146:
 2138              		.loc 14 470 35 is_stmt 1 view .LVU500
 2139              	.LBB936:
 2140              	.LBI936:
  63:../../../../Dependencies/DaisySP/Source/Synthesis/oscillator.h **** 
  64:../../../../Dependencies/DaisySP/Source/Synthesis/oscillator.h **** 
  65:../../../../Dependencies/DaisySP/Source/Synthesis/oscillator.h ****     /** Changes the frequency of the Oscillator, and recalculates phase increment.
  66:../../../../Dependencies/DaisySP/Source/Synthesis/oscillator.h ****     */
  67:../../../../Dependencies/DaisySP/Source/Synthesis/oscillator.h ****     inline void SetFreq(const float f)
  68:../../../../Dependencies/DaisySP/Source/Synthesis/oscillator.h ****     {
  69:../../../../Dependencies/DaisySP/Source/Synthesis/oscillator.h ****         freq_      = f;
  70:../../../../Dependencies/DaisySP/Source/Synthesis/oscillator.h ****         phase_inc_ = CalcPhaseInc(f);
  71:../../../../Dependencies/DaisySP/Source/Synthesis/oscillator.h ****     }
  72:../../../../Dependencies/DaisySP/Source/Synthesis/oscillator.h **** 
  73:../../../../Dependencies/DaisySP/Source/Synthesis/oscillator.h **** 
  74:../../../../Dependencies/DaisySP/Source/Synthesis/oscillator.h ****     /** Sets the amplitude of the waveform.
  75:../../../../Dependencies/DaisySP/Source/Synthesis/oscillator.h ****     */
  76:../../../../Dependencies/DaisySP/Source/Synthesis/oscillator.h ****     inline void SetAmp(const float a) { amp_ = a; }
 2141              		.loc 10 76 17 view .LVU501
 2142              	.LBB937:
 2143              		.loc 10 76 41 view .LVU502
 2144              		.loc 10 76 46 is_stmt 0 view .LVU503
 2145 0532 4FF07E55 		mov	r5, #1065353216
 2146 0536 7560     		str	r5, [r6, #4]	@ float
 2147              	.LVL147:
 2148              		.loc 10 76 46 view .LVU504
 2149              	.LBE937:
 2150              	.LBE936:
 471:Marigold.cpp  ****     drift_osc2.Init(samplerate);  drift_osc2.SetAmp(1.0f);
 2151              		.loc 14 471 5 is_stmt 1 view .LVU505
 2152              		.loc 14 471 20 is_stmt 0 view .LVU506
 2153 0538 1E4E     		ldr	r6, .L77+8
 2154 053a 94ED000A 		vldr.32	s0, [r4]
 2155 053e 3046     		mov	r0, r6
 2156 0540 FFF7FEFF 		bl	_ZN7daisysp10Oscillator4InitEf
 2157              	.LVL148:
 2158              		.loc 14 471 35 is_stmt 1 view .LVU507
 2159              	.LBB938:
 2160              	.LBI938:
 2161              		.loc 10 76 17 view .LVU508
 2162              	.LBB939:
 2163              		.loc 10 76 41 view .LVU509
 2164              		.loc 10 76 46 is_stmt 0 view .LVU510
 2165 0544 7560     		str	r5, [r6, #4]	@ float
ARM GAS  C:\Users\Spencer\AppData\Local\Temp\ccWmt4tk.s 			page 99


 2166              	.LVL149:
 2167              		.loc 10 76 46 view .LVU511
 2168              	.LBE939:
 2169              	.LBE938:
 472:Marigold.cpp  ****     drift_osc3.Init(samplerate);  drift_osc3.SetAmp(1.0f);
 2170              		.loc 14 472 5 is_stmt 1 view .LVU512
 2171              		.loc 14 472 20 is_stmt 0 view .LVU513
 2172 0546 1C4E     		ldr	r6, .L77+12
 2173 0548 94ED000A 		vldr.32	s0, [r4]
 2174 054c 3046     		mov	r0, r6
 2175 054e FFF7FEFF 		bl	_ZN7daisysp10Oscillator4InitEf
 2176              	.LVL150:
 2177              		.loc 14 472 35 is_stmt 1 view .LVU514
 2178              	.LBB940:
 2179              	.LBI940:
 2180              		.loc 10 76 17 view .LVU515
 2181              	.LBB941:
 2182              		.loc 10 76 41 view .LVU516
 2183              		.loc 10 76 46 is_stmt 0 view .LVU517
 2184 0552 7560     		str	r5, [r6, #4]	@ float
 2185              	.LVL151:
 2186              		.loc 10 76 46 view .LVU518
 2187              	.LBE941:
 2188              	.LBE940:
 473:Marigold.cpp  ****     drift_osc4.Init(samplerate);  drift_osc4.SetAmp(1.0f);
 2189              		.loc 14 473 5 is_stmt 1 view .LVU519
 2190              		.loc 14 473 20 is_stmt 0 view .LVU520
 2191 0554 194E     		ldr	r6, .L77+16
 2192 0556 94ED000A 		vldr.32	s0, [r4]
 2193 055a 3046     		mov	r0, r6
 2194 055c FFF7FEFF 		bl	_ZN7daisysp10Oscillator4InitEf
 2195              	.LVL152:
 2196              		.loc 14 473 35 is_stmt 1 view .LVU521
 2197              	.LBB942:
 2198              	.LBI942:
 2199              		.loc 10 76 17 view .LVU522
 2200              	.LBB943:
 2201              		.loc 10 76 41 view .LVU523
 2202              		.loc 10 76 46 is_stmt 0 view .LVU524
 2203 0560 7560     		str	r5, [r6, #4]	@ float
 2204              	.LVL153:
 2205              		.loc 10 76 46 view .LVU525
 2206              	.LBE943:
 2207              	.LBE942:
 474:Marigold.cpp  **** 
 475:Marigold.cpp  ****     // --- Initial DSP parameter values ---
 476:Marigold.cpp  ****     vdecay        = 10.0f;
 2208              		.loc 14 476 5 is_stmt 1 view .LVU526
 2209              		.loc 14 476 19 is_stmt 0 view .LVU527
 2210 0562 174B     		ldr	r3, .L77+20
 2211 0564 174A     		ldr	r2, .L77+24
 2212 0566 1A60     		str	r2, [r3]	@ float
 477:Marigold.cpp  ****     vmix          = 0.5f;
 2213              		.loc 14 477 5 is_stmt 1 view .LVU528
 2214              		.loc 14 477 19 is_stmt 0 view .LVU529
 2215 0568 174B     		ldr	r3, .L77+28
 2216 056a 4FF07C52 		mov	r2, #1056964608
ARM GAS  C:\Users\Spencer\AppData\Local\Temp\ccWmt4tk.s 			page 100


 2217 056e 1A60     		str	r2, [r3]	@ float
 478:Marigold.cpp  ****     vdamp         = 0.1f;
 2218              		.loc 14 478 5 is_stmt 1 view .LVU530
 2219              		.loc 14 478 19 is_stmt 0 view .LVU531
 2220 0570 164B     		ldr	r3, .L77+32
 2221 0572 174A     		ldr	r2, .L77+36
 2222 0574 1A60     		str	r2, [r3]	@ float
 479:Marigold.cpp  ****     vshimmer      = 0.0f;
 2223              		.loc 14 479 5 is_stmt 1 view .LVU532
 2224              		.loc 14 479 19 is_stmt 0 view .LVU533
 2225 0576 0023     		movs	r3, #0
 2226 0578 164A     		ldr	r2, .L77+40
 2227 057a 1360     		str	r3, [r2]	@ float
 480:Marigold.cpp  ****     vshimmer_tone = 0.0f;
 2228              		.loc 14 480 5 is_stmt 1 view .LVU534
 2229              		.loc 14 480 19 is_stmt 0 view .LVU535
 2230 057c 164A     		ldr	r2, .L77+44
 2231 057e 1360     		str	r3, [r2]	@ float
 481:Marigold.cpp  ****     vdetune       = 0.0f;
 2232              		.loc 14 481 5 is_stmt 1 view .LVU536
 2233              		.loc 14 481 19 is_stmt 0 view .LVU537
 2234 0580 164A     		ldr	r2, .L77+48
 2235 0582 1360     		str	r3, [r2]	@ float
 482:Marigold.cpp  **** 
 483:Marigold.cpp  ****     hw.PrintLine("DSP init OK. Starting audio.");
 2236              		.loc 14 483 5 is_stmt 1 view .LVU538
 2237              	.LVL154:
 2238              	.LBB944:
 2239              	.LBI944:
 126:../../../../Dependencies/libDaisy/src/daisy_seed.h ****     {
 2240              		.loc 4 126 17 view .LVU539
 2241              	.LBB945:
 128:../../../../Dependencies/libDaisy/src/daisy_seed.h ****     }
 2242              		.loc 4 128 23 is_stmt 0 view .LVU540
 2243 0584 1648     		ldr	r0, .L77+52
 2244 0586 FFF7FEFF 		bl	_ZN5daisy6LoggerILNS_17LoggerDestinationE1EE9PrintLineEPKcz
 2245              	.LVL155:
 128:../../../../Dependencies/libDaisy/src/daisy_seed.h ****     }
 2246              		.loc 4 128 23 view .LVU541
 2247              	.LBE945:
 2248              	.LBE944:
 484:Marigold.cpp  **** 
 485:Marigold.cpp  ****     // --- Start ---
 486:Marigold.cpp  ****     hw.adc.Start();
 2249              		.loc 14 486 5 is_stmt 1 view .LVU542
 2250              		.loc 14 486 17 is_stmt 0 view .LVU543
 2251 058a 164C     		ldr	r4, .L77+56
 2252 058c 04F11800 		add	r0, r4, #24
 2253 0590 FFF7FEFF 		bl	_ZN5daisy9AdcHandle5StartEv
 2254              	.LVL156:
 487:Marigold.cpp  ****     hw.StartAudio(AudioCallback);
 2255              		.loc 14 487 5 is_stmt 1 view .LVU544
 2256              		.loc 14 487 18 is_stmt 0 view .LVU545
 2257 0594 1449     		ldr	r1, .L77+60
 2258 0596 2046     		mov	r0, r4
 2259 0598 FFF7FEFF 		bl	_ZN5daisy9DaisySeed10StartAudioEPFvPKPKfPPfjE
 2260              	.LVL157:
ARM GAS  C:\Users\Spencer\AppData\Local\Temp\ccWmt4tk.s 			page 101


 488:Marigold.cpp  **** 
 489:Marigold.cpp  ****     hw.PrintLine("Audio started. Marigold Step 1 running.");
 2261              		.loc 14 489 5 is_stmt 1 view .LVU546
 2262              	.LBB946:
 2263              	.LBI946:
 126:../../../../Dependencies/libDaisy/src/daisy_seed.h ****     {
 2264              		.loc 4 126 17 view .LVU547
 2265              	.LBB947:
 128:../../../../Dependencies/libDaisy/src/daisy_seed.h ****     }
 2266              		.loc 4 128 23 is_stmt 0 view .LVU548
 2267 059c 1348     		ldr	r0, .L77+64
 2268 059e FFF7FEFF 		bl	_ZN5daisy6LoggerILNS_17LoggerDestinationE1EE9PrintLineEPKcz
 2269              	.LVL158:
 2270              	.L63:
 128:../../../../Dependencies/libDaisy/src/daisy_seed.h ****     }
 2271              		.loc 4 128 23 view .LVU549
 2272              	.LBE947:
 2273              	.LBE946:
 490:Marigold.cpp  **** 
 491:Marigold.cpp  ****     while (1)
 2274              		.loc 14 491 5 is_stmt 1 discriminator 1 view .LVU550
 492:Marigold.cpp  ****     {
 493:Marigold.cpp  ****         System::DelayUs(100);
 2275              		.loc 14 493 9 discriminator 1 view .LVU551
 2276              		.loc 14 493 24 is_stmt 0 discriminator 1 view .LVU552
 2277 05a2 6420     		movs	r0, #100
 2278 05a4 FFF7FEFF 		bl	_ZN5daisy6System7DelayUsEm
 2279              	.LVL159:
 491:Marigold.cpp  ****     {
 2280              		.loc 14 491 5 is_stmt 1 discriminator 1 view .LVU553
 2281 05a8 FBE7     		b	.L63
 2282              	.L78:
 2283 05aa 00BF     		.align	2
 2284              	.L77:
 2285 05ac 0000FA45 		.word	1174011904
 2286 05b0 00000000 		.word	.LANCHOR48
 2287 05b4 00000000 		.word	.LANCHOR49
 2288 05b8 00000000 		.word	.LANCHOR50
 2289 05bc 00000000 		.word	.LANCHOR51
 2290 05c0 00000000 		.word	.LANCHOR3
 2291 05c4 00002041 		.word	1092616192
 2292 05c8 00000000 		.word	.LANCHOR52
 2293 05cc 00000000 		.word	.LANCHOR1
 2294 05d0 CDCCCC3D 		.word	1036831949
 2295 05d4 00000000 		.word	.LANCHOR53
 2296 05d8 00000000 		.word	.LANCHOR54
 2297 05dc 00000000 		.word	.LANCHOR55
 2298 05e0 3C000000 		.word	.LC2
 2299 05e4 00000000 		.word	.LANCHOR12
 2300 05e8 00000000 		.word	_ZL13AudioCallbackPKPKfPPfj
 2301 05ec 5C000000 		.word	.LC3
 2302              		.cfi_endproc
 2303              	.LFE6202:
 2305              		.section	.text._ZN9soundmath7FourierIfLj4096EE4readEv,"axG",%progbits,_ZN9soundmath7FourierIfLj409
 2306              		.align	1
 2307              		.weak	_ZN9soundmath7FourierIfLj4096EE4readEv
 2308              		.syntax unified
ARM GAS  C:\Users\Spencer\AppData\Local\Temp\ccWmt4tk.s 			page 102


 2309              		.thumb
 2310              		.thumb_func
 2311              		.fpu fpv5-d16
 2313              	_ZN9soundmath7FourierIfLj4096EE4readEv:
 2314              	.LVL160:
 2315              	.LFB6534:
  31:fourier.h     **** 		}
  32:fourier.h     **** 
  33:fourier.h     **** 		~Fourier()
  34:fourier.h     **** 		{
  35:fourier.h     **** 			delete [] writepoints;
  36:fourier.h     **** 			delete [] readpoints;
  37:fourier.h     **** 			delete [] reading;
  38:fourier.h     **** 			delete [] writing;
  39:fourier.h     **** 		}
  40:fourier.h     **** 
  41:fourier.h     **** 		// writes a single sample (with windowing) into the in array
  42:fourier.h     **** 		void write(T x)
  43:fourier.h     **** 		{
  44:fourier.h     **** 			for (size_t i = 0; i < laps * 2; i++)
  45:fourier.h     **** 			{
  46:fourier.h     **** 				if (writing[i])
  47:fourier.h     **** 				{
  48:fourier.h     **** 					if (writepoints[i] >= 0)
  49:fourier.h     **** 					{
  50:fourier.h     **** 						T amp = (*window)((T)writepoints[i] / N);
  51:fourier.h     **** 						in[writepoints[i] + N * i] = amp * x;
  52:fourier.h     **** 					}
  53:fourier.h     **** 					writepoints[i]++;
  54:fourier.h     **** 
  55:fourier.h     **** 					if (writepoints[i] == N)
  56:fourier.h     **** 					{
  57:fourier.h     **** 						writing[i] = false;
  58:fourier.h     **** 						reading[i] = true;
  59:fourier.h     **** 						readpoints[i] = 0;
  60:fourier.h     **** 
  61:fourier.h     **** 						forward(i); // FTs ith in to ith middle buffer
  62:fourier.h     **** 						process(i); // user-defined; ought to move info from ith middle to out buffer
  63:fourier.h     **** 						backward(i); // IFTs ith out to ith in buffer
  64:fourier.h     **** 
  65:fourier.h     **** 						current = i;
  66:fourier.h     **** 					}
  67:fourier.h     **** 				}
  68:fourier.h     **** 			}
  69:fourier.h     **** 		}
  70:fourier.h     **** 
  71:fourier.h     **** 		inline void forward(const size_t i)
  72:fourier.h     **** 		{
  73:fourier.h     **** 			fft->Direct((in + i * N), (middle + i * N)); // analysis
  74:fourier.h     **** 			// arm_rfft_fast_f32(fft, in + i * N, middle + i * N, 0);
  75:fourier.h     **** 		}
  76:fourier.h     **** 
  77:fourier.h     **** 		inline void backward(const size_t i)
  78:fourier.h     **** 		{
  79:fourier.h     **** 			fft->Inverse((out + i * N), (in + i * N)); // synthesis
  80:fourier.h     **** 			// arm_rfft_fast_f32(fft, out + i * N, in + i * N, 1);
  81:fourier.h     **** 		}
ARM GAS  C:\Users\Spencer\AppData\Local\Temp\ccWmt4tk.s 			page 103


  82:fourier.h     **** 
  83:fourier.h     **** 		// executes user-defined callback
  84:fourier.h     **** 		inline void process(const size_t i)
  85:fourier.h     **** 		{
  86:fourier.h     **** 			processor((middle + i * N), (out + i * N));
  87:fourier.h     **** 		}
  88:fourier.h     **** 
  89:fourier.h     **** 		// read a single reconstructed sample
  90:fourier.h     **** 		T read()
 2316              		.loc 21 90 5 view -0
 2317              		.cfi_startproc
 2318              		@ args = 0, pretend = 0, frame = 0
 2319              		@ frame_needed = 0, uses_anonymous_args = 0
 2320              		.loc 21 90 5 is_stmt 0 view .LVU555
 2321 0000 70B5     		push	{r4, r5, r6, lr}
 2322              		.cfi_def_cfa_offset 16
 2323              		.cfi_offset 4, -16
 2324              		.cfi_offset 5, -12
 2325              		.cfi_offset 6, -8
 2326              		.cfi_offset 14, -4
 2327              	.LVL161:
 2328              	.LBB961:
  91:fourier.h     **** 		{
  92:fourier.h     **** 			T accum = 0;
  93:fourier.h     **** 
  94:fourier.h     **** 			for (size_t i = 0; i < laps * 2; i++)
 2329              		.loc 21 94 25 is_stmt 1 view .LVU556
 2330              		.loc 21 94 27 is_stmt 0 view .LVU557
 2331 0002 8269     		ldr	r2, [r0, #24]
 2332              		.loc 21 94 25 view .LVU558
 2333 0004 5300     		lsls	r3, r2, #1
 2334 0006 00F09E80 		beq	.L89
 2335              		.loc 21 94 16 view .LVU559
 2336 000a 0023     		movs	r3, #0
 2337              	.LBE961:
  92:fourier.h     **** 
 2338              		.loc 21 92 6 view .LVU560
 2339 000c 9FED556A 		vldr.32	s12, .L95
 2340 0010 5AE0     		b	.L88
 2341              	.LVL162:
 2342              	.L83:
 2343              	.LBB983:
 2344              	.LBB962:
 2345              	.LBB963:
 2346              	.LBB964:
 2347              	.LBB965:
 2348              	.LBB966:
 2349              	.LBB967:
 2350              	.LBB968:
 2351              	.LBI968:
  15:wave.h        **** 
  16:wave.h        **** 		Wave(std::function<T(T)> shape, T left = 0, T right = 1, bool periodic = true)
  17:wave.h        **** 		{
  18:wave.h        **** 			this->shape = shape;
  19:wave.h        **** 			this->left = left;
  20:wave.h        **** 			this->right = right;
  21:wave.h        **** 			this->periodic = periodic;
ARM GAS  C:\Users\Spencer\AppData\Local\Temp\ccWmt4tk.s 			page 104


  22:wave.h        **** 
  23:wave.h        **** 			for (int i = 0; i < TABSIZE; i++)
  24:wave.h        **** 			{
  25:wave.h        **** 				T phase = (T) i / TABSIZE;
  26:wave.h        **** 				table[i] = shape((1 - phase) * left + phase * right);
  27:wave.h        **** 			}
  28:wave.h        **** 
  29:wave.h        **** 			this->endpoint = shape(right);
  30:wave.h        **** 		}
  31:wave.h        **** 
  32:wave.h        **** 	#ifdef FUNCTIONAL 
  33:wave.h        **** 		T lookup(T input)
  34:wave.h        **** 		{
  35:wave.h        **** 			return shape(input);
  36:wave.h        **** 		}
  37:wave.h        **** 	#else
  38:wave.h        **** 		T lookup(T input)
  39:wave.h        **** 		{
  40:wave.h        **** 			T phase = (input - left) / (right - left);
  41:wave.h        **** 			
  42:wave.h        **** 			// get value at endpoint if input is out of bounds
  43:wave.h        **** 			if (!periodic && (phase < 0 || phase >= 1))
  44:wave.h        **** 			{
  45:wave.h        **** 				if (phase < 0)
  46:wave.h        **** 					return none(0);
  47:wave.h        **** 				else
  48:wave.h        **** 					return endpoint;
  49:wave.h        **** 			}
  50:wave.h        **** 			else
  51:wave.h        **** 			{
  52:wave.h        **** 				phase += 1;
  53:wave.h        **** 				phase -= int(phase);
  54:wave.h        **** 
  55:wave.h        **** 				int center = (int)(phase * TABSIZE) % TABSIZE;
  56:wave.h        **** 				int after = (center + 1) % TABSIZE;
  57:wave.h        **** 
  58:wave.h        **** 				T disp = (phase * TABSIZE - center);
  59:wave.h        **** 				disp -= int(disp);
  60:wave.h        **** 
  61:wave.h        **** 				return linear(center, after, disp);
  62:wave.h        **** 			}
  63:wave.h        **** 		}
  64:wave.h        **** 	#endif
  65:wave.h        **** 
  66:wave.h        **** 		T operator()(T phase)
  67:wave.h        **** 		{
  68:wave.h        **** 			return lookup(phase);
  69:wave.h        **** 		}
  70:wave.h        **** 
  71:wave.h        **** 	protected:
  72:wave.h        **** 		T table[TABSIZE];
  73:wave.h        **** 
  74:wave.h        **** 	private:
  75:wave.h        **** 		T left; // input phases are interpreted as lying in [left, right)
  76:wave.h        **** 		T right;
  77:wave.h        **** 		bool periodic;
  78:wave.h        **** 
ARM GAS  C:\Users\Spencer\AppData\Local\Temp\ccWmt4tk.s 			page 105


  79:wave.h        **** 		T endpoint; // if (this->periodic == false), provides a value for (*this)(right)
  80:wave.h        **** 
  81:wave.h        **** 		std::function<T(T)> shape;
  82:wave.h        **** 
  83:wave.h        **** 		T none(int center)
 2352              		.loc 17 83 5 is_stmt 1 view .LVU561
 2353              	.LBB969:
  84:wave.h        **** 		{
  85:wave.h        **** 			return table[center];
 2354              		.loc 17 85 23 is_stmt 0 view .LVU562
 2355 0012 D5ED007A 		vldr.32	s15, [r5]
 2356              	.LVL163:
 2357              		.loc 17 85 23 view .LVU563
 2358              	.LBE969:
 2359              	.LBE968:
  46:wave.h        **** 				else
 2360              		.loc 17 46 19 view .LVU564
 2361 0016 3EE0     		b	.L87
 2362              	.LVL164:
 2363              	.L82:
 2364              	.LBB970:
  52:wave.h        **** 				phase -= int(phase);
 2365              		.loc 17 52 11 view .LVU565
 2366 0018 F7EE006A 		vmov.f32	s13, #1.0e+0
 2367 001c 77EEA67A 		vadd.f32	s15, s15, s13
 2368              	.LVL165:
  53:wave.h        **** 
 2369              		.loc 17 53 14 view .LVU566
 2370 0020 BDEEE77A 		vcvt.s32.f32	s14, s15
  53:wave.h        **** 
 2371              		.loc 17 53 11 view .LVU567
 2372 0024 B8EEC77A 		vcvt.f32.s32	s14, s14
 2373              	.LVL166:
  53:wave.h        **** 
 2374              		.loc 17 53 11 view .LVU568
 2375 0028 77EEC77A 		vsub.f32	s15, s15, s14
 2376              	.LVL167:
  55:wave.h        **** 				int after = (center + 1) % TABSIZE;
 2377              		.loc 17 55 30 view .LVU569
 2378 002c 9FED4E7A 		vldr.32	s14, .L95+4
 2379 0030 67EE877A 		vmul.f32	s15, s15, s14
 2380              	.LVL168:
  55:wave.h        **** 				int after = (center + 1) % TABSIZE;
 2381              		.loc 17 55 18 view .LVU570
 2382 0034 BDEEE77A 		vcvt.s32.f32	s14, s15
 2383 0038 17EE102A 		vmov	r2, s14	@ int
  55:wave.h        **** 				int after = (center + 1) % TABSIZE;
 2384              		.loc 17 55 9 view .LVU571
 2385 003c 5142     		rsbs	r1, r2, #0
 2386 003e C2F30A02 		ubfx	r2, r2, #0, #11
 2387 0042 C1F30A01 		ubfx	r1, r1, #0, #11
 2388 0046 58BF     		it	pl
 2389 0048 4A42     		rsbpl	r2, r1, #0
 2390              	.LVL169:
  58:wave.h        **** 				disp -= int(disp);
 2391              		.loc 17 58 31 view .LVU572
 2392 004a 07EE102A 		vmov	s14, r2	@ int
ARM GAS  C:\Users\Spencer\AppData\Local\Temp\ccWmt4tk.s 			page 106


 2393 004e B8EEC77A 		vcvt.f32.s32	s14, s14
  58:wave.h        **** 				disp -= int(disp);
 2394              		.loc 17 58 7 view .LVU573
 2395 0052 77EEC77A 		vsub.f32	s15, s15, s14
 2396              	.LVL170:
  59:wave.h        **** 
 2397              		.loc 17 59 13 view .LVU574
 2398 0056 BDEEE77A 		vcvt.s32.f32	s14, s15
  59:wave.h        **** 
 2399              		.loc 17 59 10 view .LVU575
 2400 005a B8EEC77A 		vcvt.f32.s32	s14, s14
 2401 005e 77EEC77A 		vsub.f32	s15, s15, s14
 2402              	.LVL171:
 2403              	.LBB971:
 2404              	.LBI971:
  86:wave.h        **** 		}
  87:wave.h        **** 
  88:wave.h        **** 		T linear(int center, int after, T disp)
 2405              		.loc 17 88 5 is_stmt 1 view .LVU576
 2406              	.LBE971:
  56:wave.h        **** 
 2407              		.loc 17 56 25 is_stmt 0 view .LVU577
 2408 0062 511C     		adds	r1, r2, #1
  56:wave.h        **** 
 2409              		.loc 17 56 9 view .LVU578
 2410 0064 D1F1000E 		rsbs	lr, r1, #0
 2411 0068 C1F30A01 		ubfx	r1, r1, #0, #11
 2412 006c CEF30A0E 		ubfx	lr, lr, #0, #11
 2413 0070 58BF     		it	pl
 2414 0072 CEF10001 		rsbpl	r1, lr, #0
 2415              	.LBB973:
 2416              	.LBB972:
  89:wave.h        **** 		{
  90:wave.h        **** 			return table[center] * (1 - disp) + table[after] * disp;
 2417              		.loc 17 90 45 view .LVU579
 2418 0076 05EB8101 		add	r1, r5, r1, lsl #2
 2419              		.loc 17 90 53 view .LVU580
 2420 007a 91ED007A 		vldr.32	s14, [r1]
 2421 007e 27EE877A 		vmul.f32	s14, s15, s14
 2422              		.loc 17 90 16 view .LVU581
 2423 0082 05EB8202 		add	r2, r5, r2, lsl #2
 2424              	.LVL172:
 2425              		.loc 17 90 30 view .LVU582
 2426 0086 76EEE77A 		vsub.f32	s15, s13, s15
 2427              	.LVL173:
 2428              		.loc 17 90 25 view .LVU583
 2429 008a D2ED006A 		vldr.32	s13, [r2]
 2430              	.LVL174:
 2431              		.loc 17 90 25 view .LVU584
 2432 008e 67EEA67A 		vmul.f32	s15, s15, s13
 2433              		.loc 17 90 55 view .LVU585
 2434 0092 77EE277A 		vadd.f32	s15, s14, s15
 2435              	.LVL175:
 2436              	.L87:
 2437              		.loc 17 90 55 view .LVU586
 2438              	.LBE972:
 2439              	.LBE973:
ARM GAS  C:\Users\Spencer\AppData\Local\Temp\ccWmt4tk.s 			page 107


 2440              	.LBE970:
 2441              	.LBE967:
 2442              	.LBE966:
 2443              	.LBE965:
 2444              	.LBE964:
  95:fourier.h     **** 			{
  96:fourier.h     **** 				if (reading[i])
  97:fourier.h     **** 				{
  98:fourier.h     **** 					T amp = (*window)((T)readpoints[i] / N);
  99:fourier.h     **** 					accum += amp * in[readpoints[i] + N * i];
 2445              		.loc 21 99 23 view .LVU587
 2446 0096 04EB0331 		add	r1, r4, r3, lsl #12
 2447 009a 4268     		ldr	r2, [r0, #4]
 2448 009c 02EB8102 		add	r2, r2, r1, lsl #2
 2449              		.loc 21 99 19 view .LVU588
 2450 00a0 92ED007A 		vldr.32	s14, [r2]
 2451 00a4 67EE877A 		vmul.f32	s15, s15, s14
 2452              	.LVL176:
 2453              		.loc 21 99 12 view .LVU589
 2454 00a8 36EE276A 		vadd.f32	s12, s12, s15
 2455              	.LVL177:
 100:fourier.h     **** 
 101:fourier.h     **** 					readpoints[i]++;
 2456              		.loc 21 101 6 view .LVU590
 2457 00ac 0134     		adds	r4, r4, #1
 2458 00ae 46F80C40 		str	r4, [r6, ip]
 102:fourier.h     **** 
 103:fourier.h     **** 					if (readpoints[i] == N)
 2459              		.loc 21 103 22 view .LVU591
 2460 00b2 426A     		ldr	r2, [r0, #36]
 2461              		.loc 21 103 6 view .LVU592
 2462 00b4 52F80C20 		ldr	r2, [r2, ip]
 2463 00b8 B2F5805F 		cmp	r2, #4096
 2464 00bc 39D0     		beq	.L94
 2465              	.L81:
 2466              		.loc 21 103 6 view .LVU593
 2467              	.LBE963:
 2468              	.LBE962:
  94:fourier.h     **** 			{
 2469              		.loc 21 94 4 is_stmt 1 discriminator 2 view .LVU594
 2470 00be 0133     		adds	r3, r3, #1
 2471              	.LVL178:
  94:fourier.h     **** 			{
 2472              		.loc 21 94 25 discriminator 2 view .LVU595
  94:fourier.h     **** 			{
 2473              		.loc 21 94 27 is_stmt 0 discriminator 2 view .LVU596
 2474 00c0 8269     		ldr	r2, [r0, #24]
  94:fourier.h     **** 			{
 2475              		.loc 21 94 25 discriminator 2 view .LVU597
 2476 00c2 B3EB420F 		cmp	r3, r2, lsl #1
 2477 00c6 40D2     		bcs	.L80
 2478              	.LVL179:
 2479              	.L88:
 2480              	.LBB982:
  96:fourier.h     **** 				{
 2481              		.loc 21 96 18 view .LVU598
 2482 00c8 826A     		ldr	r2, [r0, #40]
ARM GAS  C:\Users\Spencer\AppData\Local\Temp\ccWmt4tk.s 			page 108


  96:fourier.h     **** 				{
 2483              		.loc 21 96 5 view .LVU599
 2484 00ca D25C     		ldrb	r2, [r2, r3]	@ zero_extendqisi2
 2485 00cc 002A     		cmp	r2, #0
 2486 00ce F6D0     		beq	.L81
 2487              	.LBB981:
  98:fourier.h     **** 					accum += amp * in[readpoints[i] + N * i];
 2488              		.loc 21 98 16 view .LVU600
 2489 00d0 4569     		ldr	r5, [r0, #20]
 2490 00d2 4FEA830C 		lsl	ip, r3, #2
  98:fourier.h     **** 					accum += amp * in[readpoints[i] + N * i];
 2491              		.loc 21 98 39 view .LVU601
 2492 00d6 466A     		ldr	r6, [r0, #36]
 2493 00d8 56F82340 		ldr	r4, [r6, r3, lsl #2]
 2494              	.LVL180:
 2495              	.LBB979:
 2496              	.LBI964:
  66:wave.h        **** 		{
 2497              		.loc 17 66 5 is_stmt 1 view .LVU602
 2498              	.LBB977:
 2499              	.LBI965:
  38:wave.h        **** 		{
 2500              		.loc 17 38 5 view .LVU603
 2501              	.LBB975:
  40:wave.h        **** 			
 2502              		.loc 17 40 23 is_stmt 0 view .LVU604
 2503 00dc 05F50052 		add	r2, r5, #8192
 2504 00e0 D2ED007A 		vldr.32	s15, [r2]
 2505              	.LBE975:
 2506              	.LBE977:
 2507              	.LBE979:
  98:fourier.h     **** 					accum += amp * in[readpoints[i] + N * i];
 2508              		.loc 21 98 23 view .LVU605
 2509 00e4 06EE904A 		vmov	s13, r4	@ int
 2510 00e8 FAEECA6A 		vcvt.f32.s32	s13, s13, #12
 2511              	.LVL181:
 2512              	.LBB980:
 2513              	.LBB978:
 2514              	.LBB976:
  40:wave.h        **** 			
 2515              		.loc 17 40 21 view .LVU606
 2516 00ec 76EEE76A 		vsub.f32	s13, s13, s15
 2517              	.LVL182:
  40:wave.h        **** 			
 2518              		.loc 17 40 38 view .LVU607
 2519 00f0 92ED017A 		vldr.32	s14, [r2, #4]
 2520 00f4 37EE677A 		vsub.f32	s14, s14, s15
  40:wave.h        **** 			
 2521              		.loc 17 40 6 view .LVU608
 2522 00f8 C6EE877A 		vdiv.f32	s15, s13, s14
 2523              	.LVL183:
 2524              	.LBB974:
  43:wave.h        **** 			{
 2525              		.loc 17 43 4 view .LVU609
 2526 00fc 127A     		ldrb	r2, [r2, #8]	@ zero_extendqisi2
 2527 00fe 002A     		cmp	r2, #0
 2528 0100 8AD1     		bne	.L82
ARM GAS  C:\Users\Spencer\AppData\Local\Temp\ccWmt4tk.s 			page 109


  43:wave.h        **** 			{
 2529              		.loc 17 43 18 view .LVU610
 2530 0102 F5EEC07A 		vcmpe.f32	s15, #0
 2531 0106 F1EE10FA 		vmrs	APSR_nzcv, FPSCR
 2532 010a 82D4     		bmi	.L83
  43:wave.h        **** 			{
 2533              		.loc 17 43 32 view .LVU611
 2534 010c B7EE007A 		vmov.f32	s14, #1.0e+0
 2535 0110 F4EEC77A 		vcmpe.f32	s15, s14
 2536 0114 F1EE10FA 		vmrs	APSR_nzcv, FPSCR
 2537 0118 FFF67EAF 		blt	.L82
  45:wave.h        **** 					return none(0);
 2538              		.loc 17 45 5 view .LVU612
 2539 011c F5EEC07A 		vcmpe.f32	s15, #0
 2540 0120 F1EE10FA 		vmrs	APSR_nzcv, FPSCR
 2541 0124 3FF575AF 		bmi	.L83
  48:wave.h        **** 			}
 2542              		.loc 17 48 13 view .LVU613
 2543 0128 05F50055 		add	r5, r5, #8192
 2544              	.LVL184:
  48:wave.h        **** 			}
 2545              		.loc 17 48 13 view .LVU614
 2546 012c D5ED037A 		vldr.32	s15, [r5, #12]
 2547              	.LVL185:
  48:wave.h        **** 			}
 2548              		.loc 17 48 13 view .LVU615
 2549 0130 B1E7     		b	.L87
 2550              	.LVL186:
 2551              	.L94:
  48:wave.h        **** 			}
 2552              		.loc 17 48 13 view .LVU616
 2553              	.LBE974:
 2554              	.LBE976:
 2555              	.LBE978:
 2556              	.LBE980:
 104:fourier.h     **** 					{
 105:fourier.h     **** 						writing[i] = true;
 2557              		.loc 21 105 18 view .LVU617
 2558 0132 C26A     		ldr	r2, [r0, #44]
 2559 0134 0121     		movs	r1, #1
 2560 0136 D154     		strb	r1, [r2, r3]
 106:fourier.h     **** 						reading[i] = false;
 2561              		.loc 21 106 18 view .LVU618
 2562 0138 816A     		ldr	r1, [r0, #40]
 2563 013a 0022     		movs	r2, #0
 2564 013c CA54     		strb	r2, [r1, r3]
 107:fourier.h     **** 						writepoints[i] = 0;
 2565              		.loc 21 107 22 view .LVU619
 2566 013e 016A     		ldr	r1, [r0, #32]
 2567 0140 41F80C20 		str	r2, [r1, ip]
 2568 0144 BBE7     		b	.L81
 2569              	.LVL187:
 2570              	.L89:
 2571              		.loc 21 107 22 view .LVU620
 2572              	.LBE981:
 2573              	.LBE982:
 2574              	.LBE983:
ARM GAS  C:\Users\Spencer\AppData\Local\Temp\ccWmt4tk.s 			page 110


  92:fourier.h     **** 
 2575              		.loc 21 92 6 view .LVU621
 2576 0146 9FED076A 		vldr.32	s12, .L95
 2577              	.LVL188:
 2578              	.L80:
 108:fourier.h     **** 					}
 109:fourier.h     **** 				}
 110:fourier.h     **** 			}
 111:fourier.h     **** 
 112:fourier.h     **** 			accum /= N * laps / 2.0;
 2579              		.loc 21 112 10 view .LVU622
 2580 014a B7EEC66A 		vcvt.f64.f32	d6, s12
 2581              		.loc 21 112 15 view .LVU623
 2582 014e 1203     		lsls	r2, r2, #12
 2583              		.loc 21 112 22 view .LVU624
 2584 0150 07EE102A 		vmov.f32	s14, r2
 2585 0154 BBEEEF7B 		vcvt.f64.u32	d7, d7, #1
 2586              		.loc 21 112 10 view .LVU625
 2587 0158 86EE070B 		vdiv.f64	d0, d6, d7
 2588              	.LVL189:
 113:fourier.h     **** 			return accum;
 114:fourier.h     **** 		}
 2589              		.loc 21 114 3 view .LVU626
 2590 015c B7EEC00B 		vcvt.f32.f64	s0, d0
 2591              	.LVL190:
 2592              		.loc 21 114 3 view .LVU627
 2593 0160 70BD     		pop	{r4, r5, r6, pc}
 2594              	.L96:
 2595 0162 00BF     		.align	2
 2596              	.L95:
 2597 0164 00000000 		.word	0
 2598 0168 00000045 		.word	1157627904
 2599              		.cfi_endproc
 2600              	.LFE6534:
 2602              		.section	.text._ZNKSt8functionIFffEEclEf,"axG",%progbits,_ZNKSt8functionIFffEEclEf,comdat
 2603              		.align	1
 2604              		.weak	_ZNKSt8functionIFffEEclEf
 2605              		.syntax unified
 2606              		.thumb
 2607              		.thumb_func
 2608              		.fpu fpv5-d16
 2610              	_ZNKSt8functionIFffEEclEf:
 2611              	.LVL191:
 2612              	.LFB6688:
 304:c:\program files\daisytoolchain\arm-none-eabi\include\c++\10.2.1\bits\std_function.h ****     : public _Maybe_unary_or_binary_function<_Res, _ArgTypes...>,
 305:c:\program files\daisytoolchain\arm-none-eabi\include\c++\10.2.1\bits\std_function.h ****       private _Function_base
 306:c:\program files\daisytoolchain\arm-none-eabi\include\c++\10.2.1\bits\std_function.h ****     {
 307:c:\program files\daisytoolchain\arm-none-eabi\include\c++\10.2.1\bits\std_function.h ****       template<typename _Func,
 308:c:\program files\daisytoolchain\arm-none-eabi\include\c++\10.2.1\bits\std_function.h **** 	       typename _Res2 = __invoke_result<_Func&, _ArgTypes...>>
 309:c:\program files\daisytoolchain\arm-none-eabi\include\c++\10.2.1\bits\std_function.h **** 	struct _Callable
 310:c:\program files\daisytoolchain\arm-none-eabi\include\c++\10.2.1\bits\std_function.h **** 	: __is_invocable_impl<_Res2, _Res>::type
 311:c:\program files\daisytoolchain\arm-none-eabi\include\c++\10.2.1\bits\std_function.h **** 	{ };
 312:c:\program files\daisytoolchain\arm-none-eabi\include\c++\10.2.1\bits\std_function.h **** 
 313:c:\program files\daisytoolchain\arm-none-eabi\include\c++\10.2.1\bits\std_function.h ****       // Used so the return type convertibility checks aren't done when
 314:c:\program files\daisytoolchain\arm-none-eabi\include\c++\10.2.1\bits\std_function.h ****       // performing overload resolution for copy construction/assignment.
 315:c:\program files\daisytoolchain\arm-none-eabi\include\c++\10.2.1\bits\std_function.h ****       template<typename _Tp>
 316:c:\program files\daisytoolchain\arm-none-eabi\include\c++\10.2.1\bits\std_function.h **** 	struct _Callable<function, _Tp> : false_type { };
ARM GAS  C:\Users\Spencer\AppData\Local\Temp\ccWmt4tk.s 			page 111


 317:c:\program files\daisytoolchain\arm-none-eabi\include\c++\10.2.1\bits\std_function.h **** 
 318:c:\program files\daisytoolchain\arm-none-eabi\include\c++\10.2.1\bits\std_function.h ****       template<typename _Cond, typename _Tp>
 319:c:\program files\daisytoolchain\arm-none-eabi\include\c++\10.2.1\bits\std_function.h **** 	using _Requires = typename enable_if<_Cond::value, _Tp>::type;
 320:c:\program files\daisytoolchain\arm-none-eabi\include\c++\10.2.1\bits\std_function.h **** 
 321:c:\program files\daisytoolchain\arm-none-eabi\include\c++\10.2.1\bits\std_function.h ****     public:
 322:c:\program files\daisytoolchain\arm-none-eabi\include\c++\10.2.1\bits\std_function.h ****       typedef _Res result_type;
 323:c:\program files\daisytoolchain\arm-none-eabi\include\c++\10.2.1\bits\std_function.h **** 
 324:c:\program files\daisytoolchain\arm-none-eabi\include\c++\10.2.1\bits\std_function.h ****       // [3.7.2.1] construct/copy/destroy
 325:c:\program files\daisytoolchain\arm-none-eabi\include\c++\10.2.1\bits\std_function.h **** 
 326:c:\program files\daisytoolchain\arm-none-eabi\include\c++\10.2.1\bits\std_function.h ****       /**
 327:c:\program files\daisytoolchain\arm-none-eabi\include\c++\10.2.1\bits\std_function.h ****        *  @brief Default construct creates an empty function call wrapper.
 328:c:\program files\daisytoolchain\arm-none-eabi\include\c++\10.2.1\bits\std_function.h ****        *  @post @c !(bool)*this
 329:c:\program files\daisytoolchain\arm-none-eabi\include\c++\10.2.1\bits\std_function.h ****        */
 330:c:\program files\daisytoolchain\arm-none-eabi\include\c++\10.2.1\bits\std_function.h ****       function() noexcept
 331:c:\program files\daisytoolchain\arm-none-eabi\include\c++\10.2.1\bits\std_function.h ****       : _Function_base() { }
 332:c:\program files\daisytoolchain\arm-none-eabi\include\c++\10.2.1\bits\std_function.h **** 
 333:c:\program files\daisytoolchain\arm-none-eabi\include\c++\10.2.1\bits\std_function.h ****       /**
 334:c:\program files\daisytoolchain\arm-none-eabi\include\c++\10.2.1\bits\std_function.h ****        *  @brief Creates an empty function call wrapper.
 335:c:\program files\daisytoolchain\arm-none-eabi\include\c++\10.2.1\bits\std_function.h ****        *  @post @c !(bool)*this
 336:c:\program files\daisytoolchain\arm-none-eabi\include\c++\10.2.1\bits\std_function.h ****        */
 337:c:\program files\daisytoolchain\arm-none-eabi\include\c++\10.2.1\bits\std_function.h ****       function(nullptr_t) noexcept
 338:c:\program files\daisytoolchain\arm-none-eabi\include\c++\10.2.1\bits\std_function.h ****       : _Function_base() { }
 339:c:\program files\daisytoolchain\arm-none-eabi\include\c++\10.2.1\bits\std_function.h **** 
 340:c:\program files\daisytoolchain\arm-none-eabi\include\c++\10.2.1\bits\std_function.h ****       /**
 341:c:\program files\daisytoolchain\arm-none-eabi\include\c++\10.2.1\bits\std_function.h ****        *  @brief %Function copy constructor.
 342:c:\program files\daisytoolchain\arm-none-eabi\include\c++\10.2.1\bits\std_function.h ****        *  @param __x A %function object with identical call signature.
 343:c:\program files\daisytoolchain\arm-none-eabi\include\c++\10.2.1\bits\std_function.h ****        *  @post @c bool(*this) == bool(__x)
 344:c:\program files\daisytoolchain\arm-none-eabi\include\c++\10.2.1\bits\std_function.h ****        *
 345:c:\program files\daisytoolchain\arm-none-eabi\include\c++\10.2.1\bits\std_function.h ****        *  The newly-created %function contains a copy of the target of @a
 346:c:\program files\daisytoolchain\arm-none-eabi\include\c++\10.2.1\bits\std_function.h ****        *  __x (if it has one).
 347:c:\program files\daisytoolchain\arm-none-eabi\include\c++\10.2.1\bits\std_function.h ****        */
 348:c:\program files\daisytoolchain\arm-none-eabi\include\c++\10.2.1\bits\std_function.h ****       function(const function& __x);
 349:c:\program files\daisytoolchain\arm-none-eabi\include\c++\10.2.1\bits\std_function.h **** 
 350:c:\program files\daisytoolchain\arm-none-eabi\include\c++\10.2.1\bits\std_function.h ****       /**
 351:c:\program files\daisytoolchain\arm-none-eabi\include\c++\10.2.1\bits\std_function.h ****        *  @brief %Function move constructor.
 352:c:\program files\daisytoolchain\arm-none-eabi\include\c++\10.2.1\bits\std_function.h ****        *  @param __x A %function object rvalue with identical call signature.
 353:c:\program files\daisytoolchain\arm-none-eabi\include\c++\10.2.1\bits\std_function.h ****        *
 354:c:\program files\daisytoolchain\arm-none-eabi\include\c++\10.2.1\bits\std_function.h ****        *  The newly-created %function contains the target of @a __x
 355:c:\program files\daisytoolchain\arm-none-eabi\include\c++\10.2.1\bits\std_function.h ****        *  (if it has one).
 356:c:\program files\daisytoolchain\arm-none-eabi\include\c++\10.2.1\bits\std_function.h ****        */
 357:c:\program files\daisytoolchain\arm-none-eabi\include\c++\10.2.1\bits\std_function.h ****       function(function&& __x) noexcept : _Function_base()
 358:c:\program files\daisytoolchain\arm-none-eabi\include\c++\10.2.1\bits\std_function.h ****       {
 359:c:\program files\daisytoolchain\arm-none-eabi\include\c++\10.2.1\bits\std_function.h **** 	__x.swap(*this);
 360:c:\program files\daisytoolchain\arm-none-eabi\include\c++\10.2.1\bits\std_function.h ****       }
 361:c:\program files\daisytoolchain\arm-none-eabi\include\c++\10.2.1\bits\std_function.h **** 
 362:c:\program files\daisytoolchain\arm-none-eabi\include\c++\10.2.1\bits\std_function.h ****       /**
 363:c:\program files\daisytoolchain\arm-none-eabi\include\c++\10.2.1\bits\std_function.h ****        *  @brief Builds a %function that targets a copy of the incoming
 364:c:\program files\daisytoolchain\arm-none-eabi\include\c++\10.2.1\bits\std_function.h ****        *  function object.
 365:c:\program files\daisytoolchain\arm-none-eabi\include\c++\10.2.1\bits\std_function.h ****        *  @param __f A %function object that is callable with parameters of
 366:c:\program files\daisytoolchain\arm-none-eabi\include\c++\10.2.1\bits\std_function.h ****        *  type @c T1, @c T2, ..., @c TN and returns a value convertible
 367:c:\program files\daisytoolchain\arm-none-eabi\include\c++\10.2.1\bits\std_function.h ****        *  to @c Res.
 368:c:\program files\daisytoolchain\arm-none-eabi\include\c++\10.2.1\bits\std_function.h ****        *
 369:c:\program files\daisytoolchain\arm-none-eabi\include\c++\10.2.1\bits\std_function.h ****        *  The newly-created %function object will target a copy of
 370:c:\program files\daisytoolchain\arm-none-eabi\include\c++\10.2.1\bits\std_function.h ****        *  @a __f. If @a __f is @c reference_wrapper<F>, then this function
 371:c:\program files\daisytoolchain\arm-none-eabi\include\c++\10.2.1\bits\std_function.h ****        *  object will contain a reference to the function object @c
 372:c:\program files\daisytoolchain\arm-none-eabi\include\c++\10.2.1\bits\std_function.h ****        *  __f.get(). If @a __f is a NULL function pointer or NULL
 373:c:\program files\daisytoolchain\arm-none-eabi\include\c++\10.2.1\bits\std_function.h ****        *  pointer-to-member, the newly-created object will be empty.
ARM GAS  C:\Users\Spencer\AppData\Local\Temp\ccWmt4tk.s 			page 112


 374:c:\program files\daisytoolchain\arm-none-eabi\include\c++\10.2.1\bits\std_function.h ****        *
 375:c:\program files\daisytoolchain\arm-none-eabi\include\c++\10.2.1\bits\std_function.h ****        *  If @a __f is a non-NULL function pointer or an object of type @c
 376:c:\program files\daisytoolchain\arm-none-eabi\include\c++\10.2.1\bits\std_function.h ****        *  reference_wrapper<F>, this function will not throw.
 377:c:\program files\daisytoolchain\arm-none-eabi\include\c++\10.2.1\bits\std_function.h ****        */
 378:c:\program files\daisytoolchain\arm-none-eabi\include\c++\10.2.1\bits\std_function.h ****       template<typename _Functor,
 379:c:\program files\daisytoolchain\arm-none-eabi\include\c++\10.2.1\bits\std_function.h **** 	       typename = _Requires<__not_<is_same<_Functor, function>>, void>,
 380:c:\program files\daisytoolchain\arm-none-eabi\include\c++\10.2.1\bits\std_function.h **** 	       typename = _Requires<_Callable<_Functor>, void>>
 381:c:\program files\daisytoolchain\arm-none-eabi\include\c++\10.2.1\bits\std_function.h **** 	function(_Functor);
 382:c:\program files\daisytoolchain\arm-none-eabi\include\c++\10.2.1\bits\std_function.h **** 
 383:c:\program files\daisytoolchain\arm-none-eabi\include\c++\10.2.1\bits\std_function.h ****       /**
 384:c:\program files\daisytoolchain\arm-none-eabi\include\c++\10.2.1\bits\std_function.h ****        *  @brief %Function assignment operator.
 385:c:\program files\daisytoolchain\arm-none-eabi\include\c++\10.2.1\bits\std_function.h ****        *  @param __x A %function with identical call signature.
 386:c:\program files\daisytoolchain\arm-none-eabi\include\c++\10.2.1\bits\std_function.h ****        *  @post @c (bool)*this == (bool)x
 387:c:\program files\daisytoolchain\arm-none-eabi\include\c++\10.2.1\bits\std_function.h ****        *  @returns @c *this
 388:c:\program files\daisytoolchain\arm-none-eabi\include\c++\10.2.1\bits\std_function.h ****        *
 389:c:\program files\daisytoolchain\arm-none-eabi\include\c++\10.2.1\bits\std_function.h ****        *  The target of @a __x is copied to @c *this. If @a __x has no
 390:c:\program files\daisytoolchain\arm-none-eabi\include\c++\10.2.1\bits\std_function.h ****        *  target, then @c *this will be empty.
 391:c:\program files\daisytoolchain\arm-none-eabi\include\c++\10.2.1\bits\std_function.h ****        *
 392:c:\program files\daisytoolchain\arm-none-eabi\include\c++\10.2.1\bits\std_function.h ****        *  If @a __x targets a function pointer or a reference to a function
 393:c:\program files\daisytoolchain\arm-none-eabi\include\c++\10.2.1\bits\std_function.h ****        *  object, then this operation will not throw an %exception.
 394:c:\program files\daisytoolchain\arm-none-eabi\include\c++\10.2.1\bits\std_function.h ****        */
 395:c:\program files\daisytoolchain\arm-none-eabi\include\c++\10.2.1\bits\std_function.h ****       function&
 396:c:\program files\daisytoolchain\arm-none-eabi\include\c++\10.2.1\bits\std_function.h ****       operator=(const function& __x)
 397:c:\program files\daisytoolchain\arm-none-eabi\include\c++\10.2.1\bits\std_function.h ****       {
 398:c:\program files\daisytoolchain\arm-none-eabi\include\c++\10.2.1\bits\std_function.h **** 	function(__x).swap(*this);
 399:c:\program files\daisytoolchain\arm-none-eabi\include\c++\10.2.1\bits\std_function.h **** 	return *this;
 400:c:\program files\daisytoolchain\arm-none-eabi\include\c++\10.2.1\bits\std_function.h ****       }
 401:c:\program files\daisytoolchain\arm-none-eabi\include\c++\10.2.1\bits\std_function.h **** 
 402:c:\program files\daisytoolchain\arm-none-eabi\include\c++\10.2.1\bits\std_function.h ****       /**
 403:c:\program files\daisytoolchain\arm-none-eabi\include\c++\10.2.1\bits\std_function.h ****        *  @brief %Function move-assignment operator.
 404:c:\program files\daisytoolchain\arm-none-eabi\include\c++\10.2.1\bits\std_function.h ****        *  @param __x A %function rvalue with identical call signature.
 405:c:\program files\daisytoolchain\arm-none-eabi\include\c++\10.2.1\bits\std_function.h ****        *  @returns @c *this
 406:c:\program files\daisytoolchain\arm-none-eabi\include\c++\10.2.1\bits\std_function.h ****        *
 407:c:\program files\daisytoolchain\arm-none-eabi\include\c++\10.2.1\bits\std_function.h ****        *  The target of @a __x is moved to @c *this. If @a __x has no
 408:c:\program files\daisytoolchain\arm-none-eabi\include\c++\10.2.1\bits\std_function.h ****        *  target, then @c *this will be empty.
 409:c:\program files\daisytoolchain\arm-none-eabi\include\c++\10.2.1\bits\std_function.h ****        *
 410:c:\program files\daisytoolchain\arm-none-eabi\include\c++\10.2.1\bits\std_function.h ****        *  If @a __x targets a function pointer or a reference to a function
 411:c:\program files\daisytoolchain\arm-none-eabi\include\c++\10.2.1\bits\std_function.h ****        *  object, then this operation will not throw an %exception.
 412:c:\program files\daisytoolchain\arm-none-eabi\include\c++\10.2.1\bits\std_function.h ****        */
 413:c:\program files\daisytoolchain\arm-none-eabi\include\c++\10.2.1\bits\std_function.h ****       function&
 414:c:\program files\daisytoolchain\arm-none-eabi\include\c++\10.2.1\bits\std_function.h ****       operator=(function&& __x) noexcept
 415:c:\program files\daisytoolchain\arm-none-eabi\include\c++\10.2.1\bits\std_function.h ****       {
 416:c:\program files\daisytoolchain\arm-none-eabi\include\c++\10.2.1\bits\std_function.h **** 	function(std::move(__x)).swap(*this);
 417:c:\program files\daisytoolchain\arm-none-eabi\include\c++\10.2.1\bits\std_function.h **** 	return *this;
 418:c:\program files\daisytoolchain\arm-none-eabi\include\c++\10.2.1\bits\std_function.h ****       }
 419:c:\program files\daisytoolchain\arm-none-eabi\include\c++\10.2.1\bits\std_function.h **** 
 420:c:\program files\daisytoolchain\arm-none-eabi\include\c++\10.2.1\bits\std_function.h ****       /**
 421:c:\program files\daisytoolchain\arm-none-eabi\include\c++\10.2.1\bits\std_function.h ****        *  @brief %Function assignment to zero.
 422:c:\program files\daisytoolchain\arm-none-eabi\include\c++\10.2.1\bits\std_function.h ****        *  @post @c !(bool)*this
 423:c:\program files\daisytoolchain\arm-none-eabi\include\c++\10.2.1\bits\std_function.h ****        *  @returns @c *this
 424:c:\program files\daisytoolchain\arm-none-eabi\include\c++\10.2.1\bits\std_function.h ****        *
 425:c:\program files\daisytoolchain\arm-none-eabi\include\c++\10.2.1\bits\std_function.h ****        *  The target of @c *this is deallocated, leaving it empty.
 426:c:\program files\daisytoolchain\arm-none-eabi\include\c++\10.2.1\bits\std_function.h ****        */
 427:c:\program files\daisytoolchain\arm-none-eabi\include\c++\10.2.1\bits\std_function.h ****       function&
 428:c:\program files\daisytoolchain\arm-none-eabi\include\c++\10.2.1\bits\std_function.h ****       operator=(nullptr_t) noexcept
 429:c:\program files\daisytoolchain\arm-none-eabi\include\c++\10.2.1\bits\std_function.h ****       {
 430:c:\program files\daisytoolchain\arm-none-eabi\include\c++\10.2.1\bits\std_function.h **** 	if (_M_manager)
ARM GAS  C:\Users\Spencer\AppData\Local\Temp\ccWmt4tk.s 			page 113


 431:c:\program files\daisytoolchain\arm-none-eabi\include\c++\10.2.1\bits\std_function.h **** 	  {
 432:c:\program files\daisytoolchain\arm-none-eabi\include\c++\10.2.1\bits\std_function.h **** 	    _M_manager(_M_functor, _M_functor, __destroy_functor);
 433:c:\program files\daisytoolchain\arm-none-eabi\include\c++\10.2.1\bits\std_function.h **** 	    _M_manager = nullptr;
 434:c:\program files\daisytoolchain\arm-none-eabi\include\c++\10.2.1\bits\std_function.h **** 	    _M_invoker = nullptr;
 435:c:\program files\daisytoolchain\arm-none-eabi\include\c++\10.2.1\bits\std_function.h **** 	  }
 436:c:\program files\daisytoolchain\arm-none-eabi\include\c++\10.2.1\bits\std_function.h **** 	return *this;
 437:c:\program files\daisytoolchain\arm-none-eabi\include\c++\10.2.1\bits\std_function.h ****       }
 438:c:\program files\daisytoolchain\arm-none-eabi\include\c++\10.2.1\bits\std_function.h **** 
 439:c:\program files\daisytoolchain\arm-none-eabi\include\c++\10.2.1\bits\std_function.h ****       /**
 440:c:\program files\daisytoolchain\arm-none-eabi\include\c++\10.2.1\bits\std_function.h ****        *  @brief %Function assignment to a new target.
 441:c:\program files\daisytoolchain\arm-none-eabi\include\c++\10.2.1\bits\std_function.h ****        *  @param __f A %function object that is callable with parameters of
 442:c:\program files\daisytoolchain\arm-none-eabi\include\c++\10.2.1\bits\std_function.h ****        *  type @c T1, @c T2, ..., @c TN and returns a value convertible
 443:c:\program files\daisytoolchain\arm-none-eabi\include\c++\10.2.1\bits\std_function.h ****        *  to @c Res.
 444:c:\program files\daisytoolchain\arm-none-eabi\include\c++\10.2.1\bits\std_function.h ****        *  @return @c *this
 445:c:\program files\daisytoolchain\arm-none-eabi\include\c++\10.2.1\bits\std_function.h ****        *
 446:c:\program files\daisytoolchain\arm-none-eabi\include\c++\10.2.1\bits\std_function.h ****        *  This  %function object wrapper will target a copy of @a
 447:c:\program files\daisytoolchain\arm-none-eabi\include\c++\10.2.1\bits\std_function.h ****        *  __f. If @a __f is @c reference_wrapper<F>, then this function
 448:c:\program files\daisytoolchain\arm-none-eabi\include\c++\10.2.1\bits\std_function.h ****        *  object will contain a reference to the function object @c
 449:c:\program files\daisytoolchain\arm-none-eabi\include\c++\10.2.1\bits\std_function.h ****        *  __f.get(). If @a __f is a NULL function pointer or NULL
 450:c:\program files\daisytoolchain\arm-none-eabi\include\c++\10.2.1\bits\std_function.h ****        *  pointer-to-member, @c this object will be empty.
 451:c:\program files\daisytoolchain\arm-none-eabi\include\c++\10.2.1\bits\std_function.h ****        *
 452:c:\program files\daisytoolchain\arm-none-eabi\include\c++\10.2.1\bits\std_function.h ****        *  If @a __f is a non-NULL function pointer or an object of type @c
 453:c:\program files\daisytoolchain\arm-none-eabi\include\c++\10.2.1\bits\std_function.h ****        *  reference_wrapper<F>, this function will not throw.
 454:c:\program files\daisytoolchain\arm-none-eabi\include\c++\10.2.1\bits\std_function.h ****        */
 455:c:\program files\daisytoolchain\arm-none-eabi\include\c++\10.2.1\bits\std_function.h ****       template<typename _Functor>
 456:c:\program files\daisytoolchain\arm-none-eabi\include\c++\10.2.1\bits\std_function.h **** 	_Requires<_Callable<typename decay<_Functor>::type>, function&>
 457:c:\program files\daisytoolchain\arm-none-eabi\include\c++\10.2.1\bits\std_function.h **** 	operator=(_Functor&& __f)
 458:c:\program files\daisytoolchain\arm-none-eabi\include\c++\10.2.1\bits\std_function.h **** 	{
 459:c:\program files\daisytoolchain\arm-none-eabi\include\c++\10.2.1\bits\std_function.h **** 	  function(std::forward<_Functor>(__f)).swap(*this);
 460:c:\program files\daisytoolchain\arm-none-eabi\include\c++\10.2.1\bits\std_function.h **** 	  return *this;
 461:c:\program files\daisytoolchain\arm-none-eabi\include\c++\10.2.1\bits\std_function.h **** 	}
 462:c:\program files\daisytoolchain\arm-none-eabi\include\c++\10.2.1\bits\std_function.h **** 
 463:c:\program files\daisytoolchain\arm-none-eabi\include\c++\10.2.1\bits\std_function.h ****       /// @overload
 464:c:\program files\daisytoolchain\arm-none-eabi\include\c++\10.2.1\bits\std_function.h ****       template<typename _Functor>
 465:c:\program files\daisytoolchain\arm-none-eabi\include\c++\10.2.1\bits\std_function.h **** 	function&
 466:c:\program files\daisytoolchain\arm-none-eabi\include\c++\10.2.1\bits\std_function.h **** 	operator=(reference_wrapper<_Functor> __f) noexcept
 467:c:\program files\daisytoolchain\arm-none-eabi\include\c++\10.2.1\bits\std_function.h **** 	{
 468:c:\program files\daisytoolchain\arm-none-eabi\include\c++\10.2.1\bits\std_function.h **** 	  function(__f).swap(*this);
 469:c:\program files\daisytoolchain\arm-none-eabi\include\c++\10.2.1\bits\std_function.h **** 	  return *this;
 470:c:\program files\daisytoolchain\arm-none-eabi\include\c++\10.2.1\bits\std_function.h **** 	}
 471:c:\program files\daisytoolchain\arm-none-eabi\include\c++\10.2.1\bits\std_function.h **** 
 472:c:\program files\daisytoolchain\arm-none-eabi\include\c++\10.2.1\bits\std_function.h ****       // [3.7.2.2] function modifiers
 473:c:\program files\daisytoolchain\arm-none-eabi\include\c++\10.2.1\bits\std_function.h **** 
 474:c:\program files\daisytoolchain\arm-none-eabi\include\c++\10.2.1\bits\std_function.h ****       /**
 475:c:\program files\daisytoolchain\arm-none-eabi\include\c++\10.2.1\bits\std_function.h ****        *  @brief Swap the targets of two %function objects.
 476:c:\program files\daisytoolchain\arm-none-eabi\include\c++\10.2.1\bits\std_function.h ****        *  @param __x A %function with identical call signature.
 477:c:\program files\daisytoolchain\arm-none-eabi\include\c++\10.2.1\bits\std_function.h ****        *
 478:c:\program files\daisytoolchain\arm-none-eabi\include\c++\10.2.1\bits\std_function.h ****        *  Swap the targets of @c this function object and @a __f. This
 479:c:\program files\daisytoolchain\arm-none-eabi\include\c++\10.2.1\bits\std_function.h ****        *  function will not throw an %exception.
 480:c:\program files\daisytoolchain\arm-none-eabi\include\c++\10.2.1\bits\std_function.h ****        */
 481:c:\program files\daisytoolchain\arm-none-eabi\include\c++\10.2.1\bits\std_function.h ****       void swap(function& __x) noexcept
 482:c:\program files\daisytoolchain\arm-none-eabi\include\c++\10.2.1\bits\std_function.h ****       {
 483:c:\program files\daisytoolchain\arm-none-eabi\include\c++\10.2.1\bits\std_function.h **** 	std::swap(_M_functor, __x._M_functor);
 484:c:\program files\daisytoolchain\arm-none-eabi\include\c++\10.2.1\bits\std_function.h **** 	std::swap(_M_manager, __x._M_manager);
 485:c:\program files\daisytoolchain\arm-none-eabi\include\c++\10.2.1\bits\std_function.h **** 	std::swap(_M_invoker, __x._M_invoker);
 486:c:\program files\daisytoolchain\arm-none-eabi\include\c++\10.2.1\bits\std_function.h ****       }
 487:c:\program files\daisytoolchain\arm-none-eabi\include\c++\10.2.1\bits\std_function.h **** 
ARM GAS  C:\Users\Spencer\AppData\Local\Temp\ccWmt4tk.s 			page 114


 488:c:\program files\daisytoolchain\arm-none-eabi\include\c++\10.2.1\bits\std_function.h ****       // [3.7.2.3] function capacity
 489:c:\program files\daisytoolchain\arm-none-eabi\include\c++\10.2.1\bits\std_function.h **** 
 490:c:\program files\daisytoolchain\arm-none-eabi\include\c++\10.2.1\bits\std_function.h ****       /**
 491:c:\program files\daisytoolchain\arm-none-eabi\include\c++\10.2.1\bits\std_function.h ****        *  @brief Determine if the %function wrapper has a target.
 492:c:\program files\daisytoolchain\arm-none-eabi\include\c++\10.2.1\bits\std_function.h ****        *
 493:c:\program files\daisytoolchain\arm-none-eabi\include\c++\10.2.1\bits\std_function.h ****        *  @return @c true when this %function object contains a target,
 494:c:\program files\daisytoolchain\arm-none-eabi\include\c++\10.2.1\bits\std_function.h ****        *  or @c false when it is empty.
 495:c:\program files\daisytoolchain\arm-none-eabi\include\c++\10.2.1\bits\std_function.h ****        *
 496:c:\program files\daisytoolchain\arm-none-eabi\include\c++\10.2.1\bits\std_function.h ****        *  This function will not throw an %exception.
 497:c:\program files\daisytoolchain\arm-none-eabi\include\c++\10.2.1\bits\std_function.h ****        */
 498:c:\program files\daisytoolchain\arm-none-eabi\include\c++\10.2.1\bits\std_function.h ****       explicit operator bool() const noexcept
 499:c:\program files\daisytoolchain\arm-none-eabi\include\c++\10.2.1\bits\std_function.h ****       { return !_M_empty(); }
 500:c:\program files\daisytoolchain\arm-none-eabi\include\c++\10.2.1\bits\std_function.h **** 
 501:c:\program files\daisytoolchain\arm-none-eabi\include\c++\10.2.1\bits\std_function.h ****       // [3.7.2.4] function invocation
 502:c:\program files\daisytoolchain\arm-none-eabi\include\c++\10.2.1\bits\std_function.h **** 
 503:c:\program files\daisytoolchain\arm-none-eabi\include\c++\10.2.1\bits\std_function.h ****       /**
 504:c:\program files\daisytoolchain\arm-none-eabi\include\c++\10.2.1\bits\std_function.h ****        *  @brief Invokes the function targeted by @c *this.
 505:c:\program files\daisytoolchain\arm-none-eabi\include\c++\10.2.1\bits\std_function.h ****        *  @returns the result of the target.
 506:c:\program files\daisytoolchain\arm-none-eabi\include\c++\10.2.1\bits\std_function.h ****        *  @throws bad_function_call when @c !(bool)*this
 507:c:\program files\daisytoolchain\arm-none-eabi\include\c++\10.2.1\bits\std_function.h ****        *
 508:c:\program files\daisytoolchain\arm-none-eabi\include\c++\10.2.1\bits\std_function.h ****        *  The function call operator invokes the target function object
 509:c:\program files\daisytoolchain\arm-none-eabi\include\c++\10.2.1\bits\std_function.h ****        *  stored by @c this.
 510:c:\program files\daisytoolchain\arm-none-eabi\include\c++\10.2.1\bits\std_function.h ****        */
 511:c:\program files\daisytoolchain\arm-none-eabi\include\c++\10.2.1\bits\std_function.h ****       _Res operator()(_ArgTypes... __args) const;
 512:c:\program files\daisytoolchain\arm-none-eabi\include\c++\10.2.1\bits\std_function.h **** 
 513:c:\program files\daisytoolchain\arm-none-eabi\include\c++\10.2.1\bits\std_function.h **** #if __cpp_rtti
 514:c:\program files\daisytoolchain\arm-none-eabi\include\c++\10.2.1\bits\std_function.h ****       // [3.7.2.5] function target access
 515:c:\program files\daisytoolchain\arm-none-eabi\include\c++\10.2.1\bits\std_function.h ****       /**
 516:c:\program files\daisytoolchain\arm-none-eabi\include\c++\10.2.1\bits\std_function.h ****        *  @brief Determine the type of the target of this function object
 517:c:\program files\daisytoolchain\arm-none-eabi\include\c++\10.2.1\bits\std_function.h ****        *  wrapper.
 518:c:\program files\daisytoolchain\arm-none-eabi\include\c++\10.2.1\bits\std_function.h ****        *
 519:c:\program files\daisytoolchain\arm-none-eabi\include\c++\10.2.1\bits\std_function.h ****        *  @returns the type identifier of the target function object, or
 520:c:\program files\daisytoolchain\arm-none-eabi\include\c++\10.2.1\bits\std_function.h ****        *  @c typeid(void) if @c !(bool)*this.
 521:c:\program files\daisytoolchain\arm-none-eabi\include\c++\10.2.1\bits\std_function.h ****        *
 522:c:\program files\daisytoolchain\arm-none-eabi\include\c++\10.2.1\bits\std_function.h ****        *  This function will not throw an %exception.
 523:c:\program files\daisytoolchain\arm-none-eabi\include\c++\10.2.1\bits\std_function.h ****        */
 524:c:\program files\daisytoolchain\arm-none-eabi\include\c++\10.2.1\bits\std_function.h ****       const type_info& target_type() const noexcept;
 525:c:\program files\daisytoolchain\arm-none-eabi\include\c++\10.2.1\bits\std_function.h **** 
 526:c:\program files\daisytoolchain\arm-none-eabi\include\c++\10.2.1\bits\std_function.h ****       /**
 527:c:\program files\daisytoolchain\arm-none-eabi\include\c++\10.2.1\bits\std_function.h ****        *  @brief Access the stored target function object.
 528:c:\program files\daisytoolchain\arm-none-eabi\include\c++\10.2.1\bits\std_function.h ****        *
 529:c:\program files\daisytoolchain\arm-none-eabi\include\c++\10.2.1\bits\std_function.h ****        *  @return Returns a pointer to the stored target function object,
 530:c:\program files\daisytoolchain\arm-none-eabi\include\c++\10.2.1\bits\std_function.h ****        *  if @c typeid(_Functor).equals(target_type()); otherwise, a NULL
 531:c:\program files\daisytoolchain\arm-none-eabi\include\c++\10.2.1\bits\std_function.h ****        *  pointer.
 532:c:\program files\daisytoolchain\arm-none-eabi\include\c++\10.2.1\bits\std_function.h ****        *
 533:c:\program files\daisytoolchain\arm-none-eabi\include\c++\10.2.1\bits\std_function.h ****        * This function does not throw exceptions.
 534:c:\program files\daisytoolchain\arm-none-eabi\include\c++\10.2.1\bits\std_function.h ****        *
 535:c:\program files\daisytoolchain\arm-none-eabi\include\c++\10.2.1\bits\std_function.h ****        * @{
 536:c:\program files\daisytoolchain\arm-none-eabi\include\c++\10.2.1\bits\std_function.h ****        */
 537:c:\program files\daisytoolchain\arm-none-eabi\include\c++\10.2.1\bits\std_function.h ****       template<typename _Functor>       _Functor* target() noexcept;
 538:c:\program files\daisytoolchain\arm-none-eabi\include\c++\10.2.1\bits\std_function.h **** 
 539:c:\program files\daisytoolchain\arm-none-eabi\include\c++\10.2.1\bits\std_function.h ****       template<typename _Functor> const _Functor* target() const noexcept;
 540:c:\program files\daisytoolchain\arm-none-eabi\include\c++\10.2.1\bits\std_function.h ****       // @}
 541:c:\program files\daisytoolchain\arm-none-eabi\include\c++\10.2.1\bits\std_function.h **** #endif
 542:c:\program files\daisytoolchain\arm-none-eabi\include\c++\10.2.1\bits\std_function.h **** 
 543:c:\program files\daisytoolchain\arm-none-eabi\include\c++\10.2.1\bits\std_function.h ****     private:
 544:c:\program files\daisytoolchain\arm-none-eabi\include\c++\10.2.1\bits\std_function.h ****       using _Invoker_type = _Res (*)(const _Any_data&, _ArgTypes&&...);
ARM GAS  C:\Users\Spencer\AppData\Local\Temp\ccWmt4tk.s 			page 115


 545:c:\program files\daisytoolchain\arm-none-eabi\include\c++\10.2.1\bits\std_function.h ****       _Invoker_type _M_invoker;
 546:c:\program files\daisytoolchain\arm-none-eabi\include\c++\10.2.1\bits\std_function.h ****   };
 547:c:\program files\daisytoolchain\arm-none-eabi\include\c++\10.2.1\bits\std_function.h **** 
 548:c:\program files\daisytoolchain\arm-none-eabi\include\c++\10.2.1\bits\std_function.h **** #if __cpp_deduction_guides >= 201606
 549:c:\program files\daisytoolchain\arm-none-eabi\include\c++\10.2.1\bits\std_function.h ****   template<typename>
 550:c:\program files\daisytoolchain\arm-none-eabi\include\c++\10.2.1\bits\std_function.h ****     struct __function_guide_helper
 551:c:\program files\daisytoolchain\arm-none-eabi\include\c++\10.2.1\bits\std_function.h ****     { };
 552:c:\program files\daisytoolchain\arm-none-eabi\include\c++\10.2.1\bits\std_function.h **** 
 553:c:\program files\daisytoolchain\arm-none-eabi\include\c++\10.2.1\bits\std_function.h ****   template<typename _Res, typename _Tp, bool _Nx, typename... _Args>
 554:c:\program files\daisytoolchain\arm-none-eabi\include\c++\10.2.1\bits\std_function.h ****     struct __function_guide_helper<
 555:c:\program files\daisytoolchain\arm-none-eabi\include\c++\10.2.1\bits\std_function.h ****       _Res (_Tp::*) (_Args...) noexcept(_Nx)
 556:c:\program files\daisytoolchain\arm-none-eabi\include\c++\10.2.1\bits\std_function.h ****     >
 557:c:\program files\daisytoolchain\arm-none-eabi\include\c++\10.2.1\bits\std_function.h ****     { using type = _Res(_Args...); };
 558:c:\program files\daisytoolchain\arm-none-eabi\include\c++\10.2.1\bits\std_function.h **** 
 559:c:\program files\daisytoolchain\arm-none-eabi\include\c++\10.2.1\bits\std_function.h ****   template<typename _Res, typename _Tp, bool _Nx, typename... _Args>
 560:c:\program files\daisytoolchain\arm-none-eabi\include\c++\10.2.1\bits\std_function.h ****     struct __function_guide_helper<
 561:c:\program files\daisytoolchain\arm-none-eabi\include\c++\10.2.1\bits\std_function.h ****       _Res (_Tp::*) (_Args...) & noexcept(_Nx)
 562:c:\program files\daisytoolchain\arm-none-eabi\include\c++\10.2.1\bits\std_function.h ****     >
 563:c:\program files\daisytoolchain\arm-none-eabi\include\c++\10.2.1\bits\std_function.h ****     { using type = _Res(_Args...); };
 564:c:\program files\daisytoolchain\arm-none-eabi\include\c++\10.2.1\bits\std_function.h **** 
 565:c:\program files\daisytoolchain\arm-none-eabi\include\c++\10.2.1\bits\std_function.h ****   template<typename _Res, typename _Tp, bool _Nx, typename... _Args>
 566:c:\program files\daisytoolchain\arm-none-eabi\include\c++\10.2.1\bits\std_function.h ****     struct __function_guide_helper<
 567:c:\program files\daisytoolchain\arm-none-eabi\include\c++\10.2.1\bits\std_function.h ****       _Res (_Tp::*) (_Args...) const noexcept(_Nx)
 568:c:\program files\daisytoolchain\arm-none-eabi\include\c++\10.2.1\bits\std_function.h ****     >
 569:c:\program files\daisytoolchain\arm-none-eabi\include\c++\10.2.1\bits\std_function.h ****     { using type = _Res(_Args...); };
 570:c:\program files\daisytoolchain\arm-none-eabi\include\c++\10.2.1\bits\std_function.h **** 
 571:c:\program files\daisytoolchain\arm-none-eabi\include\c++\10.2.1\bits\std_function.h ****   template<typename _Res, typename _Tp, bool _Nx, typename... _Args>
 572:c:\program files\daisytoolchain\arm-none-eabi\include\c++\10.2.1\bits\std_function.h ****     struct __function_guide_helper<
 573:c:\program files\daisytoolchain\arm-none-eabi\include\c++\10.2.1\bits\std_function.h ****       _Res (_Tp::*) (_Args...) const & noexcept(_Nx)
 574:c:\program files\daisytoolchain\arm-none-eabi\include\c++\10.2.1\bits\std_function.h ****     >
 575:c:\program files\daisytoolchain\arm-none-eabi\include\c++\10.2.1\bits\std_function.h ****     { using type = _Res(_Args...); };
 576:c:\program files\daisytoolchain\arm-none-eabi\include\c++\10.2.1\bits\std_function.h **** 
 577:c:\program files\daisytoolchain\arm-none-eabi\include\c++\10.2.1\bits\std_function.h ****   template<typename _Res, typename... _ArgTypes>
 578:c:\program files\daisytoolchain\arm-none-eabi\include\c++\10.2.1\bits\std_function.h ****     function(_Res(*)(_ArgTypes...)) -> function<_Res(_ArgTypes...)>;
 579:c:\program files\daisytoolchain\arm-none-eabi\include\c++\10.2.1\bits\std_function.h **** 
 580:c:\program files\daisytoolchain\arm-none-eabi\include\c++\10.2.1\bits\std_function.h ****   template<typename _Functor, typename _Signature = typename
 581:c:\program files\daisytoolchain\arm-none-eabi\include\c++\10.2.1\bits\std_function.h **** 	   __function_guide_helper<decltype(&_Functor::operator())>::type>
 582:c:\program files\daisytoolchain\arm-none-eabi\include\c++\10.2.1\bits\std_function.h ****     function(_Functor) -> function<_Signature>;
 583:c:\program files\daisytoolchain\arm-none-eabi\include\c++\10.2.1\bits\std_function.h **** #endif
 584:c:\program files\daisytoolchain\arm-none-eabi\include\c++\10.2.1\bits\std_function.h **** 
 585:c:\program files\daisytoolchain\arm-none-eabi\include\c++\10.2.1\bits\std_function.h ****   // Out-of-line member definitions.
 586:c:\program files\daisytoolchain\arm-none-eabi\include\c++\10.2.1\bits\std_function.h ****   template<typename _Res, typename... _ArgTypes>
 587:c:\program files\daisytoolchain\arm-none-eabi\include\c++\10.2.1\bits\std_function.h ****     function<_Res(_ArgTypes...)>::
 588:c:\program files\daisytoolchain\arm-none-eabi\include\c++\10.2.1\bits\std_function.h ****     function(const function& __x)
 589:c:\program files\daisytoolchain\arm-none-eabi\include\c++\10.2.1\bits\std_function.h ****     : _Function_base()
 590:c:\program files\daisytoolchain\arm-none-eabi\include\c++\10.2.1\bits\std_function.h ****     {
 591:c:\program files\daisytoolchain\arm-none-eabi\include\c++\10.2.1\bits\std_function.h ****       if (static_cast<bool>(__x))
 592:c:\program files\daisytoolchain\arm-none-eabi\include\c++\10.2.1\bits\std_function.h **** 	{
 593:c:\program files\daisytoolchain\arm-none-eabi\include\c++\10.2.1\bits\std_function.h **** 	  __x._M_manager(_M_functor, __x._M_functor, __clone_functor);
 594:c:\program files\daisytoolchain\arm-none-eabi\include\c++\10.2.1\bits\std_function.h **** 	  _M_invoker = __x._M_invoker;
 595:c:\program files\daisytoolchain\arm-none-eabi\include\c++\10.2.1\bits\std_function.h **** 	  _M_manager = __x._M_manager;
 596:c:\program files\daisytoolchain\arm-none-eabi\include\c++\10.2.1\bits\std_function.h **** 	}
 597:c:\program files\daisytoolchain\arm-none-eabi\include\c++\10.2.1\bits\std_function.h ****     }
 598:c:\program files\daisytoolchain\arm-none-eabi\include\c++\10.2.1\bits\std_function.h **** 
 599:c:\program files\daisytoolchain\arm-none-eabi\include\c++\10.2.1\bits\std_function.h ****   template<typename _Res, typename... _ArgTypes>
 600:c:\program files\daisytoolchain\arm-none-eabi\include\c++\10.2.1\bits\std_function.h ****     template<typename _Functor, typename, typename>
 601:c:\program files\daisytoolchain\arm-none-eabi\include\c++\10.2.1\bits\std_function.h ****       function<_Res(_ArgTypes...)>::
ARM GAS  C:\Users\Spencer\AppData\Local\Temp\ccWmt4tk.s 			page 116


 602:c:\program files\daisytoolchain\arm-none-eabi\include\c++\10.2.1\bits\std_function.h ****       function(_Functor __f)
 603:c:\program files\daisytoolchain\arm-none-eabi\include\c++\10.2.1\bits\std_function.h ****       : _Function_base()
 604:c:\program files\daisytoolchain\arm-none-eabi\include\c++\10.2.1\bits\std_function.h ****       {
 605:c:\program files\daisytoolchain\arm-none-eabi\include\c++\10.2.1\bits\std_function.h **** 	typedef _Function_handler<_Res(_ArgTypes...), _Functor> _My_handler;
 606:c:\program files\daisytoolchain\arm-none-eabi\include\c++\10.2.1\bits\std_function.h **** 
 607:c:\program files\daisytoolchain\arm-none-eabi\include\c++\10.2.1\bits\std_function.h **** 	if (_My_handler::_M_not_empty_function(__f))
 608:c:\program files\daisytoolchain\arm-none-eabi\include\c++\10.2.1\bits\std_function.h **** 	  {
 609:c:\program files\daisytoolchain\arm-none-eabi\include\c++\10.2.1\bits\std_function.h **** 	    _My_handler::_M_init_functor(_M_functor, std::move(__f));
 610:c:\program files\daisytoolchain\arm-none-eabi\include\c++\10.2.1\bits\std_function.h **** 	    _M_invoker = &_My_handler::_M_invoke;
 611:c:\program files\daisytoolchain\arm-none-eabi\include\c++\10.2.1\bits\std_function.h **** 	    _M_manager = &_My_handler::_M_manager;
 612:c:\program files\daisytoolchain\arm-none-eabi\include\c++\10.2.1\bits\std_function.h **** 	  }
 613:c:\program files\daisytoolchain\arm-none-eabi\include\c++\10.2.1\bits\std_function.h ****       }
 614:c:\program files\daisytoolchain\arm-none-eabi\include\c++\10.2.1\bits\std_function.h **** 
 615:c:\program files\daisytoolchain\arm-none-eabi\include\c++\10.2.1\bits\std_function.h ****   template<typename _Res, typename... _ArgTypes>
 616:c:\program files\daisytoolchain\arm-none-eabi\include\c++\10.2.1\bits\std_function.h ****     _Res
 617:c:\program files\daisytoolchain\arm-none-eabi\include\c++\10.2.1\bits\std_function.h ****     function<_Res(_ArgTypes...)>::
 2613              		.loc 13 617 5 is_stmt 1 view -0
 2614              		.cfi_startproc
 2615              		@ args = 0, pretend = 0, frame = 8
 2616              		@ frame_needed = 0, uses_anonymous_args = 0
 2617              		.loc 13 617 5 is_stmt 0 view .LVU629
 2618 0000 00B5     		push	{lr}
 2619              		.cfi_def_cfa_offset 4
 2620              		.cfi_offset 14, -4
 2621 0002 83B0     		sub	sp, sp, #12
 2622              		.cfi_def_cfa_offset 16
 2623 0004 8DED010A 		vstr.32	s0, [sp, #4]
 2624              	.LVL192:
 2625              	.LBB984:
 2626              	.LBI984:
 248:c:\program files\daisytoolchain\arm-none-eabi\include\c++\10.2.1\bits\std_function.h **** 
 2627              		.loc 13 248 10 is_stmt 1 view .LVU630
 2628              	.LBB985:
 248:c:\program files\daisytoolchain\arm-none-eabi\include\c++\10.2.1\bits\std_function.h **** 
 2629              		.loc 13 248 29 view .LVU631
 248:c:\program files\daisytoolchain\arm-none-eabi\include\c++\10.2.1\bits\std_function.h **** 
 2630              		.loc 13 248 29 is_stmt 0 view .LVU632
 2631              	.LBE985:
 2632              	.LBE984:
 618:c:\program files\daisytoolchain\arm-none-eabi\include\c++\10.2.1\bits\std_function.h ****     operator()(_ArgTypes... __args) const
 619:c:\program files\daisytoolchain\arm-none-eabi\include\c++\10.2.1\bits\std_function.h ****     {
 620:c:\program files\daisytoolchain\arm-none-eabi\include\c++\10.2.1\bits\std_function.h ****       if (_M_empty())
 2633              		.loc 13 620 7 view .LVU633
 2634 0008 8368     		ldr	r3, [r0, #8]
 2635 000a 2BB1     		cbz	r3, .L100
 621:c:\program files\daisytoolchain\arm-none-eabi\include\c++\10.2.1\bits\std_function.h **** 	__throw_bad_function_call();
 622:c:\program files\daisytoolchain\arm-none-eabi\include\c++\10.2.1\bits\std_function.h ****       return _M_invoker(_M_functor, std::forward<_ArgTypes>(__args)...);
 2636              		.loc 13 622 14 view .LVU634
 2637 000c C368     		ldr	r3, [r0, #12]
 2638 000e 01A9     		add	r1, sp, #4
 2639 0010 9847     		blx	r3
 2640              	.LVL193:
 623:c:\program files\daisytoolchain\arm-none-eabi\include\c++\10.2.1\bits\std_function.h ****     }
 2641              		.loc 13 623 5 view .LVU635
 2642 0012 03B0     		add	sp, sp, #12
 2643              		.cfi_remember_state
 2644              		.cfi_def_cfa_offset 4
ARM GAS  C:\Users\Spencer\AppData\Local\Temp\ccWmt4tk.s 			page 117


 2645              		@ sp needed
 2646 0014 5DF804FB 		ldr	pc, [sp], #4
 2647              	.LVL194:
 2648              	.L100:
 2649              		.cfi_restore_state
 621:c:\program files\daisytoolchain\arm-none-eabi\include\c++\10.2.1\bits\std_function.h **** 	__throw_bad_function_call();
 2650              		.loc 13 621 27 view .LVU636
 2651 0018 FFF7FEFF 		bl	_ZSt25__throw_bad_function_callv
 2652              	.LVL195:
 621:c:\program files\daisytoolchain\arm-none-eabi\include\c++\10.2.1\bits\std_function.h **** 	__throw_bad_function_call();
 2653              		.loc 13 621 27 view .LVU637
 2654              		.cfi_endproc
 2655              	.LFE6688:
 2657              		.section	.text._ZN9soundmath4WaveIfEC2ESt8functionIFffEEffb,"axG",%progbits,_ZN9soundmath4WaveIfEC
 2658              		.align	1
 2659              		.weak	_ZN9soundmath4WaveIfEC2ESt8functionIFffEEffb
 2660              		.syntax unified
 2661              		.thumb
 2662              		.thumb_func
 2663              		.fpu fpv5-d16
 2665              	_ZN9soundmath4WaveIfEC2ESt8functionIFffEEffb:
 2666              	.LVL196:
 2667              	.LFB6525:
  16:wave.h        **** 		{
 2668              		.loc 17 16 3 is_stmt 1 view -0
 2669              		.cfi_startproc
 2670              		@ args = 0, pretend = 0, frame = 24
 2671              		@ frame_needed = 0, uses_anonymous_args = 0
  16:wave.h        **** 		{
 2672              		.loc 17 16 3 is_stmt 0 view .LVU639
 2673 0000 2DE9F041 		push	{r4, r5, r6, r7, r8, lr}
 2674              		.cfi_def_cfa_offset 24
 2675              		.cfi_offset 4, -24
 2676              		.cfi_offset 5, -20
 2677              		.cfi_offset 6, -16
 2678              		.cfi_offset 7, -12
 2679              		.cfi_offset 8, -8
 2680              		.cfi_offset 14, -4
 2681 0004 2DED028B 		vpush.64	{d8}
 2682              		.cfi_def_cfa_offset 32
 2683              		.cfi_offset 80, -32
 2684              		.cfi_offset 81, -28
 2685 0008 86B0     		sub	sp, sp, #24
 2686              		.cfi_def_cfa_offset 56
 2687 000a 0746     		mov	r7, r0
 2688 000c 0E46     		mov	r6, r1
 2689 000e F0EE408A 		vmov.f32	s17, s0
 2690 0012 B0EE608A 		vmov.f32	s16, s1
 2691 0016 9046     		mov	r8, r2
 2692              	.LVL197:
 2693              	.LBB1019:
 2694              	.LBI1019:
 330:c:\program files\daisytoolchain\arm-none-eabi\include\c++\10.2.1\bits\std_function.h ****       : _Function_base() { }
 2695              		.loc 13 330 7 is_stmt 1 view .LVU640
 2696              	.LBB1020:
 2697              	.LBI1020:
 240:c:\program files\daisytoolchain\arm-none-eabi\include\c++\10.2.1\bits\std_function.h **** 
ARM GAS  C:\Users\Spencer\AppData\Local\Temp\ccWmt4tk.s 			page 118


 2698              		.loc 13 240 5 view .LVU641
 2699              	.LBB1021:
 240:c:\program files\daisytoolchain\arm-none-eabi\include\c++\10.2.1\bits\std_function.h **** 
 2700              		.loc 13 240 42 is_stmt 0 view .LVU642
 2701 0018 00F50052 		add	r2, r0, #8192
 2702              	.LVL198:
 240:c:\program files\daisytoolchain\arm-none-eabi\include\c++\10.2.1\bits\std_function.h **** 
 2703              		.loc 13 240 42 view .LVU643
 2704 001c 0023     		movs	r3, #0
 2705 001e 9361     		str	r3, [r2, #24]
 2706              	.LVL199:
 240:c:\program files\daisytoolchain\arm-none-eabi\include\c++\10.2.1\bits\std_function.h **** 
 2707              		.loc 13 240 42 view .LVU644
 2708              	.LBE1021:
 2709              	.LBE1020:
 2710              	.LBE1019:
 2711              	.LBB1022:
 2712              	.LBB1023:
 2713              	.LBI1023:
 396:c:\program files\daisytoolchain\arm-none-eabi\include\c++\10.2.1\bits\std_function.h ****       {
 2714              		.loc 13 396 7 is_stmt 1 view .LVU645
 2715              	.LBB1024:
 2716              	.LBB1025:
 2717              	.LBI1025:
 587:c:\program files\daisytoolchain\arm-none-eabi\include\c++\10.2.1\bits\std_function.h ****     function(const function& __x)
 2718              		.loc 13 587 5 view .LVU646
 2719              	.LBB1026:
 2720              	.LBB1027:
 2721              	.LBB1028:
 2722              	.LBI1028:
 240:c:\program files\daisytoolchain\arm-none-eabi\include\c++\10.2.1\bits\std_function.h **** 
 2723              		.loc 13 240 5 view .LVU647
 2724              	.LBB1029:
 2725              	.LBB1030:
 240:c:\program files\daisytoolchain\arm-none-eabi\include\c++\10.2.1\bits\std_function.h **** 
 2726              		.loc 13 240 42 is_stmt 0 view .LVU648
 2727 0020 0493     		str	r3, [sp, #16]
 2728              	.LVL200:
 240:c:\program files\daisytoolchain\arm-none-eabi\include\c++\10.2.1\bits\std_function.h **** 
 2729              		.loc 13 240 42 view .LVU649
 2730              	.LBE1030:
 2731              	.LBE1029:
 2732              	.LBE1028:
 2733              	.LBB1031:
 2734              	.LBI1031:
 498:c:\program files\daisytoolchain\arm-none-eabi\include\c++\10.2.1\bits\std_function.h ****       { return !_M_empty(); }
 2735              		.loc 13 498 16 is_stmt 1 view .LVU650
 2736              	.LBB1032:
 2737              	.LBI1032:
 248:c:\program files\daisytoolchain\arm-none-eabi\include\c++\10.2.1\bits\std_function.h **** 
 2738              		.loc 13 248 10 view .LVU651
 2739              	.LBB1033:
 248:c:\program files\daisytoolchain\arm-none-eabi\include\c++\10.2.1\bits\std_function.h **** 
 2740              		.loc 13 248 29 view .LVU652
 248:c:\program files\daisytoolchain\arm-none-eabi\include\c++\10.2.1\bits\std_function.h **** 
 2741              		.loc 13 248 37 is_stmt 0 view .LVU653
 2742 0022 8B68     		ldr	r3, [r1, #8]
ARM GAS  C:\Users\Spencer\AppData\Local\Temp\ccWmt4tk.s 			page 119


 2743              	.LVL201:
 248:c:\program files\daisytoolchain\arm-none-eabi\include\c++\10.2.1\bits\std_function.h **** 
 2744              		.loc 13 248 37 view .LVU654
 2745              	.LBE1033:
 2746              	.LBE1032:
 2747              	.LBE1031:
 591:c:\program files\daisytoolchain\arm-none-eabi\include\c++\10.2.1\bits\std_function.h **** 	{
 2748              		.loc 13 591 7 view .LVU655
 2749 0024 33B1     		cbz	r3, .L102
 593:c:\program files\daisytoolchain\arm-none-eabi\include\c++\10.2.1\bits\std_function.h **** 	  _M_invoker = __x._M_invoker;
 2750              		.loc 13 593 8 view .LVU656
 2751 0026 0222     		movs	r2, #2
 2752 0028 02A8     		add	r0, sp, #8
 2753              	.LVL202:
 593:c:\program files\daisytoolchain\arm-none-eabi\include\c++\10.2.1\bits\std_function.h **** 	  _M_invoker = __x._M_invoker;
 2754              		.loc 13 593 8 view .LVU657
 2755 002a 9847     		blx	r3
 2756              	.LVL203:
 594:c:\program files\daisytoolchain\arm-none-eabi\include\c++\10.2.1\bits\std_function.h **** 	  _M_manager = __x._M_manager;
 2757              		.loc 13 594 15 view .LVU658
 2758 002c F368     		ldr	r3, [r6, #12]
 2759 002e 0593     		str	r3, [sp, #20]
 595:c:\program files\daisytoolchain\arm-none-eabi\include\c++\10.2.1\bits\std_function.h **** 	}
 2760              		.loc 13 595 15 view .LVU659
 2761 0030 B368     		ldr	r3, [r6, #8]
 2762 0032 0493     		str	r3, [sp, #16]
 2763              	.L102:
 2764              	.LVL204:
 595:c:\program files\daisytoolchain\arm-none-eabi\include\c++\10.2.1\bits\std_function.h **** 	}
 2765              		.loc 13 595 15 view .LVU660
 2766              	.LBE1027:
 2767              	.LBE1026:
 2768              	.LBE1025:
 2769              	.LBB1034:
 2770              	.LBI1034:
 481:c:\program files\daisytoolchain\arm-none-eabi\include\c++\10.2.1\bits\std_function.h ****       {
 2771              		.loc 13 481 12 is_stmt 1 view .LVU661
 2772              	.LBB1035:
 2773              	.LBI1035:
 2774              		.file 22 "c:\\program files\\daisytoolchain\\arm-none-eabi\\include\\c++\\10.2.1\\bits\\move.h"
   1:c:\program files\daisytoolchain\arm-none-eabi\include\c++\10.2.1\bits\move.h **** // Move, forward and identity for C++11 + swap -*- C++ -*-
   2:c:\program files\daisytoolchain\arm-none-eabi\include\c++\10.2.1\bits\move.h **** 
   3:c:\program files\daisytoolchain\arm-none-eabi\include\c++\10.2.1\bits\move.h **** // Copyright (C) 2007-2020 Free Software Foundation, Inc.
   4:c:\program files\daisytoolchain\arm-none-eabi\include\c++\10.2.1\bits\move.h **** //
   5:c:\program files\daisytoolchain\arm-none-eabi\include\c++\10.2.1\bits\move.h **** // This file is part of the GNU ISO C++ Library.  This library is free
   6:c:\program files\daisytoolchain\arm-none-eabi\include\c++\10.2.1\bits\move.h **** // software; you can redistribute it and/or modify it under the
   7:c:\program files\daisytoolchain\arm-none-eabi\include\c++\10.2.1\bits\move.h **** // terms of the GNU General Public License as published by the
   8:c:\program files\daisytoolchain\arm-none-eabi\include\c++\10.2.1\bits\move.h **** // Free Software Foundation; either version 3, or (at your option)
   9:c:\program files\daisytoolchain\arm-none-eabi\include\c++\10.2.1\bits\move.h **** // any later version.
  10:c:\program files\daisytoolchain\arm-none-eabi\include\c++\10.2.1\bits\move.h **** 
  11:c:\program files\daisytoolchain\arm-none-eabi\include\c++\10.2.1\bits\move.h **** // This library is distributed in the hope that it will be useful,
  12:c:\program files\daisytoolchain\arm-none-eabi\include\c++\10.2.1\bits\move.h **** // but WITHOUT ANY WARRANTY; without even the implied warranty of
  13:c:\program files\daisytoolchain\arm-none-eabi\include\c++\10.2.1\bits\move.h **** // MERCHANTABILITY or FITNESS FOR A PARTICULAR PURPOSE.  See the
  14:c:\program files\daisytoolchain\arm-none-eabi\include\c++\10.2.1\bits\move.h **** // GNU General Public License for more details.
  15:c:\program files\daisytoolchain\arm-none-eabi\include\c++\10.2.1\bits\move.h **** 
  16:c:\program files\daisytoolchain\arm-none-eabi\include\c++\10.2.1\bits\move.h **** // Under Section 7 of GPL version 3, you are granted additional
  17:c:\program files\daisytoolchain\arm-none-eabi\include\c++\10.2.1\bits\move.h **** // permissions described in the GCC Runtime Library Exception, version
ARM GAS  C:\Users\Spencer\AppData\Local\Temp\ccWmt4tk.s 			page 120


  18:c:\program files\daisytoolchain\arm-none-eabi\include\c++\10.2.1\bits\move.h **** // 3.1, as published by the Free Software Foundation.
  19:c:\program files\daisytoolchain\arm-none-eabi\include\c++\10.2.1\bits\move.h **** 
  20:c:\program files\daisytoolchain\arm-none-eabi\include\c++\10.2.1\bits\move.h **** // You should have received a copy of the GNU General Public License and
  21:c:\program files\daisytoolchain\arm-none-eabi\include\c++\10.2.1\bits\move.h **** // a copy of the GCC Runtime Library Exception along with this program;
  22:c:\program files\daisytoolchain\arm-none-eabi\include\c++\10.2.1\bits\move.h **** // see the files COPYING3 and COPYING.RUNTIME respectively.  If not, see
  23:c:\program files\daisytoolchain\arm-none-eabi\include\c++\10.2.1\bits\move.h **** // <http://www.gnu.org/licenses/>.
  24:c:\program files\daisytoolchain\arm-none-eabi\include\c++\10.2.1\bits\move.h **** 
  25:c:\program files\daisytoolchain\arm-none-eabi\include\c++\10.2.1\bits\move.h **** /** @file bits/move.h
  26:c:\program files\daisytoolchain\arm-none-eabi\include\c++\10.2.1\bits\move.h ****  *  This is an internal header file, included by other library headers.
  27:c:\program files\daisytoolchain\arm-none-eabi\include\c++\10.2.1\bits\move.h ****  *  Do not attempt to use it directly. @headername{utility}
  28:c:\program files\daisytoolchain\arm-none-eabi\include\c++\10.2.1\bits\move.h ****  */
  29:c:\program files\daisytoolchain\arm-none-eabi\include\c++\10.2.1\bits\move.h **** 
  30:c:\program files\daisytoolchain\arm-none-eabi\include\c++\10.2.1\bits\move.h **** #ifndef _MOVE_H
  31:c:\program files\daisytoolchain\arm-none-eabi\include\c++\10.2.1\bits\move.h **** #define _MOVE_H 1
  32:c:\program files\daisytoolchain\arm-none-eabi\include\c++\10.2.1\bits\move.h **** 
  33:c:\program files\daisytoolchain\arm-none-eabi\include\c++\10.2.1\bits\move.h **** #include <bits/c++config.h>
  34:c:\program files\daisytoolchain\arm-none-eabi\include\c++\10.2.1\bits\move.h **** #if __cplusplus < 201103L
  35:c:\program files\daisytoolchain\arm-none-eabi\include\c++\10.2.1\bits\move.h **** # include <bits/concept_check.h>
  36:c:\program files\daisytoolchain\arm-none-eabi\include\c++\10.2.1\bits\move.h **** #endif
  37:c:\program files\daisytoolchain\arm-none-eabi\include\c++\10.2.1\bits\move.h **** 
  38:c:\program files\daisytoolchain\arm-none-eabi\include\c++\10.2.1\bits\move.h **** namespace std _GLIBCXX_VISIBILITY(default)
  39:c:\program files\daisytoolchain\arm-none-eabi\include\c++\10.2.1\bits\move.h **** {
  40:c:\program files\daisytoolchain\arm-none-eabi\include\c++\10.2.1\bits\move.h **** _GLIBCXX_BEGIN_NAMESPACE_VERSION
  41:c:\program files\daisytoolchain\arm-none-eabi\include\c++\10.2.1\bits\move.h **** 
  42:c:\program files\daisytoolchain\arm-none-eabi\include\c++\10.2.1\bits\move.h ****   // Used, in C++03 mode too, by allocators, etc.
  43:c:\program files\daisytoolchain\arm-none-eabi\include\c++\10.2.1\bits\move.h ****   /**
  44:c:\program files\daisytoolchain\arm-none-eabi\include\c++\10.2.1\bits\move.h ****    *  @brief Same as C++11 std::addressof
  45:c:\program files\daisytoolchain\arm-none-eabi\include\c++\10.2.1\bits\move.h ****    *  @ingroup utilities
  46:c:\program files\daisytoolchain\arm-none-eabi\include\c++\10.2.1\bits\move.h ****    */
  47:c:\program files\daisytoolchain\arm-none-eabi\include\c++\10.2.1\bits\move.h ****   template<typename _Tp>
  48:c:\program files\daisytoolchain\arm-none-eabi\include\c++\10.2.1\bits\move.h ****     inline _GLIBCXX_CONSTEXPR _Tp*
  49:c:\program files\daisytoolchain\arm-none-eabi\include\c++\10.2.1\bits\move.h ****     __addressof(_Tp& __r) _GLIBCXX_NOEXCEPT
  50:c:\program files\daisytoolchain\arm-none-eabi\include\c++\10.2.1\bits\move.h ****     { return __builtin_addressof(__r); }
  51:c:\program files\daisytoolchain\arm-none-eabi\include\c++\10.2.1\bits\move.h **** 
  52:c:\program files\daisytoolchain\arm-none-eabi\include\c++\10.2.1\bits\move.h **** #if __cplusplus >= 201103L
  53:c:\program files\daisytoolchain\arm-none-eabi\include\c++\10.2.1\bits\move.h **** 
  54:c:\program files\daisytoolchain\arm-none-eabi\include\c++\10.2.1\bits\move.h **** _GLIBCXX_END_NAMESPACE_VERSION
  55:c:\program files\daisytoolchain\arm-none-eabi\include\c++\10.2.1\bits\move.h **** } // namespace
  56:c:\program files\daisytoolchain\arm-none-eabi\include\c++\10.2.1\bits\move.h **** 
  57:c:\program files\daisytoolchain\arm-none-eabi\include\c++\10.2.1\bits\move.h **** #include <type_traits> // Brings in std::declval too.
  58:c:\program files\daisytoolchain\arm-none-eabi\include\c++\10.2.1\bits\move.h **** 
  59:c:\program files\daisytoolchain\arm-none-eabi\include\c++\10.2.1\bits\move.h **** namespace std _GLIBCXX_VISIBILITY(default)
  60:c:\program files\daisytoolchain\arm-none-eabi\include\c++\10.2.1\bits\move.h **** {
  61:c:\program files\daisytoolchain\arm-none-eabi\include\c++\10.2.1\bits\move.h **** _GLIBCXX_BEGIN_NAMESPACE_VERSION
  62:c:\program files\daisytoolchain\arm-none-eabi\include\c++\10.2.1\bits\move.h **** 
  63:c:\program files\daisytoolchain\arm-none-eabi\include\c++\10.2.1\bits\move.h ****   /**
  64:c:\program files\daisytoolchain\arm-none-eabi\include\c++\10.2.1\bits\move.h ****    *  @addtogroup utilities
  65:c:\program files\daisytoolchain\arm-none-eabi\include\c++\10.2.1\bits\move.h ****    *  @{
  66:c:\program files\daisytoolchain\arm-none-eabi\include\c++\10.2.1\bits\move.h ****    */
  67:c:\program files\daisytoolchain\arm-none-eabi\include\c++\10.2.1\bits\move.h **** 
  68:c:\program files\daisytoolchain\arm-none-eabi\include\c++\10.2.1\bits\move.h ****   /**
  69:c:\program files\daisytoolchain\arm-none-eabi\include\c++\10.2.1\bits\move.h ****    *  @brief  Forward an lvalue.
  70:c:\program files\daisytoolchain\arm-none-eabi\include\c++\10.2.1\bits\move.h ****    *  @return The parameter cast to the specified type.
  71:c:\program files\daisytoolchain\arm-none-eabi\include\c++\10.2.1\bits\move.h ****    *
  72:c:\program files\daisytoolchain\arm-none-eabi\include\c++\10.2.1\bits\move.h ****    *  This function is used to implement "perfect forwarding".
  73:c:\program files\daisytoolchain\arm-none-eabi\include\c++\10.2.1\bits\move.h ****    */
  74:c:\program files\daisytoolchain\arm-none-eabi\include\c++\10.2.1\bits\move.h ****   template<typename _Tp>
ARM GAS  C:\Users\Spencer\AppData\Local\Temp\ccWmt4tk.s 			page 121


  75:c:\program files\daisytoolchain\arm-none-eabi\include\c++\10.2.1\bits\move.h ****     constexpr _Tp&&
  76:c:\program files\daisytoolchain\arm-none-eabi\include\c++\10.2.1\bits\move.h ****     forward(typename std::remove_reference<_Tp>::type& __t) noexcept
  77:c:\program files\daisytoolchain\arm-none-eabi\include\c++\10.2.1\bits\move.h ****     { return static_cast<_Tp&&>(__t); }
  78:c:\program files\daisytoolchain\arm-none-eabi\include\c++\10.2.1\bits\move.h **** 
  79:c:\program files\daisytoolchain\arm-none-eabi\include\c++\10.2.1\bits\move.h ****   /**
  80:c:\program files\daisytoolchain\arm-none-eabi\include\c++\10.2.1\bits\move.h ****    *  @brief  Forward an rvalue.
  81:c:\program files\daisytoolchain\arm-none-eabi\include\c++\10.2.1\bits\move.h ****    *  @return The parameter cast to the specified type.
  82:c:\program files\daisytoolchain\arm-none-eabi\include\c++\10.2.1\bits\move.h ****    *
  83:c:\program files\daisytoolchain\arm-none-eabi\include\c++\10.2.1\bits\move.h ****    *  This function is used to implement "perfect forwarding".
  84:c:\program files\daisytoolchain\arm-none-eabi\include\c++\10.2.1\bits\move.h ****    */
  85:c:\program files\daisytoolchain\arm-none-eabi\include\c++\10.2.1\bits\move.h ****   template<typename _Tp>
  86:c:\program files\daisytoolchain\arm-none-eabi\include\c++\10.2.1\bits\move.h ****     constexpr _Tp&&
  87:c:\program files\daisytoolchain\arm-none-eabi\include\c++\10.2.1\bits\move.h ****     forward(typename std::remove_reference<_Tp>::type&& __t) noexcept
  88:c:\program files\daisytoolchain\arm-none-eabi\include\c++\10.2.1\bits\move.h ****     {
  89:c:\program files\daisytoolchain\arm-none-eabi\include\c++\10.2.1\bits\move.h ****       static_assert(!std::is_lvalue_reference<_Tp>::value, "template argument"
  90:c:\program files\daisytoolchain\arm-none-eabi\include\c++\10.2.1\bits\move.h **** 		    " substituting _Tp is an lvalue reference type");
  91:c:\program files\daisytoolchain\arm-none-eabi\include\c++\10.2.1\bits\move.h ****       return static_cast<_Tp&&>(__t);
  92:c:\program files\daisytoolchain\arm-none-eabi\include\c++\10.2.1\bits\move.h ****     }
  93:c:\program files\daisytoolchain\arm-none-eabi\include\c++\10.2.1\bits\move.h **** 
  94:c:\program files\daisytoolchain\arm-none-eabi\include\c++\10.2.1\bits\move.h ****   /**
  95:c:\program files\daisytoolchain\arm-none-eabi\include\c++\10.2.1\bits\move.h ****    *  @brief  Convert a value to an rvalue.
  96:c:\program files\daisytoolchain\arm-none-eabi\include\c++\10.2.1\bits\move.h ****    *  @param  __t  A thing of arbitrary type.
  97:c:\program files\daisytoolchain\arm-none-eabi\include\c++\10.2.1\bits\move.h ****    *  @return The parameter cast to an rvalue-reference to allow moving it.
  98:c:\program files\daisytoolchain\arm-none-eabi\include\c++\10.2.1\bits\move.h ****   */
  99:c:\program files\daisytoolchain\arm-none-eabi\include\c++\10.2.1\bits\move.h ****   template<typename _Tp>
 100:c:\program files\daisytoolchain\arm-none-eabi\include\c++\10.2.1\bits\move.h ****     constexpr typename std::remove_reference<_Tp>::type&&
 101:c:\program files\daisytoolchain\arm-none-eabi\include\c++\10.2.1\bits\move.h ****     move(_Tp&& __t) noexcept
 102:c:\program files\daisytoolchain\arm-none-eabi\include\c++\10.2.1\bits\move.h ****     { return static_cast<typename std::remove_reference<_Tp>::type&&>(__t); }
 103:c:\program files\daisytoolchain\arm-none-eabi\include\c++\10.2.1\bits\move.h **** 
 104:c:\program files\daisytoolchain\arm-none-eabi\include\c++\10.2.1\bits\move.h **** 
 105:c:\program files\daisytoolchain\arm-none-eabi\include\c++\10.2.1\bits\move.h ****   template<typename _Tp>
 106:c:\program files\daisytoolchain\arm-none-eabi\include\c++\10.2.1\bits\move.h ****     struct __move_if_noexcept_cond
 107:c:\program files\daisytoolchain\arm-none-eabi\include\c++\10.2.1\bits\move.h ****     : public __and_<__not_<is_nothrow_move_constructible<_Tp>>,
 108:c:\program files\daisytoolchain\arm-none-eabi\include\c++\10.2.1\bits\move.h ****                     is_copy_constructible<_Tp>>::type { };
 109:c:\program files\daisytoolchain\arm-none-eabi\include\c++\10.2.1\bits\move.h **** 
 110:c:\program files\daisytoolchain\arm-none-eabi\include\c++\10.2.1\bits\move.h ****   /**
 111:c:\program files\daisytoolchain\arm-none-eabi\include\c++\10.2.1\bits\move.h ****    *  @brief  Conditionally convert a value to an rvalue.
 112:c:\program files\daisytoolchain\arm-none-eabi\include\c++\10.2.1\bits\move.h ****    *  @param  __x  A thing of arbitrary type.
 113:c:\program files\daisytoolchain\arm-none-eabi\include\c++\10.2.1\bits\move.h ****    *  @return The parameter, possibly cast to an rvalue-reference.
 114:c:\program files\daisytoolchain\arm-none-eabi\include\c++\10.2.1\bits\move.h ****    *
 115:c:\program files\daisytoolchain\arm-none-eabi\include\c++\10.2.1\bits\move.h ****    *  Same as std::move unless the type's move constructor could throw and the
 116:c:\program files\daisytoolchain\arm-none-eabi\include\c++\10.2.1\bits\move.h ****    *  type is copyable, in which case an lvalue-reference is returned instead.
 117:c:\program files\daisytoolchain\arm-none-eabi\include\c++\10.2.1\bits\move.h ****    */
 118:c:\program files\daisytoolchain\arm-none-eabi\include\c++\10.2.1\bits\move.h ****   template<typename _Tp>
 119:c:\program files\daisytoolchain\arm-none-eabi\include\c++\10.2.1\bits\move.h ****     constexpr typename
 120:c:\program files\daisytoolchain\arm-none-eabi\include\c++\10.2.1\bits\move.h ****     conditional<__move_if_noexcept_cond<_Tp>::value, const _Tp&, _Tp&&>::type
 121:c:\program files\daisytoolchain\arm-none-eabi\include\c++\10.2.1\bits\move.h ****     move_if_noexcept(_Tp& __x) noexcept
 122:c:\program files\daisytoolchain\arm-none-eabi\include\c++\10.2.1\bits\move.h ****     { return std::move(__x); }
 123:c:\program files\daisytoolchain\arm-none-eabi\include\c++\10.2.1\bits\move.h **** 
 124:c:\program files\daisytoolchain\arm-none-eabi\include\c++\10.2.1\bits\move.h ****   // declval, from type_traits.
 125:c:\program files\daisytoolchain\arm-none-eabi\include\c++\10.2.1\bits\move.h **** 
 126:c:\program files\daisytoolchain\arm-none-eabi\include\c++\10.2.1\bits\move.h **** #if __cplusplus > 201402L
 127:c:\program files\daisytoolchain\arm-none-eabi\include\c++\10.2.1\bits\move.h ****   // _GLIBCXX_RESOLVE_LIB_DEFECTS
 128:c:\program files\daisytoolchain\arm-none-eabi\include\c++\10.2.1\bits\move.h ****   // 2296. std::addressof should be constexpr
 129:c:\program files\daisytoolchain\arm-none-eabi\include\c++\10.2.1\bits\move.h **** # define __cpp_lib_addressof_constexpr 201603
 130:c:\program files\daisytoolchain\arm-none-eabi\include\c++\10.2.1\bits\move.h **** #endif
 131:c:\program files\daisytoolchain\arm-none-eabi\include\c++\10.2.1\bits\move.h ****   /**
ARM GAS  C:\Users\Spencer\AppData\Local\Temp\ccWmt4tk.s 			page 122


 132:c:\program files\daisytoolchain\arm-none-eabi\include\c++\10.2.1\bits\move.h ****    *  @brief Returns the actual address of the object or function
 133:c:\program files\daisytoolchain\arm-none-eabi\include\c++\10.2.1\bits\move.h ****    *         referenced by r, even in the presence of an overloaded
 134:c:\program files\daisytoolchain\arm-none-eabi\include\c++\10.2.1\bits\move.h ****    *         operator&.
 135:c:\program files\daisytoolchain\arm-none-eabi\include\c++\10.2.1\bits\move.h ****    *  @param  __r  Reference to an object or function.
 136:c:\program files\daisytoolchain\arm-none-eabi\include\c++\10.2.1\bits\move.h ****    *  @return   The actual address.
 137:c:\program files\daisytoolchain\arm-none-eabi\include\c++\10.2.1\bits\move.h ****   */
 138:c:\program files\daisytoolchain\arm-none-eabi\include\c++\10.2.1\bits\move.h ****   template<typename _Tp>
 139:c:\program files\daisytoolchain\arm-none-eabi\include\c++\10.2.1\bits\move.h ****     inline _GLIBCXX17_CONSTEXPR _Tp*
 140:c:\program files\daisytoolchain\arm-none-eabi\include\c++\10.2.1\bits\move.h ****     addressof(_Tp& __r) noexcept
 141:c:\program files\daisytoolchain\arm-none-eabi\include\c++\10.2.1\bits\move.h ****     { return std::__addressof(__r); }
 142:c:\program files\daisytoolchain\arm-none-eabi\include\c++\10.2.1\bits\move.h **** 
 143:c:\program files\daisytoolchain\arm-none-eabi\include\c++\10.2.1\bits\move.h ****   // _GLIBCXX_RESOLVE_LIB_DEFECTS
 144:c:\program files\daisytoolchain\arm-none-eabi\include\c++\10.2.1\bits\move.h ****   // 2598. addressof works on temporaries
 145:c:\program files\daisytoolchain\arm-none-eabi\include\c++\10.2.1\bits\move.h ****   template<typename _Tp>
 146:c:\program files\daisytoolchain\arm-none-eabi\include\c++\10.2.1\bits\move.h ****     const _Tp* addressof(const _Tp&&) = delete;
 147:c:\program files\daisytoolchain\arm-none-eabi\include\c++\10.2.1\bits\move.h **** 
 148:c:\program files\daisytoolchain\arm-none-eabi\include\c++\10.2.1\bits\move.h ****   // C++11 version of std::exchange for internal use.
 149:c:\program files\daisytoolchain\arm-none-eabi\include\c++\10.2.1\bits\move.h ****   template <typename _Tp, typename _Up = _Tp>
 150:c:\program files\daisytoolchain\arm-none-eabi\include\c++\10.2.1\bits\move.h ****     _GLIBCXX20_CONSTEXPR
 151:c:\program files\daisytoolchain\arm-none-eabi\include\c++\10.2.1\bits\move.h ****     inline _Tp
 152:c:\program files\daisytoolchain\arm-none-eabi\include\c++\10.2.1\bits\move.h ****     __exchange(_Tp& __obj, _Up&& __new_val)
 153:c:\program files\daisytoolchain\arm-none-eabi\include\c++\10.2.1\bits\move.h ****     {
 154:c:\program files\daisytoolchain\arm-none-eabi\include\c++\10.2.1\bits\move.h ****       _Tp __old_val = std::move(__obj);
 155:c:\program files\daisytoolchain\arm-none-eabi\include\c++\10.2.1\bits\move.h ****       __obj = std::forward<_Up>(__new_val);
 156:c:\program files\daisytoolchain\arm-none-eabi\include\c++\10.2.1\bits\move.h ****       return __old_val;
 157:c:\program files\daisytoolchain\arm-none-eabi\include\c++\10.2.1\bits\move.h ****     }
 158:c:\program files\daisytoolchain\arm-none-eabi\include\c++\10.2.1\bits\move.h **** 
 159:c:\program files\daisytoolchain\arm-none-eabi\include\c++\10.2.1\bits\move.h ****   /// @} group utilities
 160:c:\program files\daisytoolchain\arm-none-eabi\include\c++\10.2.1\bits\move.h **** 
 161:c:\program files\daisytoolchain\arm-none-eabi\include\c++\10.2.1\bits\move.h **** #define _GLIBCXX_MOVE(__val) std::move(__val)
 162:c:\program files\daisytoolchain\arm-none-eabi\include\c++\10.2.1\bits\move.h **** #define _GLIBCXX_FORWARD(_Tp, __val) std::forward<_Tp>(__val)
 163:c:\program files\daisytoolchain\arm-none-eabi\include\c++\10.2.1\bits\move.h **** #else
 164:c:\program files\daisytoolchain\arm-none-eabi\include\c++\10.2.1\bits\move.h **** #define _GLIBCXX_MOVE(__val) (__val)
 165:c:\program files\daisytoolchain\arm-none-eabi\include\c++\10.2.1\bits\move.h **** #define _GLIBCXX_FORWARD(_Tp, __val) (__val)
 166:c:\program files\daisytoolchain\arm-none-eabi\include\c++\10.2.1\bits\move.h **** #endif
 167:c:\program files\daisytoolchain\arm-none-eabi\include\c++\10.2.1\bits\move.h **** 
 168:c:\program files\daisytoolchain\arm-none-eabi\include\c++\10.2.1\bits\move.h ****   /**
 169:c:\program files\daisytoolchain\arm-none-eabi\include\c++\10.2.1\bits\move.h ****    *  @addtogroup utilities
 170:c:\program files\daisytoolchain\arm-none-eabi\include\c++\10.2.1\bits\move.h ****    *  @{
 171:c:\program files\daisytoolchain\arm-none-eabi\include\c++\10.2.1\bits\move.h ****    */
 172:c:\program files\daisytoolchain\arm-none-eabi\include\c++\10.2.1\bits\move.h **** 
 173:c:\program files\daisytoolchain\arm-none-eabi\include\c++\10.2.1\bits\move.h ****   /**
 174:c:\program files\daisytoolchain\arm-none-eabi\include\c++\10.2.1\bits\move.h ****    *  @brief Swaps two values.
 175:c:\program files\daisytoolchain\arm-none-eabi\include\c++\10.2.1\bits\move.h ****    *  @param  __a  A thing of arbitrary type.
 176:c:\program files\daisytoolchain\arm-none-eabi\include\c++\10.2.1\bits\move.h ****    *  @param  __b  Another thing of arbitrary type.
 177:c:\program files\daisytoolchain\arm-none-eabi\include\c++\10.2.1\bits\move.h ****    *  @return   Nothing.
 178:c:\program files\daisytoolchain\arm-none-eabi\include\c++\10.2.1\bits\move.h ****   */
 179:c:\program files\daisytoolchain\arm-none-eabi\include\c++\10.2.1\bits\move.h ****   template<typename _Tp>
 180:c:\program files\daisytoolchain\arm-none-eabi\include\c++\10.2.1\bits\move.h ****     _GLIBCXX20_CONSTEXPR
 181:c:\program files\daisytoolchain\arm-none-eabi\include\c++\10.2.1\bits\move.h ****     inline
 182:c:\program files\daisytoolchain\arm-none-eabi\include\c++\10.2.1\bits\move.h **** #if __cplusplus >= 201103L
 183:c:\program files\daisytoolchain\arm-none-eabi\include\c++\10.2.1\bits\move.h ****     typename enable_if<__and_<__not_<__is_tuple_like<_Tp>>,
 184:c:\program files\daisytoolchain\arm-none-eabi\include\c++\10.2.1\bits\move.h **** 			      is_move_constructible<_Tp>,
 185:c:\program files\daisytoolchain\arm-none-eabi\include\c++\10.2.1\bits\move.h **** 			      is_move_assignable<_Tp>>::value>::type
 186:c:\program files\daisytoolchain\arm-none-eabi\include\c++\10.2.1\bits\move.h **** #else
 187:c:\program files\daisytoolchain\arm-none-eabi\include\c++\10.2.1\bits\move.h ****     void
 188:c:\program files\daisytoolchain\arm-none-eabi\include\c++\10.2.1\bits\move.h **** #endif
ARM GAS  C:\Users\Spencer\AppData\Local\Temp\ccWmt4tk.s 			page 123


 189:c:\program files\daisytoolchain\arm-none-eabi\include\c++\10.2.1\bits\move.h ****     swap(_Tp& __a, _Tp& __b)
 2775              		.loc 22 189 5 view .LVU662
 2776              	.LBB1036:
 190:c:\program files\daisytoolchain\arm-none-eabi\include\c++\10.2.1\bits\move.h ****     _GLIBCXX_NOEXCEPT_IF(__and_<is_nothrow_move_constructible<_Tp>,
 191:c:\program files\daisytoolchain\arm-none-eabi\include\c++\10.2.1\bits\move.h **** 				is_nothrow_move_assignable<_Tp>>::value)
 192:c:\program files\daisytoolchain\arm-none-eabi\include\c++\10.2.1\bits\move.h ****     {
 193:c:\program files\daisytoolchain\arm-none-eabi\include\c++\10.2.1\bits\move.h **** #if __cplusplus < 201103L
 194:c:\program files\daisytoolchain\arm-none-eabi\include\c++\10.2.1\bits\move.h ****       // concept requirements
 195:c:\program files\daisytoolchain\arm-none-eabi\include\c++\10.2.1\bits\move.h ****       __glibcxx_function_requires(_SGIAssignableConcept<_Tp>)
 196:c:\program files\daisytoolchain\arm-none-eabi\include\c++\10.2.1\bits\move.h **** #endif
 197:c:\program files\daisytoolchain\arm-none-eabi\include\c++\10.2.1\bits\move.h ****       _Tp __tmp = _GLIBCXX_MOVE(__a);
 2777              		.loc 22 197 11 is_stmt 0 view .LVU663
 2778 0034 6D46     		mov	r5, sp
 2779 0036 0DF1080C 		add	ip, sp, #8
 2780              	.LVL205:
 2781              		.loc 22 197 11 view .LVU664
 2782 003a 9CE80300 		ldm	ip, {r0, r1}
 2783 003e 85E80300 		stm	r5, {r0, r1}
 198:c:\program files\daisytoolchain\arm-none-eabi\include\c++\10.2.1\bits\move.h ****       __a = _GLIBCXX_MOVE(__b);
 2784              		.loc 22 198 7 view .LVU665
 2785 0042 07F50053 		add	r3, r7, #8192
 2786 0046 03F11004 		add	r4, r3, #16
 2787 004a 94E80300 		ldm	r4, {r0, r1}
 2788 004e 8CE80300 		stm	ip, {r0, r1}
 199:c:\program files\daisytoolchain\arm-none-eabi\include\c++\10.2.1\bits\move.h ****       __b = _GLIBCXX_MOVE(__tmp);
 2789              		.loc 22 199 7 view .LVU666
 2790 0052 95E80300 		ldm	r5, {r0, r1}
 2791 0056 84E80300 		stm	r4, {r0, r1}
 2792              	.LVL206:
 2793              		.loc 22 199 7 view .LVU667
 2794              	.LBE1036:
 2795              	.LBE1035:
 2796              	.LBB1037:
 2797              	.LBI1037:
 189:c:\program files\daisytoolchain\arm-none-eabi\include\c++\10.2.1\bits\move.h ****     _GLIBCXX_NOEXCEPT_IF(__and_<is_nothrow_move_constructible<_Tp>,
 2798              		.loc 22 189 5 is_stmt 1 view .LVU668
 2799              	.LBB1038:
 197:c:\program files\daisytoolchain\arm-none-eabi\include\c++\10.2.1\bits\move.h ****       __a = _GLIBCXX_MOVE(__b);
 2800              		.loc 22 197 11 is_stmt 0 view .LVU669
 2801 005a 049A     		ldr	r2, [sp, #16]
 2802              	.LVL207:
 198:c:\program files\daisytoolchain\arm-none-eabi\include\c++\10.2.1\bits\move.h ****       __b = _GLIBCXX_MOVE(__tmp);
 2803              		.loc 22 198 11 view .LVU670
 2804 005c 9C69     		ldr	r4, [r3, #24]
 2805 005e 0494     		str	r4, [sp, #16]
 2806              		.loc 22 199 11 view .LVU671
 2807 0060 9A61     		str	r2, [r3, #24]
 2808              	.LVL208:
 2809              		.loc 22 199 11 view .LVU672
 2810              	.LBE1038:
 2811              	.LBE1037:
 2812              	.LBB1039:
 2813              	.LBI1039:
 189:c:\program files\daisytoolchain\arm-none-eabi\include\c++\10.2.1\bits\move.h ****     _GLIBCXX_NOEXCEPT_IF(__and_<is_nothrow_move_constructible<_Tp>,
 2814              		.loc 22 189 5 is_stmt 1 view .LVU673
 2815              	.LBB1040:
 197:c:\program files\daisytoolchain\arm-none-eabi\include\c++\10.2.1\bits\move.h ****       __a = _GLIBCXX_MOVE(__b);
ARM GAS  C:\Users\Spencer\AppData\Local\Temp\ccWmt4tk.s 			page 124


 2816              		.loc 22 197 11 is_stmt 0 view .LVU674
 2817 0062 059A     		ldr	r2, [sp, #20]
 2818              	.LVL209:
 198:c:\program files\daisytoolchain\arm-none-eabi\include\c++\10.2.1\bits\move.h ****       __b = _GLIBCXX_MOVE(__tmp);
 2819              		.loc 22 198 11 view .LVU675
 2820 0064 D969     		ldr	r1, [r3, #28]
 2821 0066 0591     		str	r1, [sp, #20]
 2822              		.loc 22 199 11 view .LVU676
 2823 0068 DA61     		str	r2, [r3, #28]
 2824              	.LVL210:
 2825              		.loc 22 199 11 view .LVU677
 2826              	.LBE1040:
 2827              	.LBE1039:
 2828              	.LBE1034:
 2829              	.LBB1041:
 2830              	.LBI1041:
 303:c:\program files\daisytoolchain\arm-none-eabi\include\c++\10.2.1\bits\std_function.h ****     : public _Maybe_unary_or_binary_function<_Res, _ArgTypes...>,
 2831              		.loc 13 303 11 is_stmt 1 view .LVU678
 2832              	.LBB1042:
 2833              	.LBB1043:
 2834              	.LBI1043:
 242:c:\program files\daisytoolchain\arm-none-eabi\include\c++\10.2.1\bits\std_function.h ****     {
 2835              		.loc 13 242 5 view .LVU679
 2836              	.LBB1044:
 244:c:\program files\daisytoolchain\arm-none-eabi\include\c++\10.2.1\bits\std_function.h **** 	_M_manager(_M_functor, _M_functor, __destroy_functor);
 2837              		.loc 13 244 7 view .LVU680
 2838 006a 1CB1     		cbz	r4, .L103
 245:c:\program files\daisytoolchain\arm-none-eabi\include\c++\10.2.1\bits\std_function.h ****     }
 2839              		.loc 13 245 2 view .LVU681
 245:c:\program files\daisytoolchain\arm-none-eabi\include\c++\10.2.1\bits\std_function.h ****     }
 2840              		.loc 13 245 12 is_stmt 0 view .LVU682
 2841 006c 0322     		movs	r2, #3
 2842 006e 6146     		mov	r1, ip
 2843 0070 6046     		mov	r0, ip
 2844 0072 A047     		blx	r4
 2845              	.LVL211:
 2846              	.L103:
 245:c:\program files\daisytoolchain\arm-none-eabi\include\c++\10.2.1\bits\std_function.h ****     }
 2847              		.loc 13 245 12 view .LVU683
 2848              	.LBE1044:
 2849              	.LBE1043:
 2850              	.LBE1042:
 2851              	.LBE1041:
 2852              	.LBE1024:
 2853              	.LBE1023:
  19:wave.h        **** 			this->right = right;
 2854              		.loc 17 19 15 view .LVU684
 2855 0074 07F50053 		add	r3, r7, #8192
 2856 0078 C3ED008A 		vstr.32	s17, [r3]
  20:wave.h        **** 			this->periodic = periodic;
 2857              		.loc 17 20 16 view .LVU685
 2858 007c 83ED018A 		vstr.32	s16, [r3, #4]
  21:wave.h        **** 
 2859              		.loc 17 21 19 view .LVU686
 2860 0080 83F80880 		strb	r8, [r3, #8]
 2861              	.LVL212:
 2862              	.LBB1045:
ARM GAS  C:\Users\Spencer\AppData\Local\Temp\ccWmt4tk.s 			page 125


  23:wave.h        **** 			{
 2863              		.loc 17 23 22 is_stmt 1 view .LVU687
 2864 0084 3D46     		mov	r5, r7
  23:wave.h        **** 			{
 2865              		.loc 17 23 13 is_stmt 0 view .LVU688
 2866 0086 0024     		movs	r4, #0
 2867              	.LVL213:
 2868              	.L104:
 2869              	.LBB1046:
  25:wave.h        **** 				table[i] = shape((1 - phase) * left + phase * right);
 2870              		.loc 17 25 7 discriminator 2 view .LVU689
 2871 0088 00EE104A 		vmov	s0, r4	@ int
 2872 008c BAEEEA0A 		vcvt.f32.s32	s0, s0, #11
 2873              	.LVL214:
  26:wave.h        **** 			}
 2874              		.loc 17 26 25 discriminator 2 view .LVU690
 2875 0090 F7EE007A 		vmov.f32	s15, #1.0e+0
 2876 0094 77EEC07A 		vsub.f32	s15, s15, s0
  26:wave.h        **** 			}
 2877              		.loc 17 26 34 discriminator 2 view .LVU691
 2878 0098 67EEA87A 		vmul.f32	s15, s15, s17
  26:wave.h        **** 			}
 2879              		.loc 17 26 49 discriminator 2 view .LVU692
 2880 009c 28EE000A 		vmul.f32	s0, s16, s0
 2881              	.LVL215:
  26:wave.h        **** 			}
 2882              		.loc 17 26 21 discriminator 2 view .LVU693
 2883 00a0 37EE800A 		vadd.f32	s0, s15, s0
 2884 00a4 3046     		mov	r0, r6
 2885 00a6 FFF7FEFF 		bl	_ZNKSt8functionIFffEEclEf
 2886              	.LVL216:
  26:wave.h        **** 			}
 2887              		.loc 17 26 14 discriminator 2 view .LVU694
 2888 00aa A5EC010A 		vstmia.32	r5!, {s0}
 2889              	.LBE1046:
  23:wave.h        **** 			{
 2890              		.loc 17 23 4 is_stmt 1 discriminator 2 view .LVU695
 2891 00ae 0134     		adds	r4, r4, #1
 2892              	.LVL217:
  23:wave.h        **** 			{
 2893              		.loc 17 23 22 discriminator 2 view .LVU696
 2894 00b0 B4F5006F 		cmp	r4, #2048
 2895 00b4 E8D1     		bne	.L104
 2896              	.LBE1045:
  29:wave.h        **** 		}
 2897              		.loc 17 29 26 is_stmt 0 view .LVU697
 2898 00b6 B0EE480A 		vmov.f32	s0, s16
 2899 00ba 3046     		mov	r0, r6
 2900 00bc FFF7FEFF 		bl	_ZNKSt8functionIFffEEclEf
 2901              	.LVL218:
  29:wave.h        **** 		}
 2902              		.loc 17 29 19 view .LVU698
 2903 00c0 07F50053 		add	r3, r7, #8192
 2904 00c4 83ED030A 		vstr.32	s0, [r3, #12]
 2905              	.LBE1022:
  30:wave.h        **** 
 2906              		.loc 17 30 3 view .LVU699
ARM GAS  C:\Users\Spencer\AppData\Local\Temp\ccWmt4tk.s 			page 126


 2907 00c8 3846     		mov	r0, r7
 2908 00ca 06B0     		add	sp, sp, #24
 2909              		.cfi_def_cfa_offset 32
 2910              		@ sp needed
 2911 00cc BDEC028B 		vldm	sp!, {d8}
 2912              		.cfi_restore 80
 2913              		.cfi_restore 81
 2914              		.cfi_def_cfa_offset 24
 2915              	.LVL219:
  30:wave.h        **** 
 2916              		.loc 17 30 3 view .LVU700
 2917 00d0 BDE8F081 		pop	{r4, r5, r6, r7, r8, pc}
  30:wave.h        **** 
 2918              		.loc 17 30 3 view .LVU701
 2919              		.cfi_endproc
 2920              	.LFE6525:
 2922              		.weak	_ZN9soundmath4WaveIfEC1ESt8functionIFffEEffb
 2923              		.thumb_set _ZN9soundmath4WaveIfEC1ESt8functionIFffEEffb,_ZN9soundmath4WaveIfEC2ESt8functionIFffEEf
 2924              		.section	.text._ZN15DirectTransformIfLj12E14RotationPhasorIfLj12EEEclEPfS3_PKhPS1_,"axG",%progbits
 2925              		.align	1
 2926              		.weak	_ZN15DirectTransformIfLj12E14RotationPhasorIfLj12EEEclEPfS3_PKhPS1_
 2927              		.syntax unified
 2928              		.thumb
 2929              		.thumb_func
 2930              		.fpu fpv5-d16
 2932              	_ZN15DirectTransformIfLj12E14RotationPhasorIfLj12EEEclEPfS3_PKhPS1_:
 2933              	.LVL220:
 2934              	.LFB6826:
 309:shy_fft.h     ****     {
 2935              		.loc 20 309 10 is_stmt 1 view -0
 2936              		.cfi_startproc
 2937              		@ args = 4, pretend = 0, frame = 64
 2938              		@ frame_needed = 0, uses_anonymous_args = 0
 309:shy_fft.h     ****     {
 2939              		.loc 20 309 10 is_stmt 0 view .LVU703
 2940 0000 2DE9F04F 		push	{r4, r5, r6, r7, r8, r9, r10, fp, lr}
 2941              		.cfi_def_cfa_offset 36
 2942              		.cfi_offset 4, -36
 2943              		.cfi_offset 5, -32
 2944              		.cfi_offset 6, -28
 2945              		.cfi_offset 7, -24
 2946              		.cfi_offset 8, -20
 2947              		.cfi_offset 9, -16
 2948              		.cfi_offset 10, -12
 2949              		.cfi_offset 11, -8
 2950              		.cfi_offset 14, -4
 2951 0004 91B0     		sub	sp, sp, #68
 2952              		.cfi_def_cfa_offset 104
 2953 0006 8B46     		mov	fp, r1
 2954 0008 0F92     		str	r2, [sp, #60]
 2955 000a 1D46     		mov	r5, r3
 2956 000c DDF868A0 		ldr	r10, [sp, #104]
 2957              	.LVL221:
 2958              	.LBB1074:
 317:shy_fft.h     ****         {
 2959              		.loc 20 317 29 is_stmt 1 view .LVU704
 2960 0010 02F11001 		add	r1, r2, #16
ARM GAS  C:\Users\Spencer\AppData\Local\Temp\ccWmt4tk.s 			page 127


 2961              	.LVL222:
 317:shy_fft.h     ****         {
 2962              		.loc 20 317 20 is_stmt 0 view .LVU705
 2963 0014 0020     		movs	r0, #0
 2964              	.LVL223:
 2965              	.L108:
 2966              	.LBB1075:
 322:shy_fft.h     ****                                   >> (16 - num_passes);
 2967              		.loc 20 322 43 discriminator 2 view .LVU706
 2968 0016 C3B2     		uxtb	r3, r0
 322:shy_fft.h     ****                                   >> (16 - num_passes);
 2969              		.loc 20 322 49 discriminator 2 view .LVU707
 2970 0018 EA5C     		ldrb	r2, [r5, r3]	@ zero_extendqisi2
 322:shy_fft.h     ****                                   >> (16 - num_passes);
 2971              		.loc 20 322 69 discriminator 2 view .LVU708
 2972 001a 030A     		lsrs	r3, r0, #8
 322:shy_fft.h     ****                                   >> (16 - num_passes);
 2973              		.loc 20 322 73 discriminator 2 view .LVU709
 2974 001c EB5C     		ldrb	r3, [r5, r3]	@ zero_extendqisi2
 322:shy_fft.h     ****                                   >> (16 - num_passes);
 2975              		.loc 20 322 57 discriminator 2 view .LVU710
 2976 001e 43EA0223 		orr	r3, r3, r2, lsl #8
 323:shy_fft.h     ****             size_t r1 = r0 + 2 * (size >> 2);
 2977              		.loc 20 323 35 discriminator 2 view .LVU711
 2978 0022 1B11     		asrs	r3, r3, #4
 328:shy_fft.h     ****             d[3] = s[r2] - s[r3];
 2979              		.loc 20 328 21 discriminator 2 view .LVU712
 2980 0024 9A00     		lsls	r2, r3, #2
 2981 0026 0BEB8303 		add	r3, fp, r3, lsl #2
 328:shy_fft.h     ****             d[3] = s[r2] - s[r3];
 2982              		.loc 20 328 29 discriminator 2 view .LVU713
 2983 002a 02F50056 		add	r6, r2, #8192
 2984 002e 5E44     		add	r6, r6, fp
 328:shy_fft.h     ****             d[3] = s[r2] - s[r3];
 2985              		.loc 20 328 26 discriminator 2 view .LVU714
 2986 0030 D3ED007A 		vldr.32	s15, [r3]
 2987 0034 96ED007A 		vldr.32	s14, [r6]
 2988 0038 77EEC77A 		vsub.f32	s15, s15, s14
 328:shy_fft.h     ****             d[3] = s[r2] - s[r3];
 2989              		.loc 20 328 18 discriminator 2 view .LVU715
 2990 003c 41ED037A 		vstr.32	s15, [r1, #-12]
 2991              	.LVL224:
 329:shy_fft.h     ****             T a  = s[r0] + s[r1];
 2992              		.loc 20 329 21 discriminator 2 view .LVU716
 2993 0040 02F58054 		add	r4, r2, #4096
 2994 0044 5C44     		add	r4, r4, fp
 329:shy_fft.h     ****             T a  = s[r0] + s[r1];
 2995              		.loc 20 329 29 discriminator 2 view .LVU717
 2996 0046 02F54052 		add	r2, r2, #12288
 2997 004a 5A44     		add	r2, r2, fp
 329:shy_fft.h     ****             T a  = s[r0] + s[r1];
 2998              		.loc 20 329 26 discriminator 2 view .LVU718
 2999 004c D4ED007A 		vldr.32	s15, [r4]
 3000 0050 92ED007A 		vldr.32	s14, [r2]
 3001 0054 77EEC77A 		vsub.f32	s15, s15, s14
 329:shy_fft.h     ****             T a  = s[r0] + s[r1];
 3002              		.loc 20 329 18 discriminator 2 view .LVU719
ARM GAS  C:\Users\Spencer\AppData\Local\Temp\ccWmt4tk.s 			page 128


 3003 0058 41ED017A 		vstr.32	s15, [r1, #-4]
 330:shy_fft.h     ****             T b  = s[r2] + s[r3];
 3004              		.loc 20 330 15 discriminator 2 view .LVU720
 3005 005c D3ED007A 		vldr.32	s15, [r3]
 3006 0060 96ED007A 		vldr.32	s14, [r6]
 3007 0064 77EE877A 		vadd.f32	s15, s15, s14
 3008              	.LVL225:
 331:shy_fft.h     ****             d[0] = a + b;
 3009              		.loc 20 331 15 discriminator 2 view .LVU721
 3010 0068 94ED007A 		vldr.32	s14, [r4]
 3011 006c D2ED006A 		vldr.32	s13, [r2]
 3012 0070 37EE267A 		vadd.f32	s14, s14, s13
 3013              	.LVL226:
 332:shy_fft.h     ****             d[2] = a - b;
 3014              		.loc 20 332 22 discriminator 2 view .LVU722
 3015 0074 77EE876A 		vadd.f32	s13, s15, s14
 332:shy_fft.h     ****             d[2] = a - b;
 3016              		.loc 20 332 18 discriminator 2 view .LVU723
 3017 0078 41ED046A 		vstr.32	s13, [r1, #-16]
 333:shy_fft.h     ****             d += 4;
 3018              		.loc 20 333 22 discriminator 2 view .LVU724
 3019 007c 77EEC77A 		vsub.f32	s15, s15, s14
 3020              	.LVL227:
 333:shy_fft.h     ****             d += 4;
 3021              		.loc 20 333 18 discriminator 2 view .LVU725
 3022 0080 41ED027A 		vstr.32	s15, [r1, #-8]
 3023              	.LVL228:
 333:shy_fft.h     ****             d += 4;
 3024              		.loc 20 333 18 discriminator 2 view .LVU726
 3025              	.LBE1075:
 317:shy_fft.h     ****         {
 3026              		.loc 20 317 9 is_stmt 1 discriminator 2 view .LVU727
 317:shy_fft.h     ****         {
 3027              		.loc 20 317 39 is_stmt 0 discriminator 2 view .LVU728
 3028 0084 0430     		adds	r0, r0, #4
 3029              	.LVL229:
 317:shy_fft.h     ****         {
 3030              		.loc 20 317 29 is_stmt 1 discriminator 2 view .LVU729
 3031 0086 1031     		adds	r1, r1, #16
 3032              	.LVL230:
 317:shy_fft.h     ****         {
 3033              		.loc 20 317 29 is_stmt 0 discriminator 2 view .LVU730
 3034 0088 B0F5805F 		cmp	r0, #4096
 3035 008c C3D1     		bne	.L108
 3036 008e 0F99     		ldr	r1, [sp, #60]
 3037              	.LVL231:
 317:shy_fft.h     ****         {
 3038              		.loc 20 317 29 discriminator 2 view .LVU731
 3039 0090 0B46     		mov	r3, r1
 3040 0092 5A46     		mov	r2, fp
 3041 0094 01F58040 		add	r0, r1, #16384
 3042              	.LVL232:
 3043              	.L109:
 317:shy_fft.h     ****         {
 3044              		.loc 20 317 29 discriminator 2 view .LVU732
 3045              	.LBE1074:
 3046              	.LBB1076:
ARM GAS  C:\Users\Spencer\AppData\Local\Temp\ccWmt4tk.s 			page 129


 3047              	.LBB1077:
 344:shy_fft.h     ****             d[i + 4] = s[i] - s[i + 4];
 3048              		.loc 20 344 29 discriminator 2 view .LVU733
 3049 0098 D3ED007A 		vldr.32	s15, [r3]
 3050 009c 93ED047A 		vldr.32	s14, [r3, #16]
 3051 00a0 77EE877A 		vadd.f32	s15, s15, s14
 344:shy_fft.h     ****             d[i + 4] = s[i] - s[i + 4];
 3052              		.loc 20 344 22 discriminator 2 view .LVU734
 3053 00a4 C2ED007A 		vstr.32	s15, [r2]
 345:shy_fft.h     ****             d[i + 2] = s[i + 2];
 3054              		.loc 20 345 29 discriminator 2 view .LVU735
 3055 00a8 D3ED007A 		vldr.32	s15, [r3]
 3056 00ac 93ED047A 		vldr.32	s14, [r3, #16]
 3057 00b0 77EEC77A 		vsub.f32	s15, s15, s14
 345:shy_fft.h     ****             d[i + 2] = s[i + 2];
 3058              		.loc 20 345 22 discriminator 2 view .LVU736
 3059 00b4 C2ED047A 		vstr.32	s15, [r2, #16]
 346:shy_fft.h     ****             d[i + 6] = s[i + 6];
 3060              		.loc 20 346 25 discriminator 2 view .LVU737
 3061 00b8 9968     		ldr	r1, [r3, #8]	@ float
 346:shy_fft.h     ****             d[i + 6] = s[i + 6];
 3062              		.loc 20 346 22 discriminator 2 view .LVU738
 3063 00ba 9160     		str	r1, [r2, #8]	@ float
 347:shy_fft.h     **** 
 3064              		.loc 20 347 25 discriminator 2 view .LVU739
 3065 00bc 9969     		ldr	r1, [r3, #24]	@ float
 347:shy_fft.h     **** 
 3066              		.loc 20 347 22 discriminator 2 view .LVU740
 3067 00be 9161     		str	r1, [r2, #24]	@ float
 3068              	.LVL233:
 347:shy_fft.h     **** 
 3069              		.loc 20 347 22 discriminator 2 view .LVU741
 3070              	.LBE1077:
 3071              	.LBE1076:
 137:shy_fft.h     ****     inline float cos(float x) { return cosf(x); }
 3072              		.loc 20 137 41 is_stmt 1 discriminator 2 view .LVU742
 3073              	.LBB1080:
 3074              	.LBB1078:
 349:shy_fft.h     ****             d[i + 1] = s[i + 1] + v;
 3075              		.loc 20 349 34 is_stmt 0 discriminator 2 view .LVU743
 3076 00c0 93ED057A 		vldr.32	s14, [r3, #20]
 3077 00c4 D3ED077A 		vldr.32	s15, [r3, #28]
 3078 00c8 37EE677A 		vsub.f32	s14, s14, s15
 349:shy_fft.h     ****             d[i + 1] = s[i + 1] + v;
 3079              		.loc 20 349 22 discriminator 2 view .LVU744
 3080 00cc 9FED8A6A 		vldr.32	s12, .L123
 3081 00d0 27EE067A 		vmul.f32	s14, s14, s12
 3082              	.LVL234:
 350:shy_fft.h     ****             d[i + 3] = s[i + 1] - v;
 3083              		.loc 20 350 33 discriminator 2 view .LVU745
 3084 00d4 D3ED016A 		vldr.32	s13, [r3, #4]
 3085 00d8 76EE876A 		vadd.f32	s13, s13, s14
 350:shy_fft.h     ****             d[i + 3] = s[i + 1] - v;
 3086              		.loc 20 350 22 discriminator 2 view .LVU746
 3087 00dc C2ED016A 		vstr.32	s13, [r2, #4]
 351:shy_fft.h     **** 
 3088              		.loc 20 351 33 discriminator 2 view .LVU747
ARM GAS  C:\Users\Spencer\AppData\Local\Temp\ccWmt4tk.s 			page 130


 3089 00e0 D3ED016A 		vldr.32	s13, [r3, #4]
 3090 00e4 36EEC77A 		vsub.f32	s14, s13, s14
 3091              	.LVL235:
 351:shy_fft.h     **** 
 3092              		.loc 20 351 22 discriminator 2 view .LVU748
 3093 00e8 82ED037A 		vstr.32	s14, [r2, #12]
 3094              	.LVL236:
 351:shy_fft.h     **** 
 3095              		.loc 20 351 22 discriminator 2 view .LVU749
 3096              	.LBE1078:
 3097              	.LBE1080:
 137:shy_fft.h     ****     inline float cos(float x) { return cosf(x); }
 3098              		.loc 20 137 41 is_stmt 1 discriminator 2 view .LVU750
 3099              	.LBB1081:
 3100              	.LBB1079:
 353:shy_fft.h     ****             d[i + 5] = v + s[i + 3];
 3101              		.loc 20 353 34 is_stmt 0 discriminator 2 view .LVU751
 3102 00ec D3ED057A 		vldr.32	s15, [r3, #20]
 3103 00f0 93ED077A 		vldr.32	s14, [r3, #28]
 3104 00f4 77EE877A 		vadd.f32	s15, s15, s14
 353:shy_fft.h     ****             d[i + 5] = v + s[i + 3];
 3105              		.loc 20 353 22 discriminator 2 view .LVU752
 3106 00f8 67EE867A 		vmul.f32	s15, s15, s12
 3107              	.LVL237:
 354:shy_fft.h     ****             d[i + 7] = v - s[i + 3];
 3108              		.loc 20 354 26 discriminator 2 view .LVU753
 3109 00fc 93ED037A 		vldr.32	s14, [r3, #12]
 3110 0100 37EE277A 		vadd.f32	s14, s14, s15
 354:shy_fft.h     ****             d[i + 7] = v - s[i + 3];
 3111              		.loc 20 354 22 discriminator 2 view .LVU754
 3112 0104 82ED057A 		vstr.32	s14, [r2, #20]
 355:shy_fft.h     ****         }
 3113              		.loc 20 355 26 discriminator 2 view .LVU755
 3114 0108 93ED037A 		vldr.32	s14, [r3, #12]
 3115 010c 77EEC77A 		vsub.f32	s15, s15, s14
 3116              	.LVL238:
 355:shy_fft.h     ****         }
 3117              		.loc 20 355 22 discriminator 2 view .LVU756
 3118 0110 C2ED077A 		vstr.32	s15, [r2, #28]
 3119              	.LBE1079:
 340:shy_fft.h     ****         {
 3120              		.loc 20 340 9 is_stmt 1 discriminator 2 view .LVU757
 340:shy_fft.h     ****         {
 3121              		.loc 20 340 29 discriminator 2 view .LVU758
 3122 0114 2033     		adds	r3, r3, #32
 3123 0116 2032     		adds	r2, r2, #32
 3124 0118 8342     		cmp	r3, r0
 3125 011a BDD1     		bne	.L109
 3126 011c CDF818A0 		str	r10, [sp, #24]
 3127 0120 0AF10403 		add	r3, r10, #4
 3128 0124 0793     		str	r3, [sp, #28]
 3129              	.LBE1081:
 338:shy_fft.h     ****         d = input;
 3130              		.loc 20 338 11 is_stmt 0 view .LVU759
 3131 0126 0F9B     		ldr	r3, [sp, #60]
 3132 0128 0D93     		str	r3, [sp, #52]
 3133              	.LBB1082:
ARM GAS  C:\Users\Spencer\AppData\Local\Temp\ccWmt4tk.s 			page 131


 359:shy_fft.h     ****         {
 3134              		.loc 20 359 20 view .LVU760
 3135 012a 0323     		movs	r3, #3
 3136 012c 0C93     		str	r3, [sp, #48]
 3137 012e CDF838B0 		str	fp, [sp, #56]
 3138 0132 0FE0     		b	.L113
 3139              	.LVL239:
 3140              	.L122:
 359:shy_fft.h     ****         {
 3141              		.loc 20 359 9 is_stmt 1 discriminator 2 view .LVU761
 3142 0134 0C9A     		ldr	r2, [sp, #48]
 3143 0136 0132     		adds	r2, r2, #1
 3144 0138 0C92     		str	r2, [sp, #48]
 3145              	.LVL240:
 359:shy_fft.h     ****         {
 3146              		.loc 20 359 35 discriminator 2 view .LVU762
 3147 013a 069B     		ldr	r3, [sp, #24]
 3148              	.LVL241:
 359:shy_fft.h     ****         {
 3149              		.loc 20 359 35 is_stmt 0 discriminator 2 view .LVU763
 3150 013c 0833     		adds	r3, r3, #8
 3151 013e 0693     		str	r3, [sp, #24]
 3152 0140 079B     		ldr	r3, [sp, #28]
 3153 0142 0833     		adds	r3, r3, #8
 3154 0144 0793     		str	r3, [sp, #28]
 3155 0146 0E9B     		ldr	r3, [sp, #56]
 3156 0148 0D99     		ldr	r1, [sp, #52]
 3157 014a 0E91     		str	r1, [sp, #56]
 3158              	.LVL242:
 359:shy_fft.h     ****         {
 3159              		.loc 20 359 35 discriminator 2 view .LVU764
 3160 014c 0C2A     		cmp	r2, #12
 3161 014e 00F0C980 		beq	.L121
 3162 0152 0D93     		str	r3, [sp, #52]
 3163              	.LVL243:
 3164              	.L113:
 3165              	.LBB1083:
 368:shy_fft.h     ****             size_t n_2 = n >> 1;
 3166              		.loc 20 368 28 view .LVU765
 3167 0154 4FF0010E 		mov	lr, #1
 3168 0158 0C99     		ldr	r1, [sp, #48]
 3169 015a 0EFA01FE 		lsl	lr, lr, r1
 3170              	.LVL244:
 369:shy_fft.h     **** 
 3171              		.loc 20 369 20 view .LVU766
 3172 015e 4FEA5E02 		lsr	r2, lr, #1
 3173 0162 1546     		mov	r5, r2
 3174 0164 0A92     		str	r2, [sp, #40]
 3175              	.LVL245:
 3176              	.LBB1084:
 371:shy_fft.h     ****             {
 3177              		.loc 20 371 33 is_stmt 1 view .LVU767
 3178              	.LBB1085:
 374:shy_fft.h     ****                 T* dr  = d + i;
 3179              		.loc 20 374 30 is_stmt 0 view .LVU768
 3180 0166 0423     		movs	r3, #4
 3181 0168 03FA01F1 		lsl	r1, r3, r1
ARM GAS  C:\Users\Spencer\AppData\Local\Temp\ccWmt4tk.s 			page 132


 3182 016c 0891     		str	r1, [sp, #32]
 380:shy_fft.h     ****                 di[n_2] = s2r[n_2];
 3183              		.loc 20 380 30 view .LVU769
 3184 016e 9300     		lsls	r3, r2, #2
 3185              	.LBE1085:
 371:shy_fft.h     ****             {
 3186              		.loc 20 371 49 view .LVU770
 3187 0170 4FEA4E00 		lsl	r0, lr, #1
 3188 0174 0990     		str	r0, [sp, #36]
 3189 0176 4FEACE0E 		lsl	lr, lr, #3
 3190              	.LVL246:
 371:shy_fft.h     ****             {
 3191              		.loc 20 371 49 view .LVU771
 3192 017a 0D9E     		ldr	r6, [sp, #52]
 3193 017c 7018     		adds	r0, r6, r1
 3194 017e 0290     		str	r0, [sp, #8]
 3195 0180 06EB8202 		add	r2, r6, r2, lsl #2
 3196              	.LVL247:
 371:shy_fft.h     ****             {
 3197              		.loc 20 371 49 view .LVU772
 3198 0184 0392     		str	r2, [sp, #12]
 3199 0186 0A1D     		adds	r2, r1, #4
 3200 0188 0E98     		ldr	r0, [sp, #56]
 3201 018a 0446     		mov	r4, r0
 3202 018c 00EB0209 		add	r9, r0, r2
 3203 0190 02EB8502 		add	r2, r2, r5, lsl #2
 3204 0194 8218     		adds	r2, r0, r2
 3205 0196 0192     		str	r2, [sp, #4]
 3206 0198 00F10408 		add	r8, r0, #4
 3207 019c 301D     		adds	r0, r6, #4
 3208 019e 0490     		str	r0, [sp, #16]
 3209 01a0 03F1040B 		add	fp, r3, #4
 3210 01a4 A344     		add	fp, fp, r4
 3211 01a6 04EB010C 		add	ip, r4, r1
 3212 01aa 9C44     		add	ip, ip, r3
 3213 01ac 4B00     		lsls	r3, r1, #1
 3214 01ae 0B93     		str	r3, [sp, #44]
 371:shy_fft.h     ****             {
 3215              		.loc 20 371 24 view .LVU773
 3216 01b0 0023     		movs	r3, #0
 3217 01b2 0593     		str	r3, [sp, #20]
 3218              	.LVL248:
 3219              	.L112:
 3220              	.LBB1096:
 378:shy_fft.h     ****                 di[0]   = s1r[0] - s2r[0];
 3221              		.loc 20 378 34 view .LVU774
 3222 01b4 58ED017A 		vldr.32	s15, [r8, #-4]
 3223 01b8 19ED017A 		vldr.32	s14, [r9, #-4]
 3224 01bc 77EE877A 		vadd.f32	s15, s15, s14
 378:shy_fft.h     ****                 di[0]   = s1r[0] - s2r[0];
 3225              		.loc 20 378 25 view .LVU775
 3226 01c0 0499     		ldr	r1, [sp, #16]
 3227 01c2 41ED017A 		vstr.32	s15, [r1, #-4]
 379:shy_fft.h     ****                 dr[n_2] = s1r[n_2];
 3228              		.loc 20 379 34 view .LVU776
 3229 01c6 58ED017A 		vldr.32	s15, [r8, #-4]
 3230 01ca 19ED017A 		vldr.32	s14, [r9, #-4]
ARM GAS  C:\Users\Spencer\AppData\Local\Temp\ccWmt4tk.s 			page 133


 3231 01ce 77EEC77A 		vsub.f32	s15, s15, s14
 379:shy_fft.h     ****                 dr[n_2] = s1r[n_2];
 3232              		.loc 20 379 25 view .LVU777
 3233 01d2 029E     		ldr	r6, [sp, #8]
 3234 01d4 C6ED007A 		vstr.32	s15, [r6]
 380:shy_fft.h     ****                 di[n_2] = s2r[n_2];
 3235              		.loc 20 380 30 view .LVU778
 3236 01d8 5BF8043C 		ldr	r3, [fp, #-4]	@ float
 380:shy_fft.h     ****                 di[n_2] = s2r[n_2];
 3237              		.loc 20 380 25 view .LVU779
 3238 01dc 039C     		ldr	r4, [sp, #12]
 3239 01de 2360     		str	r3, [r4]	@ float
 381:shy_fft.h     ****                 T* s1i  = s1r + n_2;
 3240              		.loc 20 381 30 view .LVU780
 3241 01e0 019B     		ldr	r3, [sp, #4]
 3242 01e2 53F8042C 		ldr	r2, [r3, #-4]	@ float
 381:shy_fft.h     ****                 T* s1i  = s1r + n_2;
 3243              		.loc 20 381 25 view .LVU781
 3244 01e6 089D     		ldr	r5, [sp, #32]
 3245 01e8 6319     		adds	r3, r4, r5
 3246 01ea 1A60     		str	r2, [r3]	@ float
 3247              	.LVL249:
 3248              	.LBB1086:
 3249              	.LBI1086:
 247:shy_fft.h     ****     {
 3250              		.loc 20 247 17 is_stmt 1 view .LVU782
 3251              	.LBB1087:
 250:shy_fft.h     ****         sin_ = imag_ = sin_cos_lut_[index + 1];
 3252              		.loc 20 250 36 is_stmt 0 view .LVU783
 3253 01ec 079C     		ldr	r4, [sp, #28]
 3254 01ee 54F8043C 		ldr	r3, [r4, #-4]	@ float
 250:shy_fft.h     ****         sin_ = imag_ = sin_cos_lut_[index + 1];
 3255              		.loc 20 250 22 view .LVU784
 3256 01f2 CAF85030 		str	r3, [r10, #80]	@ float
 250:shy_fft.h     ****         sin_ = imag_ = sin_cos_lut_[index + 1];
 3257              		.loc 20 250 14 view .LVU785
 3258 01f6 CAF84830 		str	r3, [r10, #72]	@ float
 251:shy_fft.h     ****     }
 3259              		.loc 20 251 36 view .LVU786
 3260 01fa 069C     		ldr	r4, [sp, #24]
 3261 01fc 6368     		ldr	r3, [r4, #4]	@ float
 251:shy_fft.h     ****     }
 3262              		.loc 20 251 22 view .LVU787
 3263 01fe CAF85430 		str	r3, [r10, #84]	@ float
 251:shy_fft.h     ****     }
 3264              		.loc 20 251 14 view .LVU788
 3265 0202 CAF84C30 		str	r3, [r10, #76]	@ float
 3266              	.LVL250:
 251:shy_fft.h     ****     }
 3267              		.loc 20 251 14 view .LVU789
 3268              	.LBE1087:
 3269              	.LBE1086:
 3270              	.LBB1088:
 385:shy_fft.h     ****                 {
 3271              		.loc 20 385 37 is_stmt 1 view .LVU790
 3272 0206 0A9C     		ldr	r4, [sp, #40]
 3273 0208 012C     		cmp	r4, #1
ARM GAS  C:\Users\Spencer\AppData\Local\Temp\ccWmt4tk.s 			page 134


 3274 020a 52D9     		bls	.L110
 3275 020c 371D     		adds	r7, r6, #4
 3276 020e 0B98     		ldr	r0, [sp, #44]
 3277 0210 041F     		subs	r4, r0, #4
 3278 0212 0D46     		mov	r5, r1
 3279 0214 0C44     		add	r4, r4, r1
 3280 0216 5846     		mov	r0, fp
 3281 0218 4146     		mov	r1, r8
 3282 021a 019A     		ldr	r2, [sp, #4]
 3283 021c 4B46     		mov	r3, r9
 3284              	.LVL251:
 3285              	.L111:
 3286              	.LBB1089:
 3287              	.LBB1090:
 3288              	.LBI1090:
 261:shy_fft.h     ****     inline T sin() const { return sin_; }
 3289              		.loc 20 261 14 view .LVU791
 3290              	.LBB1091:
 261:shy_fft.h     ****     inline T sin() const { return sin_; }
 3291              		.loc 20 261 35 is_stmt 0 view .LVU792
 3292 021e 9AED126A 		vldr.32	s12, [r10, #72]
 3293              	.LVL252:
 261:shy_fft.h     ****     inline T sin() const { return sin_; }
 3294              		.loc 20 261 35 view .LVU793
 3295              	.LBE1091:
 3296              	.LBE1090:
 3297              	.LBB1092:
 3298              	.LBI1092:
 262:shy_fft.h     **** 
 3299              		.loc 20 262 14 is_stmt 1 view .LVU794
 3300              	.LBB1093:
 262:shy_fft.h     **** 
 3301              		.loc 20 262 35 is_stmt 0 view .LVU795
 3302 0222 9AED137A 		vldr.32	s14, [r10, #76]
 3303              	.LVL253:
 262:shy_fft.h     **** 
 3304              		.loc 20 262 35 view .LVU796
 3305              	.LBE1093:
 3306              	.LBE1092:
 391:shy_fft.h     ****                     dr[j]  = s1r[j] + v;
 3307              		.loc 20 391 33 view .LVU797
 3308 0226 D3ED006A 		vldr.32	s13, [r3]
 391:shy_fft.h     ****                     dr[j]  = s1r[j] + v;
 3309              		.loc 20 391 46 view .LVU798
 3310 022a D2ED007A 		vldr.32	s15, [r2]
 391:shy_fft.h     ****                     dr[j]  = s1r[j] + v;
 3311              		.loc 20 391 37 view .LVU799
 3312 022e 66EE866A 		vmul.f32	s13, s13, s12
 391:shy_fft.h     ****                     dr[j]  = s1r[j] + v;
 3313              		.loc 20 391 50 view .LVU800
 3314 0232 67EE877A 		vmul.f32	s15, s15, s14
 391:shy_fft.h     ****                     dr[j]  = s1r[j] + v;
 3315              		.loc 20 391 28 view .LVU801
 3316 0236 76EEE76A 		vsub.f32	s13, s13, s15
 3317              	.LVL254:
 392:shy_fft.h     ****                     di[-j] = s1r[j] - v;
 3318              		.loc 20 392 33 view .LVU802
ARM GAS  C:\Users\Spencer\AppData\Local\Temp\ccWmt4tk.s 			page 135


 3319 023a D1ED007A 		vldr.32	s15, [r1]
 392:shy_fft.h     ****                     di[-j] = s1r[j] - v;
 3320              		.loc 20 392 37 view .LVU803
 3321 023e 77EEA67A 		vadd.f32	s15, s15, s13
 392:shy_fft.h     ****                     di[-j] = s1r[j] - v;
 3322              		.loc 20 392 28 view .LVU804
 3323 0242 E5EC017A 		vstmia.32	r5!, {s15}
 393:shy_fft.h     **** 
 3324              		.loc 20 393 37 view .LVU805
 3325 0246 F1EC017A 		vldmia.32	r1!, {s15}
 3326 024a 77EEE66A 		vsub.f32	s13, s15, s13
 3327              	.LVL255:
 393:shy_fft.h     **** 
 3328              		.loc 20 393 28 view .LVU806
 3329 024e 66ED016A 		vstmdb.32	r6!, {s13}
 395:shy_fft.h     ****                     di[j]     = v + s1i[j];
 3330              		.loc 20 395 40 view .LVU807
 3331 0252 F3EC017A 		vldmia.32	r3!, {s15}
 3332 0256 27EE277A 		vmul.f32	s14, s14, s15
 3333              	.LVL256:
 395:shy_fft.h     ****                     di[j]     = v + s1i[j];
 3334              		.loc 20 395 53 view .LVU808
 3335 025a F2EC017A 		vldmia.32	r2!, {s15}
 3336 025e 66EE277A 		vmul.f32	s15, s12, s15
 395:shy_fft.h     ****                     di[j]     = v + s1i[j];
 3337              		.loc 20 395 31 view .LVU809
 3338 0262 77EE277A 		vadd.f32	s15, s14, s15
 3339              	.LVL257:
 396:shy_fft.h     ****                     di[n - j] = v - s1i[j];
 3340              		.loc 20 396 40 view .LVU810
 3341 0266 90ED007A 		vldr.32	s14, [r0]
 396:shy_fft.h     ****                     di[n - j] = v - s1i[j];
 3342              		.loc 20 396 35 view .LVU811
 3343 026a 37EE277A 		vadd.f32	s14, s14, s15
 396:shy_fft.h     ****                     di[n - j] = v - s1i[j];
 3344              		.loc 20 396 31 view .LVU812
 3345 026e A7EC017A 		vstmia.32	r7!, {s14}
 397:shy_fft.h     ****                     phasor->Rotate();
 3346              		.loc 20 397 35 view .LVU813
 3347 0272 B0EC017A 		vldmia.32	r0!, {s14}
 3348 0276 77EEC77A 		vsub.f32	s15, s15, s14
 3349              	.LVL258:
 397:shy_fft.h     ****                     phasor->Rotate();
 3350              		.loc 20 397 31 view .LVU814
 3351 027a 64ED017A 		vstmdb.32	r4!, {s15}
 3352              	.LVL259:
 3353              	.LBB1094:
 3354              	.LBI1094:
 254:shy_fft.h     ****     {
 3355              		.loc 20 254 17 is_stmt 1 view .LVU815
 3356              	.LBB1095:
 256:shy_fft.h     ****         sin_   = cos_ * imag_ + sin_ * real_;
 3357              		.loc 20 256 18 is_stmt 0 view .LVU816
 3358 027e DAED127A 		vldr.32	s15, [r10, #72]
 256:shy_fft.h     ****         sin_   = cos_ * imag_ + sin_ * real_;
 3359              		.loc 20 256 25 view .LVU817
 3360 0282 DAED145A 		vldr.32	s11, [r10, #80]
ARM GAS  C:\Users\Spencer\AppData\Local\Temp\ccWmt4tk.s 			page 136


 256:shy_fft.h     ****         sin_   = cos_ * imag_ + sin_ * real_;
 3361              		.loc 20 256 33 view .LVU818
 3362 0286 9AED137A 		vldr.32	s14, [r10, #76]
 256:shy_fft.h     ****         sin_   = cos_ * imag_ + sin_ * real_;
 3363              		.loc 20 256 40 view .LVU819
 3364 028a 9AED156A 		vldr.32	s12, [r10, #84]
 3365              	.LVL260:
 257:shy_fft.h     ****         cos_   = temp;
 3366              		.loc 20 257 23 view .LVU820
 3367 028e 67EE866A 		vmul.f32	s13, s15, s12
 257:shy_fft.h     ****         cos_   = temp;
 3368              		.loc 20 257 38 view .LVU821
 3369 0292 25EE875A 		vmul.f32	s10, s11, s14
 257:shy_fft.h     ****         cos_   = temp;
 3370              		.loc 20 257 31 view .LVU822
 3371 0296 76EE856A 		vadd.f32	s13, s13, s10
 257:shy_fft.h     ****         cos_   = temp;
 3372              		.loc 20 257 16 view .LVU823
 3373 029a CAED136A 		vstr.32	s13, [r10, #76]
 256:shy_fft.h     ****         sin_   = cos_ * imag_ + sin_ * real_;
 3374              		.loc 20 256 23 view .LVU824
 3375 029e 67EEA57A 		vmul.f32	s15, s15, s11
 3376              	.LVL261:
 256:shy_fft.h     ****         sin_   = cos_ * imag_ + sin_ * real_;
 3377              		.loc 20 256 38 view .LVU825
 3378 02a2 27EE067A 		vmul.f32	s14, s14, s12
 3379              	.LVL262:
 256:shy_fft.h     ****         sin_   = cos_ * imag_ + sin_ * real_;
 3380              		.loc 20 256 11 view .LVU826
 3381 02a6 77EEC77A 		vsub.f32	s15, s15, s14
 3382              	.LVL263:
 258:shy_fft.h     ****     }
 3383              		.loc 20 258 16 view .LVU827
 3384 02aa CAED127A 		vstr.32	s15, [r10, #72]
 3385              	.LVL264:
 258:shy_fft.h     ****     }
 3386              		.loc 20 258 16 view .LVU828
 3387              	.LBE1095:
 3388              	.LBE1094:
 3389              	.LBE1089:
 385:shy_fft.h     ****                 {
 3390              		.loc 20 385 17 is_stmt 1 view .LVU829
 385:shy_fft.h     ****                 {
 3391              		.loc 20 385 37 view .LVU830
 3392 02ae 6345     		cmp	r3, ip
 3393 02b0 B5D1     		bne	.L111
 3394              	.L110:
 385:shy_fft.h     ****                 {
 3395              		.loc 20 385 37 is_stmt 0 view .LVU831
 3396              	.LBE1088:
 3397              	.LBE1096:
 371:shy_fft.h     ****             {
 3398              		.loc 20 371 13 is_stmt 1 discriminator 2 view .LVU832
 371:shy_fft.h     ****             {
 3399              		.loc 20 371 43 is_stmt 0 discriminator 2 view .LVU833
 3400 02b2 059B     		ldr	r3, [sp, #20]
 3401 02b4 099A     		ldr	r2, [sp, #36]
ARM GAS  C:\Users\Spencer\AppData\Local\Temp\ccWmt4tk.s 			page 137


 3402 02b6 1344     		add	r3, r3, r2
 3403 02b8 0593     		str	r3, [sp, #20]
 3404              	.LVL265:
 371:shy_fft.h     ****             {
 3405              		.loc 20 371 33 is_stmt 1 discriminator 2 view .LVU834
 3406 02ba 029A     		ldr	r2, [sp, #8]
 3407 02bc 7244     		add	r2, r2, lr
 3408 02be 0292     		str	r2, [sp, #8]
 3409              	.LVL266:
 371:shy_fft.h     ****             {
 3410              		.loc 20 371 33 is_stmt 0 discriminator 2 view .LVU835
 3411 02c0 039A     		ldr	r2, [sp, #12]
 3412 02c2 7244     		add	r2, r2, lr
 3413 02c4 0392     		str	r2, [sp, #12]
 3414 02c6 F144     		add	r9, r9, lr
 3415              	.LVL267:
 371:shy_fft.h     ****             {
 3416              		.loc 20 371 33 discriminator 2 view .LVU836
 3417 02c8 019A     		ldr	r2, [sp, #4]
 3418 02ca 7244     		add	r2, r2, lr
 3419 02cc 0192     		str	r2, [sp, #4]
 3420 02ce F044     		add	r8, r8, lr
 3421              	.LVL268:
 371:shy_fft.h     ****             {
 3422              		.loc 20 371 33 discriminator 2 view .LVU837
 3423 02d0 049A     		ldr	r2, [sp, #16]
 3424 02d2 7244     		add	r2, r2, lr
 3425 02d4 0492     		str	r2, [sp, #16]
 3426              	.LVL269:
 371:shy_fft.h     ****             {
 3427              		.loc 20 371 33 discriminator 2 view .LVU838
 3428 02d6 F344     		add	fp, fp, lr
 3429              	.LVL270:
 371:shy_fft.h     ****             {
 3430              		.loc 20 371 33 discriminator 2 view .LVU839
 3431 02d8 F444     		add	ip, ip, lr
 3432 02da B3F5805F 		cmp	r3, #4096
 3433 02de FFF469AF 		bcc	.L112
 3434 02e2 27E7     		b	.L122
 3435              	.LVL271:
 3436              	.L121:
 371:shy_fft.h     ****             {
 3437              		.loc 20 371 33 discriminator 2 view .LVU840
 3438              	.LBE1084:
 3439              	.LBE1083:
 3440              	.LBE1082:
 404:shy_fft.h     ****         {
 3441              		.loc 20 404 9 view .LVU841
 3442 02e4 0F98     		ldr	r0, [sp, #60]
 3443 02e6 8842     		cmp	r0, r1
 3444 02e8 03D0     		beq	.L107
 3445              	.LVL272:
 3446              	.LBB1097:
 3447              	.LBI1097:
 3448              		.file 23 "c:\\program files\\daisytoolchain\\arm-none-eabi\\include\\c++\\10.2.1\\bits\\stl_algoba
   1:c:\program files\daisytoolchain\arm-none-eabi\include\c++\10.2.1\bits\stl_algobase.h **** // Core algorithmic facilities -*- C++ -*-
   2:c:\program files\daisytoolchain\arm-none-eabi\include\c++\10.2.1\bits\stl_algobase.h **** 
ARM GAS  C:\Users\Spencer\AppData\Local\Temp\ccWmt4tk.s 			page 138


   3:c:\program files\daisytoolchain\arm-none-eabi\include\c++\10.2.1\bits\stl_algobase.h **** // Copyright (C) 2001-2020 Free Software Foundation, Inc.
   4:c:\program files\daisytoolchain\arm-none-eabi\include\c++\10.2.1\bits\stl_algobase.h **** //
   5:c:\program files\daisytoolchain\arm-none-eabi\include\c++\10.2.1\bits\stl_algobase.h **** // This file is part of the GNU ISO C++ Library.  This library is free
   6:c:\program files\daisytoolchain\arm-none-eabi\include\c++\10.2.1\bits\stl_algobase.h **** // software; you can redistribute it and/or modify it under the
   7:c:\program files\daisytoolchain\arm-none-eabi\include\c++\10.2.1\bits\stl_algobase.h **** // terms of the GNU General Public License as published by the
   8:c:\program files\daisytoolchain\arm-none-eabi\include\c++\10.2.1\bits\stl_algobase.h **** // Free Software Foundation; either version 3, or (at your option)
   9:c:\program files\daisytoolchain\arm-none-eabi\include\c++\10.2.1\bits\stl_algobase.h **** // any later version.
  10:c:\program files\daisytoolchain\arm-none-eabi\include\c++\10.2.1\bits\stl_algobase.h **** 
  11:c:\program files\daisytoolchain\arm-none-eabi\include\c++\10.2.1\bits\stl_algobase.h **** // This library is distributed in the hope that it will be useful,
  12:c:\program files\daisytoolchain\arm-none-eabi\include\c++\10.2.1\bits\stl_algobase.h **** // but WITHOUT ANY WARRANTY; without even the implied warranty of
  13:c:\program files\daisytoolchain\arm-none-eabi\include\c++\10.2.1\bits\stl_algobase.h **** // MERCHANTABILITY or FITNESS FOR A PARTICULAR PURPOSE.  See the
  14:c:\program files\daisytoolchain\arm-none-eabi\include\c++\10.2.1\bits\stl_algobase.h **** // GNU General Public License for more details.
  15:c:\program files\daisytoolchain\arm-none-eabi\include\c++\10.2.1\bits\stl_algobase.h **** 
  16:c:\program files\daisytoolchain\arm-none-eabi\include\c++\10.2.1\bits\stl_algobase.h **** // Under Section 7 of GPL version 3, you are granted additional
  17:c:\program files\daisytoolchain\arm-none-eabi\include\c++\10.2.1\bits\stl_algobase.h **** // permissions described in the GCC Runtime Library Exception, version
  18:c:\program files\daisytoolchain\arm-none-eabi\include\c++\10.2.1\bits\stl_algobase.h **** // 3.1, as published by the Free Software Foundation.
  19:c:\program files\daisytoolchain\arm-none-eabi\include\c++\10.2.1\bits\stl_algobase.h **** 
  20:c:\program files\daisytoolchain\arm-none-eabi\include\c++\10.2.1\bits\stl_algobase.h **** // You should have received a copy of the GNU General Public License and
  21:c:\program files\daisytoolchain\arm-none-eabi\include\c++\10.2.1\bits\stl_algobase.h **** // a copy of the GCC Runtime Library Exception along with this program;
  22:c:\program files\daisytoolchain\arm-none-eabi\include\c++\10.2.1\bits\stl_algobase.h **** // see the files COPYING3 and COPYING.RUNTIME respectively.  If not, see
  23:c:\program files\daisytoolchain\arm-none-eabi\include\c++\10.2.1\bits\stl_algobase.h **** // <http://www.gnu.org/licenses/>.
  24:c:\program files\daisytoolchain\arm-none-eabi\include\c++\10.2.1\bits\stl_algobase.h **** 
  25:c:\program files\daisytoolchain\arm-none-eabi\include\c++\10.2.1\bits\stl_algobase.h **** /*
  26:c:\program files\daisytoolchain\arm-none-eabi\include\c++\10.2.1\bits\stl_algobase.h ****  *
  27:c:\program files\daisytoolchain\arm-none-eabi\include\c++\10.2.1\bits\stl_algobase.h ****  * Copyright (c) 1994
  28:c:\program files\daisytoolchain\arm-none-eabi\include\c++\10.2.1\bits\stl_algobase.h ****  * Hewlett-Packard Company
  29:c:\program files\daisytoolchain\arm-none-eabi\include\c++\10.2.1\bits\stl_algobase.h ****  *
  30:c:\program files\daisytoolchain\arm-none-eabi\include\c++\10.2.1\bits\stl_algobase.h ****  * Permission to use, copy, modify, distribute and sell this software
  31:c:\program files\daisytoolchain\arm-none-eabi\include\c++\10.2.1\bits\stl_algobase.h ****  * and its documentation for any purpose is hereby granted without fee,
  32:c:\program files\daisytoolchain\arm-none-eabi\include\c++\10.2.1\bits\stl_algobase.h ****  * provided that the above copyright notice appear in all copies and
  33:c:\program files\daisytoolchain\arm-none-eabi\include\c++\10.2.1\bits\stl_algobase.h ****  * that both that copyright notice and this permission notice appear
  34:c:\program files\daisytoolchain\arm-none-eabi\include\c++\10.2.1\bits\stl_algobase.h ****  * in supporting documentation.  Hewlett-Packard Company makes no
  35:c:\program files\daisytoolchain\arm-none-eabi\include\c++\10.2.1\bits\stl_algobase.h ****  * representations about the suitability of this software for any
  36:c:\program files\daisytoolchain\arm-none-eabi\include\c++\10.2.1\bits\stl_algobase.h ****  * purpose.  It is provided "as is" without express or implied warranty.
  37:c:\program files\daisytoolchain\arm-none-eabi\include\c++\10.2.1\bits\stl_algobase.h ****  *
  38:c:\program files\daisytoolchain\arm-none-eabi\include\c++\10.2.1\bits\stl_algobase.h ****  *
  39:c:\program files\daisytoolchain\arm-none-eabi\include\c++\10.2.1\bits\stl_algobase.h ****  * Copyright (c) 1996-1998
  40:c:\program files\daisytoolchain\arm-none-eabi\include\c++\10.2.1\bits\stl_algobase.h ****  * Silicon Graphics Computer Systems, Inc.
  41:c:\program files\daisytoolchain\arm-none-eabi\include\c++\10.2.1\bits\stl_algobase.h ****  *
  42:c:\program files\daisytoolchain\arm-none-eabi\include\c++\10.2.1\bits\stl_algobase.h ****  * Permission to use, copy, modify, distribute and sell this software
  43:c:\program files\daisytoolchain\arm-none-eabi\include\c++\10.2.1\bits\stl_algobase.h ****  * and its documentation for any purpose is hereby granted without fee,
  44:c:\program files\daisytoolchain\arm-none-eabi\include\c++\10.2.1\bits\stl_algobase.h ****  * provided that the above copyright notice appear in all copies and
  45:c:\program files\daisytoolchain\arm-none-eabi\include\c++\10.2.1\bits\stl_algobase.h ****  * that both that copyright notice and this permission notice appear
  46:c:\program files\daisytoolchain\arm-none-eabi\include\c++\10.2.1\bits\stl_algobase.h ****  * in supporting documentation.  Silicon Graphics makes no
  47:c:\program files\daisytoolchain\arm-none-eabi\include\c++\10.2.1\bits\stl_algobase.h ****  * representations about the suitability of this software for any
  48:c:\program files\daisytoolchain\arm-none-eabi\include\c++\10.2.1\bits\stl_algobase.h ****  * purpose.  It is provided "as is" without express or implied warranty.
  49:c:\program files\daisytoolchain\arm-none-eabi\include\c++\10.2.1\bits\stl_algobase.h ****  */
  50:c:\program files\daisytoolchain\arm-none-eabi\include\c++\10.2.1\bits\stl_algobase.h **** 
  51:c:\program files\daisytoolchain\arm-none-eabi\include\c++\10.2.1\bits\stl_algobase.h **** /** @file bits/stl_algobase.h
  52:c:\program files\daisytoolchain\arm-none-eabi\include\c++\10.2.1\bits\stl_algobase.h ****  *  This is an internal header file, included by other library headers.
  53:c:\program files\daisytoolchain\arm-none-eabi\include\c++\10.2.1\bits\stl_algobase.h ****  *  Do not attempt to use it directly. @headername{algorithm}
  54:c:\program files\daisytoolchain\arm-none-eabi\include\c++\10.2.1\bits\stl_algobase.h ****  */
  55:c:\program files\daisytoolchain\arm-none-eabi\include\c++\10.2.1\bits\stl_algobase.h **** 
  56:c:\program files\daisytoolchain\arm-none-eabi\include\c++\10.2.1\bits\stl_algobase.h **** #ifndef _STL_ALGOBASE_H
  57:c:\program files\daisytoolchain\arm-none-eabi\include\c++\10.2.1\bits\stl_algobase.h **** #define _STL_ALGOBASE_H 1
  58:c:\program files\daisytoolchain\arm-none-eabi\include\c++\10.2.1\bits\stl_algobase.h **** 
  59:c:\program files\daisytoolchain\arm-none-eabi\include\c++\10.2.1\bits\stl_algobase.h **** #include <bits/c++config.h>
ARM GAS  C:\Users\Spencer\AppData\Local\Temp\ccWmt4tk.s 			page 139


  60:c:\program files\daisytoolchain\arm-none-eabi\include\c++\10.2.1\bits\stl_algobase.h **** #include <bits/functexcept.h>
  61:c:\program files\daisytoolchain\arm-none-eabi\include\c++\10.2.1\bits\stl_algobase.h **** #include <bits/cpp_type_traits.h>
  62:c:\program files\daisytoolchain\arm-none-eabi\include\c++\10.2.1\bits\stl_algobase.h **** #include <ext/type_traits.h>
  63:c:\program files\daisytoolchain\arm-none-eabi\include\c++\10.2.1\bits\stl_algobase.h **** #include <ext/numeric_traits.h>
  64:c:\program files\daisytoolchain\arm-none-eabi\include\c++\10.2.1\bits\stl_algobase.h **** #include <bits/stl_pair.h>
  65:c:\program files\daisytoolchain\arm-none-eabi\include\c++\10.2.1\bits\stl_algobase.h **** #include <bits/stl_iterator_base_types.h>
  66:c:\program files\daisytoolchain\arm-none-eabi\include\c++\10.2.1\bits\stl_algobase.h **** #include <bits/stl_iterator_base_funcs.h>
  67:c:\program files\daisytoolchain\arm-none-eabi\include\c++\10.2.1\bits\stl_algobase.h **** #include <bits/stl_iterator.h>
  68:c:\program files\daisytoolchain\arm-none-eabi\include\c++\10.2.1\bits\stl_algobase.h **** #include <bits/concept_check.h>
  69:c:\program files\daisytoolchain\arm-none-eabi\include\c++\10.2.1\bits\stl_algobase.h **** #include <debug/debug.h>
  70:c:\program files\daisytoolchain\arm-none-eabi\include\c++\10.2.1\bits\stl_algobase.h **** #include <bits/move.h> // For std::swap
  71:c:\program files\daisytoolchain\arm-none-eabi\include\c++\10.2.1\bits\stl_algobase.h **** #include <bits/predefined_ops.h>
  72:c:\program files\daisytoolchain\arm-none-eabi\include\c++\10.2.1\bits\stl_algobase.h **** #if __cplusplus >= 201103L
  73:c:\program files\daisytoolchain\arm-none-eabi\include\c++\10.2.1\bits\stl_algobase.h **** # include <type_traits>
  74:c:\program files\daisytoolchain\arm-none-eabi\include\c++\10.2.1\bits\stl_algobase.h **** #endif
  75:c:\program files\daisytoolchain\arm-none-eabi\include\c++\10.2.1\bits\stl_algobase.h **** #if __cplusplus > 201703L
  76:c:\program files\daisytoolchain\arm-none-eabi\include\c++\10.2.1\bits\stl_algobase.h **** # include <compare>
  77:c:\program files\daisytoolchain\arm-none-eabi\include\c++\10.2.1\bits\stl_algobase.h **** #endif
  78:c:\program files\daisytoolchain\arm-none-eabi\include\c++\10.2.1\bits\stl_algobase.h **** 
  79:c:\program files\daisytoolchain\arm-none-eabi\include\c++\10.2.1\bits\stl_algobase.h **** namespace std _GLIBCXX_VISIBILITY(default)
  80:c:\program files\daisytoolchain\arm-none-eabi\include\c++\10.2.1\bits\stl_algobase.h **** {
  81:c:\program files\daisytoolchain\arm-none-eabi\include\c++\10.2.1\bits\stl_algobase.h **** _GLIBCXX_BEGIN_NAMESPACE_VERSION
  82:c:\program files\daisytoolchain\arm-none-eabi\include\c++\10.2.1\bits\stl_algobase.h **** 
  83:c:\program files\daisytoolchain\arm-none-eabi\include\c++\10.2.1\bits\stl_algobase.h ****   /*
  84:c:\program files\daisytoolchain\arm-none-eabi\include\c++\10.2.1\bits\stl_algobase.h ****    * A constexpr wrapper for __builtin_memcmp.
  85:c:\program files\daisytoolchain\arm-none-eabi\include\c++\10.2.1\bits\stl_algobase.h ****    * @param __num The number of elements of type _Tp (not bytes).
  86:c:\program files\daisytoolchain\arm-none-eabi\include\c++\10.2.1\bits\stl_algobase.h ****    */
  87:c:\program files\daisytoolchain\arm-none-eabi\include\c++\10.2.1\bits\stl_algobase.h ****   template<typename _Tp, typename _Up>
  88:c:\program files\daisytoolchain\arm-none-eabi\include\c++\10.2.1\bits\stl_algobase.h ****     _GLIBCXX14_CONSTEXPR
  89:c:\program files\daisytoolchain\arm-none-eabi\include\c++\10.2.1\bits\stl_algobase.h ****     inline int
  90:c:\program files\daisytoolchain\arm-none-eabi\include\c++\10.2.1\bits\stl_algobase.h ****     __memcmp(const _Tp* __first1, const _Up* __first2, size_t __num)
  91:c:\program files\daisytoolchain\arm-none-eabi\include\c++\10.2.1\bits\stl_algobase.h ****     {
  92:c:\program files\daisytoolchain\arm-none-eabi\include\c++\10.2.1\bits\stl_algobase.h **** #if __cplusplus >= 201103L
  93:c:\program files\daisytoolchain\arm-none-eabi\include\c++\10.2.1\bits\stl_algobase.h ****       static_assert(sizeof(_Tp) == sizeof(_Up), "can be compared with memcmp");
  94:c:\program files\daisytoolchain\arm-none-eabi\include\c++\10.2.1\bits\stl_algobase.h **** #endif
  95:c:\program files\daisytoolchain\arm-none-eabi\include\c++\10.2.1\bits\stl_algobase.h **** #ifdef __cpp_lib_is_constant_evaluated
  96:c:\program files\daisytoolchain\arm-none-eabi\include\c++\10.2.1\bits\stl_algobase.h ****       if (std::is_constant_evaluated())
  97:c:\program files\daisytoolchain\arm-none-eabi\include\c++\10.2.1\bits\stl_algobase.h **** 	{
  98:c:\program files\daisytoolchain\arm-none-eabi\include\c++\10.2.1\bits\stl_algobase.h **** 	  for(; __num > 0; ++__first1, ++__first2, --__num)
  99:c:\program files\daisytoolchain\arm-none-eabi\include\c++\10.2.1\bits\stl_algobase.h **** 	    if (*__first1 != *__first2)
 100:c:\program files\daisytoolchain\arm-none-eabi\include\c++\10.2.1\bits\stl_algobase.h **** 	      return *__first1 < *__first2 ? -1 : 1;
 101:c:\program files\daisytoolchain\arm-none-eabi\include\c++\10.2.1\bits\stl_algobase.h **** 	  return 0;
 102:c:\program files\daisytoolchain\arm-none-eabi\include\c++\10.2.1\bits\stl_algobase.h **** 	}
 103:c:\program files\daisytoolchain\arm-none-eabi\include\c++\10.2.1\bits\stl_algobase.h ****       else
 104:c:\program files\daisytoolchain\arm-none-eabi\include\c++\10.2.1\bits\stl_algobase.h **** #endif
 105:c:\program files\daisytoolchain\arm-none-eabi\include\c++\10.2.1\bits\stl_algobase.h **** 	return __builtin_memcmp(__first1, __first2, sizeof(_Tp) * __num);
 106:c:\program files\daisytoolchain\arm-none-eabi\include\c++\10.2.1\bits\stl_algobase.h ****     }
 107:c:\program files\daisytoolchain\arm-none-eabi\include\c++\10.2.1\bits\stl_algobase.h **** 
 108:c:\program files\daisytoolchain\arm-none-eabi\include\c++\10.2.1\bits\stl_algobase.h **** #if __cplusplus < 201103L
 109:c:\program files\daisytoolchain\arm-none-eabi\include\c++\10.2.1\bits\stl_algobase.h ****   // See http://gcc.gnu.org/ml/libstdc++/2004-08/msg00167.html: in a
 110:c:\program files\daisytoolchain\arm-none-eabi\include\c++\10.2.1\bits\stl_algobase.h ****   // nutshell, we are partially implementing the resolution of DR 187,
 111:c:\program files\daisytoolchain\arm-none-eabi\include\c++\10.2.1\bits\stl_algobase.h ****   // when it's safe, i.e., the value_types are equal.
 112:c:\program files\daisytoolchain\arm-none-eabi\include\c++\10.2.1\bits\stl_algobase.h ****   template<bool _BoolType>
 113:c:\program files\daisytoolchain\arm-none-eabi\include\c++\10.2.1\bits\stl_algobase.h ****     struct __iter_swap
 114:c:\program files\daisytoolchain\arm-none-eabi\include\c++\10.2.1\bits\stl_algobase.h ****     {
 115:c:\program files\daisytoolchain\arm-none-eabi\include\c++\10.2.1\bits\stl_algobase.h ****       template<typename _ForwardIterator1, typename _ForwardIterator2>
 116:c:\program files\daisytoolchain\arm-none-eabi\include\c++\10.2.1\bits\stl_algobase.h **** 	static void
ARM GAS  C:\Users\Spencer\AppData\Local\Temp\ccWmt4tk.s 			page 140


 117:c:\program files\daisytoolchain\arm-none-eabi\include\c++\10.2.1\bits\stl_algobase.h **** 	iter_swap(_ForwardIterator1 __a, _ForwardIterator2 __b)
 118:c:\program files\daisytoolchain\arm-none-eabi\include\c++\10.2.1\bits\stl_algobase.h **** 	{
 119:c:\program files\daisytoolchain\arm-none-eabi\include\c++\10.2.1\bits\stl_algobase.h **** 	  typedef typename iterator_traits<_ForwardIterator1>::value_type
 120:c:\program files\daisytoolchain\arm-none-eabi\include\c++\10.2.1\bits\stl_algobase.h **** 	    _ValueType1;
 121:c:\program files\daisytoolchain\arm-none-eabi\include\c++\10.2.1\bits\stl_algobase.h **** 	  _ValueType1 __tmp = *__a;
 122:c:\program files\daisytoolchain\arm-none-eabi\include\c++\10.2.1\bits\stl_algobase.h **** 	  *__a = *__b;
 123:c:\program files\daisytoolchain\arm-none-eabi\include\c++\10.2.1\bits\stl_algobase.h **** 	  *__b = __tmp;
 124:c:\program files\daisytoolchain\arm-none-eabi\include\c++\10.2.1\bits\stl_algobase.h **** 	}
 125:c:\program files\daisytoolchain\arm-none-eabi\include\c++\10.2.1\bits\stl_algobase.h ****     };
 126:c:\program files\daisytoolchain\arm-none-eabi\include\c++\10.2.1\bits\stl_algobase.h **** 
 127:c:\program files\daisytoolchain\arm-none-eabi\include\c++\10.2.1\bits\stl_algobase.h ****   template<>
 128:c:\program files\daisytoolchain\arm-none-eabi\include\c++\10.2.1\bits\stl_algobase.h ****     struct __iter_swap<true>
 129:c:\program files\daisytoolchain\arm-none-eabi\include\c++\10.2.1\bits\stl_algobase.h ****     {
 130:c:\program files\daisytoolchain\arm-none-eabi\include\c++\10.2.1\bits\stl_algobase.h ****       template<typename _ForwardIterator1, typename _ForwardIterator2>
 131:c:\program files\daisytoolchain\arm-none-eabi\include\c++\10.2.1\bits\stl_algobase.h **** 	static void
 132:c:\program files\daisytoolchain\arm-none-eabi\include\c++\10.2.1\bits\stl_algobase.h **** 	iter_swap(_ForwardIterator1 __a, _ForwardIterator2 __b)
 133:c:\program files\daisytoolchain\arm-none-eabi\include\c++\10.2.1\bits\stl_algobase.h **** 	{
 134:c:\program files\daisytoolchain\arm-none-eabi\include\c++\10.2.1\bits\stl_algobase.h **** 	  swap(*__a, *__b);
 135:c:\program files\daisytoolchain\arm-none-eabi\include\c++\10.2.1\bits\stl_algobase.h **** 	}
 136:c:\program files\daisytoolchain\arm-none-eabi\include\c++\10.2.1\bits\stl_algobase.h ****     };
 137:c:\program files\daisytoolchain\arm-none-eabi\include\c++\10.2.1\bits\stl_algobase.h **** #endif // C++03
 138:c:\program files\daisytoolchain\arm-none-eabi\include\c++\10.2.1\bits\stl_algobase.h **** 
 139:c:\program files\daisytoolchain\arm-none-eabi\include\c++\10.2.1\bits\stl_algobase.h ****   /**
 140:c:\program files\daisytoolchain\arm-none-eabi\include\c++\10.2.1\bits\stl_algobase.h ****    *  @brief Swaps the contents of two iterators.
 141:c:\program files\daisytoolchain\arm-none-eabi\include\c++\10.2.1\bits\stl_algobase.h ****    *  @ingroup mutating_algorithms
 142:c:\program files\daisytoolchain\arm-none-eabi\include\c++\10.2.1\bits\stl_algobase.h ****    *  @param  __a  An iterator.
 143:c:\program files\daisytoolchain\arm-none-eabi\include\c++\10.2.1\bits\stl_algobase.h ****    *  @param  __b  Another iterator.
 144:c:\program files\daisytoolchain\arm-none-eabi\include\c++\10.2.1\bits\stl_algobase.h ****    *  @return   Nothing.
 145:c:\program files\daisytoolchain\arm-none-eabi\include\c++\10.2.1\bits\stl_algobase.h ****    *
 146:c:\program files\daisytoolchain\arm-none-eabi\include\c++\10.2.1\bits\stl_algobase.h ****    *  This function swaps the values pointed to by two iterators, not the
 147:c:\program files\daisytoolchain\arm-none-eabi\include\c++\10.2.1\bits\stl_algobase.h ****    *  iterators themselves.
 148:c:\program files\daisytoolchain\arm-none-eabi\include\c++\10.2.1\bits\stl_algobase.h ****   */
 149:c:\program files\daisytoolchain\arm-none-eabi\include\c++\10.2.1\bits\stl_algobase.h ****   template<typename _ForwardIterator1, typename _ForwardIterator2>
 150:c:\program files\daisytoolchain\arm-none-eabi\include\c++\10.2.1\bits\stl_algobase.h ****     _GLIBCXX20_CONSTEXPR
 151:c:\program files\daisytoolchain\arm-none-eabi\include\c++\10.2.1\bits\stl_algobase.h ****     inline void
 152:c:\program files\daisytoolchain\arm-none-eabi\include\c++\10.2.1\bits\stl_algobase.h ****     iter_swap(_ForwardIterator1 __a, _ForwardIterator2 __b)
 153:c:\program files\daisytoolchain\arm-none-eabi\include\c++\10.2.1\bits\stl_algobase.h ****     {
 154:c:\program files\daisytoolchain\arm-none-eabi\include\c++\10.2.1\bits\stl_algobase.h ****       // concept requirements
 155:c:\program files\daisytoolchain\arm-none-eabi\include\c++\10.2.1\bits\stl_algobase.h ****       __glibcxx_function_requires(_Mutable_ForwardIteratorConcept<
 156:c:\program files\daisytoolchain\arm-none-eabi\include\c++\10.2.1\bits\stl_algobase.h **** 				  _ForwardIterator1>)
 157:c:\program files\daisytoolchain\arm-none-eabi\include\c++\10.2.1\bits\stl_algobase.h ****       __glibcxx_function_requires(_Mutable_ForwardIteratorConcept<
 158:c:\program files\daisytoolchain\arm-none-eabi\include\c++\10.2.1\bits\stl_algobase.h **** 				  _ForwardIterator2>)
 159:c:\program files\daisytoolchain\arm-none-eabi\include\c++\10.2.1\bits\stl_algobase.h **** 
 160:c:\program files\daisytoolchain\arm-none-eabi\include\c++\10.2.1\bits\stl_algobase.h **** #if __cplusplus < 201103L
 161:c:\program files\daisytoolchain\arm-none-eabi\include\c++\10.2.1\bits\stl_algobase.h ****       typedef typename iterator_traits<_ForwardIterator1>::value_type
 162:c:\program files\daisytoolchain\arm-none-eabi\include\c++\10.2.1\bits\stl_algobase.h **** 	_ValueType1;
 163:c:\program files\daisytoolchain\arm-none-eabi\include\c++\10.2.1\bits\stl_algobase.h ****       typedef typename iterator_traits<_ForwardIterator2>::value_type
 164:c:\program files\daisytoolchain\arm-none-eabi\include\c++\10.2.1\bits\stl_algobase.h **** 	_ValueType2;
 165:c:\program files\daisytoolchain\arm-none-eabi\include\c++\10.2.1\bits\stl_algobase.h **** 
 166:c:\program files\daisytoolchain\arm-none-eabi\include\c++\10.2.1\bits\stl_algobase.h ****       __glibcxx_function_requires(_ConvertibleConcept<_ValueType1,
 167:c:\program files\daisytoolchain\arm-none-eabi\include\c++\10.2.1\bits\stl_algobase.h **** 				  _ValueType2>)
 168:c:\program files\daisytoolchain\arm-none-eabi\include\c++\10.2.1\bits\stl_algobase.h ****       __glibcxx_function_requires(_ConvertibleConcept<_ValueType2,
 169:c:\program files\daisytoolchain\arm-none-eabi\include\c++\10.2.1\bits\stl_algobase.h **** 				  _ValueType1>)
 170:c:\program files\daisytoolchain\arm-none-eabi\include\c++\10.2.1\bits\stl_algobase.h **** 
 171:c:\program files\daisytoolchain\arm-none-eabi\include\c++\10.2.1\bits\stl_algobase.h ****       typedef typename iterator_traits<_ForwardIterator1>::reference
 172:c:\program files\daisytoolchain\arm-none-eabi\include\c++\10.2.1\bits\stl_algobase.h **** 	_ReferenceType1;
 173:c:\program files\daisytoolchain\arm-none-eabi\include\c++\10.2.1\bits\stl_algobase.h ****       typedef typename iterator_traits<_ForwardIterator2>::reference
ARM GAS  C:\Users\Spencer\AppData\Local\Temp\ccWmt4tk.s 			page 141


 174:c:\program files\daisytoolchain\arm-none-eabi\include\c++\10.2.1\bits\stl_algobase.h **** 	_ReferenceType2;
 175:c:\program files\daisytoolchain\arm-none-eabi\include\c++\10.2.1\bits\stl_algobase.h ****       std::__iter_swap<__are_same<_ValueType1, _ValueType2>::__value
 176:c:\program files\daisytoolchain\arm-none-eabi\include\c++\10.2.1\bits\stl_algobase.h **** 	&& __are_same<_ValueType1&, _ReferenceType1>::__value
 177:c:\program files\daisytoolchain\arm-none-eabi\include\c++\10.2.1\bits\stl_algobase.h **** 	&& __are_same<_ValueType2&, _ReferenceType2>::__value>::
 178:c:\program files\daisytoolchain\arm-none-eabi\include\c++\10.2.1\bits\stl_algobase.h **** 	iter_swap(__a, __b);
 179:c:\program files\daisytoolchain\arm-none-eabi\include\c++\10.2.1\bits\stl_algobase.h **** #else
 180:c:\program files\daisytoolchain\arm-none-eabi\include\c++\10.2.1\bits\stl_algobase.h ****       // _GLIBCXX_RESOLVE_LIB_DEFECTS
 181:c:\program files\daisytoolchain\arm-none-eabi\include\c++\10.2.1\bits\stl_algobase.h ****       // 187. iter_swap underspecified
 182:c:\program files\daisytoolchain\arm-none-eabi\include\c++\10.2.1\bits\stl_algobase.h ****       swap(*__a, *__b);
 183:c:\program files\daisytoolchain\arm-none-eabi\include\c++\10.2.1\bits\stl_algobase.h **** #endif
 184:c:\program files\daisytoolchain\arm-none-eabi\include\c++\10.2.1\bits\stl_algobase.h ****     }
 185:c:\program files\daisytoolchain\arm-none-eabi\include\c++\10.2.1\bits\stl_algobase.h **** 
 186:c:\program files\daisytoolchain\arm-none-eabi\include\c++\10.2.1\bits\stl_algobase.h ****   /**
 187:c:\program files\daisytoolchain\arm-none-eabi\include\c++\10.2.1\bits\stl_algobase.h ****    *  @brief Swap the elements of two sequences.
 188:c:\program files\daisytoolchain\arm-none-eabi\include\c++\10.2.1\bits\stl_algobase.h ****    *  @ingroup mutating_algorithms
 189:c:\program files\daisytoolchain\arm-none-eabi\include\c++\10.2.1\bits\stl_algobase.h ****    *  @param  __first1  A forward iterator.
 190:c:\program files\daisytoolchain\arm-none-eabi\include\c++\10.2.1\bits\stl_algobase.h ****    *  @param  __last1   A forward iterator.
 191:c:\program files\daisytoolchain\arm-none-eabi\include\c++\10.2.1\bits\stl_algobase.h ****    *  @param  __first2  A forward iterator.
 192:c:\program files\daisytoolchain\arm-none-eabi\include\c++\10.2.1\bits\stl_algobase.h ****    *  @return   An iterator equal to @p first2+(last1-first1).
 193:c:\program files\daisytoolchain\arm-none-eabi\include\c++\10.2.1\bits\stl_algobase.h ****    *
 194:c:\program files\daisytoolchain\arm-none-eabi\include\c++\10.2.1\bits\stl_algobase.h ****    *  Swaps each element in the range @p [first1,last1) with the
 195:c:\program files\daisytoolchain\arm-none-eabi\include\c++\10.2.1\bits\stl_algobase.h ****    *  corresponding element in the range @p [first2,(last1-first1)).
 196:c:\program files\daisytoolchain\arm-none-eabi\include\c++\10.2.1\bits\stl_algobase.h ****    *  The ranges must not overlap.
 197:c:\program files\daisytoolchain\arm-none-eabi\include\c++\10.2.1\bits\stl_algobase.h ****   */
 198:c:\program files\daisytoolchain\arm-none-eabi\include\c++\10.2.1\bits\stl_algobase.h ****   template<typename _ForwardIterator1, typename _ForwardIterator2>
 199:c:\program files\daisytoolchain\arm-none-eabi\include\c++\10.2.1\bits\stl_algobase.h ****     _GLIBCXX20_CONSTEXPR
 200:c:\program files\daisytoolchain\arm-none-eabi\include\c++\10.2.1\bits\stl_algobase.h ****     _ForwardIterator2
 201:c:\program files\daisytoolchain\arm-none-eabi\include\c++\10.2.1\bits\stl_algobase.h ****     swap_ranges(_ForwardIterator1 __first1, _ForwardIterator1 __last1,
 202:c:\program files\daisytoolchain\arm-none-eabi\include\c++\10.2.1\bits\stl_algobase.h **** 		_ForwardIterator2 __first2)
 203:c:\program files\daisytoolchain\arm-none-eabi\include\c++\10.2.1\bits\stl_algobase.h ****     {
 204:c:\program files\daisytoolchain\arm-none-eabi\include\c++\10.2.1\bits\stl_algobase.h ****       // concept requirements
 205:c:\program files\daisytoolchain\arm-none-eabi\include\c++\10.2.1\bits\stl_algobase.h ****       __glibcxx_function_requires(_Mutable_ForwardIteratorConcept<
 206:c:\program files\daisytoolchain\arm-none-eabi\include\c++\10.2.1\bits\stl_algobase.h **** 				  _ForwardIterator1>)
 207:c:\program files\daisytoolchain\arm-none-eabi\include\c++\10.2.1\bits\stl_algobase.h ****       __glibcxx_function_requires(_Mutable_ForwardIteratorConcept<
 208:c:\program files\daisytoolchain\arm-none-eabi\include\c++\10.2.1\bits\stl_algobase.h **** 				  _ForwardIterator2>)
 209:c:\program files\daisytoolchain\arm-none-eabi\include\c++\10.2.1\bits\stl_algobase.h ****       __glibcxx_requires_valid_range(__first1, __last1);
 210:c:\program files\daisytoolchain\arm-none-eabi\include\c++\10.2.1\bits\stl_algobase.h **** 
 211:c:\program files\daisytoolchain\arm-none-eabi\include\c++\10.2.1\bits\stl_algobase.h ****       for (; __first1 != __last1; ++__first1, (void)++__first2)
 212:c:\program files\daisytoolchain\arm-none-eabi\include\c++\10.2.1\bits\stl_algobase.h **** 	std::iter_swap(__first1, __first2);
 213:c:\program files\daisytoolchain\arm-none-eabi\include\c++\10.2.1\bits\stl_algobase.h ****       return __first2;
 214:c:\program files\daisytoolchain\arm-none-eabi\include\c++\10.2.1\bits\stl_algobase.h ****     }
 215:c:\program files\daisytoolchain\arm-none-eabi\include\c++\10.2.1\bits\stl_algobase.h **** 
 216:c:\program files\daisytoolchain\arm-none-eabi\include\c++\10.2.1\bits\stl_algobase.h ****   /**
 217:c:\program files\daisytoolchain\arm-none-eabi\include\c++\10.2.1\bits\stl_algobase.h ****    *  @brief This does what you think it does.
 218:c:\program files\daisytoolchain\arm-none-eabi\include\c++\10.2.1\bits\stl_algobase.h ****    *  @ingroup sorting_algorithms
 219:c:\program files\daisytoolchain\arm-none-eabi\include\c++\10.2.1\bits\stl_algobase.h ****    *  @param  __a  A thing of arbitrary type.
 220:c:\program files\daisytoolchain\arm-none-eabi\include\c++\10.2.1\bits\stl_algobase.h ****    *  @param  __b  Another thing of arbitrary type.
 221:c:\program files\daisytoolchain\arm-none-eabi\include\c++\10.2.1\bits\stl_algobase.h ****    *  @return   The lesser of the parameters.
 222:c:\program files\daisytoolchain\arm-none-eabi\include\c++\10.2.1\bits\stl_algobase.h ****    *
 223:c:\program files\daisytoolchain\arm-none-eabi\include\c++\10.2.1\bits\stl_algobase.h ****    *  This is the simple classic generic implementation.  It will work on
 224:c:\program files\daisytoolchain\arm-none-eabi\include\c++\10.2.1\bits\stl_algobase.h ****    *  temporary expressions, since they are only evaluated once, unlike a
 225:c:\program files\daisytoolchain\arm-none-eabi\include\c++\10.2.1\bits\stl_algobase.h ****    *  preprocessor macro.
 226:c:\program files\daisytoolchain\arm-none-eabi\include\c++\10.2.1\bits\stl_algobase.h ****   */
 227:c:\program files\daisytoolchain\arm-none-eabi\include\c++\10.2.1\bits\stl_algobase.h ****   template<typename _Tp>
 228:c:\program files\daisytoolchain\arm-none-eabi\include\c++\10.2.1\bits\stl_algobase.h ****     _GLIBCXX14_CONSTEXPR
 229:c:\program files\daisytoolchain\arm-none-eabi\include\c++\10.2.1\bits\stl_algobase.h ****     inline const _Tp&
 230:c:\program files\daisytoolchain\arm-none-eabi\include\c++\10.2.1\bits\stl_algobase.h ****     min(const _Tp& __a, const _Tp& __b)
ARM GAS  C:\Users\Spencer\AppData\Local\Temp\ccWmt4tk.s 			page 142


 231:c:\program files\daisytoolchain\arm-none-eabi\include\c++\10.2.1\bits\stl_algobase.h ****     {
 232:c:\program files\daisytoolchain\arm-none-eabi\include\c++\10.2.1\bits\stl_algobase.h ****       // concept requirements
 233:c:\program files\daisytoolchain\arm-none-eabi\include\c++\10.2.1\bits\stl_algobase.h ****       __glibcxx_function_requires(_LessThanComparableConcept<_Tp>)
 234:c:\program files\daisytoolchain\arm-none-eabi\include\c++\10.2.1\bits\stl_algobase.h ****       //return __b < __a ? __b : __a;
 235:c:\program files\daisytoolchain\arm-none-eabi\include\c++\10.2.1\bits\stl_algobase.h ****       if (__b < __a)
 236:c:\program files\daisytoolchain\arm-none-eabi\include\c++\10.2.1\bits\stl_algobase.h **** 	return __b;
 237:c:\program files\daisytoolchain\arm-none-eabi\include\c++\10.2.1\bits\stl_algobase.h ****       return __a;
 238:c:\program files\daisytoolchain\arm-none-eabi\include\c++\10.2.1\bits\stl_algobase.h ****     }
 239:c:\program files\daisytoolchain\arm-none-eabi\include\c++\10.2.1\bits\stl_algobase.h **** 
 240:c:\program files\daisytoolchain\arm-none-eabi\include\c++\10.2.1\bits\stl_algobase.h ****   /**
 241:c:\program files\daisytoolchain\arm-none-eabi\include\c++\10.2.1\bits\stl_algobase.h ****    *  @brief This does what you think it does.
 242:c:\program files\daisytoolchain\arm-none-eabi\include\c++\10.2.1\bits\stl_algobase.h ****    *  @ingroup sorting_algorithms
 243:c:\program files\daisytoolchain\arm-none-eabi\include\c++\10.2.1\bits\stl_algobase.h ****    *  @param  __a  A thing of arbitrary type.
 244:c:\program files\daisytoolchain\arm-none-eabi\include\c++\10.2.1\bits\stl_algobase.h ****    *  @param  __b  Another thing of arbitrary type.
 245:c:\program files\daisytoolchain\arm-none-eabi\include\c++\10.2.1\bits\stl_algobase.h ****    *  @return   The greater of the parameters.
 246:c:\program files\daisytoolchain\arm-none-eabi\include\c++\10.2.1\bits\stl_algobase.h ****    *
 247:c:\program files\daisytoolchain\arm-none-eabi\include\c++\10.2.1\bits\stl_algobase.h ****    *  This is the simple classic generic implementation.  It will work on
 248:c:\program files\daisytoolchain\arm-none-eabi\include\c++\10.2.1\bits\stl_algobase.h ****    *  temporary expressions, since they are only evaluated once, unlike a
 249:c:\program files\daisytoolchain\arm-none-eabi\include\c++\10.2.1\bits\stl_algobase.h ****    *  preprocessor macro.
 250:c:\program files\daisytoolchain\arm-none-eabi\include\c++\10.2.1\bits\stl_algobase.h ****   */
 251:c:\program files\daisytoolchain\arm-none-eabi\include\c++\10.2.1\bits\stl_algobase.h ****   template<typename _Tp>
 252:c:\program files\daisytoolchain\arm-none-eabi\include\c++\10.2.1\bits\stl_algobase.h ****     _GLIBCXX14_CONSTEXPR
 253:c:\program files\daisytoolchain\arm-none-eabi\include\c++\10.2.1\bits\stl_algobase.h ****     inline const _Tp&
 254:c:\program files\daisytoolchain\arm-none-eabi\include\c++\10.2.1\bits\stl_algobase.h ****     max(const _Tp& __a, const _Tp& __b)
 255:c:\program files\daisytoolchain\arm-none-eabi\include\c++\10.2.1\bits\stl_algobase.h ****     {
 256:c:\program files\daisytoolchain\arm-none-eabi\include\c++\10.2.1\bits\stl_algobase.h ****       // concept requirements
 257:c:\program files\daisytoolchain\arm-none-eabi\include\c++\10.2.1\bits\stl_algobase.h ****       __glibcxx_function_requires(_LessThanComparableConcept<_Tp>)
 258:c:\program files\daisytoolchain\arm-none-eabi\include\c++\10.2.1\bits\stl_algobase.h ****       //return  __a < __b ? __b : __a;
 259:c:\program files\daisytoolchain\arm-none-eabi\include\c++\10.2.1\bits\stl_algobase.h ****       if (__a < __b)
 260:c:\program files\daisytoolchain\arm-none-eabi\include\c++\10.2.1\bits\stl_algobase.h **** 	return __b;
 261:c:\program files\daisytoolchain\arm-none-eabi\include\c++\10.2.1\bits\stl_algobase.h ****       return __a;
 262:c:\program files\daisytoolchain\arm-none-eabi\include\c++\10.2.1\bits\stl_algobase.h ****     }
 263:c:\program files\daisytoolchain\arm-none-eabi\include\c++\10.2.1\bits\stl_algobase.h **** 
 264:c:\program files\daisytoolchain\arm-none-eabi\include\c++\10.2.1\bits\stl_algobase.h ****   /**
 265:c:\program files\daisytoolchain\arm-none-eabi\include\c++\10.2.1\bits\stl_algobase.h ****    *  @brief This does what you think it does.
 266:c:\program files\daisytoolchain\arm-none-eabi\include\c++\10.2.1\bits\stl_algobase.h ****    *  @ingroup sorting_algorithms
 267:c:\program files\daisytoolchain\arm-none-eabi\include\c++\10.2.1\bits\stl_algobase.h ****    *  @param  __a  A thing of arbitrary type.
 268:c:\program files\daisytoolchain\arm-none-eabi\include\c++\10.2.1\bits\stl_algobase.h ****    *  @param  __b  Another thing of arbitrary type.
 269:c:\program files\daisytoolchain\arm-none-eabi\include\c++\10.2.1\bits\stl_algobase.h ****    *  @param  __comp  A @link comparison_functors comparison functor@endlink.
 270:c:\program files\daisytoolchain\arm-none-eabi\include\c++\10.2.1\bits\stl_algobase.h ****    *  @return   The lesser of the parameters.
 271:c:\program files\daisytoolchain\arm-none-eabi\include\c++\10.2.1\bits\stl_algobase.h ****    *
 272:c:\program files\daisytoolchain\arm-none-eabi\include\c++\10.2.1\bits\stl_algobase.h ****    *  This will work on temporary expressions, since they are only evaluated
 273:c:\program files\daisytoolchain\arm-none-eabi\include\c++\10.2.1\bits\stl_algobase.h ****    *  once, unlike a preprocessor macro.
 274:c:\program files\daisytoolchain\arm-none-eabi\include\c++\10.2.1\bits\stl_algobase.h ****   */
 275:c:\program files\daisytoolchain\arm-none-eabi\include\c++\10.2.1\bits\stl_algobase.h ****   template<typename _Tp, typename _Compare>
 276:c:\program files\daisytoolchain\arm-none-eabi\include\c++\10.2.1\bits\stl_algobase.h ****     _GLIBCXX14_CONSTEXPR
 277:c:\program files\daisytoolchain\arm-none-eabi\include\c++\10.2.1\bits\stl_algobase.h ****     inline const _Tp&
 278:c:\program files\daisytoolchain\arm-none-eabi\include\c++\10.2.1\bits\stl_algobase.h ****     min(const _Tp& __a, const _Tp& __b, _Compare __comp)
 279:c:\program files\daisytoolchain\arm-none-eabi\include\c++\10.2.1\bits\stl_algobase.h ****     {
 280:c:\program files\daisytoolchain\arm-none-eabi\include\c++\10.2.1\bits\stl_algobase.h ****       //return __comp(__b, __a) ? __b : __a;
 281:c:\program files\daisytoolchain\arm-none-eabi\include\c++\10.2.1\bits\stl_algobase.h ****       if (__comp(__b, __a))
 282:c:\program files\daisytoolchain\arm-none-eabi\include\c++\10.2.1\bits\stl_algobase.h **** 	return __b;
 283:c:\program files\daisytoolchain\arm-none-eabi\include\c++\10.2.1\bits\stl_algobase.h ****       return __a;
 284:c:\program files\daisytoolchain\arm-none-eabi\include\c++\10.2.1\bits\stl_algobase.h ****     }
 285:c:\program files\daisytoolchain\arm-none-eabi\include\c++\10.2.1\bits\stl_algobase.h **** 
 286:c:\program files\daisytoolchain\arm-none-eabi\include\c++\10.2.1\bits\stl_algobase.h ****   /**
 287:c:\program files\daisytoolchain\arm-none-eabi\include\c++\10.2.1\bits\stl_algobase.h ****    *  @brief This does what you think it does.
ARM GAS  C:\Users\Spencer\AppData\Local\Temp\ccWmt4tk.s 			page 143


 288:c:\program files\daisytoolchain\arm-none-eabi\include\c++\10.2.1\bits\stl_algobase.h ****    *  @ingroup sorting_algorithms
 289:c:\program files\daisytoolchain\arm-none-eabi\include\c++\10.2.1\bits\stl_algobase.h ****    *  @param  __a  A thing of arbitrary type.
 290:c:\program files\daisytoolchain\arm-none-eabi\include\c++\10.2.1\bits\stl_algobase.h ****    *  @param  __b  Another thing of arbitrary type.
 291:c:\program files\daisytoolchain\arm-none-eabi\include\c++\10.2.1\bits\stl_algobase.h ****    *  @param  __comp  A @link comparison_functors comparison functor@endlink.
 292:c:\program files\daisytoolchain\arm-none-eabi\include\c++\10.2.1\bits\stl_algobase.h ****    *  @return   The greater of the parameters.
 293:c:\program files\daisytoolchain\arm-none-eabi\include\c++\10.2.1\bits\stl_algobase.h ****    *
 294:c:\program files\daisytoolchain\arm-none-eabi\include\c++\10.2.1\bits\stl_algobase.h ****    *  This will work on temporary expressions, since they are only evaluated
 295:c:\program files\daisytoolchain\arm-none-eabi\include\c++\10.2.1\bits\stl_algobase.h ****    *  once, unlike a preprocessor macro.
 296:c:\program files\daisytoolchain\arm-none-eabi\include\c++\10.2.1\bits\stl_algobase.h ****   */
 297:c:\program files\daisytoolchain\arm-none-eabi\include\c++\10.2.1\bits\stl_algobase.h ****   template<typename _Tp, typename _Compare>
 298:c:\program files\daisytoolchain\arm-none-eabi\include\c++\10.2.1\bits\stl_algobase.h ****     _GLIBCXX14_CONSTEXPR
 299:c:\program files\daisytoolchain\arm-none-eabi\include\c++\10.2.1\bits\stl_algobase.h ****     inline const _Tp&
 300:c:\program files\daisytoolchain\arm-none-eabi\include\c++\10.2.1\bits\stl_algobase.h ****     max(const _Tp& __a, const _Tp& __b, _Compare __comp)
 301:c:\program files\daisytoolchain\arm-none-eabi\include\c++\10.2.1\bits\stl_algobase.h ****     {
 302:c:\program files\daisytoolchain\arm-none-eabi\include\c++\10.2.1\bits\stl_algobase.h ****       //return __comp(__a, __b) ? __b : __a;
 303:c:\program files\daisytoolchain\arm-none-eabi\include\c++\10.2.1\bits\stl_algobase.h ****       if (__comp(__a, __b))
 304:c:\program files\daisytoolchain\arm-none-eabi\include\c++\10.2.1\bits\stl_algobase.h **** 	return __b;
 305:c:\program files\daisytoolchain\arm-none-eabi\include\c++\10.2.1\bits\stl_algobase.h ****       return __a;
 306:c:\program files\daisytoolchain\arm-none-eabi\include\c++\10.2.1\bits\stl_algobase.h ****     }
 307:c:\program files\daisytoolchain\arm-none-eabi\include\c++\10.2.1\bits\stl_algobase.h **** 
 308:c:\program files\daisytoolchain\arm-none-eabi\include\c++\10.2.1\bits\stl_algobase.h ****   // Fallback implementation of the function in bits/stl_iterator.h used to
 309:c:\program files\daisytoolchain\arm-none-eabi\include\c++\10.2.1\bits\stl_algobase.h ****   // remove the __normal_iterator wrapper. See copy, fill, ...
 310:c:\program files\daisytoolchain\arm-none-eabi\include\c++\10.2.1\bits\stl_algobase.h ****   template<typename _Iterator>
 311:c:\program files\daisytoolchain\arm-none-eabi\include\c++\10.2.1\bits\stl_algobase.h ****     _GLIBCXX20_CONSTEXPR
 312:c:\program files\daisytoolchain\arm-none-eabi\include\c++\10.2.1\bits\stl_algobase.h ****     inline _Iterator
 313:c:\program files\daisytoolchain\arm-none-eabi\include\c++\10.2.1\bits\stl_algobase.h ****     __niter_base(_Iterator __it)
 314:c:\program files\daisytoolchain\arm-none-eabi\include\c++\10.2.1\bits\stl_algobase.h ****     _GLIBCXX_NOEXCEPT_IF(std::is_nothrow_copy_constructible<_Iterator>::value)
 315:c:\program files\daisytoolchain\arm-none-eabi\include\c++\10.2.1\bits\stl_algobase.h ****     { return __it; }
 316:c:\program files\daisytoolchain\arm-none-eabi\include\c++\10.2.1\bits\stl_algobase.h **** 
 317:c:\program files\daisytoolchain\arm-none-eabi\include\c++\10.2.1\bits\stl_algobase.h ****   // Reverse the __niter_base transformation to get a
 318:c:\program files\daisytoolchain\arm-none-eabi\include\c++\10.2.1\bits\stl_algobase.h ****   // __normal_iterator back again (this assumes that __normal_iterator
 319:c:\program files\daisytoolchain\arm-none-eabi\include\c++\10.2.1\bits\stl_algobase.h ****   // is only used to wrap random access iterators, like pointers).
 320:c:\program files\daisytoolchain\arm-none-eabi\include\c++\10.2.1\bits\stl_algobase.h ****   template<typename _From, typename _To>
 321:c:\program files\daisytoolchain\arm-none-eabi\include\c++\10.2.1\bits\stl_algobase.h ****     _GLIBCXX20_CONSTEXPR
 322:c:\program files\daisytoolchain\arm-none-eabi\include\c++\10.2.1\bits\stl_algobase.h ****     inline _From
 323:c:\program files\daisytoolchain\arm-none-eabi\include\c++\10.2.1\bits\stl_algobase.h ****     __niter_wrap(_From __from, _To __res)
 324:c:\program files\daisytoolchain\arm-none-eabi\include\c++\10.2.1\bits\stl_algobase.h ****     { return __from + (__res - std::__niter_base(__from)); }
 325:c:\program files\daisytoolchain\arm-none-eabi\include\c++\10.2.1\bits\stl_algobase.h **** 
 326:c:\program files\daisytoolchain\arm-none-eabi\include\c++\10.2.1\bits\stl_algobase.h ****   // No need to wrap, iterator already has the right type.
 327:c:\program files\daisytoolchain\arm-none-eabi\include\c++\10.2.1\bits\stl_algobase.h ****   template<typename _Iterator>
 328:c:\program files\daisytoolchain\arm-none-eabi\include\c++\10.2.1\bits\stl_algobase.h ****     _GLIBCXX20_CONSTEXPR
 329:c:\program files\daisytoolchain\arm-none-eabi\include\c++\10.2.1\bits\stl_algobase.h ****     inline _Iterator
 330:c:\program files\daisytoolchain\arm-none-eabi\include\c++\10.2.1\bits\stl_algobase.h ****     __niter_wrap(const _Iterator&, _Iterator __res)
 331:c:\program files\daisytoolchain\arm-none-eabi\include\c++\10.2.1\bits\stl_algobase.h ****     { return __res; }
 332:c:\program files\daisytoolchain\arm-none-eabi\include\c++\10.2.1\bits\stl_algobase.h **** 
 333:c:\program files\daisytoolchain\arm-none-eabi\include\c++\10.2.1\bits\stl_algobase.h ****   // All of these auxiliary structs serve two purposes.  (1) Replace
 334:c:\program files\daisytoolchain\arm-none-eabi\include\c++\10.2.1\bits\stl_algobase.h ****   // calls to copy with memmove whenever possible.  (Memmove, not memcpy,
 335:c:\program files\daisytoolchain\arm-none-eabi\include\c++\10.2.1\bits\stl_algobase.h ****   // because the input and output ranges are permitted to overlap.)
 336:c:\program files\daisytoolchain\arm-none-eabi\include\c++\10.2.1\bits\stl_algobase.h ****   // (2) If we're using random access iterators, then write the loop as
 337:c:\program files\daisytoolchain\arm-none-eabi\include\c++\10.2.1\bits\stl_algobase.h ****   // a for loop with an explicit count.
 338:c:\program files\daisytoolchain\arm-none-eabi\include\c++\10.2.1\bits\stl_algobase.h **** 
 339:c:\program files\daisytoolchain\arm-none-eabi\include\c++\10.2.1\bits\stl_algobase.h ****   template<bool _IsMove, bool _IsSimple, typename _Category>
 340:c:\program files\daisytoolchain\arm-none-eabi\include\c++\10.2.1\bits\stl_algobase.h ****     struct __copy_move
 341:c:\program files\daisytoolchain\arm-none-eabi\include\c++\10.2.1\bits\stl_algobase.h ****     {
 342:c:\program files\daisytoolchain\arm-none-eabi\include\c++\10.2.1\bits\stl_algobase.h ****       template<typename _II, typename _OI>
 343:c:\program files\daisytoolchain\arm-none-eabi\include\c++\10.2.1\bits\stl_algobase.h **** 	_GLIBCXX20_CONSTEXPR
 344:c:\program files\daisytoolchain\arm-none-eabi\include\c++\10.2.1\bits\stl_algobase.h **** 	static _OI
ARM GAS  C:\Users\Spencer\AppData\Local\Temp\ccWmt4tk.s 			page 144


 345:c:\program files\daisytoolchain\arm-none-eabi\include\c++\10.2.1\bits\stl_algobase.h **** 	__copy_m(_II __first, _II __last, _OI __result)
 346:c:\program files\daisytoolchain\arm-none-eabi\include\c++\10.2.1\bits\stl_algobase.h **** 	{
 347:c:\program files\daisytoolchain\arm-none-eabi\include\c++\10.2.1\bits\stl_algobase.h **** 	  for (; __first != __last; ++__result, (void)++__first)
 348:c:\program files\daisytoolchain\arm-none-eabi\include\c++\10.2.1\bits\stl_algobase.h **** 	    *__result = *__first;
 349:c:\program files\daisytoolchain\arm-none-eabi\include\c++\10.2.1\bits\stl_algobase.h **** 	  return __result;
 350:c:\program files\daisytoolchain\arm-none-eabi\include\c++\10.2.1\bits\stl_algobase.h **** 	}
 351:c:\program files\daisytoolchain\arm-none-eabi\include\c++\10.2.1\bits\stl_algobase.h ****     };
 352:c:\program files\daisytoolchain\arm-none-eabi\include\c++\10.2.1\bits\stl_algobase.h **** 
 353:c:\program files\daisytoolchain\arm-none-eabi\include\c++\10.2.1\bits\stl_algobase.h **** #if __cplusplus >= 201103L
 354:c:\program files\daisytoolchain\arm-none-eabi\include\c++\10.2.1\bits\stl_algobase.h ****   template<typename _Category>
 355:c:\program files\daisytoolchain\arm-none-eabi\include\c++\10.2.1\bits\stl_algobase.h ****     struct __copy_move<true, false, _Category>
 356:c:\program files\daisytoolchain\arm-none-eabi\include\c++\10.2.1\bits\stl_algobase.h ****     {
 357:c:\program files\daisytoolchain\arm-none-eabi\include\c++\10.2.1\bits\stl_algobase.h ****       template<typename _II, typename _OI>
 358:c:\program files\daisytoolchain\arm-none-eabi\include\c++\10.2.1\bits\stl_algobase.h **** 	_GLIBCXX20_CONSTEXPR
 359:c:\program files\daisytoolchain\arm-none-eabi\include\c++\10.2.1\bits\stl_algobase.h **** 	static _OI
 360:c:\program files\daisytoolchain\arm-none-eabi\include\c++\10.2.1\bits\stl_algobase.h **** 	__copy_m(_II __first, _II __last, _OI __result)
 361:c:\program files\daisytoolchain\arm-none-eabi\include\c++\10.2.1\bits\stl_algobase.h **** 	{
 362:c:\program files\daisytoolchain\arm-none-eabi\include\c++\10.2.1\bits\stl_algobase.h **** 	  for (; __first != __last; ++__result, (void)++__first)
 363:c:\program files\daisytoolchain\arm-none-eabi\include\c++\10.2.1\bits\stl_algobase.h **** 	    *__result = std::move(*__first);
 364:c:\program files\daisytoolchain\arm-none-eabi\include\c++\10.2.1\bits\stl_algobase.h **** 	  return __result;
 365:c:\program files\daisytoolchain\arm-none-eabi\include\c++\10.2.1\bits\stl_algobase.h **** 	}
 366:c:\program files\daisytoolchain\arm-none-eabi\include\c++\10.2.1\bits\stl_algobase.h ****     };
 367:c:\program files\daisytoolchain\arm-none-eabi\include\c++\10.2.1\bits\stl_algobase.h **** #endif
 368:c:\program files\daisytoolchain\arm-none-eabi\include\c++\10.2.1\bits\stl_algobase.h **** 
 369:c:\program files\daisytoolchain\arm-none-eabi\include\c++\10.2.1\bits\stl_algobase.h ****   template<>
 370:c:\program files\daisytoolchain\arm-none-eabi\include\c++\10.2.1\bits\stl_algobase.h ****     struct __copy_move<false, false, random_access_iterator_tag>
 371:c:\program files\daisytoolchain\arm-none-eabi\include\c++\10.2.1\bits\stl_algobase.h ****     {
 372:c:\program files\daisytoolchain\arm-none-eabi\include\c++\10.2.1\bits\stl_algobase.h ****       template<typename _II, typename _OI>
 373:c:\program files\daisytoolchain\arm-none-eabi\include\c++\10.2.1\bits\stl_algobase.h **** 	_GLIBCXX20_CONSTEXPR
 374:c:\program files\daisytoolchain\arm-none-eabi\include\c++\10.2.1\bits\stl_algobase.h **** 	static _OI
 375:c:\program files\daisytoolchain\arm-none-eabi\include\c++\10.2.1\bits\stl_algobase.h **** 	__copy_m(_II __first, _II __last, _OI __result)
 376:c:\program files\daisytoolchain\arm-none-eabi\include\c++\10.2.1\bits\stl_algobase.h **** 	{
 377:c:\program files\daisytoolchain\arm-none-eabi\include\c++\10.2.1\bits\stl_algobase.h **** 	  typedef typename iterator_traits<_II>::difference_type _Distance;
 378:c:\program files\daisytoolchain\arm-none-eabi\include\c++\10.2.1\bits\stl_algobase.h **** 	  for(_Distance __n = __last - __first; __n > 0; --__n)
 379:c:\program files\daisytoolchain\arm-none-eabi\include\c++\10.2.1\bits\stl_algobase.h **** 	    {
 380:c:\program files\daisytoolchain\arm-none-eabi\include\c++\10.2.1\bits\stl_algobase.h **** 	      *__result = *__first;
 381:c:\program files\daisytoolchain\arm-none-eabi\include\c++\10.2.1\bits\stl_algobase.h **** 	      ++__first;
 382:c:\program files\daisytoolchain\arm-none-eabi\include\c++\10.2.1\bits\stl_algobase.h **** 	      ++__result;
 383:c:\program files\daisytoolchain\arm-none-eabi\include\c++\10.2.1\bits\stl_algobase.h **** 	    }
 384:c:\program files\daisytoolchain\arm-none-eabi\include\c++\10.2.1\bits\stl_algobase.h **** 	  return __result;
 385:c:\program files\daisytoolchain\arm-none-eabi\include\c++\10.2.1\bits\stl_algobase.h **** 	}
 386:c:\program files\daisytoolchain\arm-none-eabi\include\c++\10.2.1\bits\stl_algobase.h ****     };
 387:c:\program files\daisytoolchain\arm-none-eabi\include\c++\10.2.1\bits\stl_algobase.h **** 
 388:c:\program files\daisytoolchain\arm-none-eabi\include\c++\10.2.1\bits\stl_algobase.h **** #if __cplusplus >= 201103L
 389:c:\program files\daisytoolchain\arm-none-eabi\include\c++\10.2.1\bits\stl_algobase.h ****   template<>
 390:c:\program files\daisytoolchain\arm-none-eabi\include\c++\10.2.1\bits\stl_algobase.h ****     struct __copy_move<true, false, random_access_iterator_tag>
 391:c:\program files\daisytoolchain\arm-none-eabi\include\c++\10.2.1\bits\stl_algobase.h ****     {
 392:c:\program files\daisytoolchain\arm-none-eabi\include\c++\10.2.1\bits\stl_algobase.h ****       template<typename _II, typename _OI>
 393:c:\program files\daisytoolchain\arm-none-eabi\include\c++\10.2.1\bits\stl_algobase.h **** 	_GLIBCXX20_CONSTEXPR
 394:c:\program files\daisytoolchain\arm-none-eabi\include\c++\10.2.1\bits\stl_algobase.h **** 	static _OI
 395:c:\program files\daisytoolchain\arm-none-eabi\include\c++\10.2.1\bits\stl_algobase.h **** 	__copy_m(_II __first, _II __last, _OI __result)
 396:c:\program files\daisytoolchain\arm-none-eabi\include\c++\10.2.1\bits\stl_algobase.h **** 	{
 397:c:\program files\daisytoolchain\arm-none-eabi\include\c++\10.2.1\bits\stl_algobase.h **** 	  typedef typename iterator_traits<_II>::difference_type _Distance;
 398:c:\program files\daisytoolchain\arm-none-eabi\include\c++\10.2.1\bits\stl_algobase.h **** 	  for(_Distance __n = __last - __first; __n > 0; --__n)
 399:c:\program files\daisytoolchain\arm-none-eabi\include\c++\10.2.1\bits\stl_algobase.h **** 	    {
 400:c:\program files\daisytoolchain\arm-none-eabi\include\c++\10.2.1\bits\stl_algobase.h **** 	      *__result = std::move(*__first);
 401:c:\program files\daisytoolchain\arm-none-eabi\include\c++\10.2.1\bits\stl_algobase.h **** 	      ++__first;
ARM GAS  C:\Users\Spencer\AppData\Local\Temp\ccWmt4tk.s 			page 145


 402:c:\program files\daisytoolchain\arm-none-eabi\include\c++\10.2.1\bits\stl_algobase.h **** 	      ++__result;
 403:c:\program files\daisytoolchain\arm-none-eabi\include\c++\10.2.1\bits\stl_algobase.h **** 	    }
 404:c:\program files\daisytoolchain\arm-none-eabi\include\c++\10.2.1\bits\stl_algobase.h **** 	  return __result;
 405:c:\program files\daisytoolchain\arm-none-eabi\include\c++\10.2.1\bits\stl_algobase.h **** 	}
 406:c:\program files\daisytoolchain\arm-none-eabi\include\c++\10.2.1\bits\stl_algobase.h ****     };
 407:c:\program files\daisytoolchain\arm-none-eabi\include\c++\10.2.1\bits\stl_algobase.h **** #endif
 408:c:\program files\daisytoolchain\arm-none-eabi\include\c++\10.2.1\bits\stl_algobase.h **** 
 409:c:\program files\daisytoolchain\arm-none-eabi\include\c++\10.2.1\bits\stl_algobase.h ****   template<bool _IsMove>
 410:c:\program files\daisytoolchain\arm-none-eabi\include\c++\10.2.1\bits\stl_algobase.h ****     struct __copy_move<_IsMove, true, random_access_iterator_tag>
 411:c:\program files\daisytoolchain\arm-none-eabi\include\c++\10.2.1\bits\stl_algobase.h ****     {
 412:c:\program files\daisytoolchain\arm-none-eabi\include\c++\10.2.1\bits\stl_algobase.h ****       template<typename _Tp>
 413:c:\program files\daisytoolchain\arm-none-eabi\include\c++\10.2.1\bits\stl_algobase.h **** 	_GLIBCXX20_CONSTEXPR
 414:c:\program files\daisytoolchain\arm-none-eabi\include\c++\10.2.1\bits\stl_algobase.h **** 	static _Tp*
 415:c:\program files\daisytoolchain\arm-none-eabi\include\c++\10.2.1\bits\stl_algobase.h **** 	__copy_m(const _Tp* __first, const _Tp* __last, _Tp* __result)
 416:c:\program files\daisytoolchain\arm-none-eabi\include\c++\10.2.1\bits\stl_algobase.h **** 	{
 417:c:\program files\daisytoolchain\arm-none-eabi\include\c++\10.2.1\bits\stl_algobase.h **** #if __cplusplus >= 201103L
 418:c:\program files\daisytoolchain\arm-none-eabi\include\c++\10.2.1\bits\stl_algobase.h **** 	  using __assignable = conditional<_IsMove,
 419:c:\program files\daisytoolchain\arm-none-eabi\include\c++\10.2.1\bits\stl_algobase.h **** 					   is_move_assignable<_Tp>,
 420:c:\program files\daisytoolchain\arm-none-eabi\include\c++\10.2.1\bits\stl_algobase.h **** 					   is_copy_assignable<_Tp>>;
 421:c:\program files\daisytoolchain\arm-none-eabi\include\c++\10.2.1\bits\stl_algobase.h **** 	  // trivial types can have deleted assignment
 422:c:\program files\daisytoolchain\arm-none-eabi\include\c++\10.2.1\bits\stl_algobase.h **** 	  static_assert( __assignable::type::value, "type is not assignable" );
 423:c:\program files\daisytoolchain\arm-none-eabi\include\c++\10.2.1\bits\stl_algobase.h **** #endif
 424:c:\program files\daisytoolchain\arm-none-eabi\include\c++\10.2.1\bits\stl_algobase.h **** 	  const ptrdiff_t _Num = __last - __first;
 425:c:\program files\daisytoolchain\arm-none-eabi\include\c++\10.2.1\bits\stl_algobase.h **** 	  if (_Num)
 426:c:\program files\daisytoolchain\arm-none-eabi\include\c++\10.2.1\bits\stl_algobase.h **** 	    __builtin_memmove(__result, __first, sizeof(_Tp) * _Num);
 427:c:\program files\daisytoolchain\arm-none-eabi\include\c++\10.2.1\bits\stl_algobase.h **** 	  return __result + _Num;
 428:c:\program files\daisytoolchain\arm-none-eabi\include\c++\10.2.1\bits\stl_algobase.h **** 	}
 429:c:\program files\daisytoolchain\arm-none-eabi\include\c++\10.2.1\bits\stl_algobase.h ****     };
 430:c:\program files\daisytoolchain\arm-none-eabi\include\c++\10.2.1\bits\stl_algobase.h **** 
 431:c:\program files\daisytoolchain\arm-none-eabi\include\c++\10.2.1\bits\stl_algobase.h ****   // Helpers for streambuf iterators (either istream or ostream).
 432:c:\program files\daisytoolchain\arm-none-eabi\include\c++\10.2.1\bits\stl_algobase.h ****   // NB: avoid including <iosfwd>, relatively large.
 433:c:\program files\daisytoolchain\arm-none-eabi\include\c++\10.2.1\bits\stl_algobase.h ****   template<typename _CharT>
 434:c:\program files\daisytoolchain\arm-none-eabi\include\c++\10.2.1\bits\stl_algobase.h ****     struct char_traits;
 435:c:\program files\daisytoolchain\arm-none-eabi\include\c++\10.2.1\bits\stl_algobase.h **** 
 436:c:\program files\daisytoolchain\arm-none-eabi\include\c++\10.2.1\bits\stl_algobase.h ****   template<typename _CharT, typename _Traits>
 437:c:\program files\daisytoolchain\arm-none-eabi\include\c++\10.2.1\bits\stl_algobase.h ****     class istreambuf_iterator;
 438:c:\program files\daisytoolchain\arm-none-eabi\include\c++\10.2.1\bits\stl_algobase.h **** 
 439:c:\program files\daisytoolchain\arm-none-eabi\include\c++\10.2.1\bits\stl_algobase.h ****   template<typename _CharT, typename _Traits>
 440:c:\program files\daisytoolchain\arm-none-eabi\include\c++\10.2.1\bits\stl_algobase.h ****     class ostreambuf_iterator;
 441:c:\program files\daisytoolchain\arm-none-eabi\include\c++\10.2.1\bits\stl_algobase.h **** 
 442:c:\program files\daisytoolchain\arm-none-eabi\include\c++\10.2.1\bits\stl_algobase.h ****   template<bool _IsMove, typename _CharT>
 443:c:\program files\daisytoolchain\arm-none-eabi\include\c++\10.2.1\bits\stl_algobase.h ****     typename __gnu_cxx::__enable_if<__is_char<_CharT>::__value,
 444:c:\program files\daisytoolchain\arm-none-eabi\include\c++\10.2.1\bits\stl_algobase.h **** 	     ostreambuf_iterator<_CharT, char_traits<_CharT> > >::__type
 445:c:\program files\daisytoolchain\arm-none-eabi\include\c++\10.2.1\bits\stl_algobase.h ****     __copy_move_a2(_CharT*, _CharT*,
 446:c:\program files\daisytoolchain\arm-none-eabi\include\c++\10.2.1\bits\stl_algobase.h **** 		   ostreambuf_iterator<_CharT, char_traits<_CharT> >);
 447:c:\program files\daisytoolchain\arm-none-eabi\include\c++\10.2.1\bits\stl_algobase.h **** 
 448:c:\program files\daisytoolchain\arm-none-eabi\include\c++\10.2.1\bits\stl_algobase.h ****   template<bool _IsMove, typename _CharT>
 449:c:\program files\daisytoolchain\arm-none-eabi\include\c++\10.2.1\bits\stl_algobase.h ****     typename __gnu_cxx::__enable_if<__is_char<_CharT>::__value,
 450:c:\program files\daisytoolchain\arm-none-eabi\include\c++\10.2.1\bits\stl_algobase.h **** 	     ostreambuf_iterator<_CharT, char_traits<_CharT> > >::__type
 451:c:\program files\daisytoolchain\arm-none-eabi\include\c++\10.2.1\bits\stl_algobase.h ****     __copy_move_a2(const _CharT*, const _CharT*,
 452:c:\program files\daisytoolchain\arm-none-eabi\include\c++\10.2.1\bits\stl_algobase.h **** 		   ostreambuf_iterator<_CharT, char_traits<_CharT> >);
 453:c:\program files\daisytoolchain\arm-none-eabi\include\c++\10.2.1\bits\stl_algobase.h **** 
 454:c:\program files\daisytoolchain\arm-none-eabi\include\c++\10.2.1\bits\stl_algobase.h ****   template<bool _IsMove, typename _CharT>
 455:c:\program files\daisytoolchain\arm-none-eabi\include\c++\10.2.1\bits\stl_algobase.h ****     typename __gnu_cxx::__enable_if<__is_char<_CharT>::__value,
 456:c:\program files\daisytoolchain\arm-none-eabi\include\c++\10.2.1\bits\stl_algobase.h **** 				    _CharT*>::__type
 457:c:\program files\daisytoolchain\arm-none-eabi\include\c++\10.2.1\bits\stl_algobase.h ****     __copy_move_a2(istreambuf_iterator<_CharT, char_traits<_CharT> >,
 458:c:\program files\daisytoolchain\arm-none-eabi\include\c++\10.2.1\bits\stl_algobase.h **** 		   istreambuf_iterator<_CharT, char_traits<_CharT> >, _CharT*);
ARM GAS  C:\Users\Spencer\AppData\Local\Temp\ccWmt4tk.s 			page 146


 459:c:\program files\daisytoolchain\arm-none-eabi\include\c++\10.2.1\bits\stl_algobase.h **** 
 460:c:\program files\daisytoolchain\arm-none-eabi\include\c++\10.2.1\bits\stl_algobase.h ****   template<bool _IsMove, typename _II, typename _OI>
 461:c:\program files\daisytoolchain\arm-none-eabi\include\c++\10.2.1\bits\stl_algobase.h ****     _GLIBCXX20_CONSTEXPR
 462:c:\program files\daisytoolchain\arm-none-eabi\include\c++\10.2.1\bits\stl_algobase.h ****     inline _OI
 463:c:\program files\daisytoolchain\arm-none-eabi\include\c++\10.2.1\bits\stl_algobase.h ****     __copy_move_a2(_II __first, _II __last, _OI __result)
 464:c:\program files\daisytoolchain\arm-none-eabi\include\c++\10.2.1\bits\stl_algobase.h ****     {
 465:c:\program files\daisytoolchain\arm-none-eabi\include\c++\10.2.1\bits\stl_algobase.h ****       typedef typename iterator_traits<_II>::iterator_category _Category;
 466:c:\program files\daisytoolchain\arm-none-eabi\include\c++\10.2.1\bits\stl_algobase.h **** #ifdef __cpp_lib_is_constant_evaluated
 467:c:\program files\daisytoolchain\arm-none-eabi\include\c++\10.2.1\bits\stl_algobase.h ****       if (std::is_constant_evaluated())
 468:c:\program files\daisytoolchain\arm-none-eabi\include\c++\10.2.1\bits\stl_algobase.h **** 	return std::__copy_move<_IsMove, false, _Category>::
 469:c:\program files\daisytoolchain\arm-none-eabi\include\c++\10.2.1\bits\stl_algobase.h **** 	  __copy_m(__first, __last, __result);
 470:c:\program files\daisytoolchain\arm-none-eabi\include\c++\10.2.1\bits\stl_algobase.h **** #endif
 471:c:\program files\daisytoolchain\arm-none-eabi\include\c++\10.2.1\bits\stl_algobase.h ****       return std::__copy_move<_IsMove, __memcpyable<_OI, _II>::__value,
 472:c:\program files\daisytoolchain\arm-none-eabi\include\c++\10.2.1\bits\stl_algobase.h **** 			      _Category>::__copy_m(__first, __last, __result);
 473:c:\program files\daisytoolchain\arm-none-eabi\include\c++\10.2.1\bits\stl_algobase.h ****     }
 474:c:\program files\daisytoolchain\arm-none-eabi\include\c++\10.2.1\bits\stl_algobase.h **** 
 475:c:\program files\daisytoolchain\arm-none-eabi\include\c++\10.2.1\bits\stl_algobase.h **** _GLIBCXX_BEGIN_NAMESPACE_CONTAINER
 476:c:\program files\daisytoolchain\arm-none-eabi\include\c++\10.2.1\bits\stl_algobase.h **** 
 477:c:\program files\daisytoolchain\arm-none-eabi\include\c++\10.2.1\bits\stl_algobase.h ****   template<typename _Tp, typename _Ref, typename _Ptr>
 478:c:\program files\daisytoolchain\arm-none-eabi\include\c++\10.2.1\bits\stl_algobase.h ****     struct _Deque_iterator;
 479:c:\program files\daisytoolchain\arm-none-eabi\include\c++\10.2.1\bits\stl_algobase.h **** 
 480:c:\program files\daisytoolchain\arm-none-eabi\include\c++\10.2.1\bits\stl_algobase.h **** _GLIBCXX_END_NAMESPACE_CONTAINER
 481:c:\program files\daisytoolchain\arm-none-eabi\include\c++\10.2.1\bits\stl_algobase.h **** 
 482:c:\program files\daisytoolchain\arm-none-eabi\include\c++\10.2.1\bits\stl_algobase.h ****   template<bool _IsMove,
 483:c:\program files\daisytoolchain\arm-none-eabi\include\c++\10.2.1\bits\stl_algobase.h **** 	   typename _Tp, typename _Ref, typename _Ptr, typename _OI>
 484:c:\program files\daisytoolchain\arm-none-eabi\include\c++\10.2.1\bits\stl_algobase.h ****     _OI
 485:c:\program files\daisytoolchain\arm-none-eabi\include\c++\10.2.1\bits\stl_algobase.h ****     __copy_move_a1(_GLIBCXX_STD_C::_Deque_iterator<_Tp, _Ref, _Ptr>,
 486:c:\program files\daisytoolchain\arm-none-eabi\include\c++\10.2.1\bits\stl_algobase.h **** 		   _GLIBCXX_STD_C::_Deque_iterator<_Tp, _Ref, _Ptr>,
 487:c:\program files\daisytoolchain\arm-none-eabi\include\c++\10.2.1\bits\stl_algobase.h **** 		   _OI);
 488:c:\program files\daisytoolchain\arm-none-eabi\include\c++\10.2.1\bits\stl_algobase.h **** 
 489:c:\program files\daisytoolchain\arm-none-eabi\include\c++\10.2.1\bits\stl_algobase.h ****   template<bool _IsMove,
 490:c:\program files\daisytoolchain\arm-none-eabi\include\c++\10.2.1\bits\stl_algobase.h **** 	   typename _ITp, typename _IRef, typename _IPtr, typename _OTp>
 491:c:\program files\daisytoolchain\arm-none-eabi\include\c++\10.2.1\bits\stl_algobase.h ****     _GLIBCXX_STD_C::_Deque_iterator<_OTp, _OTp&, _OTp*>
 492:c:\program files\daisytoolchain\arm-none-eabi\include\c++\10.2.1\bits\stl_algobase.h ****     __copy_move_a1(_GLIBCXX_STD_C::_Deque_iterator<_ITp, _IRef, _IPtr>,
 493:c:\program files\daisytoolchain\arm-none-eabi\include\c++\10.2.1\bits\stl_algobase.h **** 		   _GLIBCXX_STD_C::_Deque_iterator<_ITp, _IRef, _IPtr>,
 494:c:\program files\daisytoolchain\arm-none-eabi\include\c++\10.2.1\bits\stl_algobase.h **** 		   _GLIBCXX_STD_C::_Deque_iterator<_OTp, _OTp&, _OTp*>);
 495:c:\program files\daisytoolchain\arm-none-eabi\include\c++\10.2.1\bits\stl_algobase.h **** 
 496:c:\program files\daisytoolchain\arm-none-eabi\include\c++\10.2.1\bits\stl_algobase.h ****   template<bool _IsMove, typename _II, typename _Tp>
 497:c:\program files\daisytoolchain\arm-none-eabi\include\c++\10.2.1\bits\stl_algobase.h ****     typename __gnu_cxx::__enable_if<
 498:c:\program files\daisytoolchain\arm-none-eabi\include\c++\10.2.1\bits\stl_algobase.h ****       __is_random_access_iter<_II>::__value,
 499:c:\program files\daisytoolchain\arm-none-eabi\include\c++\10.2.1\bits\stl_algobase.h ****       _GLIBCXX_STD_C::_Deque_iterator<_Tp, _Tp&, _Tp*> >::__type
 500:c:\program files\daisytoolchain\arm-none-eabi\include\c++\10.2.1\bits\stl_algobase.h ****     __copy_move_a1(_II, _II, _GLIBCXX_STD_C::_Deque_iterator<_Tp, _Tp&, _Tp*>);
 501:c:\program files\daisytoolchain\arm-none-eabi\include\c++\10.2.1\bits\stl_algobase.h **** 
 502:c:\program files\daisytoolchain\arm-none-eabi\include\c++\10.2.1\bits\stl_algobase.h ****   template<bool _IsMove, typename _II, typename _OI>
 503:c:\program files\daisytoolchain\arm-none-eabi\include\c++\10.2.1\bits\stl_algobase.h ****     _GLIBCXX20_CONSTEXPR
 504:c:\program files\daisytoolchain\arm-none-eabi\include\c++\10.2.1\bits\stl_algobase.h ****     inline _OI
 505:c:\program files\daisytoolchain\arm-none-eabi\include\c++\10.2.1\bits\stl_algobase.h ****     __copy_move_a1(_II __first, _II __last, _OI __result)
 506:c:\program files\daisytoolchain\arm-none-eabi\include\c++\10.2.1\bits\stl_algobase.h ****     { return std::__copy_move_a2<_IsMove>(__first, __last, __result); }
 507:c:\program files\daisytoolchain\arm-none-eabi\include\c++\10.2.1\bits\stl_algobase.h **** 
 508:c:\program files\daisytoolchain\arm-none-eabi\include\c++\10.2.1\bits\stl_algobase.h ****   template<bool _IsMove, typename _II, typename _OI>
 509:c:\program files\daisytoolchain\arm-none-eabi\include\c++\10.2.1\bits\stl_algobase.h ****     _GLIBCXX20_CONSTEXPR
 510:c:\program files\daisytoolchain\arm-none-eabi\include\c++\10.2.1\bits\stl_algobase.h ****     inline _OI
 511:c:\program files\daisytoolchain\arm-none-eabi\include\c++\10.2.1\bits\stl_algobase.h ****     __copy_move_a(_II __first, _II __last, _OI __result)
 512:c:\program files\daisytoolchain\arm-none-eabi\include\c++\10.2.1\bits\stl_algobase.h ****     {
 513:c:\program files\daisytoolchain\arm-none-eabi\include\c++\10.2.1\bits\stl_algobase.h ****       return std::__niter_wrap(__result,
 514:c:\program files\daisytoolchain\arm-none-eabi\include\c++\10.2.1\bits\stl_algobase.h **** 		std::__copy_move_a1<_IsMove>(std::__niter_base(__first),
 515:c:\program files\daisytoolchain\arm-none-eabi\include\c++\10.2.1\bits\stl_algobase.h **** 					     std::__niter_base(__last),
ARM GAS  C:\Users\Spencer\AppData\Local\Temp\ccWmt4tk.s 			page 147


 516:c:\program files\daisytoolchain\arm-none-eabi\include\c++\10.2.1\bits\stl_algobase.h **** 					     std::__niter_base(__result)));
 517:c:\program files\daisytoolchain\arm-none-eabi\include\c++\10.2.1\bits\stl_algobase.h ****     }
 518:c:\program files\daisytoolchain\arm-none-eabi\include\c++\10.2.1\bits\stl_algobase.h **** 
 519:c:\program files\daisytoolchain\arm-none-eabi\include\c++\10.2.1\bits\stl_algobase.h ****   template<bool _IsMove,
 520:c:\program files\daisytoolchain\arm-none-eabi\include\c++\10.2.1\bits\stl_algobase.h **** 	   typename _Ite, typename _Seq, typename _Cat, typename _OI>
 521:c:\program files\daisytoolchain\arm-none-eabi\include\c++\10.2.1\bits\stl_algobase.h ****     _OI
 522:c:\program files\daisytoolchain\arm-none-eabi\include\c++\10.2.1\bits\stl_algobase.h ****     __copy_move_a(const ::__gnu_debug::_Safe_iterator<_Ite, _Seq, _Cat>&,
 523:c:\program files\daisytoolchain\arm-none-eabi\include\c++\10.2.1\bits\stl_algobase.h **** 		  const ::__gnu_debug::_Safe_iterator<_Ite, _Seq, _Cat>&,
 524:c:\program files\daisytoolchain\arm-none-eabi\include\c++\10.2.1\bits\stl_algobase.h **** 		  _OI);
 525:c:\program files\daisytoolchain\arm-none-eabi\include\c++\10.2.1\bits\stl_algobase.h **** 
 526:c:\program files\daisytoolchain\arm-none-eabi\include\c++\10.2.1\bits\stl_algobase.h ****   template<bool _IsMove,
 527:c:\program files\daisytoolchain\arm-none-eabi\include\c++\10.2.1\bits\stl_algobase.h **** 	   typename _II, typename _Ite, typename _Seq, typename _Cat>
 528:c:\program files\daisytoolchain\arm-none-eabi\include\c++\10.2.1\bits\stl_algobase.h ****     __gnu_debug::_Safe_iterator<_Ite, _Seq, _Cat>
 529:c:\program files\daisytoolchain\arm-none-eabi\include\c++\10.2.1\bits\stl_algobase.h ****     __copy_move_a(_II, _II,
 530:c:\program files\daisytoolchain\arm-none-eabi\include\c++\10.2.1\bits\stl_algobase.h **** 		  const ::__gnu_debug::_Safe_iterator<_Ite, _Seq, _Cat>&);
 531:c:\program files\daisytoolchain\arm-none-eabi\include\c++\10.2.1\bits\stl_algobase.h **** 
 532:c:\program files\daisytoolchain\arm-none-eabi\include\c++\10.2.1\bits\stl_algobase.h ****   template<bool _IsMove,
 533:c:\program files\daisytoolchain\arm-none-eabi\include\c++\10.2.1\bits\stl_algobase.h **** 	   typename _IIte, typename _ISeq, typename _ICat,
 534:c:\program files\daisytoolchain\arm-none-eabi\include\c++\10.2.1\bits\stl_algobase.h **** 	   typename _OIte, typename _OSeq, typename _OCat>
 535:c:\program files\daisytoolchain\arm-none-eabi\include\c++\10.2.1\bits\stl_algobase.h ****     ::__gnu_debug::_Safe_iterator<_OIte, _OSeq, _OCat>
 536:c:\program files\daisytoolchain\arm-none-eabi\include\c++\10.2.1\bits\stl_algobase.h ****     __copy_move_a(const ::__gnu_debug::_Safe_iterator<_IIte, _ISeq, _ICat>&,
 537:c:\program files\daisytoolchain\arm-none-eabi\include\c++\10.2.1\bits\stl_algobase.h **** 		  const ::__gnu_debug::_Safe_iterator<_IIte, _ISeq, _ICat>&,
 538:c:\program files\daisytoolchain\arm-none-eabi\include\c++\10.2.1\bits\stl_algobase.h **** 		  const ::__gnu_debug::_Safe_iterator<_OIte, _OSeq, _OCat>&);
 539:c:\program files\daisytoolchain\arm-none-eabi\include\c++\10.2.1\bits\stl_algobase.h **** 
 540:c:\program files\daisytoolchain\arm-none-eabi\include\c++\10.2.1\bits\stl_algobase.h ****   /**
 541:c:\program files\daisytoolchain\arm-none-eabi\include\c++\10.2.1\bits\stl_algobase.h ****    *  @brief Copies the range [first,last) into result.
 542:c:\program files\daisytoolchain\arm-none-eabi\include\c++\10.2.1\bits\stl_algobase.h ****    *  @ingroup mutating_algorithms
 543:c:\program files\daisytoolchain\arm-none-eabi\include\c++\10.2.1\bits\stl_algobase.h ****    *  @param  __first  An input iterator.
 544:c:\program files\daisytoolchain\arm-none-eabi\include\c++\10.2.1\bits\stl_algobase.h ****    *  @param  __last   An input iterator.
 545:c:\program files\daisytoolchain\arm-none-eabi\include\c++\10.2.1\bits\stl_algobase.h ****    *  @param  __result An output iterator.
 546:c:\program files\daisytoolchain\arm-none-eabi\include\c++\10.2.1\bits\stl_algobase.h ****    *  @return   result + (last - first)
 547:c:\program files\daisytoolchain\arm-none-eabi\include\c++\10.2.1\bits\stl_algobase.h ****    *
 548:c:\program files\daisytoolchain\arm-none-eabi\include\c++\10.2.1\bits\stl_algobase.h ****    *  This inline function will boil down to a call to @c memmove whenever
 549:c:\program files\daisytoolchain\arm-none-eabi\include\c++\10.2.1\bits\stl_algobase.h ****    *  possible.  Failing that, if random access iterators are passed, then the
 550:c:\program files\daisytoolchain\arm-none-eabi\include\c++\10.2.1\bits\stl_algobase.h ****    *  loop count will be known (and therefore a candidate for compiler
 551:c:\program files\daisytoolchain\arm-none-eabi\include\c++\10.2.1\bits\stl_algobase.h ****    *  optimizations such as unrolling).  Result may not be contained within
 552:c:\program files\daisytoolchain\arm-none-eabi\include\c++\10.2.1\bits\stl_algobase.h ****    *  [first,last); the copy_backward function should be used instead.
 553:c:\program files\daisytoolchain\arm-none-eabi\include\c++\10.2.1\bits\stl_algobase.h ****    *
 554:c:\program files\daisytoolchain\arm-none-eabi\include\c++\10.2.1\bits\stl_algobase.h ****    *  Note that the end of the output range is permitted to be contained
 555:c:\program files\daisytoolchain\arm-none-eabi\include\c++\10.2.1\bits\stl_algobase.h ****    *  within [first,last).
 556:c:\program files\daisytoolchain\arm-none-eabi\include\c++\10.2.1\bits\stl_algobase.h ****   */
 557:c:\program files\daisytoolchain\arm-none-eabi\include\c++\10.2.1\bits\stl_algobase.h ****   template<typename _II, typename _OI>
 558:c:\program files\daisytoolchain\arm-none-eabi\include\c++\10.2.1\bits\stl_algobase.h ****     _GLIBCXX20_CONSTEXPR
 559:c:\program files\daisytoolchain\arm-none-eabi\include\c++\10.2.1\bits\stl_algobase.h ****     inline _OI
 560:c:\program files\daisytoolchain\arm-none-eabi\include\c++\10.2.1\bits\stl_algobase.h ****     copy(_II __first, _II __last, _OI __result)
 3449              		.loc 23 560 5 is_stmt 1 view .LVU842
 3450              	.LBB1098:
 3451              	.LBB1099:
 3452              	.LBI1099:
 511:c:\program files\daisytoolchain\arm-none-eabi\include\c++\10.2.1\bits\stl_algobase.h ****     {
 3453              		.loc 23 511 5 view .LVU843
 3454              	.LBB1100:
 3455              	.LBI1100:
 505:c:\program files\daisytoolchain\arm-none-eabi\include\c++\10.2.1\bits\stl_algobase.h ****     { return std::__copy_move_a2<_IsMove>(__first, __last, __result); }
 3456              		.loc 23 505 5 view .LVU844
 3457              	.LBB1101:
 3458              	.LBI1101:
ARM GAS  C:\Users\Spencer\AppData\Local\Temp\ccWmt4tk.s 			page 148


 463:c:\program files\daisytoolchain\arm-none-eabi\include\c++\10.2.1\bits\stl_algobase.h ****     {
 3459              		.loc 23 463 5 view .LVU845
 3460              	.LBB1102:
 3461              	.LBB1103:
 3462              	.LBI1103:
 415:c:\program files\daisytoolchain\arm-none-eabi\include\c++\10.2.1\bits\stl_algobase.h **** 	{
 3463              		.loc 23 415 2 view .LVU846
 3464              	.LBB1104:
 426:c:\program files\daisytoolchain\arm-none-eabi\include\c++\10.2.1\bits\stl_algobase.h **** 	  return __result + _Num;
 3465              		.loc 23 426 23 is_stmt 0 view .LVU847
 3466 02ea 4FF48042 		mov	r2, #16384
 3467              	.LVL273:
 426:c:\program files\daisytoolchain\arm-none-eabi\include\c++\10.2.1\bits\stl_algobase.h **** 	  return __result + _Num;
 3468              		.loc 23 426 23 view .LVU848
 3469 02ee FFF7FEFF 		bl	memmove
 3470              	.LVL274:
 3471              	.L107:
 426:c:\program files\daisytoolchain\arm-none-eabi\include\c++\10.2.1\bits\stl_algobase.h **** 	  return __result + _Num;
 3472              		.loc 23 426 23 view .LVU849
 3473              	.LBE1104:
 3474              	.LBE1103:
 3475              	.LBE1102:
 3476              	.LBE1101:
 3477              	.LBE1100:
 3478              	.LBE1099:
 3479              	.LBE1098:
 3480              	.LBE1097:
 408:shy_fft.h     **** 
 3481              		.loc 20 408 5 view .LVU850
 3482 02f2 11B0     		add	sp, sp, #68
 3483              		.cfi_def_cfa_offset 36
 3484              		@ sp needed
 3485 02f4 BDE8F08F 		pop	{r4, r5, r6, r7, r8, r9, r10, fp, pc}
 3486              	.LVL275:
 3487              	.L124:
 408:shy_fft.h     **** 
 3488              		.loc 20 408 5 view .LVU851
 3489              		.align	2
 3490              	.L123:
 3491 02f8 F304353F 		.word	1060439283
 3492              		.cfi_endproc
 3493              	.LFE6826:
 3495              		.section	.text._ZN16InverseTransformIfLj12E14RotationPhasorIfLj12EEEclEPfS3_PKhPS1_,"axG",%progbit
 3496              		.align	1
 3497              		.weak	_ZN16InverseTransformIfLj12E14RotationPhasorIfLj12EEEclEPfS3_PKhPS1_
 3498              		.syntax unified
 3499              		.thumb
 3500              		.thumb_func
 3501              		.fpu fpv5-d16
 3503              	_ZN16InverseTransformIfLj12E14RotationPhasorIfLj12EEEclEPfS3_PKhPS1_:
 3504              	.LVL276:
 3505              	.LFB6827:
 560:shy_fft.h     ****     {
 3506              		.loc 20 560 10 is_stmt 1 view -0
 3507              		.cfi_startproc
 3508              		@ args = 4, pretend = 0, frame = 64
 3509              		@ frame_needed = 0, uses_anonymous_args = 0
ARM GAS  C:\Users\Spencer\AppData\Local\Temp\ccWmt4tk.s 			page 149


 560:shy_fft.h     ****     {
 3510              		.loc 20 560 10 is_stmt 0 view .LVU853
 3511 0000 2DE9F04F 		push	{r4, r5, r6, r7, r8, r9, r10, fp, lr}
 3512              		.cfi_def_cfa_offset 36
 3513              		.cfi_offset 4, -36
 3514              		.cfi_offset 5, -32
 3515              		.cfi_offset 6, -28
 3516              		.cfi_offset 7, -24
 3517              		.cfi_offset 8, -20
 3518              		.cfi_offset 9, -16
 3519              		.cfi_offset 10, -12
 3520              		.cfi_offset 11, -8
 3521              		.cfi_offset 14, -4
 3522 0004 91B0     		sub	sp, sp, #68
 3523              		.cfi_def_cfa_offset 104
 3524 0006 0E91     		str	r1, [sp, #56]
 3525 0008 0D92     		str	r2, [sp, #52]
 3526 000a 0F93     		str	r3, [sp, #60]
 3527 000c DDF868B0 		ldr	fp, [sp, #104]
 3528              	.LVL277:
 3529              	.LBB1131:
 567:shy_fft.h     ****         {
 3530              		.loc 20 567 48 is_stmt 1 view .LVU854
 3531 0010 CDF818B0 		str	fp, [sp, #24]
 3532              	.LBE1131:
 563:shy_fft.h     ****         Math<T> math;
 3533              		.loc 20 563 17 is_stmt 0 view .LVU855
 3534 0014 0B92     		str	r2, [sp, #44]
 3535              	.LBB1147:
 567:shy_fft.h     ****         {
 3536              		.loc 20 567 20 view .LVU856
 3537 0016 0B23     		movs	r3, #11
 3538              	.LVL278:
 567:shy_fft.h     ****         {
 3539              		.loc 20 567 20 view .LVU857
 3540 0018 0C93     		str	r3, [sp, #48]
 3541 001a 0BE0     		b	.L130
 3542              	.LVL279:
 3543              	.L134:
 3544              	.LBB1132:
 607:shy_fft.h     ****             }
 3545              		.loc 20 607 19 view .LVU858
 3546 001c 0E9B     		ldr	r3, [sp, #56]
 3547 001e 0B93     		str	r3, [sp, #44]
 3548              	.LVL280:
 606:shy_fft.h     ****                 d = input;
 3549              		.loc 20 606 19 view .LVU859
 3550 0020 0D99     		ldr	r1, [sp, #52]
 3551              	.L129:
 3552              	.LVL281:
 606:shy_fft.h     ****                 d = input;
 3553              		.loc 20 606 19 view .LVU860
 3554              	.LBE1132:
 567:shy_fft.h     ****         {
 3555              		.loc 20 567 9 is_stmt 1 discriminator 2 view .LVU861
 3556 0022 0C9B     		ldr	r3, [sp, #48]
 3557 0024 013B     		subs	r3, r3, #1
ARM GAS  C:\Users\Spencer\AppData\Local\Temp\ccWmt4tk.s 			page 150


 3558 0026 0C93     		str	r3, [sp, #48]
 3559              	.LVL282:
 567:shy_fft.h     ****         {
 3560              		.loc 20 567 48 discriminator 2 view .LVU862
 3561 0028 069A     		ldr	r2, [sp, #24]
 3562 002a 083A     		subs	r2, r2, #8
 3563 002c 0692     		str	r2, [sp, #24]
 3564 002e 022B     		cmp	r3, #2
 3565 0030 00F0CB80 		beq	.L141
 3566              	.LVL283:
 3567              	.L130:
 3568              	.LBB1146:
 569:shy_fft.h     ****             size_t n_2 = n >> 1;
 3569              		.loc 20 569 28 is_stmt 0 view .LVU863
 3570 0034 4FF0010E 		mov	lr, #1
 3571 0038 0C98     		ldr	r0, [sp, #48]
 3572 003a 0EFA00FE 		lsl	lr, lr, r0
 3573              	.LVL284:
 570:shy_fft.h     **** 
 3574              		.loc 20 570 20 view .LVU864
 3575 003e 4FEA5E02 		lsr	r2, lr, #1
 3576 0042 0992     		str	r2, [sp, #36]
 3577              	.LVL285:
 3578              	.LBB1133:
 572:shy_fft.h     ****             {
 3579              		.loc 20 572 33 is_stmt 1 view .LVU865
 3580              	.LBB1134:
 575:shy_fft.h     ****                 T* d1r = d + i;
 3581              		.loc 20 575 29 is_stmt 0 view .LVU866
 3582 0044 0423     		movs	r3, #4
 3583 0046 03FA00F4 		lsl	r4, r3, r0
 3584 004a 0794     		str	r4, [sp, #28]
 3585              	.LBE1134:
 572:shy_fft.h     ****             {
 3586              		.loc 20 572 49 view .LVU867
 3587 004c 4FEA4E03 		lsl	r3, lr, #1
 3588 0050 0893     		str	r3, [sp, #32]
 3589 0052 4FEACE0E 		lsl	lr, lr, #3
 3590              	.LVL286:
 572:shy_fft.h     ****             {
 3591              		.loc 20 572 49 view .LVU868
 3592 0056 8846     		mov	r8, r1
 3593 0058 01EB820A 		add	r10, r1, r2, lsl #2
 3594 005c 0B98     		ldr	r0, [sp, #44]
 3595 005e 00EB8203 		add	r3, r0, r2, lsl #2
 3596 0062 0193     		str	r3, [sp, #4]
 3597 0064 031D     		adds	r3, r0, #4
 3598 0066 0293     		str	r3, [sp, #8]
 3599 0068 231D     		adds	r3, r4, #4
 3600 006a 01EB0309 		add	r9, r1, r3
 3601 006e C118     		adds	r1, r0, r3
 3602              	.LVL287:
 572:shy_fft.h     ****             {
 3603              		.loc 20 572 49 view .LVU869
 3604 0070 0391     		str	r1, [sp, #12]
 3605 0072 03EB8203 		add	r3, r3, r2, lsl #2
 3606 0076 C318     		adds	r3, r0, r3
ARM GAS  C:\Users\Spencer\AppData\Local\Temp\ccWmt4tk.s 			page 151


 3607 0078 0493     		str	r3, [sp, #16]
 3608 007a D446     		mov	ip, r10
 3609 007c 6300     		lsls	r3, r4, #1
 3610 007e 0A93     		str	r3, [sp, #40]
 572:shy_fft.h     ****             {
 3611              		.loc 20 572 24 view .LVU870
 3612 0080 0023     		movs	r3, #0
 3613 0082 0593     		str	r3, [sp, #20]
 3614              	.LVL288:
 3615              	.L128:
 572:shy_fft.h     ****             {
 3616              		.loc 20 572 24 view .LVU871
 3617 0084 079B     		ldr	r3, [sp, #28]
 3618 0086 1A46     		mov	r2, r3
 3619 0088 4244     		add	r2, r2, r8
 3620              	.LVL289:
 3621              	.LBB1145:
 579:shy_fft.h     ****                 d2r[0]   = sr[0] - si[0];
 3622              		.loc 20 579 34 view .LVU872
 3623 008a D8ED007A 		vldr.32	s15, [r8]
 3624 008e 19ED017A 		vldr.32	s14, [r9, #-4]
 3625 0092 77EE877A 		vadd.f32	s15, s15, s14
 579:shy_fft.h     ****                 d2r[0]   = sr[0] - si[0];
 3626              		.loc 20 579 26 view .LVU873
 3627 0096 029C     		ldr	r4, [sp, #8]
 3628 0098 44ED017A 		vstr.32	s15, [r4, #-4]
 580:shy_fft.h     ****                 d1r[n_2] = sr[n_2] * T(2);
 3629              		.loc 20 580 34 view .LVU874
 3630 009c D8ED007A 		vldr.32	s15, [r8]
 3631 00a0 19ED017A 		vldr.32	s14, [r9, #-4]
 3632 00a4 77EEC77A 		vsub.f32	s15, s15, s14
 580:shy_fft.h     ****                 d1r[n_2] = sr[n_2] * T(2);
 3633              		.loc 20 580 26 view .LVU875
 3634 00a8 039D     		ldr	r5, [sp, #12]
 3635 00aa 45ED017A 		vstr.32	s15, [r5, #-4]
 581:shy_fft.h     ****                 d2r[n_2] = si[n_2] * T(2);
 3636              		.loc 20 581 36 view .LVU876
 3637 00ae DAED007A 		vldr.32	s15, [r10]
 3638 00b2 77EEA77A 		vadd.f32	s15, s15, s15
 581:shy_fft.h     ****                 d2r[n_2] = si[n_2] * T(2);
 3639              		.loc 20 581 26 view .LVU877
 3640 00b6 019F     		ldr	r7, [sp, #4]
 3641 00b8 C7ED007A 		vstr.32	s15, [r7]
 582:shy_fft.h     **** 
 3642              		.loc 20 582 30 view .LVU878
 3643 00bc 5344     		add	r3, r10, r3
 582:shy_fft.h     **** 
 3644              		.loc 20 582 36 view .LVU879
 3645 00be D3ED007A 		vldr.32	s15, [r3]
 3646 00c2 77EEA77A 		vadd.f32	s15, s15, s15
 582:shy_fft.h     **** 
 3647              		.loc 20 582 26 view .LVU880
 3648 00c6 049E     		ldr	r6, [sp, #16]
 3649 00c8 46ED017A 		vstr.32	s15, [r6, #-4]
 3650              	.LVL290:
 3651              	.LBB1135:
 3652              	.LBI1135:
ARM GAS  C:\Users\Spencer\AppData\Local\Temp\ccWmt4tk.s 			page 152


 247:shy_fft.h     ****     {
 3653              		.loc 20 247 17 is_stmt 1 view .LVU881
 3654              	.LBB1136:
 250:shy_fft.h     ****         sin_ = imag_ = sin_cos_lut_[index + 1];
 3655              		.loc 20 250 36 is_stmt 0 view .LVU882
 3656 00cc 0699     		ldr	r1, [sp, #24]
 3657 00ce 0B6C     		ldr	r3, [r1, #64]	@ float
 250:shy_fft.h     ****         sin_ = imag_ = sin_cos_lut_[index + 1];
 3658              		.loc 20 250 22 view .LVU883
 3659 00d0 CBF85030 		str	r3, [fp, #80]	@ float
 250:shy_fft.h     ****         sin_ = imag_ = sin_cos_lut_[index + 1];
 3660              		.loc 20 250 14 view .LVU884
 3661 00d4 CBF84830 		str	r3, [fp, #72]	@ float
 251:shy_fft.h     ****     }
 3662              		.loc 20 251 36 view .LVU885
 3663 00d8 4B6C     		ldr	r3, [r1, #68]	@ float
 251:shy_fft.h     ****     }
 3664              		.loc 20 251 22 view .LVU886
 3665 00da CBF85430 		str	r3, [fp, #84]	@ float
 251:shy_fft.h     ****     }
 3666              		.loc 20 251 14 view .LVU887
 3667 00de CBF84C30 		str	r3, [fp, #76]	@ float
 3668              	.LVL291:
 251:shy_fft.h     ****     }
 3669              		.loc 20 251 14 view .LVU888
 3670              	.LBE1136:
 3671              	.LBE1135:
 3672              	.LBB1137:
 587:shy_fft.h     ****                 {
 3673              		.loc 20 587 37 is_stmt 1 view .LVU889
 3674 00e2 099B     		ldr	r3, [sp, #36]
 3675 00e4 012B     		cmp	r3, #1
 3676 00e6 50D9     		bls	.L126
 3677 00e8 08F10403 		add	r3, r8, #4
 3678 00ec 0A99     		ldr	r1, [sp, #40]
 3679 00ee 08EB0100 		add	r0, r8, r1
 3680 00f2 0437     		adds	r7, r7, #4
 3681              	.LVL292:
 587:shy_fft.h     ****                 {
 3682              		.loc 20 587 37 is_stmt 0 view .LVU890
 3683 00f4 4946     		mov	r1, r9
 3684              	.LVL293:
 3685              	.L127:
 3686              	.LBB1138:
 589:shy_fft.h     ****                     d1i[j] = si[j] - si[n - j];
 3687              		.loc 20 589 32 discriminator 2 view .LVU891
 3688 00f6 93ED007A 		vldr.32	s14, [r3]
 589:shy_fft.h     ****                     d1i[j] = si[j] - si[n - j];
 3689              		.loc 20 589 36 discriminator 2 view .LVU892
 3690 00fa 72ED017A 		vldmdb.32	r2!, {s15}
 3691 00fe 77EE877A 		vadd.f32	s15, s15, s14
 589:shy_fft.h     ****                     d1i[j] = si[j] - si[n - j];
 3692              		.loc 20 589 28 discriminator 2 view .LVU893
 3693 0102 E4EC017A 		vstmia.32	r4!, {s15}
 590:shy_fft.h     **** 
 3694              		.loc 20 590 32 discriminator 2 view .LVU894
 3695 0106 D1ED007A 		vldr.32	s15, [r1]
ARM GAS  C:\Users\Spencer\AppData\Local\Temp\ccWmt4tk.s 			page 153


 590:shy_fft.h     **** 
 3696              		.loc 20 590 36 discriminator 2 view .LVU895
 3697 010a 30ED017A 		vldmdb.32	r0!, {s14}
 3698 010e 77EEC77A 		vsub.f32	s15, s15, s14
 590:shy_fft.h     **** 
 3699              		.loc 20 590 28 discriminator 2 view .LVU896
 3700 0112 E7EC017A 		vstmia.32	r7!, {s15}
 3701              	.LVL294:
 3702              	.LBB1139:
 3703              	.LBI1139:
 261:shy_fft.h     ****     inline T sin() const { return sin_; }
 3704              		.loc 20 261 14 is_stmt 1 discriminator 2 view .LVU897
 3705              	.LBB1140:
 261:shy_fft.h     ****     inline T sin() const { return sin_; }
 3706              		.loc 20 261 35 is_stmt 0 discriminator 2 view .LVU898
 3707 0116 DBED125A 		vldr.32	s11, [fp, #72]
 3708              	.LVL295:
 261:shy_fft.h     ****     inline T sin() const { return sin_; }
 3709              		.loc 20 261 35 discriminator 2 view .LVU899
 3710              	.LBE1140:
 3711              	.LBE1139:
 3712              	.LBB1141:
 3713              	.LBI1141:
 262:shy_fft.h     **** 
 3714              		.loc 20 262 14 is_stmt 1 discriminator 2 view .LVU900
 3715              	.LBB1142:
 262:shy_fft.h     **** 
 3716              		.loc 20 262 35 is_stmt 0 discriminator 2 view .LVU901
 3717 011a 9BED136A 		vldr.32	s12, [fp, #76]
 3718              	.LVL296:
 262:shy_fft.h     **** 
 3719              		.loc 20 262 35 discriminator 2 view .LVU902
 3720              	.LBE1142:
 3721              	.LBE1141:
 594:shy_fft.h     ****                     T vi = si[j] + si[n - j];
 3722              		.loc 20 594 23 discriminator 2 view .LVU903
 3723 011e F3EC016A 		vldmia.32	r3!, {s13}
 3724 0122 D2ED007A 		vldr.32	s15, [r2]
 3725 0126 76EEE76A 		vsub.f32	s13, s13, s15
 3726              	.LVL297:
 595:shy_fft.h     **** 
 3727              		.loc 20 595 23 discriminator 2 view .LVU904
 3728 012a B1EC017A 		vldmia.32	r1!, {s14}
 3729 012e D0ED007A 		vldr.32	s15, [r0]
 3730 0132 77EE277A 		vadd.f32	s15, s14, s15
 3731              	.LVL298:
 597:shy_fft.h     ****                     d2i[j] = vi * c - vr * s;
 3732              		.loc 20 597 33 discriminator 2 view .LVU905
 3733 0136 26EEA57A 		vmul.f32	s14, s13, s11
 597:shy_fft.h     ****                     d2i[j] = vi * c - vr * s;
 3734              		.loc 20 597 42 discriminator 2 view .LVU906
 3735 013a 27EE865A 		vmul.f32	s10, s15, s12
 597:shy_fft.h     ****                     d2i[j] = vi * c - vr * s;
 3736              		.loc 20 597 37 discriminator 2 view .LVU907
 3737 013e 37EE057A 		vadd.f32	s14, s14, s10
 597:shy_fft.h     ****                     d2i[j] = vi * c - vr * s;
 3738              		.loc 20 597 28 discriminator 2 view .LVU908
ARM GAS  C:\Users\Spencer\AppData\Local\Temp\ccWmt4tk.s 			page 154


 3739 0142 A5EC017A 		vstmia.32	r5!, {s14}
 598:shy_fft.h     ****                     phasor->Rotate();
 3740              		.loc 20 598 33 discriminator 2 view .LVU909
 3741 0146 67EEA57A 		vmul.f32	s15, s15, s11
 3742              	.LVL299:
 598:shy_fft.h     ****                     phasor->Rotate();
 3743              		.loc 20 598 42 discriminator 2 view .LVU910
 3744 014a 66EE866A 		vmul.f32	s13, s13, s12
 3745              	.LVL300:
 598:shy_fft.h     ****                     phasor->Rotate();
 3746              		.loc 20 598 37 discriminator 2 view .LVU911
 3747 014e 77EEE67A 		vsub.f32	s15, s15, s13
 598:shy_fft.h     ****                     phasor->Rotate();
 3748              		.loc 20 598 28 discriminator 2 view .LVU912
 3749 0152 E6EC017A 		vstmia.32	r6!, {s15}
 3750              	.LVL301:
 3751              	.LBB1143:
 3752              	.LBI1143:
 254:shy_fft.h     ****     {
 3753              		.loc 20 254 17 is_stmt 1 discriminator 2 view .LVU913
 3754              	.LBB1144:
 256:shy_fft.h     ****         sin_   = cos_ * imag_ + sin_ * real_;
 3755              		.loc 20 256 18 is_stmt 0 discriminator 2 view .LVU914
 3756 0156 DBED127A 		vldr.32	s15, [fp, #72]
 256:shy_fft.h     ****         sin_   = cos_ * imag_ + sin_ * real_;
 3757              		.loc 20 256 25 discriminator 2 view .LVU915
 3758 015a DBED145A 		vldr.32	s11, [fp, #80]
 3759              	.LVL302:
 256:shy_fft.h     ****         sin_   = cos_ * imag_ + sin_ * real_;
 3760              		.loc 20 256 33 discriminator 2 view .LVU916
 3761 015e 9BED137A 		vldr.32	s14, [fp, #76]
 256:shy_fft.h     ****         sin_   = cos_ * imag_ + sin_ * real_;
 3762              		.loc 20 256 40 discriminator 2 view .LVU917
 3763 0162 9BED156A 		vldr.32	s12, [fp, #84]
 3764              	.LVL303:
 257:shy_fft.h     ****         cos_   = temp;
 3765              		.loc 20 257 23 discriminator 2 view .LVU918
 3766 0166 67EE866A 		vmul.f32	s13, s15, s12
 257:shy_fft.h     ****         cos_   = temp;
 3767              		.loc 20 257 38 discriminator 2 view .LVU919
 3768 016a 25EE875A 		vmul.f32	s10, s11, s14
 257:shy_fft.h     ****         cos_   = temp;
 3769              		.loc 20 257 31 discriminator 2 view .LVU920
 3770 016e 76EE856A 		vadd.f32	s13, s13, s10
 257:shy_fft.h     ****         cos_   = temp;
 3771              		.loc 20 257 16 discriminator 2 view .LVU921
 3772 0172 CBED136A 		vstr.32	s13, [fp, #76]
 256:shy_fft.h     ****         sin_   = cos_ * imag_ + sin_ * real_;
 3773              		.loc 20 256 23 discriminator 2 view .LVU922
 3774 0176 67EEA57A 		vmul.f32	s15, s15, s11
 3775              	.LVL304:
 256:shy_fft.h     ****         sin_   = cos_ * imag_ + sin_ * real_;
 3776              		.loc 20 256 38 discriminator 2 view .LVU923
 3777 017a 27EE067A 		vmul.f32	s14, s14, s12
 3778              	.LVL305:
 256:shy_fft.h     ****         sin_   = cos_ * imag_ + sin_ * real_;
 3779              		.loc 20 256 11 discriminator 2 view .LVU924
ARM GAS  C:\Users\Spencer\AppData\Local\Temp\ccWmt4tk.s 			page 155


 3780 017e 77EEC77A 		vsub.f32	s15, s15, s14
 3781              	.LVL306:
 258:shy_fft.h     ****     }
 3782              		.loc 20 258 16 discriminator 2 view .LVU925
 3783 0182 CBED127A 		vstr.32	s15, [fp, #72]
 3784              	.LVL307:
 258:shy_fft.h     ****     }
 3785              		.loc 20 258 16 discriminator 2 view .LVU926
 3786              	.LBE1144:
 3787              	.LBE1143:
 3788              	.LBE1138:
 587:shy_fft.h     ****                 {
 3789              		.loc 20 587 17 is_stmt 1 discriminator 2 view .LVU927
 587:shy_fft.h     ****                 {
 3790              		.loc 20 587 37 discriminator 2 view .LVU928
 3791 0186 6345     		cmp	r3, ip
 3792 0188 B5D1     		bne	.L127
 3793              	.L126:
 587:shy_fft.h     ****                 {
 3794              		.loc 20 587 37 is_stmt 0 discriminator 2 view .LVU929
 3795              	.LBE1137:
 3796              	.LBE1145:
 572:shy_fft.h     ****             {
 3797              		.loc 20 572 13 is_stmt 1 discriminator 2 view .LVU930
 572:shy_fft.h     ****             {
 3798              		.loc 20 572 43 is_stmt 0 discriminator 2 view .LVU931
 3799 018a 059B     		ldr	r3, [sp, #20]
 3800 018c 089A     		ldr	r2, [sp, #32]
 3801 018e 1344     		add	r3, r3, r2
 3802 0190 0593     		str	r3, [sp, #20]
 3803              	.LVL308:
 572:shy_fft.h     ****             {
 3804              		.loc 20 572 33 is_stmt 1 discriminator 2 view .LVU932
 3805 0192 F044     		add	r8, r8, lr
 3806              	.LVL309:
 572:shy_fft.h     ****             {
 3807              		.loc 20 572 33 is_stmt 0 discriminator 2 view .LVU933
 3808 0194 F244     		add	r10, r10, lr
 3809 0196 019A     		ldr	r2, [sp, #4]
 3810 0198 7244     		add	r2, r2, lr
 3811 019a 0192     		str	r2, [sp, #4]
 3812              	.LVL310:
 572:shy_fft.h     ****             {
 3813              		.loc 20 572 33 discriminator 2 view .LVU934
 3814 019c 029A     		ldr	r2, [sp, #8]
 3815 019e 7244     		add	r2, r2, lr
 3816 01a0 0292     		str	r2, [sp, #8]
 3817              	.LVL311:
 572:shy_fft.h     ****             {
 3818              		.loc 20 572 33 discriminator 2 view .LVU935
 3819 01a2 F144     		add	r9, r9, lr
 3820 01a4 039A     		ldr	r2, [sp, #12]
 3821 01a6 7244     		add	r2, r2, lr
 3822 01a8 0392     		str	r2, [sp, #12]
 3823              	.LVL312:
 572:shy_fft.h     ****             {
 3824              		.loc 20 572 33 discriminator 2 view .LVU936
ARM GAS  C:\Users\Spencer\AppData\Local\Temp\ccWmt4tk.s 			page 156


 3825 01aa 049A     		ldr	r2, [sp, #16]
 3826 01ac 7244     		add	r2, r2, lr
 3827 01ae 0492     		str	r2, [sp, #16]
 3828 01b0 F444     		add	ip, ip, lr
 3829 01b2 B3F5805F 		cmp	r3, #4096
 3830 01b6 FFF465AF 		bcc	.L128
 3831              	.LBE1133:
 604:shy_fft.h     ****             {
 3832              		.loc 20 604 13 view .LVU937
 3833 01ba 0D9B     		ldr	r3, [sp, #52]
 3834              	.LVL313:
 604:shy_fft.h     ****             {
 3835              		.loc 20 604 13 view .LVU938
 3836 01bc 0B99     		ldr	r1, [sp, #44]
 3837 01be 8B42     		cmp	r3, r1
 3838 01c0 3FF42CAF 		beq	.L134
 612:shy_fft.h     ****             }
 3839              		.loc 20 612 19 view .LVU939
 3840 01c4 0B93     		str	r3, [sp, #44]
 3841              	.LVL314:
 611:shy_fft.h     ****                 d = output;
 3842              		.loc 20 611 19 view .LVU940
 3843 01c6 0E99     		ldr	r1, [sp, #56]
 3844 01c8 2BE7     		b	.L129
 3845              	.LVL315:
 3846              	.L141:
 611:shy_fft.h     ****                 d = output;
 3847              		.loc 20 611 19 view .LVU941
 3848              	.LBE1146:
 3849              	.LBE1147:
 617:shy_fft.h     ****         {
 3850              		.loc 20 617 9 view .LVU942
 3851 01ca 0B9B     		ldr	r3, [sp, #44]
 3852              	.LVL316:
 617:shy_fft.h     ****         {
 3853              		.loc 20 617 9 view .LVU943
 3854 01cc 0D9A     		ldr	r2, [sp, #52]
 3855 01ce 9342     		cmp	r3, r2
 3856 01d0 00F08B80 		beq	.L142
 3857              	.LVL317:
 3858              	.L131:
 3859              	.LBB1148:
 624:shy_fft.h     ****         {
 3860              		.loc 20 624 29 is_stmt 1 discriminator 3 view .LVU944
 3861 01d4 0D99     		ldr	r1, [sp, #52]
 3862 01d6 0B46     		mov	r3, r1
 3863 01d8 0E9A     		ldr	r2, [sp, #56]
 3864 01da 01F58041 		add	r1, r1, #16384
 3865              	.LVL318:
 3866              	.L132:
 3867              	.LBB1149:
 627:shy_fft.h     ****             d[i + 4] = s[i] - s[i + 4];
 3868              		.loc 20 627 29 is_stmt 0 discriminator 2 view .LVU945
 3869 01de D3ED007A 		vldr.32	s15, [r3]
 3870 01e2 93ED047A 		vldr.32	s14, [r3, #16]
 3871 01e6 77EE877A 		vadd.f32	s15, s15, s14
 627:shy_fft.h     ****             d[i + 4] = s[i] - s[i + 4];
ARM GAS  C:\Users\Spencer\AppData\Local\Temp\ccWmt4tk.s 			page 157


 3872              		.loc 20 627 22 discriminator 2 view .LVU946
 3873 01ea C2ED007A 		vstr.32	s15, [r2]
 628:shy_fft.h     ****             d[i + 2] = s[i + 2] * T(2);
 3874              		.loc 20 628 29 discriminator 2 view .LVU947
 3875 01ee D3ED007A 		vldr.32	s15, [r3]
 3876 01f2 93ED047A 		vldr.32	s14, [r3, #16]
 3877 01f6 77EEC77A 		vsub.f32	s15, s15, s14
 628:shy_fft.h     ****             d[i + 2] = s[i + 2] * T(2);
 3878              		.loc 20 628 22 discriminator 2 view .LVU948
 3879 01fa C2ED047A 		vstr.32	s15, [r2, #16]
 629:shy_fft.h     ****             d[i + 6] = s[i + 6] * T(2);
 3880              		.loc 20 629 33 discriminator 2 view .LVU949
 3881 01fe D3ED027A 		vldr.32	s15, [r3, #8]
 3882 0202 77EEA77A 		vadd.f32	s15, s15, s15
 629:shy_fft.h     ****             d[i + 6] = s[i + 6] * T(2);
 3883              		.loc 20 629 22 discriminator 2 view .LVU950
 3884 0206 C2ED027A 		vstr.32	s15, [r2, #8]
 630:shy_fft.h     ****             d[i + 1] = s[i + 1] + s[i + 3];
 3885              		.loc 20 630 33 discriminator 2 view .LVU951
 3886 020a D3ED067A 		vldr.32	s15, [r3, #24]
 3887 020e 77EEA77A 		vadd.f32	s15, s15, s15
 630:shy_fft.h     ****             d[i + 1] = s[i + 1] + s[i + 3];
 3888              		.loc 20 630 22 discriminator 2 view .LVU952
 3889 0212 C2ED067A 		vstr.32	s15, [r2, #24]
 631:shy_fft.h     ****             d[i + 3] = s[i + 5] - s[i + 7];
 3890              		.loc 20 631 33 discriminator 2 view .LVU953
 3891 0216 D3ED017A 		vldr.32	s15, [r3, #4]
 3892 021a 93ED037A 		vldr.32	s14, [r3, #12]
 3893 021e 77EE877A 		vadd.f32	s15, s15, s14
 631:shy_fft.h     ****             d[i + 3] = s[i + 5] - s[i + 7];
 3894              		.loc 20 631 22 discriminator 2 view .LVU954
 3895 0222 C2ED017A 		vstr.32	s15, [r2, #4]
 632:shy_fft.h     ****             vr       = s[i + 1] - s[i + 3];
 3896              		.loc 20 632 33 discriminator 2 view .LVU955
 3897 0226 D3ED057A 		vldr.32	s15, [r3, #20]
 3898 022a 93ED077A 		vldr.32	s14, [r3, #28]
 3899 022e 77EEC77A 		vsub.f32	s15, s15, s14
 632:shy_fft.h     ****             vr       = s[i + 1] - s[i + 3];
 3900              		.loc 20 632 22 discriminator 2 view .LVU956
 3901 0232 C2ED037A 		vstr.32	s15, [r2, #12]
 633:shy_fft.h     ****             vi       = s[i + 5] + s[i + 7];
 3902              		.loc 20 633 22 discriminator 2 view .LVU957
 3903 0236 D3ED017A 		vldr.32	s15, [r3, #4]
 3904 023a D3ED036A 		vldr.32	s13, [r3, #12]
 3905 023e 77EEE66A 		vsub.f32	s13, s15, s13
 3906              	.LVL319:
 634:shy_fft.h     ****             d[i + 5] = (vr + vi) * math.sqrt_2_div_2();
 3907              		.loc 20 634 22 discriminator 2 view .LVU958
 3908 0242 93ED057A 		vldr.32	s14, [r3, #20]
 3909 0246 D3ED077A 		vldr.32	s15, [r3, #28]
 3910 024a 77EE277A 		vadd.f32	s15, s14, s15
 3911              	.LVL320:
 634:shy_fft.h     ****             d[i + 5] = (vr + vi) * math.sqrt_2_div_2();
 3912              		.loc 20 634 22 discriminator 2 view .LVU959
 3913              	.LBE1149:
 3914              	.LBE1148:
 137:shy_fft.h     ****     inline float cos(float x) { return cosf(x); }
ARM GAS  C:\Users\Spencer\AppData\Local\Temp\ccWmt4tk.s 			page 158


 3915              		.loc 20 137 41 is_stmt 1 discriminator 2 view .LVU960
 3916              	.LBB1152:
 3917              	.LBB1150:
 635:shy_fft.h     ****             d[i + 7] = (vi - vr) * math.sqrt_2_div_2();
 3918              		.loc 20 635 28 is_stmt 0 discriminator 2 view .LVU961
 3919 024e 36EEA77A 		vadd.f32	s14, s13, s15
 635:shy_fft.h     ****             d[i + 7] = (vi - vr) * math.sqrt_2_div_2();
 3920              		.loc 20 635 34 discriminator 2 view .LVU962
 3921 0252 9FED296A 		vldr.32	s12, .L143
 3922 0256 27EE067A 		vmul.f32	s14, s14, s12
 635:shy_fft.h     ****             d[i + 7] = (vi - vr) * math.sqrt_2_div_2();
 3923              		.loc 20 635 22 discriminator 2 view .LVU963
 3924 025a 82ED057A 		vstr.32	s14, [r2, #20]
 3925              	.LVL321:
 635:shy_fft.h     ****             d[i + 7] = (vi - vr) * math.sqrt_2_div_2();
 3926              		.loc 20 635 22 discriminator 2 view .LVU964
 3927              	.LBE1150:
 3928              	.LBE1152:
 137:shy_fft.h     ****     inline float cos(float x) { return cosf(x); }
 3929              		.loc 20 137 41 is_stmt 1 discriminator 2 view .LVU965
 3930              	.LBB1153:
 3931              	.LBB1151:
 636:shy_fft.h     ****         }
 3932              		.loc 20 636 28 is_stmt 0 discriminator 2 view .LVU966
 3933 025e 77EEE67A 		vsub.f32	s15, s15, s13
 3934              	.LVL322:
 636:shy_fft.h     ****         }
 3935              		.loc 20 636 34 discriminator 2 view .LVU967
 3936 0262 67EE867A 		vmul.f32	s15, s15, s12
 636:shy_fft.h     ****         }
 3937              		.loc 20 636 22 discriminator 2 view .LVU968
 3938 0266 C2ED077A 		vstr.32	s15, [r2, #28]
 3939              	.LBE1151:
 624:shy_fft.h     ****         {
 3940              		.loc 20 624 9 is_stmt 1 discriminator 2 view .LVU969
 624:shy_fft.h     ****         {
 3941              		.loc 20 624 29 discriminator 2 view .LVU970
 3942 026a 2033     		adds	r3, r3, #32
 3943 026c 2032     		adds	r2, r2, #32
 3944 026e 8B42     		cmp	r3, r1
 3945 0270 B5D1     		bne	.L132
 3946 0272 0E9A     		ldr	r2, [sp, #56]
 3947 0274 1032     		adds	r2, r2, #16
 3948              	.LBE1153:
 3949              	.LBB1154:
 642:shy_fft.h     ****         {
 3950              		.loc 20 642 20 is_stmt 0 view .LVU971
 3951 0276 0021     		movs	r1, #0
 3952 0278 0D9D     		ldr	r5, [sp, #52]
 3953 027a 0F98     		ldr	r0, [sp, #60]
 3954              	.LVL323:
 3955              	.L133:
 3956              	.LBB1155:
 652:shy_fft.h     ****             T b_2 = s[0] - s[2];
 3957              		.loc 20 652 22 discriminator 2 view .LVU972
 3958 027c 52ED047A 		vldr.32	s15, [r2, #-16]
 652:shy_fft.h     ****             T b_2 = s[0] - s[2];
ARM GAS  C:\Users\Spencer\AppData\Local\Temp\ccWmt4tk.s 			page 159


 3959              		.loc 20 652 29 discriminator 2 view .LVU973
 3960 0280 12ED027A 		vldr.32	s14, [r2, #-8]
 652:shy_fft.h     ****             T b_2 = s[0] - s[2];
 3961              		.loc 20 652 15 discriminator 2 view .LVU974
 3962 0284 37EE876A 		vadd.f32	s12, s15, s14
 3963              	.LVL324:
 653:shy_fft.h     ****             T b_1 = s[1] * T(2);
 3964              		.loc 20 653 15 discriminator 2 view .LVU975
 3965 0288 77EEC77A 		vsub.f32	s15, s15, s14
 3966              	.LVL325:
 654:shy_fft.h     ****             T b_3 = s[3] * T(2);
 3967              		.loc 20 654 15 discriminator 2 view .LVU976
 3968 028c 52ED036A 		vldr.32	s13, [r2, #-12]
 3969 0290 76EEA66A 		vadd.f32	s13, s13, s13
 3970              	.LVL326:
 655:shy_fft.h     **** 
 3971              		.loc 20 655 15 discriminator 2 view .LVU977
 3972 0294 12ED017A 		vldr.32	s14, [r2, #-4]
 3973 0298 37EE077A 		vadd.f32	s14, s14, s14
 3974              	.LVL327:
 646:shy_fft.h     ****                                   >> (16 - num_passes);
 3975              		.loc 20 646 43 discriminator 2 view .LVU978
 3976 029c CBB2     		uxtb	r3, r1
 646:shy_fft.h     ****                                   >> (16 - num_passes);
 3977              		.loc 20 646 49 discriminator 2 view .LVU979
 3978 029e C45C     		ldrb	r4, [r0, r3]	@ zero_extendqisi2
 646:shy_fft.h     ****                                   >> (16 - num_passes);
 3979              		.loc 20 646 69 discriminator 2 view .LVU980
 3980 02a0 0B0A     		lsrs	r3, r1, #8
 646:shy_fft.h     ****                                   >> (16 - num_passes);
 3981              		.loc 20 646 73 discriminator 2 view .LVU981
 3982 02a2 C35C     		ldrb	r3, [r0, r3]	@ zero_extendqisi2
 646:shy_fft.h     ****                                   >> (16 - num_passes);
 3983              		.loc 20 646 57 discriminator 2 view .LVU982
 3984 02a4 43EA0423 		orr	r3, r3, r4, lsl #8
 647:shy_fft.h     ****             size_t r1 = r0 + 2 * (size >> 2);
 3985              		.loc 20 647 35 discriminator 2 view .LVU983
 3986 02a8 1B11     		asrs	r3, r3, #4
 657:shy_fft.h     ****             d[r1] = b_0 - b_1;
 3987              		.loc 20 657 19 discriminator 2 view .LVU984
 3988 02aa 05EB8303 		add	r3, r5, r3, lsl #2
 657:shy_fft.h     ****             d[r1] = b_0 - b_1;
 3989              		.loc 20 657 25 discriminator 2 view .LVU985
 3990 02ae 76EE265A 		vadd.f32	s11, s12, s13
 657:shy_fft.h     ****             d[r1] = b_0 - b_1;
 3991              		.loc 20 657 19 discriminator 2 view .LVU986
 3992 02b2 C3ED005A 		vstr.32	s11, [r3]
 3993              	.LVL328:
 658:shy_fft.h     ****             d[r2] = b_2 + b_3;
 3994              		.loc 20 658 19 discriminator 2 view .LVU987
 3995 02b6 03F50054 		add	r4, r3, #8192
 658:shy_fft.h     ****             d[r2] = b_2 + b_3;
 3996              		.loc 20 658 25 discriminator 2 view .LVU988
 3997 02ba 76EE666A 		vsub.f32	s13, s12, s13
 3998              	.LVL329:
 658:shy_fft.h     ****             d[r2] = b_2 + b_3;
 3999              		.loc 20 658 19 discriminator 2 view .LVU989
ARM GAS  C:\Users\Spencer\AppData\Local\Temp\ccWmt4tk.s 			page 160


 4000 02be C4ED006A 		vstr.32	s13, [r4]
 659:shy_fft.h     ****             d[r3] = b_2 - b_3;
 4001              		.loc 20 659 19 discriminator 2 view .LVU990
 4002 02c2 03F58054 		add	r4, r3, #4096
 659:shy_fft.h     ****             d[r3] = b_2 - b_3;
 4003              		.loc 20 659 25 discriminator 2 view .LVU991
 4004 02c6 77EE876A 		vadd.f32	s13, s15, s14
 659:shy_fft.h     ****             d[r3] = b_2 - b_3;
 4005              		.loc 20 659 19 discriminator 2 view .LVU992
 4006 02ca C4ED006A 		vstr.32	s13, [r4]
 660:shy_fft.h     ****             s += 4;
 4007              		.loc 20 660 19 discriminator 2 view .LVU993
 4008 02ce 03F54053 		add	r3, r3, #12288
 660:shy_fft.h     ****             s += 4;
 4009              		.loc 20 660 25 discriminator 2 view .LVU994
 4010 02d2 77EEC77A 		vsub.f32	s15, s15, s14
 4011              	.LVL330:
 660:shy_fft.h     ****             s += 4;
 4012              		.loc 20 660 19 discriminator 2 view .LVU995
 4013 02d6 C3ED007A 		vstr.32	s15, [r3]
 4014              	.LVL331:
 660:shy_fft.h     ****             s += 4;
 4015              		.loc 20 660 19 discriminator 2 view .LVU996
 4016              	.LBE1155:
 642:shy_fft.h     ****         {
 4017              		.loc 20 642 9 is_stmt 1 discriminator 2 view .LVU997
 642:shy_fft.h     ****         {
 4018              		.loc 20 642 39 is_stmt 0 discriminator 2 view .LVU998
 4019 02da 0431     		adds	r1, r1, #4
 4020              	.LVL332:
 642:shy_fft.h     ****         {
 4021              		.loc 20 642 29 is_stmt 1 discriminator 2 view .LVU999
 4022 02dc 1032     		adds	r2, r2, #16
 4023              	.LVL333:
 642:shy_fft.h     ****         {
 4024              		.loc 20 642 29 is_stmt 0 discriminator 2 view .LVU1000
 4025 02de B1F5805F 		cmp	r1, #4096
 4026 02e2 CBD1     		bne	.L133
 4027              	.LBE1154:
 663:shy_fft.h     **** 
 4028              		.loc 20 663 5 view .LVU1001
 4029 02e4 11B0     		add	sp, sp, #68
 4030              		.cfi_remember_state
 4031              		.cfi_def_cfa_offset 36
 4032              		@ sp needed
 4033 02e6 BDE8F08F 		pop	{r4, r5, r6, r7, r8, r9, r10, fp, pc}
 4034              	.LVL334:
 4035              	.L142:
 4036              		.cfi_restore_state
 4037              	.LBB1156:
 4038              	.LBI1156:
 4039              		.loc 23 560 5 is_stmt 1 view .LVU1002
 4040              	.LBB1157:
 4041              	.LBB1158:
 4042              	.LBI1158:
 511:c:\program files\daisytoolchain\arm-none-eabi\include\c++\10.2.1\bits\stl_algobase.h ****     {
 4043              		.loc 23 511 5 view .LVU1003
ARM GAS  C:\Users\Spencer\AppData\Local\Temp\ccWmt4tk.s 			page 161


 4044              	.LBB1159:
 4045              	.LBI1159:
 505:c:\program files\daisytoolchain\arm-none-eabi\include\c++\10.2.1\bits\stl_algobase.h ****     { return std::__copy_move_a2<_IsMove>(__first, __last, __result); }
 4046              		.loc 23 505 5 view .LVU1004
 4047              	.LBB1160:
 4048              	.LBI1160:
 463:c:\program files\daisytoolchain\arm-none-eabi\include\c++\10.2.1\bits\stl_algobase.h ****     {
 4049              		.loc 23 463 5 view .LVU1005
 4050              	.LBB1161:
 4051              	.LBB1162:
 4052              	.LBI1162:
 415:c:\program files\daisytoolchain\arm-none-eabi\include\c++\10.2.1\bits\stl_algobase.h **** 	{
 4053              		.loc 23 415 2 view .LVU1006
 4054              	.LBB1163:
 426:c:\program files\daisytoolchain\arm-none-eabi\include\c++\10.2.1\bits\stl_algobase.h **** 	  return __result + _Num;
 4055              		.loc 23 426 23 is_stmt 0 view .LVU1007
 4056 02ea 4FF48042 		mov	r2, #16384
 4057 02ee 0D98     		ldr	r0, [sp, #52]
 4058 02f0 FFF7FEFF 		bl	memmove
 4059              	.LVL335:
 426:c:\program files\daisytoolchain\arm-none-eabi\include\c++\10.2.1\bits\stl_algobase.h **** 	  return __result + _Num;
 4060              		.loc 23 426 23 view .LVU1008
 4061              	.LBE1163:
 4062              	.LBE1162:
 4063              	.LBE1161:
 4064              	.LBE1160:
 4065              	.LBE1159:
 4066              	.LBE1158:
 561:c:\program files\daisytoolchain\arm-none-eabi\include\c++\10.2.1\bits\stl_algobase.h ****     {
 562:c:\program files\daisytoolchain\arm-none-eabi\include\c++\10.2.1\bits\stl_algobase.h ****       // concept requirements
 563:c:\program files\daisytoolchain\arm-none-eabi\include\c++\10.2.1\bits\stl_algobase.h ****       __glibcxx_function_requires(_InputIteratorConcept<_II>)
 564:c:\program files\daisytoolchain\arm-none-eabi\include\c++\10.2.1\bits\stl_algobase.h ****       __glibcxx_function_requires(_OutputIteratorConcept<_OI,
 565:c:\program files\daisytoolchain\arm-none-eabi\include\c++\10.2.1\bits\stl_algobase.h **** 	    typename iterator_traits<_II>::value_type>)
 566:c:\program files\daisytoolchain\arm-none-eabi\include\c++\10.2.1\bits\stl_algobase.h ****       __glibcxx_requires_can_increment_range(__first, __last, __result);
 567:c:\program files\daisytoolchain\arm-none-eabi\include\c++\10.2.1\bits\stl_algobase.h **** 
 568:c:\program files\daisytoolchain\arm-none-eabi\include\c++\10.2.1\bits\stl_algobase.h ****       return std::__copy_move_a<__is_move_iterator<_II>::__value>
 569:c:\program files\daisytoolchain\arm-none-eabi\include\c++\10.2.1\bits\stl_algobase.h **** 	     (std::__miter_base(__first), std::__miter_base(__last), __result);
 4067              		.loc 23 569 71 view .LVU1009
 4068 02f4 6EE7     		b	.L131
 4069              	.L144:
 4070 02f6 00BF     		.align	2
 4071              	.L143:
 4072 02f8 F304353F 		.word	1060439283
 4073              	.LBE1157:
 4074              	.LBE1156:
 4075              		.cfi_endproc
 4076              	.LFE6827:
 4078              		.section	.text._ZN9soundmath7FourierIfLj4096EE5writeEf,"axG",%progbits,_ZN9soundmath7FourierIfLj40
 4079              		.align	1
 4080              		.weak	_ZN9soundmath7FourierIfLj4096EE5writeEf
 4081              		.syntax unified
 4082              		.thumb
 4083              		.thumb_func
 4084              		.fpu fpv5-d16
 4086              	_ZN9soundmath7FourierIfLj4096EE5writeEf:
 4087              	.LVL336:
 4088              	.LFB6533:
ARM GAS  C:\Users\Spencer\AppData\Local\Temp\ccWmt4tk.s 			page 162


  42:fourier.h     **** 		{
 4089              		.loc 21 42 8 is_stmt 1 view -0
 4090              		.cfi_startproc
 4091              		@ args = 0, pretend = 0, frame = 8
 4092              		@ frame_needed = 0, uses_anonymous_args = 0
 4093              	.LBB1189:
  44:fourier.h     **** 			{
 4094              		.loc 21 44 25 view .LVU1011
  44:fourier.h     **** 			{
 4095              		.loc 21 44 32 is_stmt 0 view .LVU1012
 4096 0000 8369     		ldr	r3, [r0, #24]
  44:fourier.h     **** 			{
 4097              		.loc 21 44 25 view .LVU1013
 4098 0002 5B00     		lsls	r3, r3, #1
 4099 0004 00F0C480 		beq	.L160
 4100              	.LBE1189:
  42:fourier.h     **** 		{
 4101              		.loc 21 42 8 view .LVU1014
 4102 0008 F0B5     		push	{r4, r5, r6, r7, lr}
 4103              		.cfi_def_cfa_offset 20
 4104              		.cfi_offset 4, -20
 4105              		.cfi_offset 5, -16
 4106              		.cfi_offset 6, -12
 4107              		.cfi_offset 7, -8
 4108              		.cfi_offset 14, -4
 4109 000a 2DED028B 		vpush.64	{d8}
 4110              		.cfi_def_cfa_offset 28
 4111              		.cfi_offset 80, -28
 4112              		.cfi_offset 81, -24
 4113 000e 85B0     		sub	sp, sp, #20
 4114              		.cfi_def_cfa_offset 48
 4115 0010 0546     		mov	r5, r0
 4116 0012 B0EE408A 		vmov.f32	s16, s0
 4117              	.LBB1228:
  44:fourier.h     **** 			{
 4118              		.loc 21 44 16 view .LVU1015
 4119 0016 0024     		movs	r4, #0
 4120 0018 58E0     		b	.L155
 4121              	.LVL337:
 4122              	.L150:
 4123              	.LBB1190:
 4124              	.LBB1191:
 4125              	.LBB1192:
 4126              	.LBB1193:
 4127              	.LBB1194:
 4128              	.LBB1195:
 4129              	.LBB1196:
 4130              	.LBB1197:
 4131              	.LBB1198:
 4132              	.LBI1198:
  83:wave.h        **** 		{
 4133              		.loc 17 83 5 is_stmt 1 view .LVU1016
 4134              	.LBB1199:
  85:wave.h        **** 		}
 4135              		.loc 17 85 23 is_stmt 0 view .LVU1017
 4136 001a D6ED007A 		vldr.32	s15, [r6]
 4137              	.LVL338:
ARM GAS  C:\Users\Spencer\AppData\Local\Temp\ccWmt4tk.s 			page 163


  85:wave.h        **** 		}
 4138              		.loc 17 85 23 view .LVU1018
 4139              	.LBE1199:
 4140              	.LBE1198:
  46:wave.h        **** 				else
 4141              		.loc 17 46 19 view .LVU1019
 4142 001e 3EE0     		b	.L154
 4143              	.LVL339:
 4144              	.L149:
 4145              	.LBB1200:
  52:wave.h        **** 				phase -= int(phase);
 4146              		.loc 17 52 11 view .LVU1020
 4147 0020 F7EE006A 		vmov.f32	s13, #1.0e+0
 4148 0024 77EEA67A 		vadd.f32	s15, s15, s13
 4149              	.LVL340:
  53:wave.h        **** 
 4150              		.loc 17 53 14 view .LVU1021
 4151 0028 BDEEE77A 		vcvt.s32.f32	s14, s15
  53:wave.h        **** 
 4152              		.loc 17 53 11 view .LVU1022
 4153 002c B8EEC77A 		vcvt.f32.s32	s14, s14
 4154              	.LVL341:
  53:wave.h        **** 
 4155              		.loc 17 53 11 view .LVU1023
 4156 0030 77EEC77A 		vsub.f32	s15, s15, s14
 4157              	.LVL342:
  55:wave.h        **** 				int after = (center + 1) % TABSIZE;
 4158              		.loc 17 55 30 view .LVU1024
 4159 0034 9FED577A 		vldr.32	s14, .L165
 4160 0038 67EE877A 		vmul.f32	s15, s15, s14
 4161              	.LVL343:
  55:wave.h        **** 				int after = (center + 1) % TABSIZE;
 4162              		.loc 17 55 18 view .LVU1025
 4163 003c BDEEE77A 		vcvt.s32.f32	s14, s15
 4164 0040 17EE101A 		vmov	r1, s14	@ int
  55:wave.h        **** 				int after = (center + 1) % TABSIZE;
 4165              		.loc 17 55 9 view .LVU1026
 4166 0044 4842     		rsbs	r0, r1, #0
 4167 0046 C1F30A01 		ubfx	r1, r1, #0, #11
 4168 004a C0F30A00 		ubfx	r0, r0, #0, #11
 4169 004e 58BF     		it	pl
 4170 0050 4142     		rsbpl	r1, r0, #0
 4171              	.LVL344:
  58:wave.h        **** 				disp -= int(disp);
 4172              		.loc 17 58 31 view .LVU1027
 4173 0052 07EE101A 		vmov	s14, r1	@ int
 4174 0056 B8EEC77A 		vcvt.f32.s32	s14, s14
  58:wave.h        **** 				disp -= int(disp);
 4175              		.loc 17 58 7 view .LVU1028
 4176 005a 77EEC77A 		vsub.f32	s15, s15, s14
 4177              	.LVL345:
  59:wave.h        **** 
 4178              		.loc 17 59 13 view .LVU1029
 4179 005e BDEEE77A 		vcvt.s32.f32	s14, s15
  59:wave.h        **** 
 4180              		.loc 17 59 10 view .LVU1030
 4181 0062 B8EEC77A 		vcvt.f32.s32	s14, s14
ARM GAS  C:\Users\Spencer\AppData\Local\Temp\ccWmt4tk.s 			page 164


 4182 0066 77EEC77A 		vsub.f32	s15, s15, s14
 4183              	.LVL346:
 4184              	.LBB1201:
 4185              	.LBI1201:
  88:wave.h        **** 		{
 4186              		.loc 17 88 5 is_stmt 1 view .LVU1031
 4187              	.LBE1201:
  56:wave.h        **** 
 4188              		.loc 17 56 25 is_stmt 0 view .LVU1032
 4189 006a 481C     		adds	r0, r1, #1
  56:wave.h        **** 
 4190              		.loc 17 56 9 view .LVU1033
 4191 006c D0F1000C 		rsbs	ip, r0, #0
 4192 0070 C0F30A00 		ubfx	r0, r0, #0, #11
 4193 0074 CCF30A0C 		ubfx	ip, ip, #0, #11
 4194 0078 58BF     		it	pl
 4195 007a CCF10000 		rsbpl	r0, ip, #0
 4196              	.LBB1203:
 4197              	.LBB1202:
 4198              		.loc 17 90 45 view .LVU1034
 4199 007e 06EB8000 		add	r0, r6, r0, lsl #2
 4200              		.loc 17 90 53 view .LVU1035
 4201 0082 90ED007A 		vldr.32	s14, [r0]
 4202 0086 27EE877A 		vmul.f32	s14, s15, s14
 4203              		.loc 17 90 16 view .LVU1036
 4204 008a 06EB8101 		add	r1, r6, r1, lsl #2
 4205              	.LVL347:
 4206              		.loc 17 90 30 view .LVU1037
 4207 008e 76EEE77A 		vsub.f32	s15, s13, s15
 4208              	.LVL348:
 4209              		.loc 17 90 25 view .LVU1038
 4210 0092 D1ED006A 		vldr.32	s13, [r1]
 4211              	.LVL349:
 4212              		.loc 17 90 25 view .LVU1039
 4213 0096 67EEA67A 		vmul.f32	s15, s15, s13
 4214              		.loc 17 90 55 view .LVU1040
 4215 009a 77EE277A 		vadd.f32	s15, s14, s15
 4216              	.LVL350:
 4217              	.L154:
 4218              		.loc 17 90 55 view .LVU1041
 4219              	.LBE1202:
 4220              	.LBE1203:
 4221              	.LBE1200:
 4222              	.LBE1197:
 4223              	.LBE1196:
 4224              	.LBE1195:
 4225              	.LBE1194:
  51:fourier.h     **** 					}
 4226              		.loc 21 51 9 view .LVU1042
 4227 009e 03EB0433 		add	r3, r3, r4, lsl #12
  51:fourier.h     **** 					}
 4228              		.loc 21 51 34 view .LVU1043
 4229 00a2 6968     		ldr	r1, [r5, #4]
 4230 00a4 01EB8303 		add	r3, r1, r3, lsl #2
  51:fourier.h     **** 					}
 4231              		.loc 21 51 40 view .LVU1044
 4232 00a8 68EE277A 		vmul.f32	s15, s16, s15
ARM GAS  C:\Users\Spencer\AppData\Local\Temp\ccWmt4tk.s 			page 165


 4233              	.LVL351:
  51:fourier.h     **** 					}
 4234              		.loc 21 51 34 view .LVU1045
 4235 00ac C3ED007A 		vstr.32	s15, [r3]
 4236              	.L148:
  51:fourier.h     **** 					}
 4237              		.loc 21 51 34 view .LVU1046
 4238              	.LBE1193:
 4239              	.LBE1192:
  53:fourier.h     **** 
 4240              		.loc 21 53 19 view .LVU1047
 4241 00b0 296A     		ldr	r1, [r5, #32]
  53:fourier.h     **** 
 4242              		.loc 21 53 6 view .LVU1048
 4243 00b2 8B58     		ldr	r3, [r1, r2]
 4244 00b4 0133     		adds	r3, r3, #1
 4245 00b6 8B50     		str	r3, [r1, r2]
  55:fourier.h     **** 					{
 4246              		.loc 21 55 23 view .LVU1049
 4247 00b8 2B6A     		ldr	r3, [r5, #32]
  55:fourier.h     **** 					{
 4248              		.loc 21 55 6 view .LVU1050
 4249 00ba 9B58     		ldr	r3, [r3, r2]
 4250 00bc B3F5805F 		cmp	r3, #4096
 4251 00c0 3AD0     		beq	.L163
 4252              	.L147:
  55:fourier.h     **** 					{
 4253              		.loc 21 55 6 view .LVU1051
 4254              	.LBE1191:
 4255              	.LBE1190:
  44:fourier.h     **** 			{
 4256              		.loc 21 44 4 is_stmt 1 discriminator 2 view .LVU1052
 4257 00c2 0134     		adds	r4, r4, #1
 4258              	.LVL352:
  44:fourier.h     **** 			{
 4259              		.loc 21 44 25 discriminator 2 view .LVU1053
  44:fourier.h     **** 			{
 4260              		.loc 21 44 32 is_stmt 0 discriminator 2 view .LVU1054
 4261 00c4 AB69     		ldr	r3, [r5, #24]
  44:fourier.h     **** 			{
 4262              		.loc 21 44 25 discriminator 2 view .LVU1055
 4263 00c6 B4EB430F 		cmp	r4, r3, lsl #1
 4264 00ca 5DD2     		bcs	.L164
 4265              	.LVL353:
 4266              	.L155:
 4267              	.LBB1227:
  46:fourier.h     **** 				{
 4268              		.loc 21 46 18 view .LVU1056
 4269 00cc EB6A     		ldr	r3, [r5, #44]
  46:fourier.h     **** 				{
 4270              		.loc 21 46 5 view .LVU1057
 4271 00ce 1B5D     		ldrb	r3, [r3, r4]	@ zero_extendqisi2
 4272 00d0 002B     		cmp	r3, #0
 4273 00d2 F6D0     		beq	.L147
 4274 00d4 A200     		lsls	r2, r4, #2
 4275              	.LBB1226:
 4276              	.LBB1212:
ARM GAS  C:\Users\Spencer\AppData\Local\Temp\ccWmt4tk.s 			page 166


  48:fourier.h     **** 					{
 4277              		.loc 21 48 23 view .LVU1058
 4278 00d6 2B6A     		ldr	r3, [r5, #32]
 4279 00d8 53F82430 		ldr	r3, [r3, r4, lsl #2]
  48:fourier.h     **** 					{
 4280              		.loc 21 48 6 view .LVU1059
 4281 00dc 002B     		cmp	r3, #0
 4282 00de E7DB     		blt	.L148
 4283              	.LBB1211:
  50:fourier.h     **** 						in[writepoints[i] + N * i] = amp * x;
 4284              		.loc 21 50 17 view .LVU1060
 4285 00e0 6E69     		ldr	r6, [r5, #20]
 4286              	.LVL354:
 4287              	.LBB1209:
 4288              	.LBI1194:
  66:wave.h        **** 		{
 4289              		.loc 17 66 5 is_stmt 1 view .LVU1061
 4290              	.LBB1207:
 4291              	.LBI1195:
  38:wave.h        **** 		{
 4292              		.loc 17 38 5 view .LVU1062
 4293              	.LBB1205:
  40:wave.h        **** 			
 4294              		.loc 17 40 23 is_stmt 0 view .LVU1063
 4295 00e2 06F50051 		add	r1, r6, #8192
 4296 00e6 D1ED007A 		vldr.32	s15, [r1]
 4297              	.LBE1205:
 4298              	.LBE1207:
 4299              	.LBE1209:
  50:fourier.h     **** 						in[writepoints[i] + N * i] = amp * x;
 4300              		.loc 21 50 24 view .LVU1064
 4301 00ea 06EE903A 		vmov	s13, r3	@ int
 4302 00ee FAEECA6A 		vcvt.f32.s32	s13, s13, #12
 4303              	.LVL355:
 4304              	.LBB1210:
 4305              	.LBB1208:
 4306              	.LBB1206:
  40:wave.h        **** 			
 4307              		.loc 17 40 21 view .LVU1065
 4308 00f2 76EEE76A 		vsub.f32	s13, s13, s15
 4309              	.LVL356:
  40:wave.h        **** 			
 4310              		.loc 17 40 38 view .LVU1066
 4311 00f6 91ED017A 		vldr.32	s14, [r1, #4]
 4312 00fa 37EE677A 		vsub.f32	s14, s14, s15
  40:wave.h        **** 			
 4313              		.loc 17 40 6 view .LVU1067
 4314 00fe C6EE877A 		vdiv.f32	s15, s13, s14
 4315              	.LVL357:
 4316              	.LBB1204:
  43:wave.h        **** 			{
 4317              		.loc 17 43 4 view .LVU1068
 4318 0102 097A     		ldrb	r1, [r1, #8]	@ zero_extendqisi2
 4319 0104 0029     		cmp	r1, #0
 4320 0106 8BD1     		bne	.L149
  43:wave.h        **** 			{
 4321              		.loc 17 43 18 view .LVU1069
ARM GAS  C:\Users\Spencer\AppData\Local\Temp\ccWmt4tk.s 			page 167


 4322 0108 F5EEC07A 		vcmpe.f32	s15, #0
 4323 010c F1EE10FA 		vmrs	APSR_nzcv, FPSCR
 4324 0110 83D4     		bmi	.L150
  43:wave.h        **** 			{
 4325              		.loc 17 43 32 view .LVU1070
 4326 0112 B7EE007A 		vmov.f32	s14, #1.0e+0
 4327 0116 F4EEC77A 		vcmpe.f32	s15, s14
 4328 011a F1EE10FA 		vmrs	APSR_nzcv, FPSCR
 4329 011e FFF67FAF 		blt	.L149
  45:wave.h        **** 					return none(0);
 4330              		.loc 17 45 5 view .LVU1071
 4331 0122 F5EEC07A 		vcmpe.f32	s15, #0
 4332 0126 F1EE10FA 		vmrs	APSR_nzcv, FPSCR
 4333 012a 3FF576AF 		bmi	.L150
  48:wave.h        **** 			}
 4334              		.loc 17 48 13 view .LVU1072
 4335 012e 06F50056 		add	r6, r6, #8192
 4336              	.LVL358:
  48:wave.h        **** 			}
 4337              		.loc 17 48 13 view .LVU1073
 4338 0132 D6ED037A 		vldr.32	s15, [r6, #12]
 4339              	.LVL359:
  48:wave.h        **** 			}
 4340              		.loc 17 48 13 view .LVU1074
 4341 0136 B2E7     		b	.L154
 4342              	.LVL360:
 4343              	.L163:
  48:wave.h        **** 			}
 4344              		.loc 17 48 13 view .LVU1075
 4345              	.LBE1204:
 4346              	.LBE1206:
 4347              	.LBE1208:
 4348              	.LBE1210:
 4349              	.LBE1211:
 4350              	.LBE1212:
  57:fourier.h     **** 						reading[i] = true;
 4351              		.loc 21 57 18 view .LVU1076
 4352 0138 E96A     		ldr	r1, [r5, #44]
 4353 013a 0023     		movs	r3, #0
 4354 013c 0B55     		strb	r3, [r1, r4]
  58:fourier.h     **** 						readpoints[i] = 0;
 4355              		.loc 21 58 18 view .LVU1077
 4356 013e A96A     		ldr	r1, [r5, #40]
 4357 0140 0120     		movs	r0, #1
 4358 0142 0855     		strb	r0, [r1, r4]
  59:fourier.h     **** 
 4359              		.loc 21 59 21 view .LVU1078
 4360 0144 696A     		ldr	r1, [r5, #36]
 4361 0146 8B50     		str	r3, [r1, r2]
 4362              	.LVL361:
 4363              	.LBB1213:
 4364              	.LBI1213:
  71:fourier.h     **** 		{
 4365              		.loc 21 71 15 is_stmt 1 view .LVU1079
 4366 0148 A603     		lsls	r6, r4, #14
 4367              	.LVL362:
 4368              	.LBB1214:
ARM GAS  C:\Users\Spencer\AppData\Local\Temp\ccWmt4tk.s 			page 168


 4369              	.LBB1215:
 4370              	.LBI1215:
 833:shy_fft.h     ****         {
 834:shy_fft.h     ****             uint8_t byte        = 0;
 835:shy_fft.h     ****             uint8_t source      = i << 2;
 836:shy_fft.h     ****             uint8_t destination = static_cast<uint8_t>(size >> 1);
 837:shy_fft.h     ****             while(source)
 838:shy_fft.h     ****             {
 839:shy_fft.h     ****                 if(source & 1)
 840:shy_fft.h     ****                 {
 841:shy_fft.h     ****                     byte |= destination;
 842:shy_fft.h     ****                 }
 843:shy_fft.h     ****                 destination >>= 1;
 844:shy_fft.h     ****                 source >>= 1;
 845:shy_fft.h     ****             }
 846:shy_fft.h     ****             bit_rev_[i] = byte;
 847:shy_fft.h     ****         }
 848:shy_fft.h     ****         phasor_.Init();
 849:shy_fft.h     ****     }
 850:shy_fft.h     **** 
 851:shy_fft.h     ****     void Direct(T* input, T* output)
 4371              		.loc 20 851 10 view .LVU1080
 4372              	.LBB1216:
 852:shy_fft.h     ****     {
 853:shy_fft.h     ****         DirectTransform<T, num_passes, Phasor<T, num_passes>> d;
 854:shy_fft.h     ****         d(input,
 4373              		.loc 20 854 10 is_stmt 0 view .LVU1081
 4374 014a 134F     		ldr	r7, .L165+4
 4375              	.LBE1216:
 4376              	.LBE1215:
  73:fourier.h     **** 			// arm_rfft_fast_f32(fft, in + i * N, middle + i * N, 0);
 4377              		.loc 21 73 15 view .LVU1082
 4378 014c AA68     		ldr	r2, [r5, #8]
 4379 014e 6968     		ldr	r1, [r5, #4]
 4380              	.LBB1218:
 4381              	.LBB1217:
 4382              		.loc 20 854 10 view .LVU1083
 4383 0150 2B69     		ldr	r3, [r5, #16]
 4384 0152 0093     		str	r3, [sp]
 4385              	.LVL363:
 4386              		.loc 20 854 10 view .LVU1084
 4387 0154 3B46     		mov	r3, r7
 4388              	.LVL364:
 4389              		.loc 20 854 10 view .LVU1085
 4390 0156 02EB8432 		add	r2, r2, r4, lsl #14
 4391 015a 01EB8431 		add	r1, r1, r4, lsl #14
 4392 015e 03A8     		add	r0, sp, #12
 4393 0160 FFF7FEFF 		bl	_ZN15DirectTransformIfLj12E14RotationPhasorIfLj12EEEclEPfS3_PKhPS1_
 4394              	.LVL365:
 4395              		.loc 20 854 10 view .LVU1086
 4396              	.LBE1217:
 4397              	.LBE1218:
 4398              	.LBE1214:
 4399              	.LBE1213:
 4400              	.LBB1219:
 4401              	.LBI1219:
  84:fourier.h     **** 		{
ARM GAS  C:\Users\Spencer\AppData\Local\Temp\ccWmt4tk.s 			page 169


 4402              		.loc 21 84 15 is_stmt 1 view .LVU1087
 4403              	.LBB1220:
  86:fourier.h     **** 		}
 4404              		.loc 21 86 4 is_stmt 0 view .LVU1088
 4405 0164 E968     		ldr	r1, [r5, #12]
  86:fourier.h     **** 		}
 4406              		.loc 21 86 22 view .LVU1089
 4407 0166 A868     		ldr	r0, [r5, #8]
  86:fourier.h     **** 		}
 4408              		.loc 21 86 4 view .LVU1090
 4409 0168 2B68     		ldr	r3, [r5]
 4410 016a 3144     		add	r1, r1, r6
 4411 016c 3044     		add	r0, r0, r6
 4412 016e 9847     		blx	r3
 4413              	.LVL366:
  86:fourier.h     **** 		}
 4414              		.loc 21 86 4 view .LVU1091
 4415              	.LBE1220:
 4416              	.LBE1219:
 4417              	.LBB1221:
 4418              	.LBI1221:
  77:fourier.h     **** 		{
 4419              		.loc 21 77 15 is_stmt 1 view .LVU1092
 4420              	.LBB1222:
 4421              	.LBB1223:
 4422              	.LBI1223:
 855:shy_fft.h     ****           output,
 856:shy_fft.h     ****           num_passes <= 8 ? &bit_rev_[0] : bit_rev_256_lut_,
 857:shy_fft.h     ****           &phasor_);
 858:shy_fft.h     ****     }
 859:shy_fft.h     **** 
 860:shy_fft.h     ****     void Inverse(T* input, T* output)
 4423              		.loc 20 860 10 view .LVU1093
 4424              	.LBE1223:
  79:fourier.h     **** 			// arm_rfft_fast_f32(fft, out + i * N, in + i * N, 1);
 4425              		.loc 21 79 16 is_stmt 0 view .LVU1094
 4426 0170 6A68     		ldr	r2, [r5, #4]
 4427 0172 E968     		ldr	r1, [r5, #12]
 4428              	.LBB1225:
 4429              	.LBB1224:
 861:shy_fft.h     ****     {
 862:shy_fft.h     ****         InverseTransform<T, num_passes, Phasor<T, num_passes>> i;
 863:shy_fft.h     ****         i(input,
 4430              		.loc 20 863 10 view .LVU1095
 4431 0174 2B69     		ldr	r3, [r5, #16]
 4432 0176 0093     		str	r3, [sp]
 4433              	.LVL367:
 4434              		.loc 20 863 10 view .LVU1096
 4435 0178 3B46     		mov	r3, r7
 4436              	.LVL368:
 4437              		.loc 20 863 10 view .LVU1097
 4438 017a 3244     		add	r2, r2, r6
 4439              	.LVL369:
 4440              		.loc 20 863 10 view .LVU1098
 4441 017c 3144     		add	r1, r1, r6
 4442              	.LVL370:
 4443              		.loc 20 863 10 view .LVU1099
ARM GAS  C:\Users\Spencer\AppData\Local\Temp\ccWmt4tk.s 			page 170


 4444 017e 03A8     		add	r0, sp, #12
 4445 0180 FFF7FEFF 		bl	_ZN16InverseTransformIfLj12E14RotationPhasorIfLj12EEEclEPfS3_PKhPS1_
 4446              	.LVL371:
 4447              		.loc 20 863 10 view .LVU1100
 4448              	.LBE1224:
 4449              	.LBE1225:
 4450              	.LBE1222:
 4451              	.LBE1221:
  65:fourier.h     **** 					}
 4452              		.loc 21 65 15 view .LVU1101
 4453 0184 2C63     		str	r4, [r5, #48]
 4454 0186 9CE7     		b	.L147
 4455              	.L164:
  65:fourier.h     **** 					}
 4456              		.loc 21 65 15 view .LVU1102
 4457              	.LBE1226:
 4458              	.LBE1227:
 4459              	.LBE1228:
  69:fourier.h     **** 
 4460              		.loc 21 69 3 view .LVU1103
 4461 0188 05B0     		add	sp, sp, #20
 4462              		.cfi_def_cfa_offset 28
 4463              		@ sp needed
 4464 018a BDEC028B 		vldm	sp!, {d8}
 4465              		.cfi_restore 80
 4466              		.cfi_restore 81
 4467              		.cfi_def_cfa_offset 20
 4468              	.LVL372:
  69:fourier.h     **** 
 4469              		.loc 21 69 3 view .LVU1104
 4470 018e F0BD     		pop	{r4, r5, r6, r7, pc}
 4471              	.LVL373:
 4472              	.L160:
 4473              		.cfi_def_cfa_offset 0
 4474              		.cfi_restore 4
 4475              		.cfi_restore 5
 4476              		.cfi_restore 6
 4477              		.cfi_restore 7
 4478              		.cfi_restore 14
  69:fourier.h     **** 
 4479              		.loc 21 69 3 view .LVU1105
 4480 0190 7047     		bx	lr
 4481              	.L166:
 4482 0192 00BF     		.align	2
 4483              	.L165:
 4484 0194 00000045 		.word	1157627904
 4485 0198 00000000 		.word	_ZN6ShyFFTIfLj4096E14RotationPhasorE16bit_rev_256_lut_E
 4486              		.cfi_endproc
 4487              	.LFE6533:
 4489              		.section	.text._ZL13AudioCallbackPKPKfPPfj,"ax",%progbits
 4490              		.align	1
 4491              		.syntax unified
 4492              		.thumb
 4493              		.thumb_func
 4494              		.fpu fpv5-d16
 4496              	_ZL13AudioCallbackPKPKfPPfj:
 4497              	.LVL374:
ARM GAS  C:\Users\Spencer\AppData\Local\Temp\ccWmt4tk.s 			page 171


 4498              	.LFB6200:
 268:Marigold.cpp  ****     ProcessControls();
 4499              		.loc 14 268 1 is_stmt 1 view -0
 4500              		.cfi_startproc
 4501              		@ args = 0, pretend = 0, frame = 0
 4502              		@ frame_needed = 0, uses_anonymous_args = 0
 268:Marigold.cpp  ****     ProcessControls();
 4503              		.loc 14 268 1 is_stmt 0 view .LVU1107
 4504 0000 2DE9F047 		push	{r4, r5, r6, r7, r8, r9, r10, lr}
 4505              		.cfi_def_cfa_offset 32
 4506              		.cfi_offset 4, -32
 4507              		.cfi_offset 5, -28
 4508              		.cfi_offset 6, -24
 4509              		.cfi_offset 7, -20
 4510              		.cfi_offset 8, -16
 4511              		.cfi_offset 9, -12
 4512              		.cfi_offset 10, -8
 4513              		.cfi_offset 14, -4
 4514 0004 2DED028B 		vpush.64	{d8}
 4515              		.cfi_def_cfa_offset 40
 4516              		.cfi_offset 80, -40
 4517              		.cfi_offset 81, -36
 4518 0008 0646     		mov	r6, r0
 4519 000a 0D46     		mov	r5, r1
 4520 000c 1746     		mov	r7, r2
 269:Marigold.cpp  ****     UpdateButtons();
 4521              		.loc 14 269 5 is_stmt 1 view .LVU1108
 4522              	.LBB1255:
 4523              	.LBI1255:
 168:Marigold.cpp  **** {
 4524              		.loc 14 168 13 view .LVU1109
 4525              	.LBB1256:
 171:Marigold.cpp  ****     vmix          = mix.Process();
 4526              		.loc 14 171 5 view .LVU1110
 171:Marigold.cpp  ****     vmix          = mix.Process();
 4527              		.loc 14 171 34 is_stmt 0 view .LVU1111
 4528 000e BC48     		ldr	r0, .L201
 4529              	.LVL375:
 171:Marigold.cpp  ****     vmix          = mix.Process();
 4530              		.loc 14 171 34 view .LVU1112
 4531 0010 FFF7FEFF 		bl	_ZN5daisy9Parameter7ProcessEv
 4532              	.LVL376:
 171:Marigold.cpp  ****     vmix          = mix.Process();
 4533              		.loc 14 171 44 view .LVU1113
 4534 0014 DFEDBB7A 		vldr.32	s15, .L201+4
 4535 0018 20EE270A 		vmul.f32	s0, s0, s15
 171:Marigold.cpp  ****     vmix          = mix.Process();
 4536              		.loc 14 171 52 view .LVU1114
 4537 001c F7EE007A 		vmov.f32	s15, #1.0e+0
 4538 0020 30EE270A 		vadd.f32	s0, s0, s15
 171:Marigold.cpp  ****     vmix          = mix.Process();
 4539              		.loc 14 171 19 view .LVU1115
 4540 0024 B84B     		ldr	r3, .L201+8
 4541 0026 83ED000A 		vstr.32	s0, [r3]
 172:Marigold.cpp  ****     vdamp         = damp.Process();
 4542              		.loc 14 172 5 is_stmt 1 view .LVU1116
 172:Marigold.cpp  ****     vdamp         = damp.Process();
ARM GAS  C:\Users\Spencer\AppData\Local\Temp\ccWmt4tk.s 			page 172


 4543              		.loc 14 172 32 is_stmt 0 view .LVU1117
 4544 002a B848     		ldr	r0, .L201+12
 4545 002c FFF7FEFF 		bl	_ZN5daisy9Parameter7ProcessEv
 4546              	.LVL377:
 172:Marigold.cpp  ****     vdamp         = damp.Process();
 4547              		.loc 14 172 19 view .LVU1118
 4548 0030 B74B     		ldr	r3, .L201+16
 4549 0032 83ED000A 		vstr.32	s0, [r3]
 173:Marigold.cpp  ****     vshimmer      = shimmer.Process();
 4550              		.loc 14 173 5 is_stmt 1 view .LVU1119
 173:Marigold.cpp  ****     vshimmer      = shimmer.Process();
 4551              		.loc 14 173 33 is_stmt 0 view .LVU1120
 4552 0036 B748     		ldr	r0, .L201+20
 4553 0038 FFF7FEFF 		bl	_ZN5daisy9Parameter7ProcessEv
 4554              	.LVL378:
 173:Marigold.cpp  ****     vshimmer      = shimmer.Process();
 4555              		.loc 14 173 19 view .LVU1121
 4556 003c B64B     		ldr	r3, .L201+24
 4557 003e 83ED000A 		vstr.32	s0, [r3]
 174:Marigold.cpp  ****     vshimmer_tone = shimmer_tone.Process();
 4558              		.loc 14 174 5 is_stmt 1 view .LVU1122
 174:Marigold.cpp  ****     vshimmer_tone = shimmer_tone.Process();
 4559              		.loc 14 174 36 is_stmt 0 view .LVU1123
 4560 0042 B648     		ldr	r0, .L201+28
 4561 0044 FFF7FEFF 		bl	_ZN5daisy9Parameter7ProcessEv
 4562              	.LVL379:
 174:Marigold.cpp  ****     vshimmer_tone = shimmer_tone.Process();
 4563              		.loc 14 174 19 view .LVU1124
 4564 0048 B54B     		ldr	r3, .L201+32
 4565 004a 83ED000A 		vstr.32	s0, [r3]
 175:Marigold.cpp  ****     float vdetune_temp = detune.Process();
 4566              		.loc 14 175 5 is_stmt 1 view .LVU1125
 175:Marigold.cpp  ****     float vdetune_temp = detune.Process();
 4567              		.loc 14 175 41 is_stmt 0 view .LVU1126
 4568 004e B548     		ldr	r0, .L201+36
 4569 0050 FFF7FEFF 		bl	_ZN5daisy9Parameter7ProcessEv
 4570              	.LVL380:
 175:Marigold.cpp  ****     float vdetune_temp = detune.Process();
 4571              		.loc 14 175 19 view .LVU1127
 4572 0054 B44B     		ldr	r3, .L201+40
 4573 0056 83ED000A 		vstr.32	s0, [r3]
 176:Marigold.cpp  **** 
 4574              		.loc 14 176 5 is_stmt 1 view .LVU1128
 176:Marigold.cpp  **** 
 4575              		.loc 14 176 40 is_stmt 0 view .LVU1129
 4576 005a B448     		ldr	r0, .L201+44
 4577 005c FFF7FEFF 		bl	_ZN5daisy9Parameter7ProcessEv
 4578              	.LVL381:
 178:Marigold.cpp  **** 
 4579              		.loc 14 178 5 is_stmt 1 view .LVU1130
 178:Marigold.cpp  **** 
 4580              		.loc 14 178 20 is_stmt 0 view .LVU1131
 4581 0060 F0EEC06A 		vabs.f32	s13, s0
 178:Marigold.cpp  **** 
 4582              		.loc 14 178 13 view .LVU1132
 4583 0064 B24B     		ldr	r3, .L201+48
 4584 0066 C3ED006A 		vstr.32	s13, [r3]
ARM GAS  C:\Users\Spencer\AppData\Local\Temp\ccWmt4tk.s 			page 173


 182:Marigold.cpp  ****         vdamp         = vdamp         * fabsf(drift_multiplier)  * 0.7f + 0.3f;
 4585              		.loc 14 182 5 is_stmt 1 view .LVU1133
 182:Marigold.cpp  ****         vdamp         = vdamp         * fabsf(drift_multiplier)  * 0.7f + 0.3f;
 4586              		.loc 14 182 20 is_stmt 0 view .LVU1134
 4587 006a B24B     		ldr	r3, .L201+52
 182:Marigold.cpp  ****         vdamp         = vdamp         * fabsf(drift_multiplier)  * 0.7f + 0.3f;
 4588              		.loc 14 182 5 view .LVU1135
 4589 006c 1B68     		ldr	r3, [r3]
 182:Marigold.cpp  ****         vdamp         = vdamp         * fabsf(drift_multiplier)  * 0.7f + 0.3f;
 4590              		.loc 14 182 25 view .LVU1136
 4591 006e 33F00203 		bics	r3, r3, #2
 4592 0072 35D1     		bne	.L168
 183:Marigold.cpp  ****         vshimmer     *= fabsf(drift_multiplier2);
 4593              		.loc 14 183 9 is_stmt 1 view .LVU1137
 183:Marigold.cpp  ****         vshimmer     *= fabsf(drift_multiplier2);
 4594              		.loc 14 183 23 is_stmt 0 view .LVU1138
 4595 0074 A84B     		ldr	r3, .L201+24
 183:Marigold.cpp  ****         vshimmer     *= fabsf(drift_multiplier2);
 4596              		.loc 14 183 46 view .LVU1139
 4597 0076 B04A     		ldr	r2, .L201+56
 4598 0078 D2ED007A 		vldr.32	s15, [r2]
 4599 007c F0EEE77A 		vabs.f32	s15, s15
 183:Marigold.cpp  ****         vshimmer     *= fabsf(drift_multiplier2);
 4600              		.loc 14 183 39 view .LVU1140
 4601 0080 93ED007A 		vldr.32	s14, [r3]
 4602 0084 67EE877A 		vmul.f32	s15, s15, s14
 183:Marigold.cpp  ****         vshimmer     *= fabsf(drift_multiplier2);
 4603              		.loc 14 183 66 view .LVU1141
 4604 0088 9FEDAC7A 		vldr.32	s14, .L201+60
 4605 008c 67EE877A 		vmul.f32	s15, s15, s14
 183:Marigold.cpp  ****         vshimmer     *= fabsf(drift_multiplier2);
 4606              		.loc 14 183 73 view .LVU1142
 4607 0090 9FEDAB7A 		vldr.32	s14, .L201+64
 4608 0094 77EE877A 		vadd.f32	s15, s15, s14
 183:Marigold.cpp  ****         vshimmer     *= fabsf(drift_multiplier2);
 4609              		.loc 14 183 23 view .LVU1143
 4610 0098 C3ED007A 		vstr.32	s15, [r3]
 184:Marigold.cpp  ****         vshimmer_tone *= fabsf(drift_multiplier3);
 4611              		.loc 14 184 9 is_stmt 1 view .LVU1144
 184:Marigold.cpp  ****         vshimmer_tone *= fabsf(drift_multiplier3);
 4612              		.loc 14 184 22 is_stmt 0 view .LVU1145
 4613 009c A04B     		ldr	r3, .L201+32
 184:Marigold.cpp  ****         vshimmer_tone *= fabsf(drift_multiplier3);
 4614              		.loc 14 184 30 view .LVU1146
 4615 009e A94A     		ldr	r2, .L201+68
 4616 00a0 92ED007A 		vldr.32	s14, [r2]
 4617 00a4 B0EEC77A 		vabs.f32	s14, s14
 184:Marigold.cpp  ****         vshimmer_tone *= fabsf(drift_multiplier3);
 4618              		.loc 14 184 22 view .LVU1147
 4619 00a8 D3ED007A 		vldr.32	s15, [r3]
 4620 00ac 27EE277A 		vmul.f32	s14, s14, s15
 4621 00b0 83ED007A 		vstr.32	s14, [r3]
 185:Marigold.cpp  ****         vdetune      *= fabsf(drift_multiplier4);
 4622              		.loc 14 185 9 is_stmt 1 view .LVU1148
 185:Marigold.cpp  ****         vdetune      *= fabsf(drift_multiplier4);
 4623              		.loc 14 185 23 is_stmt 0 view .LVU1149
 4624 00b4 9C4B     		ldr	r3, .L201+40
ARM GAS  C:\Users\Spencer\AppData\Local\Temp\ccWmt4tk.s 			page 174


 185:Marigold.cpp  ****         vdetune      *= fabsf(drift_multiplier4);
 4625              		.loc 14 185 31 view .LVU1150
 4626 00b6 A44A     		ldr	r2, .L201+72
 4627 00b8 92ED007A 		vldr.32	s14, [r2]
 4628 00bc B0EEC77A 		vabs.f32	s14, s14
 185:Marigold.cpp  ****         vdetune      *= fabsf(drift_multiplier4);
 4629              		.loc 14 185 23 view .LVU1151
 4630 00c0 D3ED007A 		vldr.32	s15, [r3]
 4631 00c4 27EE277A 		vmul.f32	s14, s14, s15
 4632 00c8 83ED007A 		vstr.32	s14, [r3]
 186:Marigold.cpp  ****     }
 4633              		.loc 14 186 9 is_stmt 1 view .LVU1152
 186:Marigold.cpp  ****     }
 4634              		.loc 14 186 30 is_stmt 0 view .LVU1153
 4635 00cc 9F4B     		ldr	r3, .L201+76
 4636 00ce D3ED007A 		vldr.32	s15, [r3]
 4637 00d2 F0EEE77A 		vabs.f32	s15, s15
 186:Marigold.cpp  ****     }
 4638              		.loc 14 186 22 view .LVU1154
 4639 00d6 67EEA67A 		vmul.f32	s15, s15, s13
 4640 00da 954B     		ldr	r3, .L201+48
 4641 00dc C3ED007A 		vstr.32	s15, [r3]
 4642              	.L168:
 189:Marigold.cpp  ****         vdetune = vdetune - 0.029f;
 4643              		.loc 14 189 5 is_stmt 1 view .LVU1155
 189:Marigold.cpp  ****         vdetune = vdetune - 0.029f;
 4644              		.loc 14 189 17 is_stmt 0 view .LVU1156
 4645 00e0 934B     		ldr	r3, .L201+48
 4646 00e2 D3ED007A 		vldr.32	s15, [r3]
 189:Marigold.cpp  ****         vdetune = vdetune - 0.029f;
 4647              		.loc 14 189 5 view .LVU1157
 4648 00e6 9FED9A7A 		vldr.32	s14, .L201+80
 4649 00ea F4EEC77A 		vcmpe.f32	s15, s14
 4650 00ee F1EE10FA 		vmrs	APSR_nzcv, FPSCR
 4651 00f2 19DD     		ble	.L193
 190:Marigold.cpp  ****         if (vdetune_temp >= 0) {
 4652              		.loc 14 190 9 is_stmt 1 view .LVU1158
 190:Marigold.cpp  ****         if (vdetune_temp >= 0) {
 4653              		.loc 14 190 27 is_stmt 0 view .LVU1159
 4654 00f4 9FED977A 		vldr.32	s14, .L201+84
 4655 00f8 77EEC77A 		vsub.f32	s15, s15, s14
 190:Marigold.cpp  ****         if (vdetune_temp >= 0) {
 4656              		.loc 14 190 17 view .LVU1160
 4657 00fc C3ED007A 		vstr.32	s15, [r3]
 191:Marigold.cpp  ****             detune_mode       = 2;
 4658              		.loc 14 191 9 is_stmt 1 view .LVU1161
 4659 0100 B5EEC00A 		vcmpe.f32	s0, #0
 4660 0104 F1EE10FA 		vmrs	APSR_nzcv, FPSCR
 4661 0108 06DB     		blt	.L194
 192:Marigold.cpp  ****             detune_multiplier = 1;
 4662              		.loc 14 192 13 view .LVU1162
 192:Marigold.cpp  ****             detune_multiplier = 1;
 4663              		.loc 14 192 31 is_stmt 0 view .LVU1163
 4664 010a 934B     		ldr	r3, .L201+88
 4665 010c 0222     		movs	r2, #2
 4666 010e 1A60     		str	r2, [r3]
 193:Marigold.cpp  ****         } else {
ARM GAS  C:\Users\Spencer\AppData\Local\Temp\ccWmt4tk.s 			page 175


 4667              		.loc 14 193 13 is_stmt 1 view .LVU1164
 193:Marigold.cpp  ****         } else {
 4668              		.loc 14 193 31 is_stmt 0 view .LVU1165
 4669 0110 924B     		ldr	r3, .L201+92
 4670 0112 0122     		movs	r2, #1
 4671 0114 1A60     		str	r2, [r3]
 4672 0116 0AE0     		b	.L173
 4673              	.L194:
 195:Marigold.cpp  ****             detune_multiplier = -1;
 4674              		.loc 14 195 13 is_stmt 1 view .LVU1166
 195:Marigold.cpp  ****             detune_multiplier = -1;
 4675              		.loc 14 195 31 is_stmt 0 view .LVU1167
 4676 0118 8F4B     		ldr	r3, .L201+88
 4677 011a 0022     		movs	r2, #0
 4678 011c 1A60     		str	r2, [r3]
 196:Marigold.cpp  ****         }
 4679              		.loc 14 196 13 is_stmt 1 view .LVU1168
 196:Marigold.cpp  ****         }
 4680              		.loc 14 196 31 is_stmt 0 view .LVU1169
 4681 011e 8F4B     		ldr	r3, .L201+92
 4682 0120 4FF0FF32 		mov	r2, #-1
 4683 0124 1A60     		str	r2, [r3]
 4684 0126 02E0     		b	.L173
 4685              	.L193:
 199:Marigold.cpp  ****     }
 4686              		.loc 14 199 9 is_stmt 1 view .LVU1170
 199:Marigold.cpp  ****     }
 4687              		.loc 14 199 21 is_stmt 0 view .LVU1171
 4688 0128 8B4B     		ldr	r3, .L201+88
 4689 012a 0122     		movs	r2, #1
 4690 012c 1A60     		str	r2, [r3]
 4691              	.L173:
 202:Marigold.cpp  ****     octave_up_rate_perinterval = std::min(0.75f, octave_up_rate_persecond / samplerate * interval_s
 4692              		.loc 14 202 5 is_stmt 1 view .LVU1172
 4693              	.LVL382:
 4694              	.LBB1257:
 4695              	.LBI1257:
 388:c:\program files\daisytoolchain\arm-none-eabi\include\c++\10.2.1\cmath ****   { return __builtin_powf(__x, __y); }
 4696              		.loc 15 388 3 view .LVU1173
 4697              	.LBB1258:
 389:c:\program files\daisytoolchain\arm-none-eabi\include\c++\10.2.1\cmath **** 
 4698              		.loc 15 389 5 view .LVU1174
 389:c:\program files\daisytoolchain\arm-none-eabi\include\c++\10.2.1\cmath **** 
 4699              		.loc 15 389 26 is_stmt 0 view .LVU1175
 4700 012e 7C4B     		ldr	r3, .L201+32
 4701 0130 D3ED000A 		vldr.32	s1, [r3]
 4702 0134 B2EE000A 		vmov.f32	s0, #8.0e+0
 4703              	.LVL383:
 389:c:\program files\daisytoolchain\arm-none-eabi\include\c++\10.2.1\cmath **** 
 4704              		.loc 15 389 26 view .LVU1176
 4705 0138 FFF7FEFF 		bl	powf
 4706              	.LVL384:
 389:c:\program files\daisytoolchain\arm-none-eabi\include\c++\10.2.1\cmath **** 
 4707              		.loc 15 389 26 view .LVU1177
 4708              	.LBE1258:
 4709              	.LBE1257:
 202:Marigold.cpp  ****     octave_up_rate_perinterval = std::min(0.75f, octave_up_rate_persecond / samplerate * interval_s
ARM GAS  C:\Users\Spencer\AppData\Local\Temp\ccWmt4tk.s 			page 176


 4710              		.loc 14 202 58 view .LVU1178
 4711 013c F7EE007A 		vmov.f32	s15, #1.0e+0
 4712 0140 30EE670A 		vsub.f32	s0, s0, s15
 202:Marigold.cpp  ****     octave_up_rate_perinterval = std::min(0.75f, octave_up_rate_persecond / samplerate * interval_s
 4713              		.loc 14 202 31 view .LVU1179
 4714 0144 864B     		ldr	r3, .L201+96
 4715 0146 83ED000A 		vstr.32	s0, [r3]
 203:Marigold.cpp  **** 
 4716              		.loc 14 203 5 is_stmt 1 view .LVU1180
 203:Marigold.cpp  **** 
 4717              		.loc 14 203 75 is_stmt 0 view .LVU1181
 4718 014a 864B     		ldr	r3, .L201+100
 4719 014c 93ED007A 		vldr.32	s14, [r3]
 4720 0150 C0EE077A 		vdiv.f32	s15, s0, s14
 203:Marigold.cpp  **** 
 4721              		.loc 14 203 88 view .LVU1182
 4722 0154 844B     		ldr	r3, .L201+104
 4723 0156 93ED007A 		vldr.32	s14, [r3]
 4724 015a 67EE877A 		vmul.f32	s15, s15, s14
 4725              	.LVL385:
 4726              	.LBB1259:
 4727              	.LBI1259:
 230:c:\program files\daisytoolchain\arm-none-eabi\include\c++\10.2.1\bits\stl_algobase.h ****     {
 4728              		.loc 23 230 5 is_stmt 1 view .LVU1183
 4729              	.LBB1260:
 237:c:\program files\daisytoolchain\arm-none-eabi\include\c++\10.2.1\bits\stl_algobase.h ****     }
 4730              		.loc 23 237 14 is_stmt 0 view .LVU1184
 4731 015e B6EE087A 		vmov.f32	s14, #7.5e-1
 4732 0162 F4EEC77A 		vcmpe.f32	s15, s14
 4733 0166 F1EE10FA 		vmrs	APSR_nzcv, FPSCR
 4734 016a 58BF     		it	pl
 4735 016c F0EE477A 		vmovpl.f32	s15, s14
 4736              	.LVL386:
 237:c:\program files\daisytoolchain\arm-none-eabi\include\c++\10.2.1\bits\stl_algobase.h ****     }
 4737              		.loc 23 237 14 view .LVU1185
 4738              	.LBE1260:
 4739              	.LBE1259:
 203:Marigold.cpp  **** 
 4740              		.loc 14 203 32 view .LVU1186
 4741 0170 7E4B     		ldr	r3, .L201+108
 4742 0172 C3ED007A 		vstr.32	s15, [r3]
 205:Marigold.cpp  ****     float octave_up_rate_perinterval2 = std::min(0.75f, octave_up_rate_persecond2 / samplerate * in
 4743              		.loc 14 205 5 is_stmt 1 view .LVU1187
 4744              	.LVL387:
 4745              	.LBB1261:
 4746              	.LBI1261:
 388:c:\program files\daisytoolchain\arm-none-eabi\include\c++\10.2.1\cmath ****   { return __builtin_powf(__x, __y); }
 4747              		.loc 15 388 3 view .LVU1188
 4748              	.LBB1262:
 389:c:\program files\daisytoolchain\arm-none-eabi\include\c++\10.2.1\cmath **** 
 4749              		.loc 15 389 5 view .LVU1189
 389:c:\program files\daisytoolchain\arm-none-eabi\include\c++\10.2.1\cmath **** 
 4750              		.loc 15 389 26 is_stmt 0 view .LVU1190
 4751 0176 6C4B     		ldr	r3, .L201+40
 4752 0178 D3ED000A 		vldr.32	s1, [r3]
 4753 017c B2EE000A 		vmov.f32	s0, #8.0e+0
 4754 0180 FFF7FEFF 		bl	powf
ARM GAS  C:\Users\Spencer\AppData\Local\Temp\ccWmt4tk.s 			page 177


 4755              	.LVL388:
 389:c:\program files\daisytoolchain\arm-none-eabi\include\c++\10.2.1\cmath **** 
 4756              		.loc 15 389 26 view .LVU1191
 4757              	.LBE1262:
 4758              	.LBE1261:
 206:Marigold.cpp  **** 
 4759              		.loc 14 206 5 is_stmt 1 view .LVU1192
 205:Marigold.cpp  ****     float octave_up_rate_perinterval2 = std::min(0.75f, octave_up_rate_persecond2 / samplerate * in
 4760              		.loc 14 205 72 is_stmt 0 view .LVU1193
 4761 0184 F7EE007A 		vmov.f32	s15, #1.0e+0
 4762 0188 30EE670A 		vsub.f32	s0, s0, s15
 4763              	.LVL389:
 206:Marigold.cpp  **** 
 4764              		.loc 14 206 83 view .LVU1194
 4765 018c 754B     		ldr	r3, .L201+100
 4766 018e D3ED007A 		vldr.32	s15, [r3]
 4767 0192 80EE277A 		vdiv.f32	s14, s0, s15
 206:Marigold.cpp  **** 
 4768              		.loc 14 206 96 view .LVU1195
 4769 0196 744B     		ldr	r3, .L201+104
 4770 0198 D3ED007A 		vldr.32	s15, [r3]
 4771 019c 27EE277A 		vmul.f32	s14, s14, s15
 4772              	.LVL390:
 4773              	.LBB1263:
 4774              	.LBI1263:
 230:c:\program files\daisytoolchain\arm-none-eabi\include\c++\10.2.1\bits\stl_algobase.h ****     {
 4775              		.loc 23 230 5 is_stmt 1 view .LVU1196
 4776              	.LBB1264:
 237:c:\program files\daisytoolchain\arm-none-eabi\include\c++\10.2.1\bits\stl_algobase.h ****     }
 4777              		.loc 23 237 14 is_stmt 0 view .LVU1197
 4778 01a0 F6EE087A 		vmov.f32	s15, #7.5e-1
 4779 01a4 B4EEE77A 		vcmpe.f32	s14, s15
 4780 01a8 F1EE10FA 		vmrs	APSR_nzcv, FPSCR
 4781 01ac 58BF     		it	pl
 4782 01ae B0EE677A 		vmovpl.f32	s14, s15
 4783              	.LVL391:
 237:c:\program files\daisytoolchain\arm-none-eabi\include\c++\10.2.1\bits\stl_algobase.h ****     }
 4784              		.loc 23 237 14 view .LVU1198
 4785              	.LBE1264:
 4786              	.LBE1263:
 208:Marigold.cpp  ****     shimmer_triple    = (octave_up_rate_perinterval2 / 1.58f) * vshimmer_tone;
 4787              		.loc 14 208 5 is_stmt 1 view .LVU1199
 208:Marigold.cpp  ****     shimmer_triple    = (octave_up_rate_perinterval2 / 1.58f) * vshimmer_tone;
 4788              		.loc 14 208 77 is_stmt 0 view .LVU1200
 4789 01b2 5D4B     		ldr	r3, .L201+40
 4790 01b4 93ED006A 		vldr.32	s12, [r3]
 4791 01b8 DFED6D5A 		vldr.32	s11, .L201+112
 4792 01bc C6EE257A 		vdiv.f32	s15, s12, s11
 208:Marigold.cpp  ****     shimmer_triple    = (octave_up_rate_perinterval2 / 1.58f) * vshimmer_tone;
 4793              		.loc 14 208 61 view .LVU1201
 4794 01c0 B7EE008A 		vmov.f32	s16, #1.0e+0
 4795 01c4 78EE677A 		vsub.f32	s15, s16, s15
 208:Marigold.cpp  ****     shimmer_triple    = (octave_up_rate_perinterval2 / 1.58f) * vshimmer_tone;
 4796              		.loc 14 208 53 view .LVU1202
 4797 01c8 684B     		ldr	r3, .L201+108
 4798 01ca D3ED006A 		vldr.32	s13, [r3]
 4799 01ce 67EEA67A 		vmul.f32	s15, s15, s13
ARM GAS  C:\Users\Spencer\AppData\Local\Temp\ccWmt4tk.s 			page 178


 208:Marigold.cpp  ****     shimmer_triple    = (octave_up_rate_perinterval2 / 1.58f) * vshimmer_tone;
 4800              		.loc 14 208 23 view .LVU1203
 4801 01d2 684B     		ldr	r3, .L201+116
 4802 01d4 C3ED007A 		vstr.32	s15, [r3]
 209:Marigold.cpp  ****     shimmer_remainder = 1.0f - shimmer_double - shimmer_triple;
 4803              		.loc 14 209 5 is_stmt 1 view .LVU1204
 209:Marigold.cpp  ****     shimmer_remainder = 1.0f - shimmer_double - shimmer_triple;
 4804              		.loc 14 209 54 is_stmt 0 view .LVU1205
 4805 01d8 C7EE256A 		vdiv.f32	s13, s14, s11
 209:Marigold.cpp  ****     shimmer_remainder = 1.0f - shimmer_double - shimmer_triple;
 4806              		.loc 14 209 63 view .LVU1206
 4807 01dc 26EE867A 		vmul.f32	s14, s13, s12
 209:Marigold.cpp  ****     shimmer_remainder = 1.0f - shimmer_double - shimmer_triple;
 4808              		.loc 14 209 23 view .LVU1207
 4809 01e0 654B     		ldr	r3, .L201+120
 4810 01e2 83ED007A 		vstr.32	s14, [r3]
 210:Marigold.cpp  **** 
 4811              		.loc 14 210 5 is_stmt 1 view .LVU1208
 210:Marigold.cpp  **** 
 4812              		.loc 14 210 30 is_stmt 0 view .LVU1209
 4813 01e6 78EE677A 		vsub.f32	s15, s16, s15
 210:Marigold.cpp  **** 
 4814              		.loc 14 210 47 view .LVU1210
 4815 01ea 77EEC77A 		vsub.f32	s15, s15, s14
 210:Marigold.cpp  **** 
 4816              		.loc 14 210 23 view .LVU1211
 4817 01ee 634B     		ldr	r3, .L201+124
 4818 01f0 C3ED007A 		vstr.32	s15, [r3]
 212:Marigold.cpp  ****     detune_rate_perinterval = std::min(0.75f, detune_rate_persecond / samplerate * interval_samples
 4819              		.loc 14 212 5 is_stmt 1 view .LVU1212
 4820              	.LVL392:
 4821              	.LBB1265:
 4822              	.LBI1265:
 388:c:\program files\daisytoolchain\arm-none-eabi\include\c++\10.2.1\cmath ****   { return __builtin_powf(__x, __y); }
 4823              		.loc 15 388 3 view .LVU1213
 4824              	.LBB1266:
 389:c:\program files\daisytoolchain\arm-none-eabi\include\c++\10.2.1\cmath **** 
 4825              		.loc 15 389 5 view .LVU1214
 389:c:\program files\daisytoolchain\arm-none-eabi\include\c++\10.2.1\cmath **** 
 4826              		.loc 15 389 26 is_stmt 0 view .LVU1215
 4827 01f4 4E4B     		ldr	r3, .L201+48
 4828 01f6 D3ED000A 		vldr.32	s1, [r3]
 4829 01fa B2EE000A 		vmov.f32	s0, #8.0e+0
 4830              	.LVL393:
 389:c:\program files\daisytoolchain\arm-none-eabi\include\c++\10.2.1\cmath **** 
 4831              		.loc 15 389 26 view .LVU1216
 4832 01fe FFF7FEFF 		bl	powf
 4833              	.LVL394:
 389:c:\program files\daisytoolchain\arm-none-eabi\include\c++\10.2.1\cmath **** 
 4834              		.loc 15 389 26 view .LVU1217
 4835              	.LBE1266:
 4836              	.LBE1265:
 212:Marigold.cpp  ****     detune_rate_perinterval = std::min(0.75f, detune_rate_persecond / samplerate * interval_samples
 4837              		.loc 14 212 54 view .LVU1218
 4838 0202 30EE480A 		vsub.f32	s0, s0, s16
 212:Marigold.cpp  ****     detune_rate_perinterval = std::min(0.75f, detune_rate_persecond / samplerate * interval_samples
 4839              		.loc 14 212 28 view .LVU1219
ARM GAS  C:\Users\Spencer\AppData\Local\Temp\ccWmt4tk.s 			page 179


 4840 0206 5E4B     		ldr	r3, .L201+128
 4841 0208 83ED000A 		vstr.32	s0, [r3]
 213:Marigold.cpp  ****     detune_double    = detune_rate_perinterval;
 4842              		.loc 14 213 5 is_stmt 1 view .LVU1220
 213:Marigold.cpp  ****     detune_double    = detune_rate_perinterval;
 4843              		.loc 14 213 69 is_stmt 0 view .LVU1221
 4844 020c 554B     		ldr	r3, .L201+100
 4845 020e 93ED007A 		vldr.32	s14, [r3]
 4846 0212 C0EE077A 		vdiv.f32	s15, s0, s14
 213:Marigold.cpp  ****     detune_double    = detune_rate_perinterval;
 4847              		.loc 14 213 82 view .LVU1222
 4848 0216 544B     		ldr	r3, .L201+104
 4849 0218 93ED007A 		vldr.32	s14, [r3]
 4850 021c 67EE877A 		vmul.f32	s15, s15, s14
 4851              	.LVL395:
 4852              	.LBB1267:
 4853              	.LBI1267:
 230:c:\program files\daisytoolchain\arm-none-eabi\include\c++\10.2.1\bits\stl_algobase.h ****     {
 4854              		.loc 23 230 5 is_stmt 1 view .LVU1223
 4855              	.LBB1268:
 237:c:\program files\daisytoolchain\arm-none-eabi\include\c++\10.2.1\bits\stl_algobase.h ****     }
 4856              		.loc 23 237 14 is_stmt 0 view .LVU1224
 4857 0220 B6EE087A 		vmov.f32	s14, #7.5e-1
 4858 0224 F4EEC77A 		vcmpe.f32	s15, s14
 4859 0228 F1EE10FA 		vmrs	APSR_nzcv, FPSCR
 4860 022c 58BF     		it	pl
 4861 022e F0EE477A 		vmovpl.f32	s15, s14
 4862              	.LVL396:
 237:c:\program files\daisytoolchain\arm-none-eabi\include\c++\10.2.1\bits\stl_algobase.h ****     }
 4863              		.loc 23 237 14 view .LVU1225
 4864              	.LBE1268:
 4865              	.LBE1267:
 213:Marigold.cpp  ****     detune_double    = detune_rate_perinterval;
 4866              		.loc 14 213 29 view .LVU1226
 4867 0232 544B     		ldr	r3, .L201+132
 4868 0234 C3ED007A 		vstr.32	s15, [r3]
 214:Marigold.cpp  ****     detune_remainder = 1.0f - detune_double;
 4869              		.loc 14 214 5 is_stmt 1 view .LVU1227
 214:Marigold.cpp  ****     detune_remainder = 1.0f - detune_double;
 4870              		.loc 14 214 22 is_stmt 0 view .LVU1228
 4871 0238 534B     		ldr	r3, .L201+136
 4872 023a C3ED007A 		vstr.32	s15, [r3]
 215:Marigold.cpp  **** }
 4873              		.loc 14 215 5 is_stmt 1 view .LVU1229
 215:Marigold.cpp  **** }
 4874              		.loc 14 215 29 is_stmt 0 view .LVU1230
 4875 023e 78EE677A 		vsub.f32	s15, s16, s15
 215:Marigold.cpp  **** }
 4876              		.loc 14 215 22 view .LVU1231
 4877 0242 524B     		ldr	r3, .L201+140
 4878 0244 C3ED007A 		vstr.32	s15, [r3]
 215:Marigold.cpp  **** }
 4879              		.loc 14 215 22 view .LVU1232
 4880              	.LBE1256:
 4881              	.LBE1255:
 270:Marigold.cpp  **** 
 4882              		.loc 14 270 5 is_stmt 1 view .LVU1233
ARM GAS  C:\Users\Spencer\AppData\Local\Temp\ccWmt4tk.s 			page 180


 4883              	.LBB1269:
 4884              	.LBI1269:
 227:Marigold.cpp  **** {
 4885              		.loc 14 227 13 view .LVU1234
 4886              	.LBB1270:
 234:Marigold.cpp  ****     bool fs2_raw = !fs_freeze_pin.Read();  // true when FREEZE switch is physically pressed
 4887              		.loc 14 234 5 view .LVU1235
 234:Marigold.cpp  ****     bool fs2_raw = !fs_freeze_pin.Read();  // true when FREEZE switch is physically pressed
 4888              		.loc 14 234 39 is_stmt 0 view .LVU1236
 4889 0248 5148     		ldr	r0, .L201+144
 4890 024a FFF7FEFF 		bl	_ZN5daisy4GPIO4ReadEv
 4891              	.LVL397:
 234:Marigold.cpp  ****     bool fs2_raw = !fs_freeze_pin.Read();  // true when FREEZE switch is physically pressed
 4892              		.loc 14 234 40 view .LVU1237
 4893 024e 80F00108 		eor	r8, r0, #1
 4894 0252 5FFA88F8 		uxtb	r8, r8
 4895              	.LVL398:
 235:Marigold.cpp  **** 
 4896              		.loc 14 235 5 is_stmt 1 view .LVU1238
 235:Marigold.cpp  **** 
 4897              		.loc 14 235 39 is_stmt 0 view .LVU1239
 4898 0256 4F48     		ldr	r0, .L201+148
 4899 0258 FFF7FEFF 		bl	_ZN5daisy4GPIO4ReadEv
 4900              	.LVL399:
 235:Marigold.cpp  **** 
 4901              		.loc 14 235 40 view .LVU1240
 4902 025c 80F00104 		eor	r4, r0, #1
 4903 0260 E4B2     		uxtb	r4, r4
 4904              	.LVL400:
 238:Marigold.cpp  ****         bypass = !bypass;
 4905              		.loc 14 238 5 is_stmt 1 view .LVU1241
 4906 0262 B8F1000F 		cmp	r8, #0
 4907 0266 02D0     		beq	.L177
 238:Marigold.cpp  ****         bypass = !bypass;
 4908              		.loc 14 238 20 is_stmt 0 view .LVU1242
 4909 0268 4B4B     		ldr	r3, .L201+152
 238:Marigold.cpp  ****         bypass = !bypass;
 4910              		.loc 14 238 17 view .LVU1243
 4911 026a 1B78     		ldrb	r3, [r3]	@ zero_extendqisi2
 4912 026c EBB1     		cbz	r3, .L196
 4913              	.L177:
 252:Marigold.cpp  ****     led2.Set(freeze ? 1.0f : 0.0f);
 4914              		.loc 14 252 5 is_stmt 1 view .LVU1244
 252:Marigold.cpp  ****     led2.Set(freeze ? 1.0f : 0.0f);
 4915              		.loc 14 252 12 is_stmt 0 view .LVU1245
 4916 026e 4B4B     		ldr	r3, .L201+156
 4917 0270 1C70     		strb	r4, [r3]
 253:Marigold.cpp  **** 
 4918              		.loc 14 253 5 is_stmt 1 view .LVU1246
 253:Marigold.cpp  **** 
 4919              		.loc 14 253 13 is_stmt 0 view .LVU1247
 4920 0272 002C     		cmp	r4, #0
 4921 0274 DFF83891 		ldr	r9, .L201+176
 4922 0278 B7EE000A 		vmov.f32	s0, #1.0e+0
 4923 027c DFED487A 		vldr.32	s15, .L201+160
 4924 0280 07FE800A 		vseleq.f32	s0, s15, s0
 4925 0284 4846     		mov	r0, r9
ARM GAS  C:\Users\Spencer\AppData\Local\Temp\ccWmt4tk.s 			page 181


 4926 0286 FFF7FEFF 		bl	_ZN5daisy3Led3SetEf
 4927              	.LVL401:
 255:Marigold.cpp  ****     fs2_prev = fs2_raw;
 4928              		.loc 14 255 5 is_stmt 1 view .LVU1248
 255:Marigold.cpp  ****     fs2_prev = fs2_raw;
 4929              		.loc 14 255 14 is_stmt 0 view .LVU1249
 4930 028a 434B     		ldr	r3, .L201+152
 4931 028c 83F80080 		strb	r8, [r3]
 256:Marigold.cpp  **** 
 4932              		.loc 14 256 5 is_stmt 1 view .LVU1250
 256:Marigold.cpp  **** 
 4933              		.loc 14 256 14 is_stmt 0 view .LVU1251
 4934 0290 444B     		ldr	r3, .L201+164
 4935 0292 1C70     		strb	r4, [r3]
 258:Marigold.cpp  ****     led2.Update();
 4936              		.loc 14 258 5 is_stmt 1 view .LVU1252
 258:Marigold.cpp  ****     led2.Update();
 4937              		.loc 14 258 16 is_stmt 0 view .LVU1253
 4938 0294 4448     		ldr	r0, .L201+168
 4939 0296 FFF7FEFF 		bl	_ZN5daisy3Led6UpdateEv
 4940              	.LVL402:
 259:Marigold.cpp  **** }
 4941              		.loc 14 259 5 is_stmt 1 view .LVU1254
 259:Marigold.cpp  **** }
 4942              		.loc 14 259 16 is_stmt 0 view .LVU1255
 4943 029a 4846     		mov	r0, r9
 4944 029c FFF7FEFF 		bl	_ZN5daisy3Led6UpdateEv
 4945              	.LVL403:
 259:Marigold.cpp  **** }
 4946              		.loc 14 259 16 view .LVU1256
 4947              	.LBE1270:
 4948              	.LBE1269:
 4949              	.LBB1278:
 272:Marigold.cpp  ****     {
 4950              		.loc 14 272 26 is_stmt 1 view .LVU1257
 4951 02a0 002F     		cmp	r7, #0
 4952 02a2 00F00281 		beq	.L167
 272:Marigold.cpp  ****     {
 4953              		.loc 14 272 17 is_stmt 0 view .LVU1258
 4954 02a6 0024     		movs	r4, #0
 4955 02a8 9BE0     		b	.L186
 4956              	.LVL404:
 4957              	.L196:
 272:Marigold.cpp  ****     {
 4958              		.loc 14 272 17 view .LVU1259
 4959              	.LBE1278:
 4960              	.LBB1284:
 4961              	.LBB1277:
 239:Marigold.cpp  **** 
 4962              		.loc 14 239 9 is_stmt 1 view .LVU1260
 239:Marigold.cpp  **** 
 4963              		.loc 14 239 16 is_stmt 0 view .LVU1261
 4964 02aa DFF80891 		ldr	r9, .L201+180
 239:Marigold.cpp  **** 
 4965              		.loc 14 239 18 view .LVU1262
 4966 02ae 99F80030 		ldrb	r3, [r9]	@ zero_extendqisi2
 4967 02b2 83F00103 		eor	r3, r3, #1
ARM GAS  C:\Users\Spencer\AppData\Local\Temp\ccWmt4tk.s 			page 182


 239:Marigold.cpp  **** 
 4968              		.loc 14 239 16 view .LVU1263
 4969 02b6 89F80030 		strb	r3, [r9]
 242:Marigold.cpp  ****         System::DelayUs(1000);  // 1ms mute window
 4970              		.loc 14 242 9 is_stmt 1 view .LVU1264
 4971              	.LVL405:
 4972              	.LBB1271:
 4973              	.LBI1271:
  69:Marigold.cpp  ****     // mute is active-high: HIGH = muted
 4974              		.loc 14 69 13 view .LVU1265
 4975              	.LBB1272:
  71:Marigold.cpp  **** }
 4976              		.loc 14 71 5 view .LVU1266
  71:Marigold.cpp  **** }
 4977              		.loc 14 71 19 is_stmt 0 view .LVU1267
 4978 02ba DFF8FCA0 		ldr	r10, .L201+184
 4979 02be 0121     		movs	r1, #1
 4980 02c0 5046     		mov	r0, r10
 4981 02c2 FFF7FEFF 		bl	_ZN5daisy4GPIO5WriteEb
 4982              	.LVL406:
  71:Marigold.cpp  **** }
 4983              		.loc 14 71 19 view .LVU1268
 4984              	.LBE1272:
 4985              	.LBE1271:
 243:Marigold.cpp  ****         SetRelay(bypass);
 4986              		.loc 14 243 9 is_stmt 1 view .LVU1269
 243:Marigold.cpp  ****         SetRelay(bypass);
 4987              		.loc 14 243 24 is_stmt 0 view .LVU1270
 4988 02c6 4FF47A70 		mov	r0, #1000
 4989 02ca FFF7FEFF 		bl	_ZN5daisy6System7DelayUsEm
 4990              	.LVL407:
 244:Marigold.cpp  ****         System::DelayUs(1000);
 4991              		.loc 14 244 9 is_stmt 1 view .LVU1271
 4992              	.LBB1273:
 4993              	.LBI1273:
  63:Marigold.cpp  ****     // relay is active-low: LOW = effect in path, HIGH = bypass
 4994              		.loc 14 63 13 view .LVU1272
 4995              	.LBB1274:
  65:Marigold.cpp  **** }
 4996              		.loc 14 65 5 view .LVU1273
  65:Marigold.cpp  **** }
 4997              		.loc 14 65 20 is_stmt 0 view .LVU1274
 4998 02ce 99F80010 		ldrb	r1, [r9]	@ zero_extendqisi2
 4999 02d2 3648     		ldr	r0, .L201+172
 5000 02d4 FFF7FEFF 		bl	_ZN5daisy4GPIO5WriteEb
 5001              	.LVL408:
  65:Marigold.cpp  **** }
 5002              		.loc 14 65 20 view .LVU1275
 5003              	.LBE1274:
 5004              	.LBE1273:
 245:Marigold.cpp  ****         SetMute(false);
 5005              		.loc 14 245 9 is_stmt 1 view .LVU1276
 245:Marigold.cpp  ****         SetMute(false);
 5006              		.loc 14 245 24 is_stmt 0 view .LVU1277
 5007 02d8 4FF47A70 		mov	r0, #1000
 5008 02dc FFF7FEFF 		bl	_ZN5daisy6System7DelayUsEm
 5009              	.LVL409:
ARM GAS  C:\Users\Spencer\AppData\Local\Temp\ccWmt4tk.s 			page 183


 246:Marigold.cpp  **** 
 5010              		.loc 14 246 9 is_stmt 1 view .LVU1278
 5011              	.LBB1275:
 5012              	.LBI1275:
  69:Marigold.cpp  ****     // mute is active-high: HIGH = muted
 5013              		.loc 14 69 13 view .LVU1279
 5014              	.LBB1276:
  71:Marigold.cpp  **** }
 5015              		.loc 14 71 5 view .LVU1280
  71:Marigold.cpp  **** }
 5016              		.loc 14 71 19 is_stmt 0 view .LVU1281
 5017 02e0 0021     		movs	r1, #0
 5018 02e2 5046     		mov	r0, r10
 5019 02e4 FFF7FEFF 		bl	_ZN5daisy4GPIO5WriteEb
 5020              	.LVL410:
  71:Marigold.cpp  **** }
 5021              		.loc 14 71 19 view .LVU1282
 5022              	.LBE1276:
 5023              	.LBE1275:
 248:Marigold.cpp  ****     }
 5024              		.loc 14 248 9 is_stmt 1 view .LVU1283
 248:Marigold.cpp  ****     }
 5025              		.loc 14 248 17 is_stmt 0 view .LVU1284
 5026 02e8 99F80030 		ldrb	r3, [r9]	@ zero_extendqisi2
 5027 02ec 002B     		cmp	r3, #0
 5028 02ee 9FED2C0A 		vldr.32	s0, .L201+160
 5029 02f2 08FE000A 		vseleq.f32	s0, s16, s0
 5030 02f6 2C48     		ldr	r0, .L201+168
 5031 02f8 FFF7FEFF 		bl	_ZN5daisy3Led3SetEf
 5032              	.LVL411:
 5033 02fc B7E7     		b	.L177
 5034              	.L202:
 5035 02fe 00BF     		.align	2
 5036              	.L201:
 5037 0300 00000000 		.word	.LANCHOR34
 5038 0304 0000C642 		.word	1120272384
 5039 0308 00000000 		.word	.LANCHOR3
 5040 030c 00000000 		.word	.LANCHOR35
 5041 0310 00000000 		.word	.LANCHOR52
 5042 0314 00000000 		.word	.LANCHOR36
 5043 0318 00000000 		.word	.LANCHOR1
 5044 031c 00000000 		.word	.LANCHOR37
 5045 0320 00000000 		.word	.LANCHOR53
 5046 0324 00000000 		.word	.LANCHOR38
 5047 0328 00000000 		.word	.LANCHOR54
 5048 032c 00000000 		.word	.LANCHOR39
 5049 0330 00000000 		.word	.LANCHOR55
 5050 0334 00000000 		.word	.LANCHOR56
 5051 0338 00000000 		.word	.LANCHOR57
 5052 033c 3333333F 		.word	1060320051
 5053 0340 9A99993E 		.word	1050253722
 5054 0344 00000000 		.word	.LANCHOR58
 5055 0348 00000000 		.word	.LANCHOR59
 5056 034c 00000000 		.word	.LANCHOR60
 5057 0350 8FC2F53C 		.word	1022739087
 5058 0354 6891ED3C 		.word	1022202216
 5059 0358 00000000 		.word	.LANCHOR7
ARM GAS  C:\Users\Spencer\AppData\Local\Temp\ccWmt4tk.s 			page 184


 5060 035c 00000000 		.word	.LANCHOR8
 5061 0360 00000000 		.word	.LANCHOR61
 5062 0364 00000000 		.word	.LANCHOR13
 5063 0368 00000000 		.word	.LANCHOR62
 5064 036c 00000000 		.word	.LANCHOR63
 5065 0370 713DCA3F 		.word	1070218609
 5066 0374 00000000 		.word	.LANCHOR5
 5067 0378 00000000 		.word	.LANCHOR6
 5068 037c 00000000 		.word	.LANCHOR11
 5069 0380 00000000 		.word	.LANCHOR64
 5070 0384 00000000 		.word	.LANCHOR65
 5071 0388 00000000 		.word	.LANCHOR9
 5072 038c 00000000 		.word	.LANCHOR10
 5073 0390 00000000 		.word	.LANCHOR19
 5074 0394 00000000 		.word	.LANCHOR21
 5075 0398 00000000 		.word	.LANCHOR66
 5076 039c 00000000 		.word	.LANCHOR2
 5077 03a0 00000000 		.word	0
 5078 03a4 00000000 		.word	.LANCHOR68
 5079 03a8 00000000 		.word	.LANCHOR41
 5080 03ac 00000000 		.word	.LANCHOR15
 5081 03b0 00000000 		.word	.LANCHOR43
 5082 03b4 00000000 		.word	.LANCHOR67
 5083 03b8 00000000 		.word	.LANCHOR17
 5084              	.LVL412:
 5085              	.L197:
 248:Marigold.cpp  ****     }
 5086              		.loc 14 248 17 view .LVU1285
 5087              	.LBE1277:
 5088              	.LBE1284:
 5089              	.LBB1285:
 5090              	.LBB1279:
 5091              	.LBB1280:
 282:Marigold.cpp  ****             out[1][i] = in[1][i];
 5092              		.loc 14 282 13 is_stmt 1 view .LVU1286
 282:Marigold.cpp  ****             out[1][i] = in[1][i];
 5093              		.loc 14 282 32 is_stmt 0 view .LVU1287
 5094 03bc 3368     		ldr	r3, [r6]
 5095 03be 03EB8403 		add	r3, r3, r4, lsl #2
 5096 03c2 1A68     		ldr	r2, [r3]	@ float
 282:Marigold.cpp  ****             out[1][i] = in[1][i];
 5097              		.loc 14 282 23 view .LVU1288
 5098 03c4 2B68     		ldr	r3, [r5]
 5099 03c6 03EB8403 		add	r3, r3, r4, lsl #2
 5100 03ca 1A60     		str	r2, [r3]	@ float
 283:Marigold.cpp  ****         }
 5101              		.loc 14 283 13 is_stmt 1 view .LVU1289
 283:Marigold.cpp  ****         }
 5102              		.loc 14 283 32 is_stmt 0 view .LVU1290
 5103 03cc 7368     		ldr	r3, [r6, #4]
 5104 03ce 03EB8403 		add	r3, r3, r4, lsl #2
 5105 03d2 1A68     		ldr	r2, [r3]	@ float
 283:Marigold.cpp  ****         }
 5106              		.loc 14 283 23 view .LVU1291
 5107 03d4 6B68     		ldr	r3, [r5, #4]
 5108 03d6 03EB8403 		add	r3, r3, r4, lsl #2
 5109 03da 1A60     		str	r2, [r3]	@ float
ARM GAS  C:\Users\Spencer\AppData\Local\Temp\ccWmt4tk.s 			page 185


 5110              	.L182:
 283:Marigold.cpp  ****         }
 5111              		.loc 14 283 23 view .LVU1292
 5112              	.LBE1280:
 5113              	.LBE1279:
 272:Marigold.cpp  ****     {
 5114              		.loc 14 272 5 is_stmt 1 discriminator 2 view .LVU1293
 5115 03dc 0134     		adds	r4, r4, #1
 5116              	.LVL413:
 272:Marigold.cpp  ****     {
 5117              		.loc 14 272 26 discriminator 2 view .LVU1294
 5118 03de A742     		cmp	r7, r4
 5119 03e0 63D0     		beq	.L167
 5120              	.LVL414:
 5121              	.L186:
 5122              	.LBB1283:
 275:Marigold.cpp  ****         drift_multiplier2 = drift_osc2.Process();
 5123              		.loc 14 275 9 view .LVU1295
 275:Marigold.cpp  ****         drift_multiplier2 = drift_osc2.Process();
 5124              		.loc 14 275 46 is_stmt 0 view .LVU1296
 5125 03e2 3448     		ldr	r0, .L203
 5126 03e4 FFF7FEFF 		bl	_ZN7daisysp10Oscillator7ProcessEv
 5127              	.LVL415:
 275:Marigold.cpp  ****         drift_multiplier2 = drift_osc2.Process();
 5128              		.loc 14 275 27 view .LVU1297
 5129 03e8 334B     		ldr	r3, .L203+4
 5130 03ea 83ED000A 		vstr.32	s0, [r3]
 276:Marigold.cpp  ****         drift_multiplier3 = drift_osc3.Process();
 5131              		.loc 14 276 9 is_stmt 1 view .LVU1298
 276:Marigold.cpp  ****         drift_multiplier3 = drift_osc3.Process();
 5132              		.loc 14 276 47 is_stmt 0 view .LVU1299
 5133 03ee 3348     		ldr	r0, .L203+8
 5134 03f0 FFF7FEFF 		bl	_ZN7daisysp10Oscillator7ProcessEv
 5135              	.LVL416:
 276:Marigold.cpp  ****         drift_multiplier3 = drift_osc3.Process();
 5136              		.loc 14 276 27 view .LVU1300
 5137 03f4 324B     		ldr	r3, .L203+12
 5138 03f6 83ED000A 		vstr.32	s0, [r3]
 277:Marigold.cpp  ****         drift_multiplier4 = drift_osc4.Process();
 5139              		.loc 14 277 9 is_stmt 1 view .LVU1301
 277:Marigold.cpp  ****         drift_multiplier4 = drift_osc4.Process();
 5140              		.loc 14 277 47 is_stmt 0 view .LVU1302
 5141 03fa 3248     		ldr	r0, .L203+16
 5142 03fc FFF7FEFF 		bl	_ZN7daisysp10Oscillator7ProcessEv
 5143              	.LVL417:
 277:Marigold.cpp  ****         drift_multiplier4 = drift_osc4.Process();
 5144              		.loc 14 277 27 view .LVU1303
 5145 0400 314B     		ldr	r3, .L203+20
 5146 0402 83ED000A 		vstr.32	s0, [r3]
 278:Marigold.cpp  **** 
 5147              		.loc 14 278 9 is_stmt 1 view .LVU1304
 278:Marigold.cpp  **** 
 5148              		.loc 14 278 47 is_stmt 0 view .LVU1305
 5149 0406 3148     		ldr	r0, .L203+24
 5150 0408 FFF7FEFF 		bl	_ZN7daisysp10Oscillator7ProcessEv
 5151              	.LVL418:
 278:Marigold.cpp  **** 
ARM GAS  C:\Users\Spencer\AppData\Local\Temp\ccWmt4tk.s 			page 186


 5152              		.loc 14 278 27 view .LVU1306
 5153 040c 304B     		ldr	r3, .L203+28
 5154 040e 83ED000A 		vstr.32	s0, [r3]
 280:Marigold.cpp  ****         {
 5155              		.loc 14 280 9 is_stmt 1 view .LVU1307
 5156              	.LBB1282:
 5157 0412 304B     		ldr	r3, .L203+32
 5158 0414 1B78     		ldrb	r3, [r3]	@ zero_extendqisi2
 5159 0416 002B     		cmp	r3, #0
 5160 0418 D0D1     		bne	.L197
 5161              	.LBB1281:
 287:Marigold.cpp  **** 
 5162              		.loc 14 287 13 view .LVU1308
 5163 041a 4FEA8408 		lsl	r8, r4, #2
 287:Marigold.cpp  **** 
 5164              		.loc 14 287 24 is_stmt 0 view .LVU1309
 5165 041e 3368     		ldr	r3, [r6]
 5166 0420 03EB8403 		add	r3, r3, r4, lsl #2
 5167 0424 93ED000A 		vldr.32	s0, [r3]
 5168 0428 2B4B     		ldr	r3, .L203+36
 5169 042a 1868     		ldr	r0, [r3]
 5170 042c FFF7FEFF 		bl	_ZN9soundmath7FourierIfLj4096EE5writeEf
 5171              	.LVL419:
 289:Marigold.cpp  ****             if (reverb_mode == 0) {
 5172              		.loc 14 289 13 is_stmt 1 view .LVU1310
 290:Marigold.cpp  ****                 wet = lowpass.Process(samplerateReducer.Process(stft->read()));
 5173              		.loc 14 290 13 view .LVU1311
 290:Marigold.cpp  ****                 wet = lowpass.Process(samplerateReducer.Process(stft->read()));
 5174              		.loc 14 290 29 is_stmt 0 view .LVU1312
 5175 0430 2A4B     		ldr	r3, .L203+40
 5176 0432 1B68     		ldr	r3, [r3]
 290:Marigold.cpp  ****                 wet = lowpass.Process(samplerateReducer.Process(stft->read()));
 5177              		.loc 14 290 13 view .LVU1313
 5178 0434 0BB3     		cbz	r3, .L198
 292:Marigold.cpp  ****                 wet = stft->read();
 5179              		.loc 14 292 20 is_stmt 1 view .LVU1314
 5180 0436 012B     		cmp	r3, #1
 5181 0438 2AD0     		beq	.L199
 294:Marigold.cpp  ****                 wet = samplerateReducer.Process(stft->read());
 5182              		.loc 14 294 20 view .LVU1315
 5183 043a 022B     		cmp	r3, #2
 5184 043c 2DD0     		beq	.L200
 289:Marigold.cpp  ****             if (reverb_mode == 0) {
 5185              		.loc 14 289 19 is_stmt 0 view .LVU1316
 5186 043e 9FED280A 		vldr.32	s0, .L203+44
 5187              	.LVL420:
 5188              	.L184:
 298:Marigold.cpp  ****             out[1][i] = out[0][i];
 5189              		.loc 14 298 13 is_stmt 1 view .LVU1317
 298:Marigold.cpp  ****             out[1][i] = out[0][i];
 5190              		.loc 14 298 29 is_stmt 0 view .LVU1318
 5191 0442 284B     		ldr	r3, .L203+48
 5192 0444 93ED007A 		vldr.32	s14, [r3]
 298:Marigold.cpp  ****             out[1][i] = out[0][i];
 5193              		.loc 14 298 23 view .LVU1319
 5194 0448 2B68     		ldr	r3, [r5]
 5195 044a 4344     		add	r3, r3, r8
ARM GAS  C:\Users\Spencer\AppData\Local\Temp\ccWmt4tk.s 			page 187


 298:Marigold.cpp  ****             out[1][i] = out[0][i];
 5196              		.loc 14 298 45 view .LVU1320
 5197 044c 3268     		ldr	r2, [r6]
 5198 044e 4244     		add	r2, r2, r8
 298:Marigold.cpp  ****             out[1][i] = out[0][i];
 5199              		.loc 14 298 55 view .LVU1321
 5200 0450 F7EE007A 		vmov.f32	s15, #1.0e+0
 5201 0454 77EEC77A 		vsub.f32	s15, s15, s14
 298:Marigold.cpp  ****             out[1][i] = out[0][i];
 5202              		.loc 14 298 47 view .LVU1322
 5203 0458 D2ED006A 		vldr.32	s13, [r2]
 5204 045c 67EEA67A 		vmul.f32	s15, s15, s13
 298:Marigold.cpp  ****             out[1][i] = out[0][i];
 5205              		.loc 14 298 29 view .LVU1323
 5206 0460 27EE000A 		vmul.f32	s0, s14, s0
 5207              	.LVL421:
 298:Marigold.cpp  ****             out[1][i] = out[0][i];
 5208              		.loc 14 298 36 view .LVU1324
 5209 0464 37EE800A 		vadd.f32	s0, s15, s0
 298:Marigold.cpp  ****             out[1][i] = out[0][i];
 5210              		.loc 14 298 23 view .LVU1325
 5211 0468 83ED000A 		vstr.32	s0, [r3]
 299:Marigold.cpp  ****         }
 5212              		.loc 14 299 13 is_stmt 1 view .LVU1326
 299:Marigold.cpp  ****         }
 5213              		.loc 14 299 33 is_stmt 0 view .LVU1327
 5214 046c 2B68     		ldr	r3, [r5]
 5215 046e 4344     		add	r3, r3, r8
 5216 0470 1A68     		ldr	r2, [r3]	@ float
 299:Marigold.cpp  ****         }
 5217              		.loc 14 299 23 view .LVU1328
 5218 0472 6B68     		ldr	r3, [r5, #4]
 5219 0474 4344     		add	r3, r3, r8
 5220 0476 1A60     		str	r2, [r3]	@ float
 5221 0478 B0E7     		b	.L182
 5222              	.LVL422:
 5223              	.L198:
 291:Marigold.cpp  ****             } else if (reverb_mode == 1) {
 5224              		.loc 14 291 17 is_stmt 1 view .LVU1329
 291:Marigold.cpp  ****             } else if (reverb_mode == 1) {
 5225              		.loc 14 291 38 is_stmt 0 view .LVU1330
 5226 047a 174B     		ldr	r3, .L203+36
 5227 047c 1868     		ldr	r0, [r3]
 5228 047e FFF7FEFF 		bl	_ZN9soundmath7FourierIfLj4096EE4readEv
 5229              	.LVL423:
 5230 0482 1948     		ldr	r0, .L203+52
 5231 0484 FFF7FEFF 		bl	_ZN7daisysp17SampleRateReducer7ProcessEf
 5232              	.LVL424:
 5233 0488 1848     		ldr	r0, .L203+56
 5234 048a FFF7FEFF 		bl	_ZN7daisysp4Tone7ProcessEf
 5235              	.LVL425:
 291:Marigold.cpp  ****             } else if (reverb_mode == 1) {
 5236              		.loc 14 291 38 view .LVU1331
 5237 048e D8E7     		b	.L184
 5238              	.LVL426:
 5239              	.L199:
 293:Marigold.cpp  ****             } else if (reverb_mode == 2) {
ARM GAS  C:\Users\Spencer\AppData\Local\Temp\ccWmt4tk.s 			page 188


 5240              		.loc 14 293 17 is_stmt 1 view .LVU1332
 293:Marigold.cpp  ****             } else if (reverb_mode == 2) {
 5241              		.loc 14 293 33 is_stmt 0 view .LVU1333
 5242 0490 114B     		ldr	r3, .L203+36
 5243 0492 1868     		ldr	r0, [r3]
 5244 0494 FFF7FEFF 		bl	_ZN9soundmath7FourierIfLj4096EE4readEv
 5245              	.LVL427:
 293:Marigold.cpp  ****             } else if (reverb_mode == 2) {
 5246              		.loc 14 293 33 view .LVU1334
 5247 0498 D3E7     		b	.L184
 5248              	.LVL428:
 5249              	.L200:
 295:Marigold.cpp  ****             }
 5250              		.loc 14 295 17 is_stmt 1 view .LVU1335
 295:Marigold.cpp  ****             }
 5251              		.loc 14 295 48 is_stmt 0 view .LVU1336
 5252 049a 0F4B     		ldr	r3, .L203+36
 5253 049c 1868     		ldr	r0, [r3]
 5254 049e FFF7FEFF 		bl	_ZN9soundmath7FourierIfLj4096EE4readEv
 5255              	.LVL429:
 5256 04a2 1148     		ldr	r0, .L203+52
 5257 04a4 FFF7FEFF 		bl	_ZN7daisysp17SampleRateReducer7ProcessEf
 5258              	.LVL430:
 295:Marigold.cpp  ****             }
 5259              		.loc 14 295 48 view .LVU1337
 5260 04a8 CBE7     		b	.L184
 5261              	.LVL431:
 5262              	.L167:
 295:Marigold.cpp  ****             }
 5263              		.loc 14 295 48 view .LVU1338
 5264              	.LBE1281:
 5265              	.LBE1282:
 5266              	.LBE1283:
 5267              	.LBE1285:
 302:Marigold.cpp  **** 
 5268              		.loc 14 302 1 view .LVU1339
 5269 04aa BDEC028B 		vldm	sp!, {d8}
 5270              		.cfi_restore 80
 5271              		.cfi_restore 81
 5272              		.cfi_def_cfa_offset 32
 5273 04ae BDE8F087 		pop	{r4, r5, r6, r7, r8, r9, r10, pc}
 5274              	.LVL432:
 5275              	.L204:
 302:Marigold.cpp  **** 
 5276              		.loc 14 302 1 view .LVU1340
 5277 04b2 00BF     		.align	2
 5278              	.L203:
 5279 04b4 00000000 		.word	.LANCHOR48
 5280 04b8 00000000 		.word	.LANCHOR57
 5281 04bc 00000000 		.word	.LANCHOR49
 5282 04c0 00000000 		.word	.LANCHOR58
 5283 04c4 00000000 		.word	.LANCHOR50
 5284 04c8 00000000 		.word	.LANCHOR59
 5285 04cc 00000000 		.word	.LANCHOR51
 5286 04d0 00000000 		.word	.LANCHOR60
 5287 04d4 00000000 		.word	.LANCHOR67
 5288 04d8 00000000 		.word	.LANCHOR45
ARM GAS  C:\Users\Spencer\AppData\Local\Temp\ccWmt4tk.s 			page 189


 5289 04dc 00000000 		.word	.LANCHOR69
 5290 04e0 00000000 		.word	0
 5291 04e4 00000000 		.word	.LANCHOR52
 5292 04e8 00000000 		.word	.LANCHOR46
 5293 04ec 00000000 		.word	.LANCHOR47
 5294              		.cfi_endproc
 5295              	.LFE6200:
 5297              		.section	.text._GLOBAL__sub_I_hw,"ax",%progbits
 5298              		.align	1
 5299              		.syntax unified
 5300              		.thumb
 5301              		.thumb_func
 5302              		.fpu fpv5-d16
 5304              	_GLOBAL__sub_I_hw:
 5305              	.LFB6919:
 494:Marigold.cpp  ****     }
 495:Marigold.cpp  **** 
 496:Marigold.cpp  ****     delete stft;
 497:Marigold.cpp  ****     delete fft;
 498:Marigold.cpp  **** }
 5306              		.loc 14 498 1 is_stmt 1 view -0
 5307              		.cfi_startproc
 5308              		@ args = 0, pretend = 0, frame = 32
 5309              		@ frame_needed = 0, uses_anonymous_args = 0
 5310 0000 2DE9F041 		push	{r4, r5, r6, r7, r8, lr}
 5311              		.cfi_def_cfa_offset 24
 5312              		.cfi_offset 4, -24
 5313              		.cfi_offset 5, -20
 5314              		.cfi_offset 6, -16
 5315              		.cfi_offset 7, -12
 5316              		.cfi_offset 8, -8
 5317              		.cfi_offset 14, -4
 5318 0004 2DED028B 		vpush.64	{d8}
 5319              		.cfi_def_cfa_offset 32
 5320              		.cfi_offset 80, -32
 5321              		.cfi_offset 81, -28
 5322 0008 88B0     		sub	sp, sp, #32
 5323              		.cfi_def_cfa_offset 64
 5324              	.LVL433:
 5325              	.LBB1474:
 5326              	.LBI1474:
 5327              		.loc 14 498 1 view .LVU1342
 5328              	.LBB1475:
 5329              	.LBB1476:
 5330              	.LBI1476:
  21:../../../../Dependencies/libDaisy/src/daisy_seed.h ****     ~DaisySeed() {}
 5331              		.loc 4 21 5 view .LVU1343
 5332              	.LBB1477:
 5333              	.LBB1478:
 5334              	.LBI1478:
 5335              		.file 24 "../../../../Dependencies/libDaisy/src/per/qspi.h"
   1:../../../../Dependencies/libDaisy/src/per/qspi.h **** #ifndef DSY_QSPI
   2:../../../../Dependencies/libDaisy/src/per/qspi.h **** #define DSY_QSPI /**< Macro */
   3:../../../../Dependencies/libDaisy/src/per/qspi.h **** 
   4:../../../../Dependencies/libDaisy/src/per/qspi.h **** #ifndef UNIT_TEST // for unit tests, a dummy implementation
   5:../../../../Dependencies/libDaisy/src/per/qspi.h **** 
   6:../../../../Dependencies/libDaisy/src/per/qspi.h **** #include <cstdint>
ARM GAS  C:\Users\Spencer\AppData\Local\Temp\ccWmt4tk.s 			page 190


   7:../../../../Dependencies/libDaisy/src/per/qspi.h **** #include "daisy_core.h"
   8:../../../../Dependencies/libDaisy/src/per/qspi.h **** #include "util/hal_map.h"
   9:../../../../Dependencies/libDaisy/src/per/qspi.h **** 
  10:../../../../Dependencies/libDaisy/src/per/qspi.h **** #define DSY_QSPI_TEXT       \
  11:../../../../Dependencies/libDaisy/src/per/qspi.h ****     __attribute__((section( \
  12:../../../../Dependencies/libDaisy/src/per/qspi.h ****         ".qspiflash_text"))) /**< used for reading memory in memory_mapped mode. */
  13:../../../../Dependencies/libDaisy/src/per/qspi.h **** #define DSY_QSPI_DATA       \
  14:../../../../Dependencies/libDaisy/src/per/qspi.h ****     __attribute__((section( \
  15:../../../../Dependencies/libDaisy/src/per/qspi.h ****         ".qspiflash_data"))) /**< used for reading memory in memory_mapped mode. */
  16:../../../../Dependencies/libDaisy/src/per/qspi.h **** #define DSY_QSPI_BSS        \
  17:../../../../Dependencies/libDaisy/src/per/qspi.h ****     __attribute__((section( \
  18:../../../../Dependencies/libDaisy/src/per/qspi.h ****         ".qspiflash_bss"))) /**< used for reading memory in memory_mapped mode. */
  19:../../../../Dependencies/libDaisy/src/per/qspi.h **** 
  20:../../../../Dependencies/libDaisy/src/per/qspi.h **** namespace daisy
  21:../../../../Dependencies/libDaisy/src/per/qspi.h **** {
  22:../../../../Dependencies/libDaisy/src/per/qspi.h **** /** @addtogroup serial
  23:../../../../Dependencies/libDaisy/src/per/qspi.h **** @{
  24:../../../../Dependencies/libDaisy/src/per/qspi.h **** */
  25:../../../../Dependencies/libDaisy/src/per/qspi.h **** 
  26:../../../../Dependencies/libDaisy/src/per/qspi.h **** /**
  27:../../../../Dependencies/libDaisy/src/per/qspi.h ****  Driver for QSPI peripheral to interface with external flash memory. \n
  28:../../../../Dependencies/libDaisy/src/per/qspi.h ****     Currently supported QSPI Devices: \n
  29:../../../../Dependencies/libDaisy/src/per/qspi.h ****     * IS25LP080D
  30:../../../../Dependencies/libDaisy/src/per/qspi.h **** */
  31:../../../../Dependencies/libDaisy/src/per/qspi.h **** class QSPIHandle
  32:../../../../Dependencies/libDaisy/src/per/qspi.h **** {
  33:../../../../Dependencies/libDaisy/src/per/qspi.h ****   public:
  34:../../../../Dependencies/libDaisy/src/per/qspi.h ****     enum Result
  35:../../../../Dependencies/libDaisy/src/per/qspi.h ****     {
  36:../../../../Dependencies/libDaisy/src/per/qspi.h ****         OK = 0,
  37:../../../../Dependencies/libDaisy/src/per/qspi.h ****         ERR
  38:../../../../Dependencies/libDaisy/src/per/qspi.h ****     };
  39:../../../../Dependencies/libDaisy/src/per/qspi.h **** 
  40:../../../../Dependencies/libDaisy/src/per/qspi.h ****     /** Indicates the current status of the module.
  41:../../../../Dependencies/libDaisy/src/per/qspi.h ****          *  Warnings are indicated by a leading W.
  42:../../../../Dependencies/libDaisy/src/per/qspi.h ****          *  Errors are indicated by a leading E and cause an immediate exit.
  43:../../../../Dependencies/libDaisy/src/per/qspi.h ****          *
  44:../../../../Dependencies/libDaisy/src/per/qspi.h ****          *  \param GOOD - No errors have been reported.
  45:../../../../Dependencies/libDaisy/src/per/qspi.h ****          *  \param E_HAL_ERROR - HAL code did not return HAL_OK.
  46:../../../../Dependencies/libDaisy/src/per/qspi.h ****          *  \param E_SWITCHING_MODES - An error was encountered while switching QSPI peripheral mod
  47:../../../../Dependencies/libDaisy/src/per/qspi.h ****          *  \param E_INVALID_MODE - QSPI should not be written to while the program is executing fr
  48:../../../../Dependencies/libDaisy/src/per/qspi.h ****          */
  49:../../../../Dependencies/libDaisy/src/per/qspi.h ****     enum Status
  50:../../../../Dependencies/libDaisy/src/per/qspi.h ****     {
  51:../../../../Dependencies/libDaisy/src/per/qspi.h ****         GOOD = 0,
  52:../../../../Dependencies/libDaisy/src/per/qspi.h ****         E_HAL_ERROR,
  53:../../../../Dependencies/libDaisy/src/per/qspi.h ****         E_SWITCHING_MODES,
  54:../../../../Dependencies/libDaisy/src/per/qspi.h ****         E_INVALID_MODE,
  55:../../../../Dependencies/libDaisy/src/per/qspi.h ****     };
  56:../../../../Dependencies/libDaisy/src/per/qspi.h **** 
  57:../../../../Dependencies/libDaisy/src/per/qspi.h ****     /** Configuration structure for interfacing with QSPI Driver */
  58:../../../../Dependencies/libDaisy/src/per/qspi.h ****     struct Config
  59:../../../../Dependencies/libDaisy/src/per/qspi.h ****     {
  60:../../../../Dependencies/libDaisy/src/per/qspi.h ****         /** Flash Devices supported. (Both of these are more-or-less the same, just different sizes
  61:../../../../Dependencies/libDaisy/src/per/qspi.h ****         enum Device
  62:../../../../Dependencies/libDaisy/src/per/qspi.h ****         {
  63:../../../../Dependencies/libDaisy/src/per/qspi.h ****             IS25LP080D,  /**< & */
ARM GAS  C:\Users\Spencer\AppData\Local\Temp\ccWmt4tk.s 			page 191


  64:../../../../Dependencies/libDaisy/src/per/qspi.h ****             IS25LP064A,  /**< & */
  65:../../../../Dependencies/libDaisy/src/per/qspi.h ****             DEVICE_LAST, /**< & */
  66:../../../../Dependencies/libDaisy/src/per/qspi.h ****         };
  67:../../../../Dependencies/libDaisy/src/per/qspi.h **** 
  68:../../../../Dependencies/libDaisy/src/per/qspi.h ****         /**
  69:../../../../Dependencies/libDaisy/src/per/qspi.h ****         Modes of operation.
  70:../../../../Dependencies/libDaisy/src/per/qspi.h ****         Memory Mapped mode: QSPI configured so that the QSPI can be
  71:../../../../Dependencies/libDaisy/src/per/qspi.h ****         read from starting address 0x90000000. Writing is not
  72:../../../../Dependencies/libDaisy/src/per/qspi.h ****         possible in this mode. \n
  73:../../../../Dependencies/libDaisy/src/per/qspi.h ****         Indirect Polling mode: Device driver enabled.
  74:../../../../Dependencies/libDaisy/src/per/qspi.h ****         */
  75:../../../../Dependencies/libDaisy/src/per/qspi.h ****         enum Mode
  76:../../../../Dependencies/libDaisy/src/per/qspi.h ****         {
  77:../../../../Dependencies/libDaisy/src/per/qspi.h ****             MEMORY_MAPPED,    /**< & */
  78:../../../../Dependencies/libDaisy/src/per/qspi.h ****             INDIRECT_POLLING, /**< & */
  79:../../../../Dependencies/libDaisy/src/per/qspi.h ****             MODE_LAST,
  80:../../../../Dependencies/libDaisy/src/per/qspi.h ****         };
  81:../../../../Dependencies/libDaisy/src/per/qspi.h **** 
  82:../../../../Dependencies/libDaisy/src/per/qspi.h ****         //SCK,  CE# (active low)
  83:../../../../Dependencies/libDaisy/src/per/qspi.h ****         struct
  84:../../../../Dependencies/libDaisy/src/per/qspi.h ****         {
  85:../../../../Dependencies/libDaisy/src/per/qspi.h ****             Pin io0; /**< & */
  86:../../../../Dependencies/libDaisy/src/per/qspi.h ****             Pin io1; /**< & */
  87:../../../../Dependencies/libDaisy/src/per/qspi.h ****             Pin io2; /**< & */
  88:../../../../Dependencies/libDaisy/src/per/qspi.h ****             Pin io3; /**< & */
  89:../../../../Dependencies/libDaisy/src/per/qspi.h ****             Pin clk; /**< & */
  90:../../../../Dependencies/libDaisy/src/per/qspi.h ****             Pin ncs; /**< & */
  91:../../../../Dependencies/libDaisy/src/per/qspi.h ****         } pin_config;
  92:../../../../Dependencies/libDaisy/src/per/qspi.h **** 
  93:../../../../Dependencies/libDaisy/src/per/qspi.h ****         Device device;
  94:../../../../Dependencies/libDaisy/src/per/qspi.h ****         Mode   mode;
  95:../../../../Dependencies/libDaisy/src/per/qspi.h ****     };
  96:../../../../Dependencies/libDaisy/src/per/qspi.h **** 
  97:../../../../Dependencies/libDaisy/src/per/qspi.h ****     /**
  98:../../../../Dependencies/libDaisy/src/per/qspi.h ****         Initializes QSPI peripheral, and Resets, and prepares memory for access.
  99:../../../../Dependencies/libDaisy/src/per/qspi.h ****         \param config should be populated with the mode, device and pin_config before calling this 
 100:../../../../Dependencies/libDaisy/src/per/qspi.h ****         \return Result::OK or Result::ERR
 101:../../../../Dependencies/libDaisy/src/per/qspi.h ****         */
 102:../../../../Dependencies/libDaisy/src/per/qspi.h ****     Result Init(const Config& config);
 103:../../../../Dependencies/libDaisy/src/per/qspi.h **** 
 104:../../../../Dependencies/libDaisy/src/per/qspi.h ****     /** Returns the current config. */
 105:../../../../Dependencies/libDaisy/src/per/qspi.h ****     const Config& GetConfig() const;
 106:../../../../Dependencies/libDaisy/src/per/qspi.h **** 
 107:../../../../Dependencies/libDaisy/src/per/qspi.h ****     // Couldn't this just be called before anything else in init? That
 108:../../../../Dependencies/libDaisy/src/per/qspi.h ****     // would make manually calling it unnecessary.
 109:../../../../Dependencies/libDaisy/src/per/qspi.h ****     /**
 110:../../../../Dependencies/libDaisy/src/per/qspi.h ****         Deinitializes the peripheral
 111:../../../../Dependencies/libDaisy/src/per/qspi.h ****         This should be called before reinitializing QSPI in a different mode.
 112:../../../../Dependencies/libDaisy/src/per/qspi.h ****         \return Result::OK or Result::ERR
 113:../../../../Dependencies/libDaisy/src/per/qspi.h ****         */
 114:../../../../Dependencies/libDaisy/src/per/qspi.h ****     Result DeInit();
 115:../../../../Dependencies/libDaisy/src/per/qspi.h **** 
 116:../../../../Dependencies/libDaisy/src/per/qspi.h ****     /**
 117:../../../../Dependencies/libDaisy/src/per/qspi.h ****         Writes a single page to to the specified address on the QSPI chip.
 118:../../../../Dependencies/libDaisy/src/per/qspi.h ****         For IS25LP*, page size is 256 bytes.
 119:../../../../Dependencies/libDaisy/src/per/qspi.h ****         \param address Address to write to
 120:../../../../Dependencies/libDaisy/src/per/qspi.h ****         \param size Buffer size
ARM GAS  C:\Users\Spencer\AppData\Local\Temp\ccWmt4tk.s 			page 192


 121:../../../../Dependencies/libDaisy/src/per/qspi.h ****         \param buffer Buffer to write
 122:../../../../Dependencies/libDaisy/src/per/qspi.h ****         \return Result::OK or Result::ERR
 123:../../../../Dependencies/libDaisy/src/per/qspi.h ****         */
 124:../../../../Dependencies/libDaisy/src/per/qspi.h ****     Result WritePage(uint32_t address, uint32_t size, uint8_t* buffer);
 125:../../../../Dependencies/libDaisy/src/per/qspi.h **** 
 126:../../../../Dependencies/libDaisy/src/per/qspi.h ****     /**
 127:../../../../Dependencies/libDaisy/src/per/qspi.h ****         Writes data in buffer to to the QSPI. Starting at address to address+size
 128:../../../../Dependencies/libDaisy/src/per/qspi.h ****         \param address Address to write to
 129:../../../../Dependencies/libDaisy/src/per/qspi.h ****         \param size Buffer size
 130:../../../../Dependencies/libDaisy/src/per/qspi.h ****         \param buffer Buffer to write
 131:../../../../Dependencies/libDaisy/src/per/qspi.h ****         \return Result::OK or Result::ERR
 132:../../../../Dependencies/libDaisy/src/per/qspi.h ****         */
 133:../../../../Dependencies/libDaisy/src/per/qspi.h ****     Result Write(uint32_t address, uint32_t size, uint8_t* buffer);
 134:../../../../Dependencies/libDaisy/src/per/qspi.h **** 
 135:../../../../Dependencies/libDaisy/src/per/qspi.h ****     /**
 136:../../../../Dependencies/libDaisy/src/per/qspi.h ****         Erases the area specified on the chip.
 137:../../../../Dependencies/libDaisy/src/per/qspi.h ****         Erasures will happen by 4K, 32K or 64K increments.
 138:../../../../Dependencies/libDaisy/src/per/qspi.h ****         Smallest erase possible is 4kB at a time. (on IS25LP*)
 139:../../../../Dependencies/libDaisy/src/per/qspi.h ****         \param start_addr Address to begin erasing from
 140:../../../../Dependencies/libDaisy/src/per/qspi.h ****         \param end_addr  Address to stop erasing at
 141:../../../../Dependencies/libDaisy/src/per/qspi.h ****         \return Result::OK or Result::ERR
 142:../../../../Dependencies/libDaisy/src/per/qspi.h ****         */
 143:../../../../Dependencies/libDaisy/src/per/qspi.h ****     Result Erase(uint32_t start_addr, uint32_t end_addr);
 144:../../../../Dependencies/libDaisy/src/per/qspi.h **** 
 145:../../../../Dependencies/libDaisy/src/per/qspi.h ****     /**
 146:../../../../Dependencies/libDaisy/src/per/qspi.h ****          Erases a single sector of the chip.
 147:../../../../Dependencies/libDaisy/src/per/qspi.h ****         TODO: Document the size of this function.
 148:../../../../Dependencies/libDaisy/src/per/qspi.h ****         \param address Address of sector to erase
 149:../../../../Dependencies/libDaisy/src/per/qspi.h ****         \return Result::OK or Result::ERR
 150:../../../../Dependencies/libDaisy/src/per/qspi.h ****         */
 151:../../../../Dependencies/libDaisy/src/per/qspi.h ****     Result EraseSector(uint32_t address);
 152:../../../../Dependencies/libDaisy/src/per/qspi.h **** 
 153:../../../../Dependencies/libDaisy/src/per/qspi.h ****     /** Returns the current class status. Useful for debugging.
 154:../../../../Dependencies/libDaisy/src/per/qspi.h ****      *  \returns Status
 155:../../../../Dependencies/libDaisy/src/per/qspi.h ****      */
 156:../../../../Dependencies/libDaisy/src/per/qspi.h ****     Status GetStatus();
 157:../../../../Dependencies/libDaisy/src/per/qspi.h **** 
 158:../../../../Dependencies/libDaisy/src/per/qspi.h ****     /** Returns a pointer to the actual memory used
 159:../../../../Dependencies/libDaisy/src/per/qspi.h ****      *  The memory at this address is read-only
 160:../../../../Dependencies/libDaisy/src/per/qspi.h ****      *  to write to it use the Write function.
 161:../../../../Dependencies/libDaisy/src/per/qspi.h ****      *
 162:../../../../Dependencies/libDaisy/src/per/qspi.h ****      *  \param offset returns the pointer starting this
 163:../../../../Dependencies/libDaisy/src/per/qspi.h ****      *                many bytes into the memory
 164:../../../../Dependencies/libDaisy/src/per/qspi.h ****     */
 165:../../../../Dependencies/libDaisy/src/per/qspi.h ****     void* GetData(uint32_t offset = 0);
 166:../../../../Dependencies/libDaisy/src/per/qspi.h **** 
 167:../../../../Dependencies/libDaisy/src/per/qspi.h ****     QSPIHandle() : pimpl_(nullptr) {}
 5336              		.loc 24 167 5 view .LVU1344
 5337              	.LBB1479:
 5338              	.LBB1480:
 5339              		.loc 24 167 34 is_stmt 0 view .LVU1345
 5340 000a 7D48     		ldr	r0, .L207
 5341 000c 0024     		movs	r4, #0
 5342 000e 0460     		str	r4, [r0]
 5343              	.LVL434:
 5344              		.loc 24 167 34 view .LVU1346
 5345              	.LBE1480:
ARM GAS  C:\Users\Spencer\AppData\Local\Temp\ccWmt4tk.s 			page 193


 5346              	.LBE1479:
 5347              	.LBE1478:
 5348              	.LBB1481:
 5349              	.LBI1481:
  58:../../../../Dependencies/libDaisy/src/per/qspi.h ****     {
 5350              		.loc 24 58 12 is_stmt 1 view .LVU1347
 5351              	.LBB1482:
 5352              	.LBI1482:
  84:../../../../Dependencies/libDaisy/src/per/qspi.h ****             Pin io0; /**< & */
 5353              		.loc 24 84 9 view .LVU1348
 5354              	.LBB1483:
 5355              	.LBI1483:
 5356              		.loc 19 204 15 view .LVU1349
 5357              	.LBB1484:
 5358              	.LBB1485:
 5359              		.loc 19 204 43 is_stmt 0 view .LVU1350
 5360 0010 0B27     		movs	r7, #11
 5361 0012 0771     		strb	r7, [r0, #4]
 5362 0014 FF26     		movs	r6, #255
 5363 0016 4671     		strb	r6, [r0, #5]
 5364              	.LVL435:
 5365              		.loc 19 204 43 view .LVU1351
 5366              	.LBE1485:
 5367              	.LBE1484:
 5368              	.LBE1483:
 5369              	.LBB1486:
 5370              	.LBI1486:
 5371              		.loc 19 204 15 is_stmt 1 view .LVU1352
 5372              	.LBB1487:
 5373              	.LBB1488:
 5374              		.loc 19 204 43 is_stmt 0 view .LVU1353
 5375 0018 8771     		strb	r7, [r0, #6]
 5376 001a C671     		strb	r6, [r0, #7]
 5377              	.LVL436:
 5378              		.loc 19 204 43 view .LVU1354
 5379              	.LBE1488:
 5380              	.LBE1487:
 5381              	.LBE1486:
 5382              	.LBB1489:
 5383              	.LBI1489:
 5384              		.loc 19 204 15 is_stmt 1 view .LVU1355
 5385              	.LBB1490:
 5386              	.LBB1491:
 5387              		.loc 19 204 43 is_stmt 0 view .LVU1356
 5388 001c 0772     		strb	r7, [r0, #8]
 5389 001e 4672     		strb	r6, [r0, #9]
 5390              	.LVL437:
 5391              		.loc 19 204 43 view .LVU1357
 5392              	.LBE1491:
 5393              	.LBE1490:
 5394              	.LBE1489:
 5395              	.LBB1492:
 5396              	.LBI1492:
 5397              		.loc 19 204 15 is_stmt 1 view .LVU1358
 5398              	.LBB1493:
 5399              	.LBB1494:
 5400              		.loc 19 204 43 is_stmt 0 view .LVU1359
ARM GAS  C:\Users\Spencer\AppData\Local\Temp\ccWmt4tk.s 			page 194


 5401 0020 8772     		strb	r7, [r0, #10]
 5402 0022 C672     		strb	r6, [r0, #11]
 5403              	.LVL438:
 5404              		.loc 19 204 43 view .LVU1360
 5405              	.LBE1494:
 5406              	.LBE1493:
 5407              	.LBE1492:
 5408              	.LBB1495:
 5409              	.LBI1495:
 5410              		.loc 19 204 15 is_stmt 1 view .LVU1361
 5411              	.LBB1496:
 5412              	.LBB1497:
 5413              		.loc 19 204 43 is_stmt 0 view .LVU1362
 5414 0024 0773     		strb	r7, [r0, #12]
 5415 0026 4673     		strb	r6, [r0, #13]
 5416              	.LVL439:
 5417              		.loc 19 204 43 view .LVU1363
 5418              	.LBE1497:
 5419              	.LBE1496:
 5420              	.LBE1495:
 5421              	.LBB1498:
 5422              	.LBI1498:
 5423              		.loc 19 204 15 is_stmt 1 view .LVU1364
 5424              	.LBB1499:
 5425              	.LBB1500:
 5426              		.loc 19 204 43 is_stmt 0 view .LVU1365
 5427 0028 8773     		strb	r7, [r0, #14]
 5428 002a C673     		strb	r6, [r0, #15]
 5429              	.LVL440:
 5430              		.loc 19 204 43 view .LVU1366
 5431              	.LBE1500:
 5432              	.LBE1499:
 5433              	.LBE1498:
 5434              	.LBE1482:
 5435              	.LBE1481:
 5436              	.LBB1501:
 5437              	.LBI1501:
  87:../../../../Dependencies/libDaisy/src/hid/audio.h ****     ~AudioHandle() {}
 5438              		.loc 9 87 5 is_stmt 1 view .LVU1367
 5439              	.LBB1502:
 5440              	.LBB1503:
  87:../../../../Dependencies/libDaisy/src/hid/audio.h ****     ~AudioHandle() {}
 5441              		.loc 9 87 35 is_stmt 0 view .LVU1368
 5442 002c 4461     		str	r4, [r0, #20]
 5443              	.LVL441:
  87:../../../../Dependencies/libDaisy/src/hid/audio.h ****     ~AudioHandle() {}
 5444              		.loc 9 87 35 view .LVU1369
 5445              	.LBE1503:
 5446              	.LBE1502:
 5447              	.LBE1501:
 5448              	.LBB1504:
 5449              	.LBI1504:
 109:../../../../Dependencies/libDaisy/src/per/adc.h ****     ~AdcHandle() {}
 5450              		.loc 8 109 5 is_stmt 1 view .LVU1370
 109:../../../../Dependencies/libDaisy/src/per/adc.h ****     ~AdcHandle() {}
 5451              		.loc 8 109 5 is_stmt 0 view .LVU1371
 5452              	.LBE1504:
ARM GAS  C:\Users\Spencer\AppData\Local\Temp\ccWmt4tk.s 			page 195


 5453              	.LBB1505:
 5454              	.LBI1505:
 5455              		.file 25 "../../../../Dependencies/libDaisy/src/per/dac.h"
   1:../../../../Dependencies/libDaisy/src/per/dac.h **** #pragma once
   2:../../../../Dependencies/libDaisy/src/per/dac.h **** #ifndef DSY_DAC_H
   3:../../../../Dependencies/libDaisy/src/per/dac.h **** #define DSY_DAC_H
   4:../../../../Dependencies/libDaisy/src/per/dac.h **** #include "stm32h7xx_hal.h"
   5:../../../../Dependencies/libDaisy/src/per/dac.h **** #include "daisy_core.h"
   6:../../../../Dependencies/libDaisy/src/per/dac.h **** 
   7:../../../../Dependencies/libDaisy/src/per/dac.h **** namespace daisy
   8:../../../../Dependencies/libDaisy/src/per/dac.h **** {
   9:../../../../Dependencies/libDaisy/src/per/dac.h **** /** @brief DAC handle for Built-in DAC Peripheral 
  10:../../../../Dependencies/libDaisy/src/per/dac.h ****  *  @ingroup per_analog
  11:../../../../Dependencies/libDaisy/src/per/dac.h ****  ** 
  12:../../../../Dependencies/libDaisy/src/per/dac.h ****  ** For now only Normal Mode is supported,
  13:../../../../Dependencies/libDaisy/src/per/dac.h ****  ** Sample and hold mode provides reduced power consumption, but requires a bit more setup.
  14:../../../../Dependencies/libDaisy/src/per/dac.h ****  **
  15:../../../../Dependencies/libDaisy/src/per/dac.h ****  ** For now connecting the DAC through other internal peripherals is also not supported.
  16:../../../../Dependencies/libDaisy/src/per/dac.h ****  **
  17:../../../../Dependencies/libDaisy/src/per/dac.h ****  ** Since the DAC channels have dedicated pins we don't need to pass in a pin config like with
  18:../../../../Dependencies/libDaisy/src/per/dac.h ****  ** other modules. However, it is still important to not try to use the DAC pins for anything else.
  19:../../../../Dependencies/libDaisy/src/per/dac.h ****  ** DAC Channel 1 is on PA4, and DAC Channel 2 is on PA5
  20:../../../../Dependencies/libDaisy/src/per/dac.h ****  ***/
  21:../../../../Dependencies/libDaisy/src/per/dac.h **** class DacHandle
  22:../../../../Dependencies/libDaisy/src/per/dac.h **** {
  23:../../../../Dependencies/libDaisy/src/per/dac.h ****   public:
  24:../../../../Dependencies/libDaisy/src/per/dac.h ****     /** Return Values for the DacHandle class */
  25:../../../../Dependencies/libDaisy/src/per/dac.h ****     enum class Result
  26:../../../../Dependencies/libDaisy/src/per/dac.h ****     {
  27:../../../../Dependencies/libDaisy/src/per/dac.h ****         OK,
  28:../../../../Dependencies/libDaisy/src/per/dac.h ****         ERR,
  29:../../../../Dependencies/libDaisy/src/per/dac.h ****     };
  30:../../../../Dependencies/libDaisy/src/per/dac.h **** 
  31:../../../../Dependencies/libDaisy/src/per/dac.h ****     /** Selects which channel(s) will be configured for use. */
  32:../../../../Dependencies/libDaisy/src/per/dac.h ****     enum class Channel
  33:../../../../Dependencies/libDaisy/src/per/dac.h ****     {
  34:../../../../Dependencies/libDaisy/src/per/dac.h ****         ONE,
  35:../../../../Dependencies/libDaisy/src/per/dac.h ****         TWO,
  36:../../../../Dependencies/libDaisy/src/per/dac.h ****         BOTH,
  37:../../../../Dependencies/libDaisy/src/per/dac.h ****     };
  38:../../../../Dependencies/libDaisy/src/per/dac.h **** 
  39:../../../../Dependencies/libDaisy/src/per/dac.h ****     /** Sets the Mode for the DAC channels.
  40:../../../../Dependencies/libDaisy/src/per/dac.h ****      **
  41:../../../../Dependencies/libDaisy/src/per/dac.h ****      ** Polling mode uses the blocking mode to transmit a single value at a time.
  42:../../../../Dependencies/libDaisy/src/per/dac.h ****      **
  43:../../../../Dependencies/libDaisy/src/per/dac.h ****      ** DMA mode uses a buffer, and periodically transmits it triggering a 
  44:../../../../Dependencies/libDaisy/src/per/dac.h ****      ** callback to fill the buffer when it is ready for more samples.
  45:../../../../Dependencies/libDaisy/src/per/dac.h ****      ***/
  46:../../../../Dependencies/libDaisy/src/per/dac.h ****     enum class Mode
  47:../../../../Dependencies/libDaisy/src/per/dac.h ****     {
  48:../../../../Dependencies/libDaisy/src/per/dac.h ****         POLLING,
  49:../../../../Dependencies/libDaisy/src/per/dac.h ****         DMA,
  50:../../../../Dependencies/libDaisy/src/per/dac.h ****     };
  51:../../../../Dependencies/libDaisy/src/per/dac.h **** 
  52:../../../../Dependencies/libDaisy/src/per/dac.h ****     /** Sets the number of bits per sample transmitted out of the DAC.
  53:../../../../Dependencies/libDaisy/src/per/dac.h ****      ** The output range will be: 0V - VDDA
  54:../../../../Dependencies/libDaisy/src/per/dac.h ****      ** The resolution will be roughly: bitdepth / (VDDA - 0V) 
ARM GAS  C:\Users\Spencer\AppData\Local\Temp\ccWmt4tk.s 			page 196


  55:../../../../Dependencies/libDaisy/src/per/dac.h ****      ***/
  56:../../../../Dependencies/libDaisy/src/per/dac.h ****     enum class BitDepth
  57:../../../../Dependencies/libDaisy/src/per/dac.h ****     {
  58:../../../../Dependencies/libDaisy/src/per/dac.h ****         BITS_8,
  59:../../../../Dependencies/libDaisy/src/per/dac.h ****         BITS_12
  60:../../../../Dependencies/libDaisy/src/per/dac.h ****     };
  61:../../../../Dependencies/libDaisy/src/per/dac.h **** 
  62:../../../../Dependencies/libDaisy/src/per/dac.h ****     /** Sets whether the DAC output is buffered for higher drive ability. */
  63:../../../../Dependencies/libDaisy/src/per/dac.h ****     enum class BufferState
  64:../../../../Dependencies/libDaisy/src/per/dac.h ****     {
  65:../../../../Dependencies/libDaisy/src/per/dac.h ****         ENABLED,
  66:../../../../Dependencies/libDaisy/src/per/dac.h ****         DISABLED,
  67:../../../../Dependencies/libDaisy/src/per/dac.h ****     };
  68:../../../../Dependencies/libDaisy/src/per/dac.h **** 
  69:../../../../Dependencies/libDaisy/src/per/dac.h ****     /** Configuration structure for initializing the DAC structure. */
  70:../../../../Dependencies/libDaisy/src/per/dac.h ****     struct Config
  71:../../../../Dependencies/libDaisy/src/per/dac.h ****     {
  72:../../../../Dependencies/libDaisy/src/per/dac.h ****         /** Target Samplerate in Hz used to configure the internal 
  73:../../../../Dependencies/libDaisy/src/per/dac.h ****          ** timebase for DMA mode. Does nothing in POLLING mode.
  74:../../../../Dependencies/libDaisy/src/per/dac.h ****          ** If the value is 0 at Init time this will default to 48000Hz 
  75:../../../../Dependencies/libDaisy/src/per/dac.h ****          ** otherwise the driver will attempt meet the target.*/
  76:../../../../Dependencies/libDaisy/src/per/dac.h ****         uint32_t target_samplerate;
  77:../../../../Dependencies/libDaisy/src/per/dac.h **** 
  78:../../../../Dependencies/libDaisy/src/per/dac.h ****         Channel     chn;
  79:../../../../Dependencies/libDaisy/src/per/dac.h ****         Mode        mode;
  80:../../../../Dependencies/libDaisy/src/per/dac.h ****         BitDepth    bitdepth;
  81:../../../../Dependencies/libDaisy/src/per/dac.h ****         BufferState buff_state;
  82:../../../../Dependencies/libDaisy/src/per/dac.h ****     };
  83:../../../../Dependencies/libDaisy/src/per/dac.h **** 
  84:../../../../Dependencies/libDaisy/src/per/dac.h ****     DacHandle() : pimpl_(nullptr) {}
 5456              		.loc 25 84 5 is_stmt 1 view .LVU1372
 5457              	.LBB1506:
 5458              	.LBB1507:
 5459              		.loc 25 84 33 is_stmt 0 view .LVU1373
 5460 002e 0462     		str	r4, [r0, #32]
 5461              	.LVL442:
 5462              		.loc 25 84 33 view .LVU1374
 5463              	.LBE1507:
 5464              	.LBE1506:
 5465              	.LBE1505:
 5466              	.LBB1508:
 5467              	.LBI1508:
  40:../../../../Dependencies/libDaisy/src/hid/usb.h **** 
 5468              		.loc 7 40 5 is_stmt 1 view .LVU1375
  40:../../../../Dependencies/libDaisy/src/hid/usb.h **** 
 5469              		.loc 7 40 5 is_stmt 0 view .LVU1376
 5470              	.LBE1508:
 5471              	.LBB1509:
 5472              	.LBI1509:
 5473              		.loc 18 74 5 is_stmt 1 view .LVU1377
 5474              	.LBB1510:
 5475              	.LBB1511:
 5476              	.LBI1511:
  68:../../../../Dependencies/libDaisy/src/per/gpio.h ****         : pin(), mode(Mode::INPUT), pull(Pull::NOPULL), speed(Speed::LOW)
 5477              		.loc 18 68 9 view .LVU1378
 5478              	.LBB1512:
 5479              	.LBB1513:
ARM GAS  C:\Users\Spencer\AppData\Local\Temp\ccWmt4tk.s 			page 197


 5480              	.LBB1514:
 5481              	.LBI1514:
 5482              		.loc 19 204 15 view .LVU1379
 5483              	.LBB1515:
 5484              	.LBB1516:
 5485              		.loc 19 204 43 is_stmt 0 view .LVU1380
 5486 0030 80F82870 		strb	r7, [r0, #40]
 5487 0034 80F82960 		strb	r6, [r0, #41]
 5488              	.LVL443:
 5489              		.loc 19 204 43 view .LVU1381
 5490              	.LBE1516:
 5491              	.LBE1515:
 5492              	.LBE1514:
  69:../../../../Dependencies/libDaisy/src/per/gpio.h ****         {
 5493              		.loc 18 69 73 view .LVU1382
 5494 0038 C462     		str	r4, [r0, #44]
 5495 003a 0463     		str	r4, [r0, #48]
 5496 003c 4463     		str	r4, [r0, #52]
 5497              	.LVL444:
  69:../../../../Dependencies/libDaisy/src/per/gpio.h ****         {
 5498              		.loc 18 69 73 view .LVU1383
 5499              	.LBE1513:
 5500              	.LBE1512:
 5501              	.LBE1511:
 5502              	.LBE1510:
 5503              	.LBE1509:
 5504              	.LBB1517:
 5505              	.LBI1517:
 5506              		.loc 18 74 5 is_stmt 1 view .LVU1384
 5507              	.LBB1518:
 5508              	.LBB1519:
 5509              	.LBI1519:
  68:../../../../Dependencies/libDaisy/src/per/gpio.h ****         : pin(), mode(Mode::INPUT), pull(Pull::NOPULL), speed(Speed::LOW)
 5510              		.loc 18 68 9 view .LVU1385
 5511              	.LBB1520:
 5512              	.LBB1521:
 5513              	.LBB1522:
 5514              	.LBI1522:
 5515              		.loc 19 204 15 view .LVU1386
 5516              	.LBB1523:
 5517              	.LBB1524:
 5518              		.loc 19 204 43 is_stmt 0 view .LVU1387
 5519 003e 80F83C70 		strb	r7, [r0, #60]
 5520 0042 80F83D60 		strb	r6, [r0, #61]
 5521              	.LVL445:
 5522              		.loc 19 204 43 view .LVU1388
 5523              	.LBE1524:
 5524              	.LBE1523:
 5525              	.LBE1522:
  69:../../../../Dependencies/libDaisy/src/per/gpio.h ****         {
 5526              		.loc 18 69 73 view .LVU1389
 5527 0046 0464     		str	r4, [r0, #64]
 5528 0048 4464     		str	r4, [r0, #68]
 5529 004a 8464     		str	r4, [r0, #72]
 5530              	.LVL446:
  69:../../../../Dependencies/libDaisy/src/per/gpio.h ****         {
 5531              		.loc 18 69 73 view .LVU1390
ARM GAS  C:\Users\Spencer\AppData\Local\Temp\ccWmt4tk.s 			page 198


 5532              	.LBE1521:
 5533              	.LBE1520:
 5534              	.LBE1519:
 5535              	.LBE1518:
 5536              	.LBE1517:
 5537              	.LBB1525:
 5538              	.LBI1525:
  96:../../../../Dependencies/libDaisy/src/sys/system.h ****     ~System() {}
 5539              		.loc 6 96 5 is_stmt 1 view .LVU1391
  96:../../../../Dependencies/libDaisy/src/sys/system.h ****     ~System() {}
 5540              		.loc 6 96 5 is_stmt 0 view .LVU1392
 5541              	.LBE1525:
 5542              	.LBB1526:
 5543              	.LBI1526:
  20:../../../../Dependencies/libDaisy/src/dev/codec_ak4556.h ****     ~Ak4556() {}
 5544              		.loc 5 20 5 is_stmt 1 view .LVU1393
 5545              	.LBB1527:
 5546              	.LBI1527:
 5547              		.loc 18 74 5 view .LVU1394
 5548              	.LBB1528:
 5549              	.LBB1529:
 5550              	.LBI1529:
  68:../../../../Dependencies/libDaisy/src/per/gpio.h ****         : pin(), mode(Mode::INPUT), pull(Pull::NOPULL), speed(Speed::LOW)
 5551              		.loc 18 68 9 view .LVU1395
 5552              	.LBB1530:
 5553              	.LBB1531:
 5554              	.LBB1532:
 5555              	.LBI1532:
 5556              		.loc 19 204 15 view .LVU1396
 5557              	.LBB1533:
 5558              	.LBB1534:
 5559              		.loc 19 204 43 is_stmt 0 view .LVU1397
 5560 004c 80F85870 		strb	r7, [r0, #88]
 5561 0050 80F85960 		strb	r6, [r0, #89]
 5562              	.LVL447:
 5563              		.loc 19 204 43 view .LVU1398
 5564              	.LBE1534:
 5565              	.LBE1533:
 5566              	.LBE1532:
  69:../../../../Dependencies/libDaisy/src/per/gpio.h ****         {
 5567              		.loc 18 69 73 view .LVU1399
 5568 0054 C465     		str	r4, [r0, #92]
 5569 0056 0466     		str	r4, [r0, #96]
 5570 0058 4466     		str	r4, [r0, #100]
 5571              	.LVL448:
  69:../../../../Dependencies/libDaisy/src/per/gpio.h ****         {
 5572              		.loc 18 69 73 view .LVU1400
 5573              	.LBE1531:
 5574              	.LBE1530:
 5575              	.LBE1529:
 5576              	.LBE1528:
 5577              	.LBE1527:
 5578              	.LBE1526:
 5579              	.LBB1535:
 5580              	.LBI1535:
 5581              		.file 26 "../../../../Dependencies/libDaisy/src/per/sai.h"
   1:../../../../Dependencies/libDaisy/src/per/sai.h **** #pragma once
ARM GAS  C:\Users\Spencer\AppData\Local\Temp\ccWmt4tk.s 			page 199


   2:../../../../Dependencies/libDaisy/src/per/sai.h **** #ifndef DSY_SAI_H
   3:../../../../Dependencies/libDaisy/src/per/sai.h **** #define DSY_SAI_H
   4:../../../../Dependencies/libDaisy/src/per/sai.h **** 
   5:../../../../Dependencies/libDaisy/src/per/sai.h **** #include "util/hal_map.h"
   6:../../../../Dependencies/libDaisy/src/per/sai.h **** #include "daisy_core.h"
   7:../../../../Dependencies/libDaisy/src/per/sai.h **** 
   8:../../../../Dependencies/libDaisy/src/per/sai.h **** namespace daisy
   9:../../../../Dependencies/libDaisy/src/per/sai.h **** {
  10:../../../../Dependencies/libDaisy/src/per/sai.h **** /** 
  11:../../../../Dependencies/libDaisy/src/per/sai.h ****  * Support for I2S Audio Protocol with different bit-depth, samplerate options
  12:../../../../Dependencies/libDaisy/src/per/sai.h ****  * Allows for master or slave, as well as freedom of selecting direction, 
  13:../../../../Dependencies/libDaisy/src/per/sai.h ****  * and other behavior for each peripheral, and block.
  14:../../../../Dependencies/libDaisy/src/per/sai.h ****  * 
  15:../../../../Dependencies/libDaisy/src/per/sai.h ****  * DMA Transfer commands must use buffers located within non-cached memory or use cache maintenance
  16:../../../../Dependencies/libDaisy/src/per/sai.h ****  * To declare an unitialized global element in the DMA memory section:
  17:../../../../Dependencies/libDaisy/src/per/sai.h ****  *    int32_t DSY_DMA_BUFFER_SECTOR my_buffer[96];
  18:../../../../Dependencies/libDaisy/src/per/sai.h ****  *
  19:../../../../Dependencies/libDaisy/src/per/sai.h ****  * Callback functions will be called once per half of the buffer. In the above example, 
  20:../../../../Dependencies/libDaisy/src/per/sai.h ****  * the callback function would be called once for every 48 samples.
  21:../../../../Dependencies/libDaisy/src/per/sai.h ****  * 
  22:../../../../Dependencies/libDaisy/src/per/sai.h ****  * Use SAI Handle like this:
  23:../../../../Dependencies/libDaisy/src/per/sai.h ****  * 
  24:../../../../Dependencies/libDaisy/src/per/sai.h ****  *  SaiHandle::Config sai_config;
  25:../../../../Dependencies/libDaisy/src/per/sai.h ****  *  sai_config.periph          = SaiHandle::Config::Peripheral::SAI_1;
  26:../../../../Dependencies/libDaisy/src/per/sai.h ****  *  sai_config.sr              = SaiHandle::Config::SampleRate::SAI_48KHZ;
  27:../../../../Dependencies/libDaisy/src/per/sai.h ****  *  sai_config.bit_depth       = SaiHandle::Config::BitDepth::SAI_24BIT;
  28:../../../../Dependencies/libDaisy/src/per/sai.h ****  *  sai_config.a_sync          = SaiHandle::Config::Sync::MASTER;
  29:../../../../Dependencies/libDaisy/src/per/sai.h ****  *  sai_config.b_sync          = SaiHandle::Config::Sync::SLAVE;
  30:../../../../Dependencies/libDaisy/src/per/sai.h ****  *  sai_config.a_dir           = SaiHandle::Config::Direction::RECEIVE;
  31:../../../../Dependencies/libDaisy/src/per/sai.h ****  *  sai_config.b_dir           = SaiHandle::Config::Direction::TRANSMIT;
  32:../../../../Dependencies/libDaisy/src/per/sai.h ****  *  sai_config.pin_config.fs   = {DSY_GPIOE, 4};
  33:../../../../Dependencies/libDaisy/src/per/sai.h ****  *  sai_config.pin_config.mclk = {DSY_GPIOE, 2};
  34:../../../../Dependencies/libDaisy/src/per/sai.h ****  *  sai_config.pin_config.sck  = {DSY_GPIOE, 5};
  35:../../../../Dependencies/libDaisy/src/per/sai.h ****  *  sai_config.pin_config.sa   = {DSY_GPIOE, 6};
  36:../../../../Dependencies/libDaisy/src/per/sai.h ****  *  sai_config.pin_config.sb   = {DSY_GPIOE, 3};
  37:../../../../Dependencies/libDaisy/src/per/sai.h ****  *  // Then Initialize
  38:../../../../Dependencies/libDaisy/src/per/sai.h ****  *  SaiHandle sai;
  39:../../../../Dependencies/libDaisy/src/per/sai.h ****  *  sai.Init(sai_config);
  40:../../../../Dependencies/libDaisy/src/per/sai.h ****  *  // Now you can use it:
  41:../../../../Dependencies/libDaisy/src/per/sai.h ****  *  sai.StartDma(. . .);
  42:../../../../Dependencies/libDaisy/src/per/sai.h ****  */
  43:../../../../Dependencies/libDaisy/src/per/sai.h **** class SaiHandle
  44:../../../../Dependencies/libDaisy/src/per/sai.h **** {
  45:../../../../Dependencies/libDaisy/src/per/sai.h ****   public:
  46:../../../../Dependencies/libDaisy/src/per/sai.h ****     /** Contains settings for initialising an SAI Interface */
  47:../../../../Dependencies/libDaisy/src/per/sai.h ****     struct Config
  48:../../../../Dependencies/libDaisy/src/per/sai.h ****     {
  49:../../../../Dependencies/libDaisy/src/per/sai.h ****         /** Specifies the internal peripheral to use (mapped to different hardware pins) */
  50:../../../../Dependencies/libDaisy/src/per/sai.h ****         enum class Peripheral
  51:../../../../Dependencies/libDaisy/src/per/sai.h ****         {
  52:../../../../Dependencies/libDaisy/src/per/sai.h ****             SAI_1,
  53:../../../../Dependencies/libDaisy/src/per/sai.h ****             SAI_2,
  54:../../../../Dependencies/libDaisy/src/per/sai.h ****         };
  55:../../../../Dependencies/libDaisy/src/per/sai.h **** 
  56:../../../../Dependencies/libDaisy/src/per/sai.h ****         /** Rate at which samples will be streaming to/from the device. */
  57:../../../../Dependencies/libDaisy/src/per/sai.h ****         enum class SampleRate
  58:../../../../Dependencies/libDaisy/src/per/sai.h ****         {
ARM GAS  C:\Users\Spencer\AppData\Local\Temp\ccWmt4tk.s 			page 200


  59:../../../../Dependencies/libDaisy/src/per/sai.h ****             SAI_8KHZ,
  60:../../../../Dependencies/libDaisy/src/per/sai.h ****             SAI_16KHZ,
  61:../../../../Dependencies/libDaisy/src/per/sai.h ****             SAI_32KHZ,
  62:../../../../Dependencies/libDaisy/src/per/sai.h ****             SAI_48KHZ,
  63:../../../../Dependencies/libDaisy/src/per/sai.h ****             SAI_96KHZ,
  64:../../../../Dependencies/libDaisy/src/per/sai.h ****         };
  65:../../../../Dependencies/libDaisy/src/per/sai.h **** 
  66:../../../../Dependencies/libDaisy/src/per/sai.h ****         /** Bit Depth that the hardware expects to be transferred to/from the device. */
  67:../../../../Dependencies/libDaisy/src/per/sai.h ****         enum class BitDepth
  68:../../../../Dependencies/libDaisy/src/per/sai.h ****         {
  69:../../../../Dependencies/libDaisy/src/per/sai.h ****             SAI_16BIT,
  70:../../../../Dependencies/libDaisy/src/per/sai.h ****             SAI_24BIT,
  71:../../../../Dependencies/libDaisy/src/per/sai.h ****             SAI_32BIT,
  72:../../../../Dependencies/libDaisy/src/per/sai.h ****         };
  73:../../../../Dependencies/libDaisy/src/per/sai.h **** 
  74:../../../../Dependencies/libDaisy/src/per/sai.h ****         /** Specifies whether a particular block is the master or the slave 
  75:../../../../Dependencies/libDaisy/src/per/sai.h ****          ** If both are set to slave, no MCLK signal will be used, and it is
  76:../../../../Dependencies/libDaisy/src/per/sai.h ****          ** expected that the codec will have its own xtal.
  77:../../../../Dependencies/libDaisy/src/per/sai.h ****          */
  78:../../../../Dependencies/libDaisy/src/per/sai.h ****         enum class Sync
  79:../../../../Dependencies/libDaisy/src/per/sai.h ****         {
  80:../../../../Dependencies/libDaisy/src/per/sai.h ****             MASTER,
  81:../../../../Dependencies/libDaisy/src/per/sai.h ****             SLAVE,
  82:../../../../Dependencies/libDaisy/src/per/sai.h ****         };
  83:../../../../Dependencies/libDaisy/src/per/sai.h **** 
  84:../../../../Dependencies/libDaisy/src/per/sai.h ****         /** Specifies the direction for each peripheral block. */
  85:../../../../Dependencies/libDaisy/src/per/sai.h ****         enum class Direction
  86:../../../../Dependencies/libDaisy/src/per/sai.h ****         {
  87:../../../../Dependencies/libDaisy/src/per/sai.h ****             TRANSMIT,
  88:../../../../Dependencies/libDaisy/src/per/sai.h ****             RECEIVE,
  89:../../../../Dependencies/libDaisy/src/per/sai.h ****         };
  90:../../../../Dependencies/libDaisy/src/per/sai.h **** 
  91:../../../../Dependencies/libDaisy/src/per/sai.h ****         Peripheral periph;
  92:../../../../Dependencies/libDaisy/src/per/sai.h ****         struct
  93:../../../../Dependencies/libDaisy/src/per/sai.h ****         {
  94:../../../../Dependencies/libDaisy/src/per/sai.h ****             Pin mclk, fs, sck, sa, sb;
  95:../../../../Dependencies/libDaisy/src/per/sai.h ****         } pin_config;
  96:../../../../Dependencies/libDaisy/src/per/sai.h ****         SampleRate sr;
  97:../../../../Dependencies/libDaisy/src/per/sai.h ****         BitDepth   bit_depth;
  98:../../../../Dependencies/libDaisy/src/per/sai.h ****         Sync       a_sync, b_sync;
  99:../../../../Dependencies/libDaisy/src/per/sai.h ****         Direction  a_dir, b_dir;
 100:../../../../Dependencies/libDaisy/src/per/sai.h ****     };
 101:../../../../Dependencies/libDaisy/src/per/sai.h **** 
 102:../../../../Dependencies/libDaisy/src/per/sai.h ****     /** Return values for SAI functions */
 103:../../../../Dependencies/libDaisy/src/per/sai.h ****     enum class Result
 104:../../../../Dependencies/libDaisy/src/per/sai.h ****     {
 105:../../../../Dependencies/libDaisy/src/per/sai.h ****         OK,
 106:../../../../Dependencies/libDaisy/src/per/sai.h ****         ERR,
 107:../../../../Dependencies/libDaisy/src/per/sai.h ****     };
 108:../../../../Dependencies/libDaisy/src/per/sai.h **** 
 109:../../../../Dependencies/libDaisy/src/per/sai.h ****     SaiHandle() : pimpl_(nullptr) {}
 5582              		.loc 26 109 5 is_stmt 1 view .LVU1401
 5583              	.LBB1536:
 5584              	.LBB1537:
 5585              		.loc 26 109 33 is_stmt 0 view .LVU1402
 5586 005a 0467     		str	r4, [r0, #112]
 5587              	.LVL449:
ARM GAS  C:\Users\Spencer\AppData\Local\Temp\ccWmt4tk.s 			page 201


 5588              		.loc 26 109 33 view .LVU1403
 5589              	.LBE1537:
 5590              	.LBE1536:
 5591              	.LBE1535:
 5592              	.LBE1477:
 5593              	.LBE1476:
  50:Marigold.cpp  **** 
 5594              		.loc 14 50 11 view .LVU1404
 5595 005c 694D     		ldr	r5, .L207+4
 5596 005e 2A46     		mov	r2, r5
 5597 0060 6949     		ldr	r1, .L207+8
 5598 0062 FFF7FEFF 		bl	__aeabi_atexit
 5599              	.LVL450:
 5600              	.LBB1538:
 5601              	.LBI1538:
 5602              		.loc 18 74 5 is_stmt 1 view .LVU1405
 5603              	.LBB1539:
 5604              	.LBB1540:
 5605              	.LBI1540:
  68:../../../../Dependencies/libDaisy/src/per/gpio.h ****         : pin(), mode(Mode::INPUT), pull(Pull::NOPULL), speed(Speed::LOW)
 5606              		.loc 18 68 9 view .LVU1406
 5607              	.LBB1541:
 5608              	.LBB1542:
 5609              	.LBB1543:
 5610              	.LBI1543:
 5611              		.loc 19 204 15 view .LVU1407
 5612              	.LBB1544:
 5613              	.LBB1545:
 5614              		.loc 19 204 43 is_stmt 0 view .LVU1408
 5615 0066 694B     		ldr	r3, .L207+12
 5616 0068 1F70     		strb	r7, [r3]
 5617 006a 5E70     		strb	r6, [r3, #1]
 5618              	.LVL451:
 5619              		.loc 19 204 43 view .LVU1409
 5620              	.LBE1545:
 5621              	.LBE1544:
 5622              	.LBE1543:
  69:../../../../Dependencies/libDaisy/src/per/gpio.h ****         {
 5623              		.loc 18 69 73 view .LVU1410
 5624 006c 5C60     		str	r4, [r3, #4]
 5625 006e 9C60     		str	r4, [r3, #8]
 5626 0070 DC60     		str	r4, [r3, #12]
 5627              	.LVL452:
  69:../../../../Dependencies/libDaisy/src/per/gpio.h ****         {
 5628              		.loc 18 69 73 view .LVU1411
 5629              	.LBE1542:
 5630              	.LBE1541:
 5631              	.LBE1540:
 5632              	.LBE1539:
 5633              	.LBE1538:
 5634              	.LBB1546:
 5635              	.LBI1546:
 5636              		.loc 18 74 5 is_stmt 1 view .LVU1412
 5637              	.LBB1547:
 5638              	.LBB1548:
 5639              	.LBI1548:
  68:../../../../Dependencies/libDaisy/src/per/gpio.h ****         : pin(), mode(Mode::INPUT), pull(Pull::NOPULL), speed(Speed::LOW)
ARM GAS  C:\Users\Spencer\AppData\Local\Temp\ccWmt4tk.s 			page 202


 5640              		.loc 18 68 9 view .LVU1413
 5641              	.LBB1549:
 5642              	.LBB1550:
 5643              	.LBB1551:
 5644              	.LBI1551:
 5645              		.loc 19 204 15 view .LVU1414
 5646              	.LBB1552:
 5647              	.LBB1553:
 5648              		.loc 19 204 43 is_stmt 0 view .LVU1415
 5649 0072 674B     		ldr	r3, .L207+16
 5650 0074 1F70     		strb	r7, [r3]
 5651 0076 5E70     		strb	r6, [r3, #1]
 5652              	.LVL453:
 5653              		.loc 19 204 43 view .LVU1416
 5654              	.LBE1553:
 5655              	.LBE1552:
 5656              	.LBE1551:
  69:../../../../Dependencies/libDaisy/src/per/gpio.h ****         {
 5657              		.loc 18 69 73 view .LVU1417
 5658 0078 5C60     		str	r4, [r3, #4]
 5659 007a 9C60     		str	r4, [r3, #8]
 5660 007c DC60     		str	r4, [r3, #12]
 5661              	.LVL454:
  69:../../../../Dependencies/libDaisy/src/per/gpio.h ****         {
 5662              		.loc 18 69 73 view .LVU1418
 5663              	.LBE1550:
 5664              	.LBE1549:
 5665              	.LBE1548:
 5666              	.LBE1547:
 5667              	.LBE1546:
 5668              	.LBB1554:
 5669              	.LBI1554:
  25:../../../../Dependencies/libDaisy/src/hid/parameter.h ****     /** Destructor */
 5670              		.loc 2 25 5 is_stmt 1 view .LVU1419
 5671              	.LBB1555:
 5672              	.LBB1556:
 5673              	.LBI1556:
  21:../../../../Dependencies/libDaisy/src/hid/ctrl.h ****     /** destructor */
 5674              		.loc 1 21 5 view .LVU1420
  21:../../../../Dependencies/libDaisy/src/hid/ctrl.h ****     /** destructor */
 5675              		.loc 1 21 5 is_stmt 0 view .LVU1421
 5676              	.LBE1556:
 5677              	.LBE1555:
 5678              	.LBE1554:
  77:Marigold.cpp  **** 
 5679              		.loc 14 77 11 view .LVU1422
 5680 007e DFF82482 		ldr	r8, .L207+164
 5681 0082 2A46     		mov	r2, r5
 5682 0084 4146     		mov	r1, r8
 5683 0086 6348     		ldr	r0, .L207+20
 5684 0088 FFF7FEFF 		bl	__aeabi_atexit
 5685              	.LVL455:
 5686              	.LBB1557:
 5687              	.LBI1557:
  25:../../../../Dependencies/libDaisy/src/hid/parameter.h ****     /** Destructor */
 5688              		.loc 2 25 5 is_stmt 1 view .LVU1423
 5689              	.LBB1558:
ARM GAS  C:\Users\Spencer\AppData\Local\Temp\ccWmt4tk.s 			page 203


 5690              	.LBB1559:
 5691              	.LBI1559:
  21:../../../../Dependencies/libDaisy/src/hid/ctrl.h ****     /** destructor */
 5692              		.loc 1 21 5 view .LVU1424
  21:../../../../Dependencies/libDaisy/src/hid/ctrl.h ****     /** destructor */
 5693              		.loc 1 21 5 is_stmt 0 view .LVU1425
 5694              	.LBE1559:
 5695              	.LBE1558:
 5696              	.LBE1557:
  77:Marigold.cpp  **** 
 5697              		.loc 14 77 18 view .LVU1426
 5698 008c 2A46     		mov	r2, r5
 5699 008e 4146     		mov	r1, r8
 5700 0090 6148     		ldr	r0, .L207+24
 5701 0092 FFF7FEFF 		bl	__aeabi_atexit
 5702              	.LVL456:
 5703              	.LBB1560:
 5704              	.LBI1560:
  25:../../../../Dependencies/libDaisy/src/hid/parameter.h ****     /** Destructor */
 5705              		.loc 2 25 5 is_stmt 1 view .LVU1427
 5706              	.LBB1561:
 5707              	.LBB1562:
 5708              	.LBI1562:
  21:../../../../Dependencies/libDaisy/src/hid/ctrl.h ****     /** destructor */
 5709              		.loc 1 21 5 view .LVU1428
  21:../../../../Dependencies/libDaisy/src/hid/ctrl.h ****     /** destructor */
 5710              		.loc 1 21 5 is_stmt 0 view .LVU1429
 5711              	.LBE1562:
 5712              	.LBE1561:
 5713              	.LBE1560:
  77:Marigold.cpp  **** 
 5714              		.loc 14 77 23 view .LVU1430
 5715 0096 2A46     		mov	r2, r5
 5716 0098 4146     		mov	r1, r8
 5717 009a 6048     		ldr	r0, .L207+28
 5718 009c FFF7FEFF 		bl	__aeabi_atexit
 5719              	.LVL457:
 5720              	.LBB1563:
 5721              	.LBI1563:
  25:../../../../Dependencies/libDaisy/src/hid/parameter.h ****     /** Destructor */
 5722              		.loc 2 25 5 is_stmt 1 view .LVU1431
 5723              	.LBB1564:
 5724              	.LBB1565:
 5725              	.LBI1565:
  21:../../../../Dependencies/libDaisy/src/hid/ctrl.h ****     /** destructor */
 5726              		.loc 1 21 5 view .LVU1432
  21:../../../../Dependencies/libDaisy/src/hid/ctrl.h ****     /** destructor */
 5727              		.loc 1 21 5 is_stmt 0 view .LVU1433
 5728              	.LBE1565:
 5729              	.LBE1564:
 5730              	.LBE1563:
  77:Marigold.cpp  **** 
 5731              		.loc 14 77 29 view .LVU1434
 5732 00a0 2A46     		mov	r2, r5
 5733 00a2 4146     		mov	r1, r8
 5734 00a4 5E48     		ldr	r0, .L207+32
 5735 00a6 FFF7FEFF 		bl	__aeabi_atexit
ARM GAS  C:\Users\Spencer\AppData\Local\Temp\ccWmt4tk.s 			page 204


 5736              	.LVL458:
 5737              	.LBB1566:
 5738              	.LBI1566:
  25:../../../../Dependencies/libDaisy/src/hid/parameter.h ****     /** Destructor */
 5739              		.loc 2 25 5 is_stmt 1 view .LVU1435
 5740              	.LBB1567:
 5741              	.LBB1568:
 5742              	.LBI1568:
  21:../../../../Dependencies/libDaisy/src/hid/ctrl.h ****     /** destructor */
 5743              		.loc 1 21 5 view .LVU1436
  21:../../../../Dependencies/libDaisy/src/hid/ctrl.h ****     /** destructor */
 5744              		.loc 1 21 5 is_stmt 0 view .LVU1437
 5745              	.LBE1568:
 5746              	.LBE1567:
 5747              	.LBE1566:
  77:Marigold.cpp  **** 
 5748              		.loc 14 77 38 view .LVU1438
 5749 00aa 2A46     		mov	r2, r5
 5750 00ac 4146     		mov	r1, r8
 5751 00ae 5D48     		ldr	r0, .L207+36
 5752 00b0 FFF7FEFF 		bl	__aeabi_atexit
 5753              	.LVL459:
 5754              	.LBB1569:
 5755              	.LBI1569:
  25:../../../../Dependencies/libDaisy/src/hid/parameter.h ****     /** Destructor */
 5756              		.loc 2 25 5 is_stmt 1 view .LVU1439
 5757              	.LBB1570:
 5758              	.LBB1571:
 5759              	.LBI1571:
  21:../../../../Dependencies/libDaisy/src/hid/ctrl.h ****     /** destructor */
 5760              		.loc 1 21 5 view .LVU1440
  21:../../../../Dependencies/libDaisy/src/hid/ctrl.h ****     /** destructor */
 5761              		.loc 1 21 5 is_stmt 0 view .LVU1441
 5762              	.LBE1571:
 5763              	.LBE1570:
 5764              	.LBE1569:
  77:Marigold.cpp  **** 
 5765              		.loc 14 77 52 view .LVU1442
 5766 00b4 2A46     		mov	r2, r5
 5767 00b6 4146     		mov	r1, r8
 5768 00b8 5B48     		ldr	r0, .L207+40
 5769 00ba FFF7FEFF 		bl	__aeabi_atexit
 5770              	.LVL460:
 5771              	.LBB1572:
 5772              	.LBI1572:
 5773              		.loc 18 74 5 is_stmt 1 view .LVU1443
 5774              	.LBB1573:
 5775              	.LBB1574:
 5776              	.LBI1574:
  68:../../../../Dependencies/libDaisy/src/per/gpio.h ****         : pin(), mode(Mode::INPUT), pull(Pull::NOPULL), speed(Speed::LOW)
 5777              		.loc 18 68 9 view .LVU1444
 5778              	.LBB1575:
 5779              	.LBB1576:
 5780              	.LBB1577:
 5781              	.LBI1577:
 5782              		.loc 19 204 15 view .LVU1445
 5783              	.LBB1578:
ARM GAS  C:\Users\Spencer\AppData\Local\Temp\ccWmt4tk.s 			page 205


 5784              	.LBB1579:
 5785              		.loc 19 204 43 is_stmt 0 view .LVU1446
 5786 00be 5B4B     		ldr	r3, .L207+44
 5787 00c0 1F70     		strb	r7, [r3]
 5788 00c2 5E70     		strb	r6, [r3, #1]
 5789              	.LVL461:
 5790              		.loc 19 204 43 view .LVU1447
 5791              	.LBE1579:
 5792              	.LBE1578:
 5793              	.LBE1577:
  69:../../../../Dependencies/libDaisy/src/per/gpio.h ****         {
 5794              		.loc 18 69 73 view .LVU1448
 5795 00c4 5C60     		str	r4, [r3, #4]
 5796 00c6 9C60     		str	r4, [r3, #8]
 5797 00c8 DC60     		str	r4, [r3, #12]
 5798              	.LVL462:
  69:../../../../Dependencies/libDaisy/src/per/gpio.h ****         {
 5799              		.loc 18 69 73 view .LVU1449
 5800              	.LBE1576:
 5801              	.LBE1575:
 5802              	.LBE1574:
 5803              	.LBE1573:
 5804              	.LBE1572:
 5805              	.LBB1580:
 5806              	.LBI1580:
 5807              		.loc 18 74 5 is_stmt 1 view .LVU1450
 5808              	.LBB1581:
 5809              	.LBB1582:
 5810              	.LBI1582:
  68:../../../../Dependencies/libDaisy/src/per/gpio.h ****         : pin(), mode(Mode::INPUT), pull(Pull::NOPULL), speed(Speed::LOW)
 5811              		.loc 18 68 9 view .LVU1451
 5812              	.LBB1583:
 5813              	.LBB1584:
 5814              	.LBB1585:
 5815              	.LBI1585:
 5816              		.loc 19 204 15 view .LVU1452
 5817              	.LBB1586:
 5818              	.LBB1587:
 5819              		.loc 19 204 43 is_stmt 0 view .LVU1453
 5820 00ca 594B     		ldr	r3, .L207+48
 5821 00cc 1F70     		strb	r7, [r3]
 5822 00ce 5E70     		strb	r6, [r3, #1]
 5823              	.LVL463:
 5824              		.loc 19 204 43 view .LVU1454
 5825              	.LBE1587:
 5826              	.LBE1586:
 5827              	.LBE1585:
  69:../../../../Dependencies/libDaisy/src/per/gpio.h ****         {
 5828              		.loc 18 69 73 view .LVU1455
 5829 00d0 5C60     		str	r4, [r3, #4]
 5830 00d2 9C60     		str	r4, [r3, #8]
 5831 00d4 DC60     		str	r4, [r3, #12]
 5832              	.LVL464:
  69:../../../../Dependencies/libDaisy/src/per/gpio.h ****         {
 5833              		.loc 18 69 73 view .LVU1456
 5834              	.LBE1584:
 5835              	.LBE1583:
ARM GAS  C:\Users\Spencer\AppData\Local\Temp\ccWmt4tk.s 			page 206


 5836              	.LBE1582:
 5837              	.LBE1581:
 5838              	.LBE1580:
 5839              	.LBB1588:
 5840              	.LBI1588:
  24:../../../../Dependencies/libDaisy/src/hid/led.h ****     ~Led() {}
 5841              		.loc 3 24 5 is_stmt 1 view .LVU1457
 5842              	.LBB1589:
 5843              	.LBB1590:
 5844              	.LBI1590:
 5845              		.loc 18 74 5 view .LVU1458
 5846              	.LBB1591:
 5847              	.LBB1592:
 5848              	.LBI1592:
  68:../../../../Dependencies/libDaisy/src/per/gpio.h ****         : pin(), mode(Mode::INPUT), pull(Pull::NOPULL), speed(Speed::LOW)
 5849              		.loc 18 68 9 view .LVU1459
 5850              	.LBB1593:
 5851              	.LBB1594:
 5852              	.LBB1595:
 5853              	.LBI1595:
 5854              		.loc 19 204 15 view .LVU1460
 5855              	.LBB1596:
 5856              	.LBB1597:
 5857              		.loc 19 204 43 is_stmt 0 view .LVU1461
 5858 00d6 5748     		ldr	r0, .L207+52
 5859 00d8 0776     		strb	r7, [r0, #24]
 5860 00da 4676     		strb	r6, [r0, #25]
 5861              	.LVL465:
 5862              		.loc 19 204 43 view .LVU1462
 5863              	.LBE1597:
 5864              	.LBE1596:
 5865              	.LBE1595:
  69:../../../../Dependencies/libDaisy/src/per/gpio.h ****         {
 5866              		.loc 18 69 73 view .LVU1463
 5867 00dc C461     		str	r4, [r0, #28]
 5868 00de 0462     		str	r4, [r0, #32]
 5869 00e0 4462     		str	r4, [r0, #36]
 5870              	.LVL466:
  69:../../../../Dependencies/libDaisy/src/per/gpio.h ****         {
 5871              		.loc 18 69 73 view .LVU1464
 5872              	.LBE1594:
 5873              	.LBE1593:
 5874              	.LBE1592:
 5875              	.LBE1591:
 5876              	.LBE1590:
 5877              	.LBE1589:
 5878              	.LBE1588:
  98:Marigold.cpp  **** 
 5879              		.loc 14 98 5 view .LVU1465
 5880 00e2 DFF8C481 		ldr	r8, .L207+168
 5881 00e6 2A46     		mov	r2, r5
 5882 00e8 4146     		mov	r1, r8
 5883 00ea FFF7FEFF 		bl	__aeabi_atexit
 5884              	.LVL467:
 5885              	.LBB1598:
 5886              	.LBI1598:
  24:../../../../Dependencies/libDaisy/src/hid/led.h ****     ~Led() {}
ARM GAS  C:\Users\Spencer\AppData\Local\Temp\ccWmt4tk.s 			page 207


 5887              		.loc 3 24 5 is_stmt 1 view .LVU1466
 5888              	.LBB1599:
 5889              	.LBB1600:
 5890              	.LBI1600:
 5891              		.loc 18 74 5 view .LVU1467
 5892              	.LBB1601:
 5893              	.LBB1602:
 5894              	.LBI1602:
  68:../../../../Dependencies/libDaisy/src/per/gpio.h ****         : pin(), mode(Mode::INPUT), pull(Pull::NOPULL), speed(Speed::LOW)
 5895              		.loc 18 68 9 view .LVU1468
 5896              	.LBB1603:
 5897              	.LBB1604:
 5898              	.LBB1605:
 5899              	.LBI1605:
 5900              		.loc 19 204 15 view .LVU1469
 5901              	.LBB1606:
 5902              	.LBB1607:
 5903              		.loc 19 204 43 is_stmt 0 view .LVU1470
 5904 00ee 5248     		ldr	r0, .L207+56
 5905 00f0 0776     		strb	r7, [r0, #24]
 5906 00f2 4676     		strb	r6, [r0, #25]
 5907              	.LVL468:
 5908              		.loc 19 204 43 view .LVU1471
 5909              	.LBE1607:
 5910              	.LBE1606:
 5911              	.LBE1605:
  69:../../../../Dependencies/libDaisy/src/per/gpio.h ****         {
 5912              		.loc 18 69 73 view .LVU1472
 5913 00f4 C461     		str	r4, [r0, #28]
 5914 00f6 0462     		str	r4, [r0, #32]
 5915 00f8 4462     		str	r4, [r0, #36]
 5916              	.LVL469:
  69:../../../../Dependencies/libDaisy/src/per/gpio.h ****         {
 5917              		.loc 18 69 73 view .LVU1473
 5918              	.LBE1604:
 5919              	.LBE1603:
 5920              	.LBE1602:
 5921              	.LBE1601:
 5922              	.LBE1600:
 5923              	.LBE1599:
 5924              	.LBE1598:
  98:Marigold.cpp  **** 
 5925              		.loc 14 98 11 view .LVU1474
 5926 00fa 2A46     		mov	r2, r5
 5927 00fc 4146     		mov	r1, r8
 5928 00fe FFF7FEFF 		bl	__aeabi_atexit
 5929              	.LVL470:
 5930              	.LBB1608:
 5931              	.LBI1608:
  31:../../../../Dependencies/DaisySP/Source/Effects/sampleratereducer.h ****     ~SampleRateReducer() {}
 5932              		.loc 11 31 5 is_stmt 1 view .LVU1475
  31:../../../../Dependencies/DaisySP/Source/Effects/sampleratereducer.h ****     ~SampleRateReducer() {}
 5933              		.loc 11 31 5 is_stmt 0 view .LVU1476
 5934              	.LBE1608:
 103:Marigold.cpp  **** Tone lowpass;
 5935              		.loc 14 103 19 view .LVU1477
 5936 0102 2A46     		mov	r2, r5
ARM GAS  C:\Users\Spencer\AppData\Local\Temp\ccWmt4tk.s 			page 208


 5937 0104 4D49     		ldr	r1, .L207+60
 5938 0106 4E48     		ldr	r0, .L207+64
 5939 0108 FFF7FEFF 		bl	__aeabi_atexit
 5940              	.LVL471:
 5941              	.LBB1609:
 5942              	.LBI1609:
  22:../../../../Dependencies/DaisySP/DaisySP-LGPL/Source/Filters/tone.h ****     ~Tone() {}
 5943              		.loc 12 22 5 is_stmt 1 view .LVU1478
  22:../../../../Dependencies/DaisySP/DaisySP-LGPL/Source/Filters/tone.h ****     ~Tone() {}
 5944              		.loc 12 22 5 is_stmt 0 view .LVU1479
 5945              	.LBE1609:
 104:Marigold.cpp  **** int reverb_mode = 1;   // HARDCODED: center = normal
 5946              		.loc 14 104 6 view .LVU1480
 5947 010c 2A46     		mov	r2, r5
 5948 010e 4D49     		ldr	r1, .L207+68
 5949 0110 4D48     		ldr	r0, .L207+72
 5950 0112 FFF7FEFF 		bl	__aeabi_atexit
 5951              	.LVL472:
 5952              	.LBB1610:
 5953              	.LBI1610:
 601:c:\program files\daisytoolchain\arm-none-eabi\include\c++\10.2.1\bits\std_function.h ****       function(_Functor __f)
 5954              		.loc 13 601 7 is_stmt 1 view .LVU1481
 5955              	.LBB1611:
 5956              	.LBB1612:
 5957              	.LBI1612:
 240:c:\program files\daisytoolchain\arm-none-eabi\include\c++\10.2.1\bits\std_function.h **** 
 5958              		.loc 13 240 5 view .LVU1482
 240:c:\program files\daisytoolchain\arm-none-eabi\include\c++\10.2.1\bits\std_function.h **** 
 5959              		.loc 13 240 5 is_stmt 0 view .LVU1483
 5960              	.LBE1612:
 5961              	.LBB1613:
 5962              	.LBB1614:
 5963              	.LBI1614:
 227:c:\program files\daisytoolchain\arm-none-eabi\include\c++\10.2.1\bits\std_function.h **** 	  { return true; }
 5964              		.loc 13 227 4 is_stmt 1 view .LVU1484
 227:c:\program files\daisytoolchain\arm-none-eabi\include\c++\10.2.1\bits\std_function.h **** 	  { return true; }
 5965              		.loc 13 227 4 is_stmt 0 view .LVU1485
 5966              	.LBE1614:
 5967              	.LBB1615:
 5968              	.LBI1615:
 101:c:\program files\daisytoolchain\arm-none-eabi\include\c++\10.2.1\bits\move.h ****     { return static_cast<typename std::remove_reference<_Tp>::type&&>(__t); }
 5969              		.loc 22 101 5 is_stmt 1 view .LVU1486
 101:c:\program files\daisytoolchain\arm-none-eabi\include\c++\10.2.1\bits\move.h ****     { return static_cast<typename std::remove_reference<_Tp>::type&&>(__t); }
 5970              		.loc 22 101 5 is_stmt 0 view .LVU1487
 5971              	.LBE1615:
 5972              	.LBB1616:
 5973              	.LBI1616:
 207:c:\program files\daisytoolchain\arm-none-eabi\include\c++\10.2.1\bits\std_function.h **** 	{ _M_init_functor(__functor, std::move(__f), _Local_storage()); }
 5974              		.loc 13 207 2 is_stmt 1 view .LVU1488
 207:c:\program files\daisytoolchain\arm-none-eabi\include\c++\10.2.1\bits\std_function.h **** 	{ _M_init_functor(__functor, std::move(__f), _Local_storage()); }
 5975              		.loc 13 207 2 is_stmt 0 view .LVU1489
 5976              	.LBE1616:
 5977              	.LBE1613:
 5978              	.LBE1611:
 5979              	.LBE1610:
 5980              	.LBE1475:
 5981              	.LBE1474:
ARM GAS  C:\Users\Spencer\AppData\Local\Temp\ccWmt4tk.s 			page 209


  87:c:\program files\daisytoolchain\arm-none-eabi\include\c++\10.2.1\bits\std_function.h ****     const void* _M_access() const { return &_M_pod_data[0]; }
 5982              		.loc 13 87 37 is_stmt 1 view .LVU1490
 5983              		.file 27 "c:\\program files\\daisytoolchain\\arm-none-eabi\\include\\c++\\10.2.1\\new"
   1:c:\program files\daisytoolchain\arm-none-eabi\include\c++\10.2.1\new **** // The -*- C++ -*- dynamic memory management header.
   2:c:\program files\daisytoolchain\arm-none-eabi\include\c++\10.2.1\new **** 
   3:c:\program files\daisytoolchain\arm-none-eabi\include\c++\10.2.1\new **** // Copyright (C) 1994-2020 Free Software Foundation, Inc.
   4:c:\program files\daisytoolchain\arm-none-eabi\include\c++\10.2.1\new **** 
   5:c:\program files\daisytoolchain\arm-none-eabi\include\c++\10.2.1\new **** // This file is part of GCC.
   6:c:\program files\daisytoolchain\arm-none-eabi\include\c++\10.2.1\new **** //
   7:c:\program files\daisytoolchain\arm-none-eabi\include\c++\10.2.1\new **** // GCC is free software; you can redistribute it and/or modify
   8:c:\program files\daisytoolchain\arm-none-eabi\include\c++\10.2.1\new **** // it under the terms of the GNU General Public License as published by
   9:c:\program files\daisytoolchain\arm-none-eabi\include\c++\10.2.1\new **** // the Free Software Foundation; either version 3, or (at your option)
  10:c:\program files\daisytoolchain\arm-none-eabi\include\c++\10.2.1\new **** // any later version.
  11:c:\program files\daisytoolchain\arm-none-eabi\include\c++\10.2.1\new **** // 
  12:c:\program files\daisytoolchain\arm-none-eabi\include\c++\10.2.1\new **** // GCC is distributed in the hope that it will be useful,
  13:c:\program files\daisytoolchain\arm-none-eabi\include\c++\10.2.1\new **** // but WITHOUT ANY WARRANTY; without even the implied warranty of
  14:c:\program files\daisytoolchain\arm-none-eabi\include\c++\10.2.1\new **** // MERCHANTABILITY or FITNESS FOR A PARTICULAR PURPOSE.  See the
  15:c:\program files\daisytoolchain\arm-none-eabi\include\c++\10.2.1\new **** // GNU General Public License for more details.
  16:c:\program files\daisytoolchain\arm-none-eabi\include\c++\10.2.1\new **** // 
  17:c:\program files\daisytoolchain\arm-none-eabi\include\c++\10.2.1\new **** // Under Section 7 of GPL version 3, you are granted additional
  18:c:\program files\daisytoolchain\arm-none-eabi\include\c++\10.2.1\new **** // permissions described in the GCC Runtime Library Exception, version
  19:c:\program files\daisytoolchain\arm-none-eabi\include\c++\10.2.1\new **** // 3.1, as published by the Free Software Foundation.
  20:c:\program files\daisytoolchain\arm-none-eabi\include\c++\10.2.1\new **** 
  21:c:\program files\daisytoolchain\arm-none-eabi\include\c++\10.2.1\new **** // You should have received a copy of the GNU General Public License and
  22:c:\program files\daisytoolchain\arm-none-eabi\include\c++\10.2.1\new **** // a copy of the GCC Runtime Library Exception along with this program;
  23:c:\program files\daisytoolchain\arm-none-eabi\include\c++\10.2.1\new **** // see the files COPYING3 and COPYING.RUNTIME respectively.  If not, see
  24:c:\program files\daisytoolchain\arm-none-eabi\include\c++\10.2.1\new **** // <http://www.gnu.org/licenses/>.
  25:c:\program files\daisytoolchain\arm-none-eabi\include\c++\10.2.1\new **** 
  26:c:\program files\daisytoolchain\arm-none-eabi\include\c++\10.2.1\new **** /** @file new
  27:c:\program files\daisytoolchain\arm-none-eabi\include\c++\10.2.1\new ****  *  This is a Standard C++ Library header.
  28:c:\program files\daisytoolchain\arm-none-eabi\include\c++\10.2.1\new ****  *
  29:c:\program files\daisytoolchain\arm-none-eabi\include\c++\10.2.1\new ****  *  The header @c new defines several functions to manage dynamic memory and
  30:c:\program files\daisytoolchain\arm-none-eabi\include\c++\10.2.1\new ****  *  handling memory allocation errors; see
  31:c:\program files\daisytoolchain\arm-none-eabi\include\c++\10.2.1\new ****  *  https://gcc.gnu.org/onlinedocs/libstdc++/manual/dynamic_memory.html
  32:c:\program files\daisytoolchain\arm-none-eabi\include\c++\10.2.1\new ****  *  for more.
  33:c:\program files\daisytoolchain\arm-none-eabi\include\c++\10.2.1\new ****  */
  34:c:\program files\daisytoolchain\arm-none-eabi\include\c++\10.2.1\new **** 
  35:c:\program files\daisytoolchain\arm-none-eabi\include\c++\10.2.1\new **** #ifndef _NEW
  36:c:\program files\daisytoolchain\arm-none-eabi\include\c++\10.2.1\new **** #define _NEW
  37:c:\program files\daisytoolchain\arm-none-eabi\include\c++\10.2.1\new **** 
  38:c:\program files\daisytoolchain\arm-none-eabi\include\c++\10.2.1\new **** #pragma GCC system_header
  39:c:\program files\daisytoolchain\arm-none-eabi\include\c++\10.2.1\new **** 
  40:c:\program files\daisytoolchain\arm-none-eabi\include\c++\10.2.1\new **** #include <bits/c++config.h>
  41:c:\program files\daisytoolchain\arm-none-eabi\include\c++\10.2.1\new **** #include <exception>
  42:c:\program files\daisytoolchain\arm-none-eabi\include\c++\10.2.1\new **** 
  43:c:\program files\daisytoolchain\arm-none-eabi\include\c++\10.2.1\new **** #pragma GCC visibility push(default)
  44:c:\program files\daisytoolchain\arm-none-eabi\include\c++\10.2.1\new **** 
  45:c:\program files\daisytoolchain\arm-none-eabi\include\c++\10.2.1\new **** extern "C++" {
  46:c:\program files\daisytoolchain\arm-none-eabi\include\c++\10.2.1\new **** 
  47:c:\program files\daisytoolchain\arm-none-eabi\include\c++\10.2.1\new **** namespace std 
  48:c:\program files\daisytoolchain\arm-none-eabi\include\c++\10.2.1\new **** {
  49:c:\program files\daisytoolchain\arm-none-eabi\include\c++\10.2.1\new ****   /**
  50:c:\program files\daisytoolchain\arm-none-eabi\include\c++\10.2.1\new ****    *  @brief  Exception possibly thrown by @c new.
  51:c:\program files\daisytoolchain\arm-none-eabi\include\c++\10.2.1\new ****    *  @ingroup exceptions
  52:c:\program files\daisytoolchain\arm-none-eabi\include\c++\10.2.1\new ****    *
  53:c:\program files\daisytoolchain\arm-none-eabi\include\c++\10.2.1\new ****    *  @c bad_alloc (or classes derived from it) is used to report allocation
  54:c:\program files\daisytoolchain\arm-none-eabi\include\c++\10.2.1\new ****    *  errors from the throwing forms of @c new.  */
ARM GAS  C:\Users\Spencer\AppData\Local\Temp\ccWmt4tk.s 			page 210


  55:c:\program files\daisytoolchain\arm-none-eabi\include\c++\10.2.1\new ****   class bad_alloc : public exception 
  56:c:\program files\daisytoolchain\arm-none-eabi\include\c++\10.2.1\new ****   {
  57:c:\program files\daisytoolchain\arm-none-eabi\include\c++\10.2.1\new ****   public:
  58:c:\program files\daisytoolchain\arm-none-eabi\include\c++\10.2.1\new ****     bad_alloc() throw() { }
  59:c:\program files\daisytoolchain\arm-none-eabi\include\c++\10.2.1\new **** 
  60:c:\program files\daisytoolchain\arm-none-eabi\include\c++\10.2.1\new **** #if __cplusplus >= 201103L
  61:c:\program files\daisytoolchain\arm-none-eabi\include\c++\10.2.1\new ****     bad_alloc(const bad_alloc&) = default;
  62:c:\program files\daisytoolchain\arm-none-eabi\include\c++\10.2.1\new ****     bad_alloc& operator=(const bad_alloc&) = default;
  63:c:\program files\daisytoolchain\arm-none-eabi\include\c++\10.2.1\new **** #endif
  64:c:\program files\daisytoolchain\arm-none-eabi\include\c++\10.2.1\new **** 
  65:c:\program files\daisytoolchain\arm-none-eabi\include\c++\10.2.1\new ****     // This declaration is not useless:
  66:c:\program files\daisytoolchain\arm-none-eabi\include\c++\10.2.1\new ****     // http://gcc.gnu.org/onlinedocs/gcc-3.0.2/gcc_6.html#SEC118
  67:c:\program files\daisytoolchain\arm-none-eabi\include\c++\10.2.1\new ****     virtual ~bad_alloc() throw();
  68:c:\program files\daisytoolchain\arm-none-eabi\include\c++\10.2.1\new **** 
  69:c:\program files\daisytoolchain\arm-none-eabi\include\c++\10.2.1\new ****     // See comment in eh_exception.cc.
  70:c:\program files\daisytoolchain\arm-none-eabi\include\c++\10.2.1\new ****     virtual const char* what() const throw();
  71:c:\program files\daisytoolchain\arm-none-eabi\include\c++\10.2.1\new ****   };
  72:c:\program files\daisytoolchain\arm-none-eabi\include\c++\10.2.1\new **** 
  73:c:\program files\daisytoolchain\arm-none-eabi\include\c++\10.2.1\new **** #if __cplusplus >= 201103L
  74:c:\program files\daisytoolchain\arm-none-eabi\include\c++\10.2.1\new ****   class bad_array_new_length : public bad_alloc
  75:c:\program files\daisytoolchain\arm-none-eabi\include\c++\10.2.1\new ****   {
  76:c:\program files\daisytoolchain\arm-none-eabi\include\c++\10.2.1\new ****   public:
  77:c:\program files\daisytoolchain\arm-none-eabi\include\c++\10.2.1\new ****     bad_array_new_length() throw() { }
  78:c:\program files\daisytoolchain\arm-none-eabi\include\c++\10.2.1\new **** 
  79:c:\program files\daisytoolchain\arm-none-eabi\include\c++\10.2.1\new ****     // This declaration is not useless:
  80:c:\program files\daisytoolchain\arm-none-eabi\include\c++\10.2.1\new ****     // http://gcc.gnu.org/onlinedocs/gcc-3.0.2/gcc_6.html#SEC118
  81:c:\program files\daisytoolchain\arm-none-eabi\include\c++\10.2.1\new ****     virtual ~bad_array_new_length() throw();
  82:c:\program files\daisytoolchain\arm-none-eabi\include\c++\10.2.1\new **** 
  83:c:\program files\daisytoolchain\arm-none-eabi\include\c++\10.2.1\new ****     // See comment in eh_exception.cc.
  84:c:\program files\daisytoolchain\arm-none-eabi\include\c++\10.2.1\new ****     virtual const char* what() const throw();
  85:c:\program files\daisytoolchain\arm-none-eabi\include\c++\10.2.1\new ****   };
  86:c:\program files\daisytoolchain\arm-none-eabi\include\c++\10.2.1\new **** #endif
  87:c:\program files\daisytoolchain\arm-none-eabi\include\c++\10.2.1\new **** 
  88:c:\program files\daisytoolchain\arm-none-eabi\include\c++\10.2.1\new **** #if __cpp_aligned_new
  89:c:\program files\daisytoolchain\arm-none-eabi\include\c++\10.2.1\new ****   enum class align_val_t: size_t {};
  90:c:\program files\daisytoolchain\arm-none-eabi\include\c++\10.2.1\new **** #endif
  91:c:\program files\daisytoolchain\arm-none-eabi\include\c++\10.2.1\new **** 
  92:c:\program files\daisytoolchain\arm-none-eabi\include\c++\10.2.1\new ****   struct nothrow_t
  93:c:\program files\daisytoolchain\arm-none-eabi\include\c++\10.2.1\new ****   {
  94:c:\program files\daisytoolchain\arm-none-eabi\include\c++\10.2.1\new **** #if __cplusplus >= 201103L
  95:c:\program files\daisytoolchain\arm-none-eabi\include\c++\10.2.1\new ****     explicit nothrow_t() = default;
  96:c:\program files\daisytoolchain\arm-none-eabi\include\c++\10.2.1\new **** #endif
  97:c:\program files\daisytoolchain\arm-none-eabi\include\c++\10.2.1\new ****   };
  98:c:\program files\daisytoolchain\arm-none-eabi\include\c++\10.2.1\new **** 
  99:c:\program files\daisytoolchain\arm-none-eabi\include\c++\10.2.1\new ****   extern const nothrow_t nothrow;
 100:c:\program files\daisytoolchain\arm-none-eabi\include\c++\10.2.1\new **** 
 101:c:\program files\daisytoolchain\arm-none-eabi\include\c++\10.2.1\new ****   /** If you write your own error handler to be called by @c new, it must
 102:c:\program files\daisytoolchain\arm-none-eabi\include\c++\10.2.1\new ****    *  be of this type.  */
 103:c:\program files\daisytoolchain\arm-none-eabi\include\c++\10.2.1\new ****   typedef void (*new_handler)();
 104:c:\program files\daisytoolchain\arm-none-eabi\include\c++\10.2.1\new **** 
 105:c:\program files\daisytoolchain\arm-none-eabi\include\c++\10.2.1\new ****   /// Takes a replacement handler as the argument, returns the
 106:c:\program files\daisytoolchain\arm-none-eabi\include\c++\10.2.1\new ****   /// previous handler.
 107:c:\program files\daisytoolchain\arm-none-eabi\include\c++\10.2.1\new ****   new_handler set_new_handler(new_handler) throw();
 108:c:\program files\daisytoolchain\arm-none-eabi\include\c++\10.2.1\new **** 
 109:c:\program files\daisytoolchain\arm-none-eabi\include\c++\10.2.1\new **** #if __cplusplus >= 201103L
 110:c:\program files\daisytoolchain\arm-none-eabi\include\c++\10.2.1\new ****   /// Return the current new handler.
 111:c:\program files\daisytoolchain\arm-none-eabi\include\c++\10.2.1\new ****   new_handler get_new_handler() noexcept;
ARM GAS  C:\Users\Spencer\AppData\Local\Temp\ccWmt4tk.s 			page 211


 112:c:\program files\daisytoolchain\arm-none-eabi\include\c++\10.2.1\new **** #endif
 113:c:\program files\daisytoolchain\arm-none-eabi\include\c++\10.2.1\new **** } // namespace std
 114:c:\program files\daisytoolchain\arm-none-eabi\include\c++\10.2.1\new **** 
 115:c:\program files\daisytoolchain\arm-none-eabi\include\c++\10.2.1\new **** //@{
 116:c:\program files\daisytoolchain\arm-none-eabi\include\c++\10.2.1\new **** /** These are replaceable signatures:
 117:c:\program files\daisytoolchain\arm-none-eabi\include\c++\10.2.1\new ****  *  - normal single new and delete (no arguments, throw @c bad_alloc on error)
 118:c:\program files\daisytoolchain\arm-none-eabi\include\c++\10.2.1\new ****  *  - normal array new and delete (same)
 119:c:\program files\daisytoolchain\arm-none-eabi\include\c++\10.2.1\new ****  *  - @c nothrow single new and delete (take a @c nothrow argument, return
 120:c:\program files\daisytoolchain\arm-none-eabi\include\c++\10.2.1\new ****  *    @c NULL on error)
 121:c:\program files\daisytoolchain\arm-none-eabi\include\c++\10.2.1\new ****  *  - @c nothrow array new and delete (same)
 122:c:\program files\daisytoolchain\arm-none-eabi\include\c++\10.2.1\new ****  *
 123:c:\program files\daisytoolchain\arm-none-eabi\include\c++\10.2.1\new ****  *  Placement new and delete signatures (take a memory address argument,
 124:c:\program files\daisytoolchain\arm-none-eabi\include\c++\10.2.1\new ****  *  does nothing) may not be replaced by a user's program.
 125:c:\program files\daisytoolchain\arm-none-eabi\include\c++\10.2.1\new **** */
 126:c:\program files\daisytoolchain\arm-none-eabi\include\c++\10.2.1\new **** _GLIBCXX_NODISCARD void* operator new(std::size_t) _GLIBCXX_THROW (std::bad_alloc)
 127:c:\program files\daisytoolchain\arm-none-eabi\include\c++\10.2.1\new ****   __attribute__((__externally_visible__));
 128:c:\program files\daisytoolchain\arm-none-eabi\include\c++\10.2.1\new **** _GLIBCXX_NODISCARD void* operator new[](std::size_t) _GLIBCXX_THROW (std::bad_alloc)
 129:c:\program files\daisytoolchain\arm-none-eabi\include\c++\10.2.1\new ****   __attribute__((__externally_visible__));
 130:c:\program files\daisytoolchain\arm-none-eabi\include\c++\10.2.1\new **** void operator delete(void*) _GLIBCXX_USE_NOEXCEPT
 131:c:\program files\daisytoolchain\arm-none-eabi\include\c++\10.2.1\new ****   __attribute__((__externally_visible__));
 132:c:\program files\daisytoolchain\arm-none-eabi\include\c++\10.2.1\new **** void operator delete[](void*) _GLIBCXX_USE_NOEXCEPT
 133:c:\program files\daisytoolchain\arm-none-eabi\include\c++\10.2.1\new ****   __attribute__((__externally_visible__));
 134:c:\program files\daisytoolchain\arm-none-eabi\include\c++\10.2.1\new **** #if __cpp_sized_deallocation
 135:c:\program files\daisytoolchain\arm-none-eabi\include\c++\10.2.1\new **** void operator delete(void*, std::size_t) _GLIBCXX_USE_NOEXCEPT
 136:c:\program files\daisytoolchain\arm-none-eabi\include\c++\10.2.1\new ****   __attribute__((__externally_visible__));
 137:c:\program files\daisytoolchain\arm-none-eabi\include\c++\10.2.1\new **** void operator delete[](void*, std::size_t) _GLIBCXX_USE_NOEXCEPT
 138:c:\program files\daisytoolchain\arm-none-eabi\include\c++\10.2.1\new ****   __attribute__((__externally_visible__));
 139:c:\program files\daisytoolchain\arm-none-eabi\include\c++\10.2.1\new **** #endif
 140:c:\program files\daisytoolchain\arm-none-eabi\include\c++\10.2.1\new **** _GLIBCXX_NODISCARD void* operator new(std::size_t, const std::nothrow_t&) _GLIBCXX_USE_NOEXCEPT
 141:c:\program files\daisytoolchain\arm-none-eabi\include\c++\10.2.1\new ****   __attribute__((__externally_visible__, __malloc__));
 142:c:\program files\daisytoolchain\arm-none-eabi\include\c++\10.2.1\new **** _GLIBCXX_NODISCARD void* operator new[](std::size_t, const std::nothrow_t&) _GLIBCXX_USE_NOEXCEPT
 143:c:\program files\daisytoolchain\arm-none-eabi\include\c++\10.2.1\new ****   __attribute__((__externally_visible__, __malloc__));
 144:c:\program files\daisytoolchain\arm-none-eabi\include\c++\10.2.1\new **** void operator delete(void*, const std::nothrow_t&) _GLIBCXX_USE_NOEXCEPT
 145:c:\program files\daisytoolchain\arm-none-eabi\include\c++\10.2.1\new ****   __attribute__((__externally_visible__));
 146:c:\program files\daisytoolchain\arm-none-eabi\include\c++\10.2.1\new **** void operator delete[](void*, const std::nothrow_t&) _GLIBCXX_USE_NOEXCEPT
 147:c:\program files\daisytoolchain\arm-none-eabi\include\c++\10.2.1\new ****   __attribute__((__externally_visible__));
 148:c:\program files\daisytoolchain\arm-none-eabi\include\c++\10.2.1\new **** #if __cpp_aligned_new
 149:c:\program files\daisytoolchain\arm-none-eabi\include\c++\10.2.1\new **** _GLIBCXX_NODISCARD void* operator new(std::size_t, std::align_val_t)
 150:c:\program files\daisytoolchain\arm-none-eabi\include\c++\10.2.1\new ****   __attribute__((__externally_visible__));
 151:c:\program files\daisytoolchain\arm-none-eabi\include\c++\10.2.1\new **** _GLIBCXX_NODISCARD void* operator new(std::size_t, std::align_val_t, const std::nothrow_t&)
 152:c:\program files\daisytoolchain\arm-none-eabi\include\c++\10.2.1\new ****   _GLIBCXX_USE_NOEXCEPT __attribute__((__externally_visible__, __malloc__));
 153:c:\program files\daisytoolchain\arm-none-eabi\include\c++\10.2.1\new **** void operator delete(void*, std::align_val_t)
 154:c:\program files\daisytoolchain\arm-none-eabi\include\c++\10.2.1\new ****   _GLIBCXX_USE_NOEXCEPT __attribute__((__externally_visible__));
 155:c:\program files\daisytoolchain\arm-none-eabi\include\c++\10.2.1\new **** void operator delete(void*, std::align_val_t, const std::nothrow_t&)
 156:c:\program files\daisytoolchain\arm-none-eabi\include\c++\10.2.1\new ****   _GLIBCXX_USE_NOEXCEPT __attribute__((__externally_visible__));
 157:c:\program files\daisytoolchain\arm-none-eabi\include\c++\10.2.1\new **** _GLIBCXX_NODISCARD void* operator new[](std::size_t, std::align_val_t)
 158:c:\program files\daisytoolchain\arm-none-eabi\include\c++\10.2.1\new ****   __attribute__((__externally_visible__));
 159:c:\program files\daisytoolchain\arm-none-eabi\include\c++\10.2.1\new **** _GLIBCXX_NODISCARD void* operator new[](std::size_t, std::align_val_t, const std::nothrow_t&)
 160:c:\program files\daisytoolchain\arm-none-eabi\include\c++\10.2.1\new ****   _GLIBCXX_USE_NOEXCEPT __attribute__((__externally_visible__, __malloc__));
 161:c:\program files\daisytoolchain\arm-none-eabi\include\c++\10.2.1\new **** void operator delete[](void*, std::align_val_t)
 162:c:\program files\daisytoolchain\arm-none-eabi\include\c++\10.2.1\new ****   _GLIBCXX_USE_NOEXCEPT __attribute__((__externally_visible__));
 163:c:\program files\daisytoolchain\arm-none-eabi\include\c++\10.2.1\new **** void operator delete[](void*, std::align_val_t, const std::nothrow_t&)
 164:c:\program files\daisytoolchain\arm-none-eabi\include\c++\10.2.1\new ****   _GLIBCXX_USE_NOEXCEPT __attribute__((__externally_visible__));
 165:c:\program files\daisytoolchain\arm-none-eabi\include\c++\10.2.1\new **** #if __cpp_sized_deallocation
 166:c:\program files\daisytoolchain\arm-none-eabi\include\c++\10.2.1\new **** void operator delete(void*, std::size_t, std::align_val_t)
 167:c:\program files\daisytoolchain\arm-none-eabi\include\c++\10.2.1\new ****   _GLIBCXX_USE_NOEXCEPT __attribute__((__externally_visible__));
 168:c:\program files\daisytoolchain\arm-none-eabi\include\c++\10.2.1\new **** void operator delete[](void*, std::size_t, std::align_val_t)
ARM GAS  C:\Users\Spencer\AppData\Local\Temp\ccWmt4tk.s 			page 212


 169:c:\program files\daisytoolchain\arm-none-eabi\include\c++\10.2.1\new ****   _GLIBCXX_USE_NOEXCEPT __attribute__((__externally_visible__));
 170:c:\program files\daisytoolchain\arm-none-eabi\include\c++\10.2.1\new **** #endif // __cpp_sized_deallocation
 171:c:\program files\daisytoolchain\arm-none-eabi\include\c++\10.2.1\new **** #endif // __cpp_aligned_new
 172:c:\program files\daisytoolchain\arm-none-eabi\include\c++\10.2.1\new **** 
 173:c:\program files\daisytoolchain\arm-none-eabi\include\c++\10.2.1\new **** // Default placement versions of operator new.
 174:c:\program files\daisytoolchain\arm-none-eabi\include\c++\10.2.1\new **** _GLIBCXX_NODISCARD inline void* operator new(std::size_t, void* __p) _GLIBCXX_USE_NOEXCEPT
 175:c:\program files\daisytoolchain\arm-none-eabi\include\c++\10.2.1\new **** { return __p; }
 5984              		.loc 27 175 3 view .LVU1491
 5985              	.LBB1650:
 5986              	.LBB1648:
 5987              	.LBB1619:
 5988              	.LBB1618:
 5989              	.LBB1617:
 610:c:\program files\daisytoolchain\arm-none-eabi\include\c++\10.2.1\bits\std_function.h **** 	    _M_manager = &_My_handler::_M_manager;
 5990              		.loc 13 610 17 is_stmt 0 view .LVU1492
 5991 0116 4D4B     		ldr	r3, .L207+76
 5992 0118 0793     		str	r3, [sp, #28]
 611:c:\program files\daisytoolchain\arm-none-eabi\include\c++\10.2.1\bits\std_function.h **** 	  }
 5993              		.loc 13 611 17 view .LVU1493
 5994 011a 4D4B     		ldr	r3, .L207+80
 5995 011c 0693     		str	r3, [sp, #24]
 5996              	.LVL473:
 611:c:\program files\daisytoolchain\arm-none-eabi\include\c++\10.2.1\bits\std_function.h **** 	  }
 5997              		.loc 13 611 17 view .LVU1494
 5998              	.LBE1617:
 5999              	.LBE1618:
 6000              	.LBE1619:
 107:Marigold.cpp  **** Wave<float> halfhann([] (float phase) -> float { return sin(PI * phase); });
 6001              		.loc 14 107 87 view .LVU1495
 6002 011e 9FED4D8A 		vldr.32	s16, .L207+84
 6003 0122 4D4C     		ldr	r4, .L207+88
 6004 0124 0122     		movs	r2, #1
 6005 0126 F7EE000A 		vmov.f32	s1, #1.0e+0
 6006 012a B0EE480A 		vmov.f32	s0, s16
 6007 012e 04A9     		add	r1, sp, #16
 6008 0130 2046     		mov	r0, r4
 6009 0132 FFF7FEFF 		bl	_ZN9soundmath4WaveIfEC1ESt8functionIFffEEffb
 6010              	.LVL474:
 6011              	.LBB1620:
 6012              	.LBI1620:
 303:c:\program files\daisytoolchain\arm-none-eabi\include\c++\10.2.1\bits\std_function.h ****     : public _Maybe_unary_or_binary_function<_Res, _ArgTypes...>,
 6013              		.loc 13 303 11 is_stmt 1 view .LVU1496
 6014              	.LBB1621:
 6015 0136 04A8     		add	r0, sp, #16
 6016              	.LVL475:
 303:c:\program files\daisytoolchain\arm-none-eabi\include\c++\10.2.1\bits\std_function.h ****     : public _Maybe_unary_or_binary_function<_Res, _ArgTypes...>,
 6017              		.loc 13 303 11 is_stmt 0 view .LVU1497
 6018 0138 FFF7FEFF 		bl	_ZNSt14_Function_baseD2Ev
 6019              	.LVL476:
 303:c:\program files\daisytoolchain\arm-none-eabi\include\c++\10.2.1\bits\std_function.h ****     : public _Maybe_unary_or_binary_function<_Res, _ArgTypes...>,
 6020              		.loc 13 303 11 view .LVU1498
 6021              	.LBE1621:
 6022              	.LBE1620:
 107:Marigold.cpp  **** Wave<float> halfhann([] (float phase) -> float { return sin(PI * phase); });
 6023              		.loc 14 107 13 view .LVU1499
 6024 013c 474E     		ldr	r6, .L207+92
 6025 013e 2A46     		mov	r2, r5
ARM GAS  C:\Users\Spencer\AppData\Local\Temp\ccWmt4tk.s 			page 213


 6026 0140 3146     		mov	r1, r6
 6027 0142 2046     		mov	r0, r4
 6028 0144 FFF7FEFF 		bl	__aeabi_atexit
 6029              	.LVL477:
 6030              	.LBB1622:
 6031              	.LBI1622:
 601:c:\program files\daisytoolchain\arm-none-eabi\include\c++\10.2.1\bits\std_function.h ****       function(_Functor __f)
 6032              		.loc 13 601 7 is_stmt 1 view .LVU1500
 6033              	.LBB1623:
 6034              	.LBB1624:
 6035              	.LBI1624:
 240:c:\program files\daisytoolchain\arm-none-eabi\include\c++\10.2.1\bits\std_function.h **** 
 6036              		.loc 13 240 5 view .LVU1501
 240:c:\program files\daisytoolchain\arm-none-eabi\include\c++\10.2.1\bits\std_function.h **** 
 6037              		.loc 13 240 5 is_stmt 0 view .LVU1502
 6038              	.LBE1624:
 6039              	.LBB1625:
 6040              	.LBB1626:
 6041              	.LBI1626:
 227:c:\program files\daisytoolchain\arm-none-eabi\include\c++\10.2.1\bits\std_function.h **** 	  { return true; }
 6042              		.loc 13 227 4 is_stmt 1 view .LVU1503
 227:c:\program files\daisytoolchain\arm-none-eabi\include\c++\10.2.1\bits\std_function.h **** 	  { return true; }
 6043              		.loc 13 227 4 is_stmt 0 view .LVU1504
 6044              	.LBE1626:
 6045              	.LBB1627:
 6046              	.LBI1627:
 101:c:\program files\daisytoolchain\arm-none-eabi\include\c++\10.2.1\bits\move.h ****     { return static_cast<typename std::remove_reference<_Tp>::type&&>(__t); }
 6047              		.loc 22 101 5 is_stmt 1 view .LVU1505
 101:c:\program files\daisytoolchain\arm-none-eabi\include\c++\10.2.1\bits\move.h ****     { return static_cast<typename std::remove_reference<_Tp>::type&&>(__t); }
 6048              		.loc 22 101 5 is_stmt 0 view .LVU1506
 6049              	.LBE1627:
 6050              	.LBB1628:
 6051              	.LBI1628:
 207:c:\program files\daisytoolchain\arm-none-eabi\include\c++\10.2.1\bits\std_function.h **** 	{ _M_init_functor(__functor, std::move(__f), _Local_storage()); }
 6052              		.loc 13 207 2 is_stmt 1 view .LVU1507
 207:c:\program files\daisytoolchain\arm-none-eabi\include\c++\10.2.1\bits\std_function.h **** 	{ _M_init_functor(__functor, std::move(__f), _Local_storage()); }
 6053              		.loc 13 207 2 is_stmt 0 view .LVU1508
 6054              	.LBE1628:
 6055              	.LBE1625:
 6056              	.LBE1623:
 6057              	.LBE1622:
 6058              	.LBE1648:
 6059              	.LBE1650:
  87:c:\program files\daisytoolchain\arm-none-eabi\include\c++\10.2.1\bits\std_function.h ****     const void* _M_access() const { return &_M_pod_data[0]; }
 6060              		.loc 13 87 37 is_stmt 1 view .LVU1509
 6061              		.loc 27 175 3 view .LVU1510
 6062              	.LBB1651:
 6063              	.LBB1649:
 6064              	.LBB1631:
 6065              	.LBB1630:
 6066              	.LBB1629:
 610:c:\program files\daisytoolchain\arm-none-eabi\include\c++\10.2.1\bits\std_function.h **** 	    _M_manager = &_My_handler::_M_manager;
 6067              		.loc 13 610 17 is_stmt 0 view .LVU1511
 6068 0148 454B     		ldr	r3, .L207+96
 6069 014a 0393     		str	r3, [sp, #12]
 611:c:\program files\daisytoolchain\arm-none-eabi\include\c++\10.2.1\bits\std_function.h **** 	  }
 6070              		.loc 13 611 17 view .LVU1512
ARM GAS  C:\Users\Spencer\AppData\Local\Temp\ccWmt4tk.s 			page 214


 6071 014c 454B     		ldr	r3, .L207+100
 6072 014e 0293     		str	r3, [sp, #8]
 6073              	.LVL478:
 611:c:\program files\daisytoolchain\arm-none-eabi\include\c++\10.2.1\bits\std_function.h **** 	  }
 6074              		.loc 13 611 17 view .LVU1513
 6075              	.LBE1629:
 6076              	.LBE1630:
 6077              	.LBE1631:
 108:Marigold.cpp  **** 
 6078              		.loc 14 108 75 view .LVU1514
 6079 0150 454C     		ldr	r4, .L207+104
 6080 0152 0122     		movs	r2, #1
 6081 0154 F7EE000A 		vmov.f32	s1, #1.0e+0
 6082 0158 B0EE480A 		vmov.f32	s0, s16
 6083 015c 6946     		mov	r1, sp
 6084 015e 2046     		mov	r0, r4
 6085 0160 FFF7FEFF 		bl	_ZN9soundmath4WaveIfEC1ESt8functionIFffEEffb
 6086              	.LVL479:
 6087              	.LBB1632:
 6088              	.LBI1632:
 303:c:\program files\daisytoolchain\arm-none-eabi\include\c++\10.2.1\bits\std_function.h ****     : public _Maybe_unary_or_binary_function<_Res, _ArgTypes...>,
 6089              		.loc 13 303 11 is_stmt 1 view .LVU1515
 6090              	.LBB1633:
 6091 0164 6846     		mov	r0, sp
 6092 0166 FFF7FEFF 		bl	_ZNSt14_Function_baseD2Ev
 6093              	.LVL480:
 303:c:\program files\daisytoolchain\arm-none-eabi\include\c++\10.2.1\bits\std_function.h ****     : public _Maybe_unary_or_binary_function<_Res, _ArgTypes...>,
 6094              		.loc 13 303 11 is_stmt 0 view .LVU1516
 6095              	.LBE1633:
 6096              	.LBE1632:
 108:Marigold.cpp  **** 
 6097              		.loc 14 108 13 view .LVU1517
 6098 016a 2A46     		mov	r2, r5
 6099 016c 3146     		mov	r1, r6
 6100 016e 2046     		mov	r0, r4
 6101 0170 FFF7FEFF 		bl	__aeabi_atexit
 6102              	.LVL481:
 6103              	.LBB1634:
 6104              	.LBI1634:
 165:c:\program files\daisytoolchain\arm-none-eabi\include\c++\10.2.1\cmath ****   { return __builtin_ceilf(__x); }
 6105              		.loc 15 165 3 is_stmt 1 view .LVU1518
 6106              	.LBB1635:
 166:c:\program files\daisytoolchain\arm-none-eabi\include\c++\10.2.1\cmath **** 
 6107              		.loc 15 166 5 view .LVU1519
 6108              	.LBE1635:
 6109              	.LBE1634:
 132:Marigold.cpp  **** 
 6110              		.loc 14 132 30 is_stmt 0 view .LVU1520
 6111 0174 3D4B     		ldr	r3, .L207+108
 6112 0176 D3ED007A 		vldr.32	s15, [r3]
 6113 017a B5EE007A 		vmov.f32	s14, #2.5e-1
 6114 017e 67EE877A 		vmul.f32	s15, s15, s14
 6115              	.LVL482:
 6116              	.LBB1637:
 6117              	.LBB1636:
 166:c:\program files\daisytoolchain\arm-none-eabi\include\c++\10.2.1\cmath **** 
 6118              		.loc 15 166 27 view .LVU1521
ARM GAS  C:\Users\Spencer\AppData\Local\Temp\ccWmt4tk.s 			page 215


 6119 0182 FAFE677A 		vrintp.f32	s15, s15
 6120              	.LVL483:
 166:c:\program files\daisytoolchain\arm-none-eabi\include\c++\10.2.1\cmath **** 
 6121              		.loc 15 166 27 view .LVU1522
 6122              	.LBE1636:
 6123              	.LBE1637:
 132:Marigold.cpp  **** 
 6124              		.loc 14 132 7 view .LVU1523
 6125 0186 3A4B     		ldr	r3, .L207+112
 6126 0188 C3ED007A 		vstr.32	s15, [r3]
 6127              	.LVL484:
 6128              	.LBB1638:
 6129              	.LBI1638:
  23:../../../../Dependencies/DaisySP/Source/Synthesis/oscillator.h ****     ~Oscillator() {}
 6130              		.loc 10 23 5 is_stmt 1 view .LVU1524
  23:../../../../Dependencies/DaisySP/Source/Synthesis/oscillator.h ****     ~Oscillator() {}
 6131              		.loc 10 23 5 is_stmt 0 view .LVU1525
 6132              	.LBE1638:
 142:Marigold.cpp  **** float drift_multiplier  = 1.0f;
 6133              		.loc 14 142 12 view .LVU1526
 6134 018c 394C     		ldr	r4, .L207+116
 6135 018e 2A46     		mov	r2, r5
 6136 0190 2146     		mov	r1, r4
 6137 0192 3948     		ldr	r0, .L207+120
 6138 0194 FFF7FEFF 		bl	__aeabi_atexit
 6139              	.LVL485:
 6140              	.LBB1639:
 6141              	.LBI1639:
  23:../../../../Dependencies/DaisySP/Source/Synthesis/oscillator.h ****     ~Oscillator() {}
 6142              		.loc 10 23 5 is_stmt 1 view .LVU1527
  23:../../../../Dependencies/DaisySP/Source/Synthesis/oscillator.h ****     ~Oscillator() {}
 6143              		.loc 10 23 5 is_stmt 0 view .LVU1528
 6144              	.LBE1639:
 142:Marigold.cpp  **** float drift_multiplier  = 1.0f;
 6145              		.loc 14 142 23 view .LVU1529
 6146 0198 2A46     		mov	r2, r5
 6147 019a 2146     		mov	r1, r4
 6148 019c 3748     		ldr	r0, .L207+124
 6149 019e FFF7FEFF 		bl	__aeabi_atexit
 6150              	.LVL486:
 6151              	.LBB1640:
 6152              	.LBI1640:
  23:../../../../Dependencies/DaisySP/Source/Synthesis/oscillator.h ****     ~Oscillator() {}
 6153              		.loc 10 23 5 is_stmt 1 view .LVU1530
  23:../../../../Dependencies/DaisySP/Source/Synthesis/oscillator.h ****     ~Oscillator() {}
 6154              		.loc 10 23 5 is_stmt 0 view .LVU1531
 6155              	.LBE1640:
 142:Marigold.cpp  **** float drift_multiplier  = 1.0f;
 6156              		.loc 14 142 35 view .LVU1532
 6157 01a2 2A46     		mov	r2, r5
 6158 01a4 2146     		mov	r1, r4
 6159 01a6 3648     		ldr	r0, .L207+128
 6160 01a8 FFF7FEFF 		bl	__aeabi_atexit
 6161              	.LVL487:
 6162              	.LBB1641:
 6163              	.LBI1641:
  23:../../../../Dependencies/DaisySP/Source/Synthesis/oscillator.h ****     ~Oscillator() {}
ARM GAS  C:\Users\Spencer\AppData\Local\Temp\ccWmt4tk.s 			page 216


 6164              		.loc 10 23 5 is_stmt 1 view .LVU1533
  23:../../../../Dependencies/DaisySP/Source/Synthesis/oscillator.h ****     ~Oscillator() {}
 6165              		.loc 10 23 5 is_stmt 0 view .LVU1534
 6166              	.LBE1641:
 142:Marigold.cpp  **** float drift_multiplier  = 1.0f;
 6167              		.loc 14 142 47 view .LVU1535
 6168 01ac 2A46     		mov	r2, r5
 6169 01ae 2146     		mov	r1, r4
 6170 01b0 3448     		ldr	r0, .L207+132
 6171 01b2 FFF7FEFF 		bl	__aeabi_atexit
 6172              	.LVL488:
 6173              	.LBB1642:
 6174              	.LBI1642:
  21:../../../../Dependencies/libDaisy/src/hid/ctrl.h ****     /** destructor */
 6175              		.loc 1 21 5 is_stmt 1 view .LVU1536
  21:../../../../Dependencies/libDaisy/src/hid/ctrl.h ****     /** destructor */
 6176              		.loc 1 21 5 is_stmt 0 view .LVU1537
 6177              	.LBE1642:
 158:Marigold.cpp  **** AnalogControl knob_ctrl_mix;
 6178              		.loc 14 158 15 view .LVU1538
 6179 01b6 344C     		ldr	r4, .L207+136
 6180 01b8 2A46     		mov	r2, r5
 6181 01ba 2146     		mov	r1, r4
 6182 01bc 3348     		ldr	r0, .L207+140
 6183 01be FFF7FEFF 		bl	__aeabi_atexit
 6184              	.LVL489:
 6185              	.LBB1643:
 6186              	.LBI1643:
  21:../../../../Dependencies/libDaisy/src/hid/ctrl.h ****     /** destructor */
 6187              		.loc 1 21 5 is_stmt 1 view .LVU1539
  21:../../../../Dependencies/libDaisy/src/hid/ctrl.h ****     /** destructor */
 6188              		.loc 1 21 5 is_stmt 0 view .LVU1540
 6189              	.LBE1643:
 159:Marigold.cpp  **** AnalogControl knob_ctrl_damp;
 6190              		.loc 14 159 15 view .LVU1541
 6191 01c2 2A46     		mov	r2, r5
 6192 01c4 2146     		mov	r1, r4
 6193 01c6 3248     		ldr	r0, .L207+144
 6194 01c8 FFF7FEFF 		bl	__aeabi_atexit
 6195              	.LVL490:
 6196              	.LBB1644:
 6197              	.LBI1644:
  21:../../../../Dependencies/libDaisy/src/hid/ctrl.h ****     /** destructor */
 6198              		.loc 1 21 5 is_stmt 1 view .LVU1542
  21:../../../../Dependencies/libDaisy/src/hid/ctrl.h ****     /** destructor */
 6199              		.loc 1 21 5 is_stmt 0 view .LVU1543
 6200              	.LBE1644:
 160:Marigold.cpp  **** AnalogControl knob_ctrl_shimmer;
 6201              		.loc 14 160 15 view .LVU1544
 6202 01cc 2A46     		mov	r2, r5
 6203 01ce 2146     		mov	r1, r4
 6204 01d0 3048     		ldr	r0, .L207+148
 6205 01d2 FFF7FEFF 		bl	__aeabi_atexit
 6206              	.LVL491:
 6207              	.LBB1645:
 6208              	.LBI1645:
  21:../../../../Dependencies/libDaisy/src/hid/ctrl.h ****     /** destructor */
ARM GAS  C:\Users\Spencer\AppData\Local\Temp\ccWmt4tk.s 			page 217


 6209              		.loc 1 21 5 is_stmt 1 view .LVU1545
  21:../../../../Dependencies/libDaisy/src/hid/ctrl.h ****     /** destructor */
 6210              		.loc 1 21 5 is_stmt 0 view .LVU1546
 6211              	.LBE1645:
 161:Marigold.cpp  **** AnalogControl knob_ctrl_shimmer_tone;
 6212              		.loc 14 161 15 view .LVU1547
 6213 01d6 2A46     		mov	r2, r5
 6214 01d8 2146     		mov	r1, r4
 6215 01da 2F48     		ldr	r0, .L207+152
 6216 01dc FFF7FEFF 		bl	__aeabi_atexit
 6217              	.LVL492:
 6218              	.LBB1646:
 6219              	.LBI1646:
  21:../../../../Dependencies/libDaisy/src/hid/ctrl.h ****     /** destructor */
 6220              		.loc 1 21 5 is_stmt 1 view .LVU1548
  21:../../../../Dependencies/libDaisy/src/hid/ctrl.h ****     /** destructor */
 6221              		.loc 1 21 5 is_stmt 0 view .LVU1549
 6222              	.LBE1646:
 162:Marigold.cpp  **** AnalogControl knob_ctrl_detune;
 6223              		.loc 14 162 15 view .LVU1550
 6224 01e0 2A46     		mov	r2, r5
 6225 01e2 2146     		mov	r1, r4
 6226 01e4 2D48     		ldr	r0, .L207+156
 6227 01e6 FFF7FEFF 		bl	__aeabi_atexit
 6228              	.LVL493:
 6229              	.LBB1647:
 6230              	.LBI1647:
  21:../../../../Dependencies/libDaisy/src/hid/ctrl.h ****     /** destructor */
 6231              		.loc 1 21 5 is_stmt 1 view .LVU1551
  21:../../../../Dependencies/libDaisy/src/hid/ctrl.h ****     /** destructor */
 6232              		.loc 1 21 5 is_stmt 0 view .LVU1552
 6233              	.LBE1647:
 163:Marigold.cpp  **** 
 6234              		.loc 14 163 15 view .LVU1553
 6235 01ea 2A46     		mov	r2, r5
 6236 01ec 2146     		mov	r1, r4
 6237 01ee 2C48     		ldr	r0, .L207+160
 6238 01f0 FFF7FEFF 		bl	__aeabi_atexit
 6239              	.LVL494:
 163:Marigold.cpp  **** 
 6240              		.loc 14 163 15 view .LVU1554
 6241              	.LBE1649:
 6242              	.LBE1651:
 6243              		.loc 14 498 1 view .LVU1555
 6244 01f4 08B0     		add	sp, sp, #32
 6245              		.cfi_def_cfa_offset 32
 6246              		@ sp needed
 6247 01f6 BDEC028B 		vldm	sp!, {d8}
 6248              		.cfi_restore 80
 6249              		.cfi_restore 81
 6250              		.cfi_def_cfa_offset 24
 6251 01fa BDE8F081 		pop	{r4, r5, r6, r7, r8, pc}
 6252              	.L208:
 6253 01fe 00BF     		.align	2
 6254              	.L207:
 6255 0200 00000000 		.word	.LANCHOR12
 6256 0204 00000000 		.word	__dso_handle
ARM GAS  C:\Users\Spencer\AppData\Local\Temp\ccWmt4tk.s 			page 218


 6257 0208 00000000 		.word	_ZN5daisy9DaisySeedD1Ev
 6258 020c 00000000 		.word	.LANCHOR15
 6259 0210 00000000 		.word	.LANCHOR17
 6260 0214 00000000 		.word	.LANCHOR34
 6261 0218 00000000 		.word	.LANCHOR35
 6262 021c 00000000 		.word	.LANCHOR36
 6263 0220 00000000 		.word	.LANCHOR37
 6264 0224 00000000 		.word	.LANCHOR38
 6265 0228 00000000 		.word	.LANCHOR39
 6266 022c 00000000 		.word	.LANCHOR19
 6267 0230 00000000 		.word	.LANCHOR21
 6268 0234 00000000 		.word	.LANCHOR41
 6269 0238 00000000 		.word	.LANCHOR43
 6270 023c 00000000 		.word	_ZN7daisysp17SampleRateReducerD1Ev
 6271 0240 00000000 		.word	.LANCHOR46
 6272 0244 00000000 		.word	_ZN7daisysp4ToneD1Ev
 6273 0248 00000000 		.word	.LANCHOR47
 6274 024c 00000000 		.word	_ZNSt17_Function_handlerIFffEN4hannMUlfE_EE9_M_invokeERKSt9_Any_dataOf
 6275 0250 00000000 		.word	_ZNSt17_Function_handlerIFffEN4hannMUlfE_EE10_M_managerERSt9_Any_dataRKS3_St18_Manager_opera
 6276 0254 00000000 		.word	0
 6277 0258 00000000 		.word	hann
 6278 025c 00000000 		.word	_ZN9soundmath4WaveIfED1Ev
 6279 0260 00000000 		.word	_ZNSt17_Function_handlerIFffEN8halfhannMUlfE_EE9_M_invokeERKSt9_Any_dataOf
 6280 0264 00000000 		.word	_ZNSt17_Function_handlerIFffEN8halfhannMUlfE_EE10_M_managerERSt9_Any_dataRKS3_St18_Manager_o
 6281 0268 00000000 		.word	halfhann
 6282 026c 00000000 		.word	.LANCHOR70
 6283 0270 00000000 		.word	.LANCHOR62
 6284 0274 00000000 		.word	_ZN7daisysp10OscillatorD1Ev
 6285 0278 00000000 		.word	.LANCHOR48
 6286 027c 00000000 		.word	.LANCHOR49
 6287 0280 00000000 		.word	.LANCHOR50
 6288 0284 00000000 		.word	.LANCHOR51
 6289 0288 00000000 		.word	_ZN5daisy13AnalogControlD1Ev
 6290 028c 00000000 		.word	.LANCHOR28
 6291 0290 00000000 		.word	.LANCHOR29
 6292 0294 00000000 		.word	.LANCHOR30
 6293 0298 00000000 		.word	.LANCHOR31
 6294 029c 00000000 		.word	.LANCHOR32
 6295 02a0 00000000 		.word	.LANCHOR33
 6296 02a4 00000000 		.word	_ZN5daisy9ParameterD1Ev
 6297 02a8 00000000 		.word	_ZN5daisy3LedD1Ev
 6298              		.cfi_endproc
 6299              	.LFE6919:
 6301              		.section	.init_array,"aw",%init_array
 6302              		.align	2
 6303 0000 00000000 		.word	_GLOBAL__sub_I_hw(target1)
 6304              		.weak	_ZN6ShyFFTIfLj4096E14RotationPhasorE16bit_rev_256_lut_E
 6305              		.section	.rodata._ZN6ShyFFTIfLj4096E14RotationPhasorE16bit_rev_256_lut_E,"aG",%progbits,_ZN6ShyFFT
 6306              		.align	2
 6309              	_ZN6ShyFFTIfLj4096E14RotationPhasorE16bit_rev_256_lut_E:
 6310 0000 008040C0 		.ascii	"\000\200@\300 \240`\340\020\220P\3200\260p\360\010\210"
 6310      20A060E0 
 6310      109050D0 
 6310      30B070F0 
 6310      0888
 6311 0012 48C828A8 		.ascii	"H\310(\250h\350\030\230X\3308\270x\370\004\204D\304"
 6311      68E81898 
ARM GAS  C:\Users\Spencer\AppData\Local\Temp\ccWmt4tk.s 			page 219


 6311      58D838B8 
 6311      78F80484 
 6311      44C4
 6312 0024 24A464E4 		.ascii	"$\244d\344\024\224T\3244\264t\364\014\214L\314,\254"
 6312      149454D4 
 6312      34B474F4 
 6312      0C8C4CCC 
 6312      2CAC
 6313 0036 6CEC1C9C 		.ascii	"l\354\034\234\\\334<\274|\374\002\202B\302\"\242b\342"
 6313      5CDC3CBC 
 6313      7CFC0282 
 6313      42C222A2 
 6313      62E2
 6314 0048 129252D2 		.ascii	"\022\222R\3222\262r\362\012\212J\312*\252j\352\032\232"
 6314      32B272F2 
 6314      0A8A4ACA 
 6314      2AAA6AEA 
 6314      1A9A
 6315 005a 5ADA3ABA 		.ascii	"Z\332:\272z\372\006\206F\306&\246f\346\026\226V\326"
 6315      7AFA0686 
 6315      46C626A6 
 6315      66E61696 
 6315      56D6
 6316 006c 36B676F6 		.ascii	"6\266v\366\016\216N\316.\256n\356\036\236^\336>\276"
 6316      0E8E4ECE 
 6316      2EAE6EEE 
 6316      1E9E5EDE 
 6316      3EBE
 6317 007e 7EFE0181 		.ascii	"~\376\001\201A\301!\241a\341\021\221Q\3211\261q\361"
 6317      41C121A1 
 6317      61E11191 
 6317      51D131B1 
 6317      71F1
 6318 0090 098949C9 		.ascii	"\011\211I\311)\251i\351\031\231Y\3319\271y\371\005\205"
 6318      29A969E9 
 6318      199959D9 
 6318      39B979F9 
 6318      0585
 6319 00a2 45C525A5 		.ascii	"E\305%\245e\345\025\225U\3255\265u\365\015\215M\315"
 6319      65E51595 
 6319      55D535B5 
 6319      75F50D8D 
 6319      4DCD
 6320 00b4 2DAD6DED 		.ascii	"-\255m\355\035\235]\335=\275}\375\003\203C\303#\243"
 6320      1D9D5DDD 
 6320      3DBD7DFD 
 6320      038343C3 
 6320      23A3
 6321 00c6 63E31393 		.ascii	"c\343\023\223S\3233\263s\363\013\213K\313+\253k\353"
 6321      53D333B3 
 6321      73F30B8B 
 6321      4BCB2BAB 
 6321      6BEB
 6322 00d8 1B9B5BDB 		.ascii	"\033\233[\333;\273{\373\007\207G\307'\247g\347\027\227"
 6322      3BBB7BFB 
 6322      078747C7 
 6322      27A767E7 
ARM GAS  C:\Users\Spencer\AppData\Local\Temp\ccWmt4tk.s 			page 220


 6322      1797
 6323 00ea 57D737B7 		.ascii	"W\3277\267w\367\017\217O\317/\257o\357\037\237_\337"
 6323      77F70F8F 
 6323      4FCF2FAF 
 6323      6FEF1F9F 
 6323      5FDF
 6324 00fc 3FBF7FFF 		.ascii	"?\277\177\377"
 6325              		.global	knob_ctrl_detune
 6326              		.global	knob_ctrl_shimmer_tone
 6327              		.global	knob_ctrl_shimmer
 6328              		.global	knob_ctrl_damp
 6329              		.global	knob_ctrl_mix
 6330              		.global	knob_ctrl_decay
 6331              		.global	knobValues
 6332              		.global	drift_multiplier4
 6333              		.global	drift_multiplier3
 6334              		.global	drift_multiplier2
 6335              		.global	drift_multiplier
 6336              		.global	drift_osc4
 6337              		.global	drift_osc3
 6338              		.global	drift_osc2
 6339              		.global	drift_osc
 6340              		.global	drift_mode
 6341              		.global	first_start
 6342              		.global	detune_multiplier
 6343              		.global	detune_mode
 6344              		.global	shimmer_mode
 6345              		.global	freeze
 6346              		.global	interval_samples
 6347              		.global	window_samples
 6348              		.global	detune_remainder
 6349              		.global	detune_double
 6350              		.global	detune_rate_perinterval
 6351              		.global	detune_rate_persecond
 6352              		.global	shimmer_remainder
 6353              		.global	shimmer_triple
 6354              		.global	shimmer_double
 6355              		.global	octave_up_rate_perinterval
 6356              		.global	octave_up_rate_persecond
 6357              		.global	vdetune
 6358              		.global	vshimmer_tone
 6359              		.global	vshimmer
 6360              		.global	vdamp
 6361              		.global	vmix
 6362              		.global	vdecay
 6363              		.global	fft_size
 6364              		.global	stft
 6365              		.global	fft
 6366              		.global	reverb_energy
 6367              		.global	out_buf
 6368              		.global	middle
 6369              		.global	in_buf
 6370              		.global	halfhann
 6371              		.global	hann
 6372              		.global	reverb_mode
 6373              		.global	lowpass
 6374              		.global	samplerateReducer
ARM GAS  C:\Users\Spencer\AppData\Local\Temp\ccWmt4tk.s 			page 221


 6375              		.global	led2
 6376              		.global	led1
 6377              		.global	fs_freeze_pin
 6378              		.global	fs_bypass_pin
 6379              		.global	fs2_prev
 6380              		.global	fs1_prev
 6381              		.global	bypass
 6382              		.global	samplerate
 6383              		.global	detune
 6384              		.global	shimmer_tone
 6385              		.global	shimmer
 6386              		.global	damp
 6387              		.global	mix
 6388              		.global	decay
 6389              		.global	mute_pin
 6390              		.global	relay_pin
 6391              		.global	hw
 6392              		.section	.bss.damp,"aw",%nobits
 6393              		.align	2
 6394              		.set	.LANCHOR36,. + 0
 6397              	damp:
 6398 0000 00000000 		.space	56
 6398      00000000 
 6398      00000000 
 6398      00000000 
 6398      00000000 
 6399              		.section	.bss.decay,"aw",%nobits
 6400              		.align	2
 6401              		.set	.LANCHOR34,. + 0
 6404              	decay:
 6405 0000 00000000 		.space	56
 6405      00000000 
 6405      00000000 
 6405      00000000 
 6405      00000000 
 6406              		.section	.bss.detune,"aw",%nobits
 6407              		.align	2
 6408              		.set	.LANCHOR39,. + 0
 6411              	detune:
 6412 0000 00000000 		.space	56
 6412      00000000 
 6412      00000000 
 6412      00000000 
 6412      00000000 
 6413              		.section	.bss.detune_double,"aw",%nobits
 6414              		.align	2
 6415              		.set	.LANCHOR9,. + 0
 6418              	detune_double:
 6419 0000 00000000 		.space	4
 6420              		.section	.bss.detune_rate_perinterval,"aw",%nobits
 6421              		.align	2
 6422              		.set	.LANCHOR65,. + 0
 6425              	detune_rate_perinterval:
 6426 0000 00000000 		.space	4
 6427              		.section	.bss.detune_rate_persecond,"aw",%nobits
 6428              		.align	2
 6429              		.set	.LANCHOR64,. + 0
ARM GAS  C:\Users\Spencer\AppData\Local\Temp\ccWmt4tk.s 			page 222


 6432              	detune_rate_persecond:
 6433 0000 00000000 		.space	4
 6434              		.section	.bss.detune_remainder,"aw",%nobits
 6435              		.align	2
 6436              		.set	.LANCHOR10,. + 0
 6439              	detune_remainder:
 6440 0000 00000000 		.space	4
 6441              		.section	.bss.drift_osc,"aw",%nobits
 6442              		.align	2
 6443              		.set	.LANCHOR48,. + 0
 6446              	drift_osc:
 6447 0000 00000000 		.space	44
 6447      00000000 
 6447      00000000 
 6447      00000000 
 6447      00000000 
 6448              		.section	.bss.drift_osc2,"aw",%nobits
 6449              		.align	2
 6450              		.set	.LANCHOR49,. + 0
 6453              	drift_osc2:
 6454 0000 00000000 		.space	44
 6454      00000000 
 6454      00000000 
 6454      00000000 
 6454      00000000 
 6455              		.section	.bss.drift_osc3,"aw",%nobits
 6456              		.align	2
 6457              		.set	.LANCHOR50,. + 0
 6460              	drift_osc3:
 6461 0000 00000000 		.space	44
 6461      00000000 
 6461      00000000 
 6461      00000000 
 6461      00000000 
 6462              		.section	.bss.drift_osc4,"aw",%nobits
 6463              		.align	2
 6464              		.set	.LANCHOR51,. + 0
 6467              	drift_osc4:
 6468 0000 00000000 		.space	44
 6468      00000000 
 6468      00000000 
 6468      00000000 
 6468      00000000 
 6469              		.section	.bss.fft,"aw",%nobits
 6470              		.align	2
 6471              		.set	.LANCHOR44,. + 0
 6474              	fft:
 6475 0000 00000000 		.space	4
 6476              		.section	.bss.freeze,"aw",%nobits
 6477              		.set	.LANCHOR2,. + 0
 6480              	freeze:
 6481 0000 00       		.space	1
 6482              		.section	.bss.fs1_prev,"aw",%nobits
 6483              		.set	.LANCHOR66,. + 0
 6486              	fs1_prev:
 6487 0000 00       		.space	1
 6488              		.section	.bss.fs2_prev,"aw",%nobits
ARM GAS  C:\Users\Spencer\AppData\Local\Temp\ccWmt4tk.s 			page 223


 6489              		.set	.LANCHOR68,. + 0
 6492              	fs2_prev:
 6493 0000 00       		.space	1
 6494              		.section	.bss.fs_bypass_pin,"aw",%nobits
 6495              		.align	2
 6496              		.set	.LANCHOR19,. + 0
 6499              	fs_bypass_pin:
 6500 0000 00000000 		.space	20
 6500      00000000 
 6500      00000000 
 6500      00000000 
 6500      00000000 
 6501              		.section	.bss.fs_freeze_pin,"aw",%nobits
 6502              		.align	2
 6503              		.set	.LANCHOR21,. + 0
 6506              	fs_freeze_pin:
 6507 0000 00000000 		.space	20
 6507      00000000 
 6507      00000000 
 6507      00000000 
 6507      00000000 
 6508              		.section	.bss.halfhann,"aw",%nobits
 6509              		.align	2
 6512              	halfhann:
 6513 0000 00000000 		.space	8224
 6513      00000000 
 6513      00000000 
 6513      00000000 
 6513      00000000 
 6514              		.section	.bss.hann,"aw",%nobits
 6515              		.align	2
 6518              	hann:
 6519 0000 00000000 		.space	8224
 6519      00000000 
 6519      00000000 
 6519      00000000 
 6519      00000000 
 6520              		.section	.bss.hw,"aw",%nobits
 6521              		.align	2
 6522              		.set	.LANCHOR12,. + 0
 6525              	hw:
 6526 0000 00000000 		.space	116
 6526      00000000 
 6526      00000000 
 6526      00000000 
 6526      00000000 
 6527              		.section	.bss.in_buf,"aw",%nobits
 6528              		.align	2
 6531              	in_buf:
 6532 0000 00000000 		.space	131072
 6532      00000000 
 6532      00000000 
 6532      00000000 
 6532      00000000 
 6533              		.section	.bss.interval_samples,"aw",%nobits
 6534              		.align	2
 6535              		.set	.LANCHOR62,. + 0
ARM GAS  C:\Users\Spencer\AppData\Local\Temp\ccWmt4tk.s 			page 224


 6538              	interval_samples:
 6539 0000 00000000 		.space	4
 6540              		.section	.bss.knobValues,"aw",%nobits
 6541              		.align	2
 6544              	knobValues:
 6545 0000 00000000 		.space	24
 6545      00000000 
 6545      00000000 
 6545      00000000 
 6545      00000000 
 6546              		.section	.bss.knob_ctrl_damp,"aw",%nobits
 6547              		.align	2
 6548              		.set	.LANCHOR30,. + 0
 6551              	knob_ctrl_damp:
 6552 0000 00000000 		.space	32
 6552      00000000 
 6552      00000000 
 6552      00000000 
 6552      00000000 
 6553              		.section	.bss.knob_ctrl_decay,"aw",%nobits
 6554              		.align	2
 6555              		.set	.LANCHOR28,. + 0
 6558              	knob_ctrl_decay:
 6559 0000 00000000 		.space	32
 6559      00000000 
 6559      00000000 
 6559      00000000 
 6559      00000000 
 6560              		.section	.bss.knob_ctrl_detune,"aw",%nobits
 6561              		.align	2
 6562              		.set	.LANCHOR33,. + 0
 6565              	knob_ctrl_detune:
 6566 0000 00000000 		.space	32
 6566      00000000 
 6566      00000000 
 6566      00000000 
 6566      00000000 
 6567              		.section	.bss.knob_ctrl_mix,"aw",%nobits
 6568              		.align	2
 6569              		.set	.LANCHOR29,. + 0
 6572              	knob_ctrl_mix:
 6573 0000 00000000 		.space	32
 6573      00000000 
 6573      00000000 
 6573      00000000 
 6573      00000000 
 6574              		.section	.bss.knob_ctrl_shimmer,"aw",%nobits
 6575              		.align	2
 6576              		.set	.LANCHOR31,. + 0
 6579              	knob_ctrl_shimmer:
 6580 0000 00000000 		.space	32
 6580      00000000 
 6580      00000000 
 6580      00000000 
 6580      00000000 
 6581              		.section	.bss.knob_ctrl_shimmer_tone,"aw",%nobits
 6582              		.align	2
ARM GAS  C:\Users\Spencer\AppData\Local\Temp\ccWmt4tk.s 			page 225


 6583              		.set	.LANCHOR32,. + 0
 6586              	knob_ctrl_shimmer_tone:
 6587 0000 00000000 		.space	32
 6587      00000000 
 6587      00000000 
 6587      00000000 
 6587      00000000 
 6588              		.section	.bss.led1,"aw",%nobits
 6589              		.align	2
 6590              		.set	.LANCHOR41,. + 0
 6593              	led1:
 6594 0000 00000000 		.space	44
 6594      00000000 
 6594      00000000 
 6594      00000000 
 6594      00000000 
 6595              		.section	.bss.led2,"aw",%nobits
 6596              		.align	2
 6597              		.set	.LANCHOR43,. + 0
 6600              	led2:
 6601 0000 00000000 		.space	44
 6601      00000000 
 6601      00000000 
 6601      00000000 
 6601      00000000 
 6602              		.section	.bss.lowpass,"aw",%nobits
 6603              		.align	2
 6604              		.set	.LANCHOR47,. + 0
 6607              	lowpass:
 6608 0000 00000000 		.space	28
 6608      00000000 
 6608      00000000 
 6608      00000000 
 6608      00000000 
 6609              		.section	.bss.middle,"aw",%nobits
 6610              		.align	2
 6613              	middle:
 6614 0000 00000000 		.space	131072
 6614      00000000 
 6614      00000000 
 6614      00000000 
 6614      00000000 
 6615              		.section	.bss.mix,"aw",%nobits
 6616              		.align	2
 6617              		.set	.LANCHOR35,. + 0
 6620              	mix:
 6621 0000 00000000 		.space	56
 6621      00000000 
 6621      00000000 
 6621      00000000 
 6621      00000000 
 6622              		.section	.bss.mute_pin,"aw",%nobits
 6623              		.align	2
 6624              		.set	.LANCHOR17,. + 0
 6627              	mute_pin:
 6628 0000 00000000 		.space	20
 6628      00000000 
ARM GAS  C:\Users\Spencer\AppData\Local\Temp\ccWmt4tk.s 			page 226


 6628      00000000 
 6628      00000000 
 6628      00000000 
 6629              		.section	.bss.octave_up_rate_perinterval,"aw",%nobits
 6630              		.align	2
 6631              		.set	.LANCHOR63,. + 0
 6634              	octave_up_rate_perinterval:
 6635 0000 00000000 		.space	4
 6636              		.section	.bss.octave_up_rate_persecond,"aw",%nobits
 6637              		.align	2
 6638              		.set	.LANCHOR61,. + 0
 6641              	octave_up_rate_persecond:
 6642 0000 00000000 		.space	4
 6643              		.section	.bss.out_buf,"aw",%nobits
 6644              		.align	2
 6647              	out_buf:
 6648 0000 00000000 		.space	131072
 6648      00000000 
 6648      00000000 
 6648      00000000 
 6648      00000000 
 6649              		.section	.bss.relay_pin,"aw",%nobits
 6650              		.align	2
 6651              		.set	.LANCHOR15,. + 0
 6654              	relay_pin:
 6655 0000 00000000 		.space	20
 6655      00000000 
 6655      00000000 
 6655      00000000 
 6655      00000000 
 6656              		.section	.bss.reverb_energy,"aw",%nobits
 6657              		.align	2
 6660              	reverb_energy:
 6661 0000 00000000 		.space	8192
 6661      00000000 
 6661      00000000 
 6661      00000000 
 6661      00000000 
 6662              		.section	.bss.samplerateReducer,"aw",%nobits
 6663              		.align	2
 6664              		.set	.LANCHOR46,. + 0
 6667              	samplerateReducer:
 6668 0000 00000000 		.space	20
 6668      00000000 
 6668      00000000 
 6668      00000000 
 6668      00000000 
 6669              		.section	.bss.shimmer,"aw",%nobits
 6670              		.align	2
 6671              		.set	.LANCHOR37,. + 0
 6674              	shimmer:
 6675 0000 00000000 		.space	56
 6675      00000000 
 6675      00000000 
 6675      00000000 
 6675      00000000 
 6676              		.section	.bss.shimmer_double,"aw",%nobits
ARM GAS  C:\Users\Spencer\AppData\Local\Temp\ccWmt4tk.s 			page 227


 6677              		.align	2
 6678              		.set	.LANCHOR5,. + 0
 6681              	shimmer_double:
 6682 0000 00000000 		.space	4
 6683              		.section	.bss.shimmer_remainder,"aw",%nobits
 6684              		.align	2
 6685              		.set	.LANCHOR11,. + 0
 6688              	shimmer_remainder:
 6689 0000 00000000 		.space	4
 6690              		.section	.bss.shimmer_tone,"aw",%nobits
 6691              		.align	2
 6692              		.set	.LANCHOR38,. + 0
 6695              	shimmer_tone:
 6696 0000 00000000 		.space	56
 6696      00000000 
 6696      00000000 
 6696      00000000 
 6696      00000000 
 6697              		.section	.bss.shimmer_triple,"aw",%nobits
 6698              		.align	2
 6699              		.set	.LANCHOR6,. + 0
 6702              	shimmer_triple:
 6703 0000 00000000 		.space	4
 6704              		.section	.bss.stft,"aw",%nobits
 6705              		.align	2
 6706              		.set	.LANCHOR45,. + 0
 6709              	stft:
 6710 0000 00000000 		.space	4
 6711              		.section	.bss.vdamp,"aw",%nobits
 6712              		.align	2
 6713              		.set	.LANCHOR1,. + 0
 6716              	vdamp:
 6717 0000 00000000 		.space	4
 6718              		.section	.bss.vdecay,"aw",%nobits
 6719              		.align	2
 6720              		.set	.LANCHOR3,. + 0
 6723              	vdecay:
 6724 0000 00000000 		.space	4
 6725              		.section	.bss.vdetune,"aw",%nobits
 6726              		.align	2
 6727              		.set	.LANCHOR55,. + 0
 6730              	vdetune:
 6731 0000 00000000 		.space	4
 6732              		.section	.bss.vmix,"aw",%nobits
 6733              		.align	2
 6734              		.set	.LANCHOR52,. + 0
 6737              	vmix:
 6738 0000 00000000 		.space	4
 6739              		.section	.bss.vshimmer,"aw",%nobits
 6740              		.align	2
 6741              		.set	.LANCHOR53,. + 0
 6744              	vshimmer:
 6745 0000 00000000 		.space	4
 6746              		.section	.bss.vshimmer_tone,"aw",%nobits
 6747              		.align	2
 6748              		.set	.LANCHOR54,. + 0
 6751              	vshimmer_tone:
ARM GAS  C:\Users\Spencer\AppData\Local\Temp\ccWmt4tk.s 			page 228


 6752 0000 00000000 		.space	4
 6753              		.section	.data.bypass,"aw"
 6754              		.set	.LANCHOR67,. + 0
 6757              	bypass:
 6758 0000 01       		.byte	1
 6759              		.section	.data.detune_mode,"aw"
 6760              		.align	2
 6761              		.set	.LANCHOR7,. + 0
 6764              	detune_mode:
 6765 0000 01000000 		.word	1
 6766              		.section	.data.detune_multiplier,"aw"
 6767              		.align	2
 6768              		.set	.LANCHOR8,. + 0
 6771              	detune_multiplier:
 6772 0000 01000000 		.word	1
 6773              		.section	.data.drift_mode,"aw"
 6774              		.align	2
 6775              		.set	.LANCHOR56,. + 0
 6778              	drift_mode:
 6779 0000 01000000 		.word	1
 6780              		.section	.data.drift_multiplier,"aw"
 6781              		.align	2
 6782              		.set	.LANCHOR57,. + 0
 6785              	drift_multiplier:
 6786 0000 0000803F 		.word	1065353216
 6787              		.section	.data.drift_multiplier2,"aw"
 6788              		.align	2
 6789              		.set	.LANCHOR58,. + 0
 6792              	drift_multiplier2:
 6793 0000 0000803F 		.word	1065353216
 6794              		.section	.data.drift_multiplier3,"aw"
 6795              		.align	2
 6796              		.set	.LANCHOR59,. + 0
 6799              	drift_multiplier3:
 6800 0000 0000803F 		.word	1065353216
 6801              		.section	.data.drift_multiplier4,"aw"
 6802              		.align	2
 6803              		.set	.LANCHOR60,. + 0
 6806              	drift_multiplier4:
 6807 0000 0000803F 		.word	1065353216
 6808              		.section	.data.fft_size,"aw"
 6809              		.align	2
 6810              		.set	.LANCHOR0,. + 0
 6813              	fft_size:
 6814 0000 00000045 		.word	1157627904
 6815              		.section	.data.first_start,"aw"
 6818              	first_start:
 6819 0000 01       		.byte	1
 6820              		.section	.data.reverb_mode,"aw"
 6821              		.align	2
 6822              		.set	.LANCHOR69,. + 0
 6825              	reverb_mode:
 6826 0000 01000000 		.word	1
 6827              		.section	.data.samplerate,"aw"
 6828              		.align	2
 6829              		.set	.LANCHOR13,. + 0
 6832              	samplerate:
ARM GAS  C:\Users\Spencer\AppData\Local\Temp\ccWmt4tk.s 			page 229


 6833 0000 0000FA46 		.word	1190789120
 6834              		.section	.data.shimmer_mode,"aw"
 6835              		.align	2
 6836              		.set	.LANCHOR4,. + 0
 6839              	shimmer_mode:
 6840 0000 01000000 		.word	1
 6841              		.section	.data.window_samples,"aw"
 6842              		.align	2
 6843              		.set	.LANCHOR70,. + 0
 6846              	window_samples:
 6847 0000 00000047 		.word	1191182336
 6848              		.section	.rodata._ZN5daisy4seedL2D1E,"a"
 6849              		.align	2
 6850              		.set	.LANCHOR14,. + 0
 6853              	_ZN5daisy4seedL2D1E:
 6854 0000 02       		.byte	2
 6855 0001 0B       		.byte	11
 6856              		.section	.rodata._ZN5daisy4seedL2D5E,"a"
 6857              		.align	2
 6858              		.set	.LANCHOR20,. + 0
 6861              	_ZN5daisy4seedL2D5E:
 6862 0000 03       		.byte	3
 6863 0001 02       		.byte	2
 6864              		.section	.rodata._ZN5daisy4seedL2D6E,"a"
 6865              		.align	2
 6866              		.set	.LANCHOR18,. + 0
 6869              	_ZN5daisy4seedL2D6E:
 6870 0000 02       		.byte	2
 6871 0001 0C       		.byte	12
 6872              		.section	.rodata._ZN5daisy4seedL3D12E,"a"
 6873              		.align	2
 6874              		.set	.LANCHOR16,. + 0
 6877              	_ZN5daisy4seedL3D12E:
 6878 0000 01       		.byte	1
 6879 0001 09       		.byte	9
 6880              		.section	.rodata._ZN5daisy4seedL3D15E,"a"
 6881              		.align	2
 6882              		.set	.LANCHOR22,. + 0
 6885              	_ZN5daisy4seedL3D15E:
 6886 0000 02       		.byte	2
 6887 0001 00       		.byte	0
 6888              		.section	.rodata._ZN5daisy4seedL3D16E,"a"
 6889              		.align	2
 6890              		.set	.LANCHOR23,. + 0
 6893              	_ZN5daisy4seedL3D16E:
 6894 0000 00       		.byte	0
 6895 0001 03       		.byte	3
 6896              		.section	.rodata._ZN5daisy4seedL3D17E,"a"
 6897              		.align	2
 6898              		.set	.LANCHOR24,. + 0
 6901              	_ZN5daisy4seedL3D17E:
 6902 0000 01       		.byte	1
 6903 0001 01       		.byte	1
 6904              		.section	.rodata._ZN5daisy4seedL3D18E,"a"
 6905              		.align	2
 6906              		.set	.LANCHOR25,. + 0
 6909              	_ZN5daisy4seedL3D18E:
ARM GAS  C:\Users\Spencer\AppData\Local\Temp\ccWmt4tk.s 			page 230


 6910 0000 00       		.byte	0
 6911 0001 07       		.byte	7
 6912              		.section	.rodata._ZN5daisy4seedL3D19E,"a"
 6913              		.align	2
 6914              		.set	.LANCHOR26,. + 0
 6917              	_ZN5daisy4seedL3D19E:
 6918 0000 00       		.byte	0
 6919 0001 06       		.byte	6
 6920              		.section	.rodata._ZN5daisy4seedL3D20E,"a"
 6921              		.align	2
 6922              		.set	.LANCHOR27,. + 0
 6925              	_ZN5daisy4seedL3D20E:
 6926 0000 02       		.byte	2
 6927 0001 01       		.byte	1
 6928              		.section	.rodata._ZN5daisy4seedL3D22E,"a"
 6929              		.align	2
 6930              		.set	.LANCHOR40,. + 0
 6933              	_ZN5daisy4seedL3D22E:
 6934 0000 00       		.byte	0
 6935 0001 05       		.byte	5
 6936              		.section	.rodata._ZN5daisy4seedL3D23E,"a"
 6937              		.align	2
 6938              		.set	.LANCHOR42,. + 0
 6941              	_ZN5daisy4seedL3D23E:
 6942 0000 00       		.byte	0
 6943 0001 04       		.byte	4
 6944              		.text
 6945              	.Letext0:
 6946              		.file 28 "c:\\program files\\daisytoolchain\\arm-none-eabi\\include\\machine\\_default_types.h"
 6947              		.file 29 "c:\\program files\\daisytoolchain\\arm-none-eabi\\include\\sys\\_stdint.h"
 6948              		.file 30 "c:\\program files\\daisytoolchain\\arm-none-eabi\\include\\stdint.h"
 6949              		.file 31 "c:\\program files\\daisytoolchain\\lib\\gcc\\arm-none-eabi\\10.2.1\\include\\stddef.h"
 6950              		.file 32 "c:\\program files\\daisytoolchain\\arm-none-eabi\\include\\c++\\10.2.1\\bits\\cpp_type_t
 6951              		.file 33 "c:\\program files\\daisytoolchain\\arm-none-eabi\\include\\c++\\10.2.1\\bits\\std_abs.h"
 6952              		.file 34 "c:\\program files\\daisytoolchain\\arm-none-eabi\\include\\c++\\10.2.1\\cstdlib"
 6953              		.file 35 "c:\\program files\\daisytoolchain\\arm-none-eabi\\include\\c++\\10.2.1\\cstdint"
 6954              		.file 36 "c:\\program files\\daisytoolchain\\arm-none-eabi\\include\\c++\\10.2.1\\type_traits"
 6955              		.file 37 "c:\\program files\\daisytoolchain\\arm-none-eabi\\include\\c++\\10.2.1\\arm-none-eabi\\t
 6956              		.file 38 "c:\\program files\\daisytoolchain\\arm-none-eabi\\include\\c++\\10.2.1\\bits\\stl_pair.h
 6957              		.file 39 "c:\\program files\\daisytoolchain\\arm-none-eabi\\include\\c++\\10.2.1\\bits\\stl_iterat
 6958              		.file 40 "c:\\program files\\daisytoolchain\\arm-none-eabi\\include\\c++\\10.2.1\\debug\\debug.h"
 6959              		.file 41 "c:\\program files\\daisytoolchain\\arm-none-eabi\\include\\c++\\10.2.1\\bits\\algorithmf
 6960              		.file 42 "c:\\program files\\daisytoolchain\\arm-none-eabi\\include\\c++\\10.2.1\\bits\\exception_
 6961              		.file 43 "c:\\program files\\daisytoolchain\\arm-none-eabi\\include\\c++\\10.2.1\\bits\\uses_alloc
 6962              		.file 44 "c:\\program files\\daisytoolchain\\arm-none-eabi\\include\\c++\\10.2.1\\tuple"
 6963              		.file 45 "c:\\program files\\daisytoolchain\\arm-none-eabi\\include\\c++\\10.2.1\\functional"
 6964              		.file 46 "c:\\program files\\daisytoolchain\\arm-none-eabi\\include\\c++\\10.2.1\\cstdarg"
 6965              		.file 47 "c:\\program files\\daisytoolchain\\arm-none-eabi\\include\\c++\\10.2.1\\cstdio"
 6966              		.file 48 "c:\\program files\\daisytoolchain\\arm-none-eabi\\include\\c++\\10.2.1\\cstring"
 6967              		.file 49 "c:\\program files\\daisytoolchain\\arm-none-eabi\\include\\c++\\10.2.1\\cstddef"
 6968              		.file 50 "c:\\program files\\daisytoolchain\\arm-none-eabi\\include\\c++\\10.2.1\\cwchar"
 6969              		.file 51 "c:\\program files\\daisytoolchain\\arm-none-eabi\\include\\c++\\10.2.1\\clocale"
 6970              		.file 52 "c:\\program files\\daisytoolchain\\arm-none-eabi\\include\\c++\\10.2.1\\bits\\basic_stri
 6971              		.file 53 "c:\\program files\\daisytoolchain\\arm-none-eabi\\include\\c++\\10.2.1\\complex"
 6972              		.file 54 "c:\\program files\\daisytoolchain\\arm-none-eabi\\include\\c++\\10.2.1\\bits\\stl_tempbu
 6973              		.file 55 "c:\\program files\\daisytoolchain\\arm-none-eabi\\include\\c++\\10.2.1\\cwctype"
 6974              		.file 56 "c:\\program files\\daisytoolchain\\arm-none-eabi\\include\\c++\\10.2.1\\bits\\stl_functi
ARM GAS  C:\Users\Spencer\AppData\Local\Temp\ccWmt4tk.s 			page 231


 6975              		.file 57 "c:\\program files\\daisytoolchain\\arm-none-eabi\\include\\c++\\10.2.1\\bits\\refwrap.h"
 6976              		.file 58 "c:\\program files\\daisytoolchain\\arm-none-eabi\\include\\c++\\10.2.1\\bits\\predefined
 6977              		.file 59 "c:\\program files\\daisytoolchain\\arm-none-eabi\\include\\sys\\_types.h"
 6978              		.file 60 "c:\\program files\\daisytoolchain\\arm-none-eabi\\include\\sys\\reent.h"
 6979              		.file 61 "c:\\program files\\daisytoolchain\\arm-none-eabi\\include\\sys\\lock.h"
 6980              		.file 62 "c:\\program files\\daisytoolchain\\arm-none-eabi\\include\\math.h"
 6981              		.file 63 "c:\\program files\\daisytoolchain\\arm-none-eabi\\include\\stdlib.h"
 6982              		.file 64 "c:\\program files\\daisytoolchain\\arm-none-eabi\\include\\c++\\10.2.1\\math.h"
 6983              		.file 65 "c:\\program files\\daisytoolchain\\arm-none-eabi\\include\\c++\\10.2.1\\stdlib.h"
 6984              		.file 66 "../../../../Dependencies/libDaisy/src/per/tim.h"
 6985              		.file 67 "../../../../Dependencies/libDaisy/src/hid/logger_impl.h"
 6986              		.file 68 "../../../../Dependencies/libDaisy/src/dev/max11300.h"
 6987              		.file 69 "../../../../Dependencies/libDaisy/src/dev/sr_595.h"
 6988              		.file 70 "../../../../Dependencies/libDaisy/src/util/wav_format.h"
 6989              		.file 71 "../../../../Dependencies/libDaisy/src/hid/logger.h"
 6990              		.file 72 "../../../../Dependencies/libDaisy/src/dev/sdram.h"
 6991              		.file 73 "c:\\program files\\daisytoolchain\\lib\\gcc\\arm-none-eabi\\10.2.1\\include\\stdarg.h"
 6992              		.file 74 "c:\\program files\\daisytoolchain\\arm-none-eabi\\include\\stdio.h"
 6993              		.file 75 "c:\\program files\\daisytoolchain\\arm-none-eabi\\include\\string.h"
 6994              		.file 76 "../../../../Dependencies/libDaisy/Middlewares/Third_Party/FatFs/src/integer.h"
 6995              		.file 77 "../../../../Dependencies/libDaisy/Middlewares/Third_Party/FatFs/src/ff.h"
 6996              		.file 78 "../../../../Dependencies/DaisySP/Source/Control/adenv.h"
 6997              		.file 79 "../../../../Dependencies/DaisySP/Source/Utility/dsp.h"
 6998              		.file 80 "c:\\program files\\daisytoolchain\\arm-none-eabi\\include\\wchar.h"
 6999              		.file 81 "c:\\program files\\daisytoolchain\\arm-none-eabi\\include\\locale.h"
 7000              		.file 82 "c:\\program files\\daisytoolchain\\arm-none-eabi\\include\\wctype.h"
 7001              		.file 83 "c:\\program files\\daisytoolchain\\arm-none-eabi\\include\\c++\\10.2.1\\bits\\functexcep
 7002              		.file 84 "<built-in>"
ARM GAS  C:\Users\Spencer\AppData\Local\Temp\ccWmt4tk.s 			page 232


DEFINED SYMBOLS
                            *ABS*:00000000 Marigold.cpp
C:\Users\Spencer\AppData\Local\Temp\ccWmt4tk.s:17     .text._ZN5daisy13AnalogControlD2Ev:00000000 $t
C:\Users\Spencer\AppData\Local\Temp\ccWmt4tk.s:25     .text._ZN5daisy13AnalogControlD2Ev:00000000 _ZN5daisy13AnalogControlD2Ev
C:\Users\Spencer\AppData\Local\Temp\ccWmt4tk.s:25     .text._ZN5daisy13AnalogControlD2Ev:00000000 _ZN5daisy13AnalogControlD1Ev
C:\Users\Spencer\AppData\Local\Temp\ccWmt4tk.s:42     .text._ZN5daisy9ParameterD2Ev:00000000 $t
C:\Users\Spencer\AppData\Local\Temp\ccWmt4tk.s:49     .text._ZN5daisy9ParameterD2Ev:00000000 _ZN5daisy9ParameterD2Ev
C:\Users\Spencer\AppData\Local\Temp\ccWmt4tk.s:49     .text._ZN5daisy9ParameterD2Ev:00000000 _ZN5daisy9ParameterD1Ev
C:\Users\Spencer\AppData\Local\Temp\ccWmt4tk.s:71     .text._ZN5daisy3LedD2Ev:00000000 $t
C:\Users\Spencer\AppData\Local\Temp\ccWmt4tk.s:78     .text._ZN5daisy3LedD2Ev:00000000 _ZN5daisy3LedD2Ev
C:\Users\Spencer\AppData\Local\Temp\ccWmt4tk.s:78     .text._ZN5daisy3LedD2Ev:00000000 _ZN5daisy3LedD1Ev
C:\Users\Spencer\AppData\Local\Temp\ccWmt4tk.s:95     .text._ZN5daisy9DaisySeedD2Ev:00000000 $t
C:\Users\Spencer\AppData\Local\Temp\ccWmt4tk.s:102    .text._ZN5daisy9DaisySeedD2Ev:00000000 _ZN5daisy9DaisySeedD2Ev
C:\Users\Spencer\AppData\Local\Temp\ccWmt4tk.s:102    .text._ZN5daisy9DaisySeedD2Ev:00000000 _ZN5daisy9DaisySeedD1Ev
C:\Users\Spencer\AppData\Local\Temp\ccWmt4tk.s:149    .text._ZN7daisysp10OscillatorD2Ev:00000000 $t
C:\Users\Spencer\AppData\Local\Temp\ccWmt4tk.s:156    .text._ZN7daisysp10OscillatorD2Ev:00000000 _ZN7daisysp10OscillatorD2Ev
C:\Users\Spencer\AppData\Local\Temp\ccWmt4tk.s:156    .text._ZN7daisysp10OscillatorD2Ev:00000000 _ZN7daisysp10OscillatorD1Ev
C:\Users\Spencer\AppData\Local\Temp\ccWmt4tk.s:173    .text._ZN7daisysp17SampleRateReducerD2Ev:00000000 $t
C:\Users\Spencer\AppData\Local\Temp\ccWmt4tk.s:180    .text._ZN7daisysp17SampleRateReducerD2Ev:00000000 _ZN7daisysp17SampleRateReducerD2Ev
C:\Users\Spencer\AppData\Local\Temp\ccWmt4tk.s:180    .text._ZN7daisysp17SampleRateReducerD2Ev:00000000 _ZN7daisysp17SampleRateReducerD1Ev
C:\Users\Spencer\AppData\Local\Temp\ccWmt4tk.s:197    .text._ZN7daisysp4ToneD2Ev:00000000 $t
C:\Users\Spencer\AppData\Local\Temp\ccWmt4tk.s:204    .text._ZN7daisysp4ToneD2Ev:00000000 _ZN7daisysp4ToneD2Ev
C:\Users\Spencer\AppData\Local\Temp\ccWmt4tk.s:204    .text._ZN7daisysp4ToneD2Ev:00000000 _ZN7daisysp4ToneD1Ev
C:\Users\Spencer\AppData\Local\Temp\ccWmt4tk.s:221    .text._ZNSt17_Function_handlerIFffEN4hannMUlfE_EE10_M_managerERSt9_Any_dataRKS3_St18_Manager_operation:00000000 $t
C:\Users\Spencer\AppData\Local\Temp\ccWmt4tk.s:228    .text._ZNSt17_Function_handlerIFffEN4hannMUlfE_EE10_M_managerERSt9_Any_dataRKS3_St18_Manager_operation:00000000 _ZNSt17_Function_handlerIFffEN4hannMUlfE_EE10_M_managerERSt9_Any_dataRKS3_St18_Manager_operation
C:\Users\Spencer\AppData\Local\Temp\ccWmt4tk.s:271    .text._ZNSt17_Function_handlerIFffEN8halfhannMUlfE_EE10_M_managerERSt9_Any_dataRKS3_St18_Manager_operation:00000000 $t
C:\Users\Spencer\AppData\Local\Temp\ccWmt4tk.s:278    .text._ZNSt17_Function_handlerIFffEN8halfhannMUlfE_EE10_M_managerERSt9_Any_dataRKS3_St18_Manager_operation:00000000 _ZNSt17_Function_handlerIFffEN8halfhannMUlfE_EE10_M_managerERSt9_Any_dataRKS3_St18_Manager_operation
C:\Users\Spencer\AppData\Local\Temp\ccWmt4tk.s:320    .text._Z6reverbPKfPf:00000000 $t
C:\Users\Spencer\AppData\Local\Temp\ccWmt4tk.s:327    .text._Z6reverbPKfPf:00000000 _Z6reverbPKfPf
C:\Users\Spencer\AppData\Local\Temp\ccWmt4tk.s:836    .text._Z6reverbPKfPf:00000318 $d
C:\Users\Spencer\AppData\Local\Temp\ccWmt4tk.s:6660   .bss.reverb_energy:00000000 reverb_energy
C:\Users\Spencer\AppData\Local\Temp\ccWmt4tk.s:860    .text._ZNSt17_Function_handlerIFffEN4hannMUlfE_EE9_M_invokeERKSt9_Any_dataOf:00000000 $t
C:\Users\Spencer\AppData\Local\Temp\ccWmt4tk.s:867    .text._ZNSt17_Function_handlerIFffEN4hannMUlfE_EE9_M_invokeERKSt9_Any_dataOf:00000000 _ZNSt17_Function_handlerIFffEN4hannMUlfE_EE9_M_invokeERKSt9_Any_dataOf
C:\Users\Spencer\AppData\Local\Temp\ccWmt4tk.s:921    .text._ZNSt17_Function_handlerIFffEN4hannMUlfE_EE9_M_invokeERKSt9_Any_dataOf:00000030 $d
C:\Users\Spencer\AppData\Local\Temp\ccWmt4tk.s:927    .text._ZNSt17_Function_handlerIFffEN8halfhannMUlfE_EE9_M_invokeERKSt9_Any_dataOf:00000000 $t
C:\Users\Spencer\AppData\Local\Temp\ccWmt4tk.s:934    .text._ZNSt17_Function_handlerIFffEN8halfhannMUlfE_EE9_M_invokeERKSt9_Any_dataOf:00000000 _ZNSt17_Function_handlerIFffEN8halfhannMUlfE_EE9_M_invokeERKSt9_Any_dataOf
C:\Users\Spencer\AppData\Local\Temp\ccWmt4tk.s:982    .text._ZNSt17_Function_handlerIFffEN8halfhannMUlfE_EE9_M_invokeERKSt9_Any_dataOf:00000020 $d
C:\Users\Spencer\AppData\Local\Temp\ccWmt4tk.s:988    .text._ZN9soundmath4WaveIfED2Ev:00000000 $t
C:\Users\Spencer\AppData\Local\Temp\ccWmt4tk.s:995    .text._ZN9soundmath4WaveIfED2Ev:00000000 _ZN9soundmath4WaveIfED2Ev
C:\Users\Spencer\AppData\Local\Temp\ccWmt4tk.s:995    .text._ZN9soundmath4WaveIfED2Ev:00000000 _ZN9soundmath4WaveIfED1Ev
C:\Users\Spencer\AppData\Local\Temp\ccWmt4tk.s:1056   .text._ZNSt14_Function_baseD2Ev:00000000 $t
C:\Users\Spencer\AppData\Local\Temp\ccWmt4tk.s:1063   .text._ZNSt14_Function_baseD2Ev:00000000 _ZNSt14_Function_baseD2Ev
C:\Users\Spencer\AppData\Local\Temp\ccWmt4tk.s:1063   .text._ZNSt14_Function_baseD2Ev:00000000 _ZNSt14_Function_baseD1Ev
C:\Users\Spencer\AppData\Local\Temp\ccWmt4tk.s:1101   .text._ZN7daisysp10Oscillator4InitEf:00000000 $t
C:\Users\Spencer\AppData\Local\Temp\ccWmt4tk.s:1108   .text._ZN7daisysp10Oscillator4InitEf:00000000 _ZN7daisysp10Oscillator4InitEf
C:\Users\Spencer\AppData\Local\Temp\ccWmt4tk.s:1171   .text._ZN7daisysp10Oscillator4InitEf:00000040 $d
C:\Users\Spencer\AppData\Local\Temp\ccWmt4tk.s:1176   .rodata.main.str1.4:00000000 $d
C:\Users\Spencer\AppData\Local\Temp\ccWmt4tk.s:1189   .text.main:00000000 $t
C:\Users\Spencer\AppData\Local\Temp\ccWmt4tk.s:1196   .text.main:00000000 main
C:\Users\Spencer\AppData\Local\Temp\ccWmt4tk.s:1474   .text.main:000000fc $d
C:\Users\Spencer\AppData\Local\Temp\ccWmt4tk.s:1493   .text.main:0000012c $t
C:\Users\Spencer\AppData\Local\Temp\ccWmt4tk.s:2070   .text.main:00000474 $d
C:\Users\Spencer\AppData\Local\Temp\ccWmt4tk.s:6531   .bss.in_buf:00000000 in_buf
C:\Users\Spencer\AppData\Local\Temp\ccWmt4tk.s:6613   .bss.middle:00000000 middle
C:\Users\Spencer\AppData\Local\Temp\ccWmt4tk.s:6647   .bss.out_buf:00000000 out_buf
C:\Users\Spencer\AppData\Local\Temp\ccWmt4tk.s:6518   .bss.hann:00000000 hann
C:\Users\Spencer\AppData\Local\Temp\ccWmt4tk.s:2112   .text.main:00000518 $t
ARM GAS  C:\Users\Spencer\AppData\Local\Temp\ccWmt4tk.s 			page 233


C:\Users\Spencer\AppData\Local\Temp\ccWmt4tk.s:2285   .text.main:000005ac $d
C:\Users\Spencer\AppData\Local\Temp\ccWmt4tk.s:4496   .text._ZL13AudioCallbackPKPKfPPfj:00000000 _ZL13AudioCallbackPKPKfPPfj
C:\Users\Spencer\AppData\Local\Temp\ccWmt4tk.s:2306   .text._ZN9soundmath7FourierIfLj4096EE4readEv:00000000 $t
C:\Users\Spencer\AppData\Local\Temp\ccWmt4tk.s:2313   .text._ZN9soundmath7FourierIfLj4096EE4readEv:00000000 _ZN9soundmath7FourierIfLj4096EE4readEv
C:\Users\Spencer\AppData\Local\Temp\ccWmt4tk.s:2597   .text._ZN9soundmath7FourierIfLj4096EE4readEv:00000164 $d
C:\Users\Spencer\AppData\Local\Temp\ccWmt4tk.s:2603   .text._ZNKSt8functionIFffEEclEf:00000000 $t
C:\Users\Spencer\AppData\Local\Temp\ccWmt4tk.s:2610   .text._ZNKSt8functionIFffEEclEf:00000000 _ZNKSt8functionIFffEEclEf
C:\Users\Spencer\AppData\Local\Temp\ccWmt4tk.s:2658   .text._ZN9soundmath4WaveIfEC2ESt8functionIFffEEffb:00000000 $t
C:\Users\Spencer\AppData\Local\Temp\ccWmt4tk.s:2665   .text._ZN9soundmath4WaveIfEC2ESt8functionIFffEEffb:00000000 _ZN9soundmath4WaveIfEC2ESt8functionIFffEEffb
C:\Users\Spencer\AppData\Local\Temp\ccWmt4tk.s:2665   .text._ZN9soundmath4WaveIfEC2ESt8functionIFffEEffb:00000000 _ZN9soundmath4WaveIfEC1ESt8functionIFffEEffb
C:\Users\Spencer\AppData\Local\Temp\ccWmt4tk.s:2925   .text._ZN15DirectTransformIfLj12E14RotationPhasorIfLj12EEEclEPfS3_PKhPS1_:00000000 $t
C:\Users\Spencer\AppData\Local\Temp\ccWmt4tk.s:2932   .text._ZN15DirectTransformIfLj12E14RotationPhasorIfLj12EEEclEPfS3_PKhPS1_:00000000 _ZN15DirectTransformIfLj12E14RotationPhasorIfLj12EEEclEPfS3_PKhPS1_
C:\Users\Spencer\AppData\Local\Temp\ccWmt4tk.s:3491   .text._ZN15DirectTransformIfLj12E14RotationPhasorIfLj12EEEclEPfS3_PKhPS1_:000002f8 $d
C:\Users\Spencer\AppData\Local\Temp\ccWmt4tk.s:3496   .text._ZN16InverseTransformIfLj12E14RotationPhasorIfLj12EEEclEPfS3_PKhPS1_:00000000 $t
C:\Users\Spencer\AppData\Local\Temp\ccWmt4tk.s:3503   .text._ZN16InverseTransformIfLj12E14RotationPhasorIfLj12EEEclEPfS3_PKhPS1_:00000000 _ZN16InverseTransformIfLj12E14RotationPhasorIfLj12EEEclEPfS3_PKhPS1_
C:\Users\Spencer\AppData\Local\Temp\ccWmt4tk.s:4072   .text._ZN16InverseTransformIfLj12E14RotationPhasorIfLj12EEEclEPfS3_PKhPS1_:000002f8 $d
C:\Users\Spencer\AppData\Local\Temp\ccWmt4tk.s:4079   .text._ZN9soundmath7FourierIfLj4096EE5writeEf:00000000 $t
C:\Users\Spencer\AppData\Local\Temp\ccWmt4tk.s:4086   .text._ZN9soundmath7FourierIfLj4096EE5writeEf:00000000 _ZN9soundmath7FourierIfLj4096EE5writeEf
C:\Users\Spencer\AppData\Local\Temp\ccWmt4tk.s:4484   .text._ZN9soundmath7FourierIfLj4096EE5writeEf:00000194 $d
C:\Users\Spencer\AppData\Local\Temp\ccWmt4tk.s:6309   .rodata._ZN6ShyFFTIfLj4096E14RotationPhasorE16bit_rev_256_lut_E:00000000 _ZN6ShyFFTIfLj4096E14RotationPhasorE16bit_rev_256_lut_E
C:\Users\Spencer\AppData\Local\Temp\ccWmt4tk.s:4490   .text._ZL13AudioCallbackPKPKfPPfj:00000000 $t
C:\Users\Spencer\AppData\Local\Temp\ccWmt4tk.s:5037   .text._ZL13AudioCallbackPKPKfPPfj:00000300 $d
C:\Users\Spencer\AppData\Local\Temp\ccWmt4tk.s:5094   .text._ZL13AudioCallbackPKPKfPPfj:000003bc $t
C:\Users\Spencer\AppData\Local\Temp\ccWmt4tk.s:5279   .text._ZL13AudioCallbackPKPKfPPfj:000004b4 $d
C:\Users\Spencer\AppData\Local\Temp\ccWmt4tk.s:5298   .text._GLOBAL__sub_I_hw:00000000 $t
C:\Users\Spencer\AppData\Local\Temp\ccWmt4tk.s:5304   .text._GLOBAL__sub_I_hw:00000000 _GLOBAL__sub_I_hw
C:\Users\Spencer\AppData\Local\Temp\ccWmt4tk.s:6255   .text._GLOBAL__sub_I_hw:00000200 $d
C:\Users\Spencer\AppData\Local\Temp\ccWmt4tk.s:6512   .bss.halfhann:00000000 halfhann
C:\Users\Spencer\AppData\Local\Temp\ccWmt4tk.s:6302   .init_array:00000000 $d
C:\Users\Spencer\AppData\Local\Temp\ccWmt4tk.s:6306   .rodata._ZN6ShyFFTIfLj4096E14RotationPhasorE16bit_rev_256_lut_E:00000000 $d
C:\Users\Spencer\AppData\Local\Temp\ccWmt4tk.s:6565   .bss.knob_ctrl_detune:00000000 knob_ctrl_detune
C:\Users\Spencer\AppData\Local\Temp\ccWmt4tk.s:6586   .bss.knob_ctrl_shimmer_tone:00000000 knob_ctrl_shimmer_tone
C:\Users\Spencer\AppData\Local\Temp\ccWmt4tk.s:6579   .bss.knob_ctrl_shimmer:00000000 knob_ctrl_shimmer
C:\Users\Spencer\AppData\Local\Temp\ccWmt4tk.s:6551   .bss.knob_ctrl_damp:00000000 knob_ctrl_damp
C:\Users\Spencer\AppData\Local\Temp\ccWmt4tk.s:6572   .bss.knob_ctrl_mix:00000000 knob_ctrl_mix
C:\Users\Spencer\AppData\Local\Temp\ccWmt4tk.s:6558   .bss.knob_ctrl_decay:00000000 knob_ctrl_decay
C:\Users\Spencer\AppData\Local\Temp\ccWmt4tk.s:6544   .bss.knobValues:00000000 knobValues
C:\Users\Spencer\AppData\Local\Temp\ccWmt4tk.s:6806   .data.drift_multiplier4:00000000 drift_multiplier4
C:\Users\Spencer\AppData\Local\Temp\ccWmt4tk.s:6799   .data.drift_multiplier3:00000000 drift_multiplier3
C:\Users\Spencer\AppData\Local\Temp\ccWmt4tk.s:6792   .data.drift_multiplier2:00000000 drift_multiplier2
C:\Users\Spencer\AppData\Local\Temp\ccWmt4tk.s:6785   .data.drift_multiplier:00000000 drift_multiplier
C:\Users\Spencer\AppData\Local\Temp\ccWmt4tk.s:6467   .bss.drift_osc4:00000000 drift_osc4
C:\Users\Spencer\AppData\Local\Temp\ccWmt4tk.s:6460   .bss.drift_osc3:00000000 drift_osc3
C:\Users\Spencer\AppData\Local\Temp\ccWmt4tk.s:6453   .bss.drift_osc2:00000000 drift_osc2
C:\Users\Spencer\AppData\Local\Temp\ccWmt4tk.s:6446   .bss.drift_osc:00000000 drift_osc
C:\Users\Spencer\AppData\Local\Temp\ccWmt4tk.s:6778   .data.drift_mode:00000000 drift_mode
C:\Users\Spencer\AppData\Local\Temp\ccWmt4tk.s:6818   .data.first_start:00000000 first_start
C:\Users\Spencer\AppData\Local\Temp\ccWmt4tk.s:6771   .data.detune_multiplier:00000000 detune_multiplier
C:\Users\Spencer\AppData\Local\Temp\ccWmt4tk.s:6764   .data.detune_mode:00000000 detune_mode
C:\Users\Spencer\AppData\Local\Temp\ccWmt4tk.s:6839   .data.shimmer_mode:00000000 shimmer_mode
C:\Users\Spencer\AppData\Local\Temp\ccWmt4tk.s:6480   .bss.freeze:00000000 freeze
C:\Users\Spencer\AppData\Local\Temp\ccWmt4tk.s:6538   .bss.interval_samples:00000000 interval_samples
C:\Users\Spencer\AppData\Local\Temp\ccWmt4tk.s:6846   .data.window_samples:00000000 window_samples
C:\Users\Spencer\AppData\Local\Temp\ccWmt4tk.s:6439   .bss.detune_remainder:00000000 detune_remainder
C:\Users\Spencer\AppData\Local\Temp\ccWmt4tk.s:6418   .bss.detune_double:00000000 detune_double
C:\Users\Spencer\AppData\Local\Temp\ccWmt4tk.s:6425   .bss.detune_rate_perinterval:00000000 detune_rate_perinterval
C:\Users\Spencer\AppData\Local\Temp\ccWmt4tk.s:6432   .bss.detune_rate_persecond:00000000 detune_rate_persecond
ARM GAS  C:\Users\Spencer\AppData\Local\Temp\ccWmt4tk.s 			page 234


C:\Users\Spencer\AppData\Local\Temp\ccWmt4tk.s:6688   .bss.shimmer_remainder:00000000 shimmer_remainder
C:\Users\Spencer\AppData\Local\Temp\ccWmt4tk.s:6702   .bss.shimmer_triple:00000000 shimmer_triple
C:\Users\Spencer\AppData\Local\Temp\ccWmt4tk.s:6681   .bss.shimmer_double:00000000 shimmer_double
C:\Users\Spencer\AppData\Local\Temp\ccWmt4tk.s:6634   .bss.octave_up_rate_perinterval:00000000 octave_up_rate_perinterval
C:\Users\Spencer\AppData\Local\Temp\ccWmt4tk.s:6641   .bss.octave_up_rate_persecond:00000000 octave_up_rate_persecond
C:\Users\Spencer\AppData\Local\Temp\ccWmt4tk.s:6730   .bss.vdetune:00000000 vdetune
C:\Users\Spencer\AppData\Local\Temp\ccWmt4tk.s:6751   .bss.vshimmer_tone:00000000 vshimmer_tone
C:\Users\Spencer\AppData\Local\Temp\ccWmt4tk.s:6744   .bss.vshimmer:00000000 vshimmer
C:\Users\Spencer\AppData\Local\Temp\ccWmt4tk.s:6716   .bss.vdamp:00000000 vdamp
C:\Users\Spencer\AppData\Local\Temp\ccWmt4tk.s:6737   .bss.vmix:00000000 vmix
C:\Users\Spencer\AppData\Local\Temp\ccWmt4tk.s:6723   .bss.vdecay:00000000 vdecay
C:\Users\Spencer\AppData\Local\Temp\ccWmt4tk.s:6813   .data.fft_size:00000000 fft_size
C:\Users\Spencer\AppData\Local\Temp\ccWmt4tk.s:6709   .bss.stft:00000000 stft
C:\Users\Spencer\AppData\Local\Temp\ccWmt4tk.s:6474   .bss.fft:00000000 fft
C:\Users\Spencer\AppData\Local\Temp\ccWmt4tk.s:6825   .data.reverb_mode:00000000 reverb_mode
C:\Users\Spencer\AppData\Local\Temp\ccWmt4tk.s:6607   .bss.lowpass:00000000 lowpass
C:\Users\Spencer\AppData\Local\Temp\ccWmt4tk.s:6667   .bss.samplerateReducer:00000000 samplerateReducer
C:\Users\Spencer\AppData\Local\Temp\ccWmt4tk.s:6600   .bss.led2:00000000 led2
C:\Users\Spencer\AppData\Local\Temp\ccWmt4tk.s:6593   .bss.led1:00000000 led1
C:\Users\Spencer\AppData\Local\Temp\ccWmt4tk.s:6506   .bss.fs_freeze_pin:00000000 fs_freeze_pin
C:\Users\Spencer\AppData\Local\Temp\ccWmt4tk.s:6499   .bss.fs_bypass_pin:00000000 fs_bypass_pin
C:\Users\Spencer\AppData\Local\Temp\ccWmt4tk.s:6492   .bss.fs2_prev:00000000 fs2_prev
C:\Users\Spencer\AppData\Local\Temp\ccWmt4tk.s:6486   .bss.fs1_prev:00000000 fs1_prev
C:\Users\Spencer\AppData\Local\Temp\ccWmt4tk.s:6757   .data.bypass:00000000 bypass
C:\Users\Spencer\AppData\Local\Temp\ccWmt4tk.s:6832   .data.samplerate:00000000 samplerate
C:\Users\Spencer\AppData\Local\Temp\ccWmt4tk.s:6411   .bss.detune:00000000 detune
C:\Users\Spencer\AppData\Local\Temp\ccWmt4tk.s:6695   .bss.shimmer_tone:00000000 shimmer_tone
C:\Users\Spencer\AppData\Local\Temp\ccWmt4tk.s:6674   .bss.shimmer:00000000 shimmer
C:\Users\Spencer\AppData\Local\Temp\ccWmt4tk.s:6397   .bss.damp:00000000 damp
C:\Users\Spencer\AppData\Local\Temp\ccWmt4tk.s:6620   .bss.mix:00000000 mix
C:\Users\Spencer\AppData\Local\Temp\ccWmt4tk.s:6404   .bss.decay:00000000 decay
C:\Users\Spencer\AppData\Local\Temp\ccWmt4tk.s:6627   .bss.mute_pin:00000000 mute_pin
C:\Users\Spencer\AppData\Local\Temp\ccWmt4tk.s:6654   .bss.relay_pin:00000000 relay_pin
C:\Users\Spencer\AppData\Local\Temp\ccWmt4tk.s:6525   .bss.hw:00000000 hw
C:\Users\Spencer\AppData\Local\Temp\ccWmt4tk.s:6393   .bss.damp:00000000 $d
C:\Users\Spencer\AppData\Local\Temp\ccWmt4tk.s:6400   .bss.decay:00000000 $d
C:\Users\Spencer\AppData\Local\Temp\ccWmt4tk.s:6407   .bss.detune:00000000 $d
C:\Users\Spencer\AppData\Local\Temp\ccWmt4tk.s:6414   .bss.detune_double:00000000 $d
C:\Users\Spencer\AppData\Local\Temp\ccWmt4tk.s:6421   .bss.detune_rate_perinterval:00000000 $d
C:\Users\Spencer\AppData\Local\Temp\ccWmt4tk.s:6428   .bss.detune_rate_persecond:00000000 $d
C:\Users\Spencer\AppData\Local\Temp\ccWmt4tk.s:6435   .bss.detune_remainder:00000000 $d
C:\Users\Spencer\AppData\Local\Temp\ccWmt4tk.s:6442   .bss.drift_osc:00000000 $d
C:\Users\Spencer\AppData\Local\Temp\ccWmt4tk.s:6449   .bss.drift_osc2:00000000 $d
C:\Users\Spencer\AppData\Local\Temp\ccWmt4tk.s:6456   .bss.drift_osc3:00000000 $d
C:\Users\Spencer\AppData\Local\Temp\ccWmt4tk.s:6463   .bss.drift_osc4:00000000 $d
C:\Users\Spencer\AppData\Local\Temp\ccWmt4tk.s:6470   .bss.fft:00000000 $d
C:\Users\Spencer\AppData\Local\Temp\ccWmt4tk.s:6481   .bss.freeze:00000000 $d
C:\Users\Spencer\AppData\Local\Temp\ccWmt4tk.s:6487   .bss.fs1_prev:00000000 $d
C:\Users\Spencer\AppData\Local\Temp\ccWmt4tk.s:6493   .bss.fs2_prev:00000000 $d
C:\Users\Spencer\AppData\Local\Temp\ccWmt4tk.s:6495   .bss.fs_bypass_pin:00000000 $d
C:\Users\Spencer\AppData\Local\Temp\ccWmt4tk.s:6502   .bss.fs_freeze_pin:00000000 $d
C:\Users\Spencer\AppData\Local\Temp\ccWmt4tk.s:6509   .bss.halfhann:00000000 $d
C:\Users\Spencer\AppData\Local\Temp\ccWmt4tk.s:6515   .bss.hann:00000000 $d
C:\Users\Spencer\AppData\Local\Temp\ccWmt4tk.s:6521   .bss.hw:00000000 $d
C:\Users\Spencer\AppData\Local\Temp\ccWmt4tk.s:6528   .bss.in_buf:00000000 $d
C:\Users\Spencer\AppData\Local\Temp\ccWmt4tk.s:6534   .bss.interval_samples:00000000 $d
C:\Users\Spencer\AppData\Local\Temp\ccWmt4tk.s:6541   .bss.knobValues:00000000 $d
ARM GAS  C:\Users\Spencer\AppData\Local\Temp\ccWmt4tk.s 			page 235


C:\Users\Spencer\AppData\Local\Temp\ccWmt4tk.s:6547   .bss.knob_ctrl_damp:00000000 $d
C:\Users\Spencer\AppData\Local\Temp\ccWmt4tk.s:6554   .bss.knob_ctrl_decay:00000000 $d
C:\Users\Spencer\AppData\Local\Temp\ccWmt4tk.s:6561   .bss.knob_ctrl_detune:00000000 $d
C:\Users\Spencer\AppData\Local\Temp\ccWmt4tk.s:6568   .bss.knob_ctrl_mix:00000000 $d
C:\Users\Spencer\AppData\Local\Temp\ccWmt4tk.s:6575   .bss.knob_ctrl_shimmer:00000000 $d
C:\Users\Spencer\AppData\Local\Temp\ccWmt4tk.s:6582   .bss.knob_ctrl_shimmer_tone:00000000 $d
C:\Users\Spencer\AppData\Local\Temp\ccWmt4tk.s:6589   .bss.led1:00000000 $d
C:\Users\Spencer\AppData\Local\Temp\ccWmt4tk.s:6596   .bss.led2:00000000 $d
C:\Users\Spencer\AppData\Local\Temp\ccWmt4tk.s:6603   .bss.lowpass:00000000 $d
C:\Users\Spencer\AppData\Local\Temp\ccWmt4tk.s:6610   .bss.middle:00000000 $d
C:\Users\Spencer\AppData\Local\Temp\ccWmt4tk.s:6616   .bss.mix:00000000 $d
C:\Users\Spencer\AppData\Local\Temp\ccWmt4tk.s:6623   .bss.mute_pin:00000000 $d
C:\Users\Spencer\AppData\Local\Temp\ccWmt4tk.s:6630   .bss.octave_up_rate_perinterval:00000000 $d
C:\Users\Spencer\AppData\Local\Temp\ccWmt4tk.s:6637   .bss.octave_up_rate_persecond:00000000 $d
C:\Users\Spencer\AppData\Local\Temp\ccWmt4tk.s:6644   .bss.out_buf:00000000 $d
C:\Users\Spencer\AppData\Local\Temp\ccWmt4tk.s:6650   .bss.relay_pin:00000000 $d
C:\Users\Spencer\AppData\Local\Temp\ccWmt4tk.s:6657   .bss.reverb_energy:00000000 $d
C:\Users\Spencer\AppData\Local\Temp\ccWmt4tk.s:6663   .bss.samplerateReducer:00000000 $d
C:\Users\Spencer\AppData\Local\Temp\ccWmt4tk.s:6670   .bss.shimmer:00000000 $d
C:\Users\Spencer\AppData\Local\Temp\ccWmt4tk.s:6677   .bss.shimmer_double:00000000 $d
C:\Users\Spencer\AppData\Local\Temp\ccWmt4tk.s:6684   .bss.shimmer_remainder:00000000 $d
C:\Users\Spencer\AppData\Local\Temp\ccWmt4tk.s:6691   .bss.shimmer_tone:00000000 $d
C:\Users\Spencer\AppData\Local\Temp\ccWmt4tk.s:6698   .bss.shimmer_triple:00000000 $d
C:\Users\Spencer\AppData\Local\Temp\ccWmt4tk.s:6705   .bss.stft:00000000 $d
C:\Users\Spencer\AppData\Local\Temp\ccWmt4tk.s:6712   .bss.vdamp:00000000 $d
C:\Users\Spencer\AppData\Local\Temp\ccWmt4tk.s:6719   .bss.vdecay:00000000 $d
C:\Users\Spencer\AppData\Local\Temp\ccWmt4tk.s:6726   .bss.vdetune:00000000 $d
C:\Users\Spencer\AppData\Local\Temp\ccWmt4tk.s:6733   .bss.vmix:00000000 $d
C:\Users\Spencer\AppData\Local\Temp\ccWmt4tk.s:6740   .bss.vshimmer:00000000 $d
C:\Users\Spencer\AppData\Local\Temp\ccWmt4tk.s:6747   .bss.vshimmer_tone:00000000 $d
C:\Users\Spencer\AppData\Local\Temp\ccWmt4tk.s:6760   .data.detune_mode:00000000 $d
C:\Users\Spencer\AppData\Local\Temp\ccWmt4tk.s:6767   .data.detune_multiplier:00000000 $d
C:\Users\Spencer\AppData\Local\Temp\ccWmt4tk.s:6774   .data.drift_mode:00000000 $d
C:\Users\Spencer\AppData\Local\Temp\ccWmt4tk.s:6781   .data.drift_multiplier:00000000 $d
C:\Users\Spencer\AppData\Local\Temp\ccWmt4tk.s:6788   .data.drift_multiplier2:00000000 $d
C:\Users\Spencer\AppData\Local\Temp\ccWmt4tk.s:6795   .data.drift_multiplier3:00000000 $d
C:\Users\Spencer\AppData\Local\Temp\ccWmt4tk.s:6802   .data.drift_multiplier4:00000000 $d
C:\Users\Spencer\AppData\Local\Temp\ccWmt4tk.s:6809   .data.fft_size:00000000 $d
C:\Users\Spencer\AppData\Local\Temp\ccWmt4tk.s:6821   .data.reverb_mode:00000000 $d
C:\Users\Spencer\AppData\Local\Temp\ccWmt4tk.s:6828   .data.samplerate:00000000 $d
C:\Users\Spencer\AppData\Local\Temp\ccWmt4tk.s:6835   .data.shimmer_mode:00000000 $d
C:\Users\Spencer\AppData\Local\Temp\ccWmt4tk.s:6842   .data.window_samples:00000000 $d
C:\Users\Spencer\AppData\Local\Temp\ccWmt4tk.s:6849   .rodata._ZN5daisy4seedL2D1E:00000000 $d
C:\Users\Spencer\AppData\Local\Temp\ccWmt4tk.s:6853   .rodata._ZN5daisy4seedL2D1E:00000000 _ZN5daisy4seedL2D1E
C:\Users\Spencer\AppData\Local\Temp\ccWmt4tk.s:6857   .rodata._ZN5daisy4seedL2D5E:00000000 $d
C:\Users\Spencer\AppData\Local\Temp\ccWmt4tk.s:6861   .rodata._ZN5daisy4seedL2D5E:00000000 _ZN5daisy4seedL2D5E
C:\Users\Spencer\AppData\Local\Temp\ccWmt4tk.s:6865   .rodata._ZN5daisy4seedL2D6E:00000000 $d
C:\Users\Spencer\AppData\Local\Temp\ccWmt4tk.s:6869   .rodata._ZN5daisy4seedL2D6E:00000000 _ZN5daisy4seedL2D6E
C:\Users\Spencer\AppData\Local\Temp\ccWmt4tk.s:6873   .rodata._ZN5daisy4seedL3D12E:00000000 $d
C:\Users\Spencer\AppData\Local\Temp\ccWmt4tk.s:6877   .rodata._ZN5daisy4seedL3D12E:00000000 _ZN5daisy4seedL3D12E
C:\Users\Spencer\AppData\Local\Temp\ccWmt4tk.s:6881   .rodata._ZN5daisy4seedL3D15E:00000000 $d
C:\Users\Spencer\AppData\Local\Temp\ccWmt4tk.s:6885   .rodata._ZN5daisy4seedL3D15E:00000000 _ZN5daisy4seedL3D15E
C:\Users\Spencer\AppData\Local\Temp\ccWmt4tk.s:6889   .rodata._ZN5daisy4seedL3D16E:00000000 $d
C:\Users\Spencer\AppData\Local\Temp\ccWmt4tk.s:6893   .rodata._ZN5daisy4seedL3D16E:00000000 _ZN5daisy4seedL3D16E
C:\Users\Spencer\AppData\Local\Temp\ccWmt4tk.s:6897   .rodata._ZN5daisy4seedL3D17E:00000000 $d
C:\Users\Spencer\AppData\Local\Temp\ccWmt4tk.s:6901   .rodata._ZN5daisy4seedL3D17E:00000000 _ZN5daisy4seedL3D17E
C:\Users\Spencer\AppData\Local\Temp\ccWmt4tk.s:6905   .rodata._ZN5daisy4seedL3D18E:00000000 $d
ARM GAS  C:\Users\Spencer\AppData\Local\Temp\ccWmt4tk.s 			page 236


C:\Users\Spencer\AppData\Local\Temp\ccWmt4tk.s:6909   .rodata._ZN5daisy4seedL3D18E:00000000 _ZN5daisy4seedL3D18E
C:\Users\Spencer\AppData\Local\Temp\ccWmt4tk.s:6913   .rodata._ZN5daisy4seedL3D19E:00000000 $d
C:\Users\Spencer\AppData\Local\Temp\ccWmt4tk.s:6917   .rodata._ZN5daisy4seedL3D19E:00000000 _ZN5daisy4seedL3D19E
C:\Users\Spencer\AppData\Local\Temp\ccWmt4tk.s:6921   .rodata._ZN5daisy4seedL3D20E:00000000 $d
C:\Users\Spencer\AppData\Local\Temp\ccWmt4tk.s:6925   .rodata._ZN5daisy4seedL3D20E:00000000 _ZN5daisy4seedL3D20E
C:\Users\Spencer\AppData\Local\Temp\ccWmt4tk.s:6929   .rodata._ZN5daisy4seedL3D22E:00000000 $d
C:\Users\Spencer\AppData\Local\Temp\ccWmt4tk.s:6933   .rodata._ZN5daisy4seedL3D22E:00000000 _ZN5daisy4seedL3D22E
C:\Users\Spencer\AppData\Local\Temp\ccWmt4tk.s:6937   .rodata._ZN5daisy4seedL3D23E:00000000 $d
C:\Users\Spencer\AppData\Local\Temp\ccWmt4tk.s:6941   .rodata._ZN5daisy4seedL3D23E:00000000 _ZN5daisy4seedL3D23E
                           .group:00000000 _ZN5daisy13AnalogControlD5Ev
                           .group:00000000 _ZN5daisy9ParameterD5Ev
                           .group:00000000 _ZN5daisy3LedD5Ev
                           .group:00000000 _ZN5daisy9DaisySeedD5Ev
                           .group:00000000 _ZN7daisysp10OscillatorD5Ev
                           .group:00000000 _ZN7daisysp17SampleRateReducerD5Ev
                           .group:00000000 _ZN7daisysp4ToneD5Ev
                           .group:00000000 _ZN9soundmath4WaveIfED5Ev
                           .group:00000000 _ZNSt14_Function_baseD5Ev
                           .group:00000000 _ZN9soundmath4WaveIfEC5ESt8functionIFffEEffb

UNDEFINED SYMBOLS
sqrtf
rand
cosf
sinf
cos
sin
_ZN7daisysp10Oscillator12CalcPhaseIncEf
_ZN5daisy9DaisySeed9ConfigureEv
_ZN5daisy9DaisySeed4InitEb
_ZN5daisy9DaisySeed18SetAudioSampleRateENS_9SaiHandle6Config10SampleRateE
_ZN5daisy9DaisySeed15AudioSampleRateEv
_ZN5daisy9DaisySeed17SetAudioBlockSizeEj
_ZN5daisy6LoggerILNS_17LoggerDestinationE1EE8StartLogEb
_ZN5daisy6System5DelayEm
_ZN5daisy6LoggerILNS_17LoggerDestinationE1EE9PrintLineEPKcz
_ZN5daisy4GPIO4InitENS_3PinENS0_4ModeENS0_4PullENS0_5SpeedE
_ZN5daisy4GPIO5WriteEb
_ZN5daisy6System7DelayUsEm
_ZN5daisy16AdcChannelConfig10InitSingleENS_3PinENS0_15ConversionSpeedE
_ZN5daisy9AdcHandle4InitEPNS_16AdcChannelConfigEjNS0_12OverSamplingE
_ZNK5daisy9DaisySeed17AudioCallbackRateEv
_ZNK5daisy9AdcHandle6GetPtrEh
_ZN5daisy13AnalogControl4InitEPtfbbf
_ZN5daisy9Parameter4InitENS_13AnalogControlEffNS0_5CurveE
_ZN5daisy3Led4InitENS_3PinEbf
_ZN5daisy3Led3SetEf
_ZN5daisy3Led6UpdateEv
_Znwj
_Znaj
memset
_ZN7daisysp17SampleRateReducer4InitEv
_ZN7daisysp17SampleRateReducer7SetFreqEf
_ZN7daisysp4Tone4InitEf
_ZN7daisysp4Tone21CalculateCoefficientsEv
_ZN5daisy9AdcHandle5StartEv
_ZN5daisy9DaisySeed10StartAudioEPFvPKPKfPPfjE
ARM GAS  C:\Users\Spencer\AppData\Local\Temp\ccWmt4tk.s 			page 237


_ZSt25__throw_bad_function_callv
memmove
_ZN5daisy9Parameter7ProcessEv
powf
_ZN5daisy4GPIO4ReadEv
_ZN7daisysp10Oscillator7ProcessEv
_ZN7daisysp17SampleRateReducer7ProcessEf
_ZN7daisysp4Tone7ProcessEf
__aeabi_atexit
__dso_handle
