:020000040800F2
:1000000000000220090A0008FD0900080D6300082D
:10001000FD090008FD090008FD09000800000000B6
:10002000000000000000000000000000FD090008C2
:10003000FD09000800000000FD09000891620008A9
:10004000FD090008FD090008FD090008FD09000878
:10005000FD090008FD090008FD090008FD09000868
:10006000FD090008FD090008FD090008795E000887
:10007000855E0008E5450008915E00089D5E000869
:1000800081350108A54F0008FD090008FD09000899
:10009000FD090008FD090008FD090008FD09000828
:1000A000FD090008FD090008FD090008FD09000818
:1000B000CD260108D9260108E5260108D94F0008F8
:1000C000FD090008E54F0008FD090008151F01089B
:1000D000211F0108B5330108E13301081534010877
:1000E000FD090008FD09000800000000FD090008E6
:1000F000FD090008FD090008FD090008FD090008C8
:10010000FD090008FD090008F12601082D1F01085E
:10011000493401087D340108FD090008FD09000883
:10012000FD090008FD090008511F0108851F01088D
:10013000B5350108FD090008FD090008FD090008A2
:1001400000000000000000000000000000000000AF
:10015000FD090008FD090008FD090008B134010887
:10016000F14F0008FD090008A1620008C5620008FF
:10017000FD090008E9620008FD090008FD09000802
:10018000FD090008FD090008E534010819350108DA
:10019000391F0108451F0108FD090008FD09000875
:1001A000FD090008FD090008FD090008FD09000817
:1001B0006D5B0008FD090008FD090008FD09000845
:1001C000FD090008FD090008AD400008B94000081D
:1001D000FD090008C5400008FD090008FD090008E8
:1001E000FD090008FD090008FD090008FD090008D7
:1001F000FD090008FD090008FD090008FD090008C7
:10020000FD090008FD090008FD090008FD090008B6
:10021000FD090008FD090008FD090008FD090008A6
:10022000FD090008FD090008FD09000800000000A4
:10023000FD090008FD09000800000000FD09000894
:10024000FD090008FD090008FD090008FD09000876
:10025000FD090008FD090008FD090008FD09000866
:10026000FD090008FD090008FD090008FD09000856
:10027000FD090008FD0900084D35010800000000D7
:10028000FD090008FD090008FD0900080000000044
:0802900000000000FD09000858
:1002A00010B5054C237833B9044B13B10448AFF3B0
:1002B00000800123237010BD4006002400000000D0
:1002C000809B010808B5034B1BB103490348AFF3FA
:1002D000008008BD0000000044060024809B010847
:1002E00001F0FF01102A2BDB10F0070F08D010F8E7
:1002F000013B013A8B422DD010F0070F42B3F6D1EB
:10030000F0B441EA012141EA014122F007047FF003
:1003100000070023F0E80256083C85EA010586EA5A
:10032000010685FA47F5A3FA87F586FA47F6A5FA96
:1003300087F68EB9EED1F0BC01F0FF0102F00702A2
:1003400032B110F8013B013A83EA010313B1F8D14D
:100350000020704701387047002D06BF354603382E
:10036000073815F0010F07D1013015F4807F02BF67
:10037000013015F4C03F0130F0BC0138704700BFB8
:1003800081F0004102E000BF83F0004330B54FEA46
:1003900041044FEA430594EA050F08BF90EA020FB3
:1003A0001FBF54EA000C55EA020C7FEA645C7FEA46
:1003B000655C00F0E2804FEA5454D4EB5555B8BF69
:1003C0006D420CDD2C4480EA020281EA030382EADA
:1003D000000083EA010180EA020281EA0303362D6C
:1003E00088BF30BD11F0004F4FEA01314FF4801C3F
:1003F0004CEA113102D0404261EB410113F0004F51
:100400004FEA03334CEA133302D0524263EB430307
:1004100094EA050F00F0A780A4F10104D5F1200EA5
:100420000DDB02FA0EFC22FA05F2801841F1000100
:1004300003FA0EF2801843FA05F359410EE0A5F1D4
:1004400020050EF1200E012A03FA0EFC28BF4CF005
:10045000020C43FA05F3C01851EBE37101F00045BB
:1004600007D54FF0000EDCF1000C7EEB00006EEBC8
:100470000101B1F5801F1BD3B1F5001F0CD3490852
:100480005FEA30004FEA3C0C04F101044FEA4452A9
:1004900012F5800F80F09A80BCF1004F08BF5FEA30
:1004A000500C50F1000041EB045141EA050130BD10
:1004B0005FEA4C0C404141EB0101013C28BFB1F522
:1004C000801FE9D291F0000F04BF01460020B1FA6D
:1004D00081F308BF2033A3F10B03B3F120020CDA40
:1004E0000C3208DD02F1140CC2F10C0201FA0CF01E
:1004F00021FA02F10CE002F11402D8BFC2F1200C83
:1005000001FA02F120FA0CFCDCBF41EA0C01904038
:10051000E41AA2BF01EB0451294330BD6FEA040481
:100520001F3C1CDA0C340EDC04F11404C4F120026C
:1005300020FA04F001FA02F340EA030021FA04F37E
:1005400045EA030130BDC4F10C04C4F1200220FAD5
:1005500002F001FA04F340EA0300294630BD21FA13
:1005600004F0294630BD94F0000F83F4801306BFD9
:1005700081F480110134013D4EE77FEA645C18BFCD
:100580007FEA655C29D094EA050F08BF90EA020F64
:1005900005D054EA000C04BF1946104630BD91EA5C
:1005A000030F1EBF0021002030BD5FEA545C05D15F
:1005B0004000494128BF41F0004130BD14F580049E
:1005C0003CBF01F5801130BD01F0004545F0FE4112
:1005D00041F470014FF0000030BD7FEA645C1ABF47
:1005E000194610467FEA655C1CBF0B46024650EA7E
:1005F000013406BF52EA033591EA030F41F40021AA
:1006000030BD00BF90F0000F04BF0021704730B52F
:100610004FF4806404F132044FF000054FF0000104
:1006200050E700BF90F0000F04BF0021704730B5C5
:100630004FF4806404F1320410F0004548BF40429A
:100640004FF000013EE700BF42004FEAE2014FEAEF
:1006500031014FEA02701FBF12F07F4393F07F4FCA
:1006600081F06051704732F07F4208BF704793F0CD
:100670007F4F04BF41F40021704730B54FF46074E0
:1006800001F0004521F000411CE700BF50EA0102E3
:1006900008BF704730B54FF000050AE050EA01028C
:1006A00008BF704730B511F0004502D5404261EBFC
:1006B00041014FF4806404F132045FEA915C3FF43D
:1006C000D8AE4FF003025FEADC0C18BF03325FEADA
:1006D000DC0C18BF033202EBDC02C2F1200300FA8B
:1006E00003FC20FA02F001FA03FE40EA0E0021FAB0
:1006F00002F11444BDE600BF53B94AB9002908BF4E
:1007000000281CBF4FF0FF314FF0FF3000F074B9EC
:10071000ADF1080C6DE904CE00F006F8DDF804E058
:10072000DDE9022304B070472DE9F047089D044637
:100730008E46002B4DD18A42944669D9B2FA82F294
:1007400052B101FA02F3C2F1200120FA01F10CFAD0
:1007500002FC41EA030E94404FEA1C48210CBEFB08
:10076000F8F61FFA8CF708FB16E341EA034306FB91
:1007700007F199420AD91CEB030306F1FF3080F020
:100780001F81994240F21C81023E63445B1AA4B26D
:10079000B3FBF8F008FB103344EA034400FB07F70F
:1007A000A7420AD91CEB040400F1FF3380F00A8150
:1007B000A74240F207816444023840EA0640E41B45
:1007C00000261DB1D4400023C5E900433146BDE8F1
:1007D000F0878B4209D9002D00F0EF800026C5E993
:1007E000000130463146BDE8F087B3FA83F6002EAB
:1007F0004AD18B4202D3824200F2F980841A61EB23
:10080000030301209E46002DE0D0C5E9004EDDE740
:1008100002B9FFDEB2FA82F2002A40F09280A1EB28
:100820000C014FEA1C471FFA8CFE0126200CB1FB7D
:10083000F7F307FB131140EA01410EFB03F0884276
:1008400008D91CEB010103F1FF3802D2884200F203
:10085000CB804346091AA4B2B1FBF7F007FB101195
:1008600044EA01440EFB00FEA64508D91CEB040433
:1008700000F1FF3102D2A64500F2BB800846A4EB8E
:100880000E0440EA03409CE7C6F12007B34022FA79
:1008900007FC4CEA030C20FA07F401FA06F31C43A8
:1008A000F9404FEA1C4900FA06F3B1FBF9F8200CB5
:1008B0001FFA8CFE09FB181140EA014108FB0EF0FB
:1008C000884202FA06F20BD91CEB010108F1FF3A4B
:1008D00080F08880884240F28580A8F10208614457
:1008E000091AA4B2B1FBF9F009FB101144EA014165
:1008F00000FB0EFE8E4508D91CEB010100F1FF3410
:100900006CD28E456AD90238614440EA0840A0FBA7
:100910000294A1EB0E01A142C846A64656D353D07D
:100920005DB1B3EB080261EB0E0101FA07F722FAA1
:1009300006F3F1401F43C5E9007100263146BDE8CA
:10094000F087C2F12003D8400CFA02FC21FA03F32D
:10095000914001434FEA1C471FFA8CFEB3FBF7F0AE
:1009600007FB10360B0C43EA064300FB0EF69E42D3
:1009700004FA02F408D91CEB030300F1FF382FD26C
:100980009E422DD9023863449B1B89B2B3FBF7F614
:1009900007FB163341EA034106FB0EF38B4208D9ED
:1009A0001CEB010106F1FF3816D28B4214D9023E2E
:1009B0006144C91A46EA004638E72E46284605E74C
:1009C0000646E3E61846F8E64B45A9D2B9EB02081D
:1009D00064EB0C0E0138A3E74646EAE7204694E7AD
:1009E0004046D1E7D0467BE7023B614432E73046E0
:1009F00009E76444023842E7704700BF684620F0C8
:100A000007018D46FEE7000008B50F4A0F4B9A42DA
:100A100008D00F4A0C4B0D4852F8041B43F8041B36
:100A20008342F9D10B4A0C4B9A4206D0134600215F
:100A3000094A43F8041B9342FBD105F0D1FE16F09E
:100A4000B1FF00F03BFAFEE700000024400600245E
:100A5000BC9B010840060024B4CB062470477047B5
:100A600070477047704770477047012A08BF0160A0
:100A700000207047012A08BF016000207047000075
:100A80002DE9F04F2DED068B83B08346C44D8A4689
:100A900000F5005901F500582F462E460024BEE00F
:100AA00016F084F8B0EE409ACDE0BE4B93ED006AAC
:100AB000DFEDBD6A66EE266A66EEA76A57ED015A5B
:100AC00075EEA65A47ED015AF5EE005A26EE256A54
:100AD00026EE276AD7ED005A35EE866A87ED006A62
:100AE00097ED016A76EE266AC7ED016A019B03EB7A
:100AF0004303013306EE903AF8EE666AF4EEC76AF5
:100B0000F1EE10FA38D5A94B93ED007ADFEDA86A23
:100B100067EE266A66EEA76A16ED026A76EE266A28
:100B200046ED026ADFEDA36A67EE266A66EEA76A03
:100B300016ED016A36EE266A06ED016A9FED9E6AA1
:100B400027EE066A26EE276AD6ED005A35EE866A4B
:100B500086ED006A96ED016A76EE266AC6ED016AB8
:100B6000DFED966A27EE267A27EE277AD6ED026A1F
:100B700036EE877A86ED027A0199022934D9904BB4
:100B80001B68012B00F0FE808E4B186800EB4003C1
:100B90000B448D4991ED007ADFED836A67EE266A9A
:100BA00066EEA76A7E4901EB830C9CED006A36EE87
:100BB000266A8CED006A1B1A01EB830CB5EE006A05
:100BC00027EE067A27EE277A9CED006A37EE067A42
:100BD0008CED007A1B1A01EB830393ED007A77EE1C
:100BE000266AC3ED006A04E0754B1B68012B00F018
:100BF000C980764B93ED007A754BD3ED006A27EEF2
:100C0000267A67EE277A42ED017AEAEC019AA8EC9F
:100C1000019A0C360837B4F5006F00F0B8800194E3
:100C2000013407EE904AB8EE678AFBEC018AB9EC12
:100C300001AAB5EC010AB5EE400AF1EE10FA3FF553
:100C40002FAFB1EEC09A634B93ED007A624BD3EDB8
:100C5000007AC8EE076AF4EEE76AF1EE10FA05DDF5
:100C600027EE277AC7EE087A29EE279A16F0E2FFD8
:100C7000430000EE103AB8EEC00B9FED477B20EE2C
:100C8000070BB7EEC08BB0EE480A15F06DFA69EEAF
:100C9000009AB0EE480A15F083FE29EE009A4F4BF9
:100CA0001B78002BB1D12A4668EEA88A6AEE0A7A30
:100CB00078EEA77AF5EE008A67EEA87A55ED018AFC
:100CC00077EEA87AB7EE007A454B93ED006AC7EE4F
:100CD000066A37EE667A67EE877A45ED017A019902
:100CE000002981D03B4BD3ED006AB6EE007A26EEA8
:100CF000877A06EE901AB8EE666AF0EE006A77EE32
:100D0000666AB4EEE66AF1EE10FA7FF56DAF354B28
:100D10001B68591E01297FF6C8AE019801287FF68D
:100D2000E5AE00F001010B437FF4E0AE4108481E40
:100D30001C4BD3ED006AB6EE086A26EE866A26EEF4
:100D4000276A174B03EB8000D0ED005A75EE865AE8
:100D5000C0ED005A03EB8100F7EE085A66EEA56A73
:100D600066EEA76AD0ED005A76EEA56AC0ED006A7D
:100D7000013103EB8103D3ED006A36EE866A83ED21
:100D8000006AB3E6114B4FF07E51196031E703B0B2
:100D9000BDEC068BBDE8F08F182D4454FB210940B3
:100DA000484A0624946A06246DE7FB3DD46A06246B
:100DB000AE47613DAE47E13D7B142E3E3D0AD73D37
:100DC000080000240C00002404070024100700245D
:100DD000986A062424000024DC6A0624C80700243C
:100DE000E06A06243000002408B591ED007AB7EEE1
:100DF000C77A9FED090B27EE000B15F0E5FAB7EE69
:100E0000007B37EE400BB6EE007B20EE070BB7EE13
:100E1000C00B08BDAFF30080182D4454FB211940CE
:100E200008B591ED007AB7EEC77A9FED050B27EE76
:100E3000000B15F009FBB7EEC00B08BDAFF3008047
:100E4000182D4454FB21094010B5044600F5005309
:100E50009B692BB142F210002044032201469847BF
:100E6000204610BD10B50446836813B10322014625
:100E70009847204610BD000010B5044680ED040AD6
:100E8000B7EE007AC7EE007AC0ED057A9FED0A0A48
:100E900080ED020A4FF07C534360C36000238361FE
:100EA00015F0E6F884ED070A00232370012384F887
:100EB000293084F8283010BD0000C8422DE9F043E5
:100EC0002DED028BADF5097D3B4C204601F0B4FBC6
:100ED0000021204601F0B4FC0221204601F0B2FBC3
:100EE000204601F0CBFB354B83ED000A4FF48071B7
:100EF000204601F0C7FB002002F08AFF4FF4FA7091
:100F000005F074FA2E4802F075FF2E4E002400946E
:100F1000234601222C490968304603F0F9FD2B4D88
:100F20000094234601222A490968284603F0F0FD6F
:100F30000121284603F0DEFE0121304603F0DAFEEF
:100F400041F2883005F054FA2146284603F0D2FEDB
:100F5000204802F04FFF0094012322461E490968F1
:100F60001E4803F0D5FD0094012322461C49096860
:100F70001C4803F0CDFD1EAA9CA802E05432824218
:100F800032D00B2302F8503CFF2302F84F3C0023E1
:100F900042F84C3C42F8483C42F8443CA2F13C0345
:100FA0000B211970FF215970002159609960D96097
:100FB00014339342F4D1E1E7344800242C00002498
:100FC000C08F0108344A062444910108184A0424B9
:100FD00050910108D88F01084C910108CC070024DA
:100FE00048910108E00700240222D14B19680AA8A1
:100FF00003F06EF80222CF4B19681FA803F068F8BF
:101000000222CD4B196834A803F062F80222CB4BC0
:10101000196849A803F05CF80222C94B19685EA858
:1010200003F056F80222C74B196873A803F050F872
:10103000C54D05F11804042306220AA9204603F031
:1010400057F8284601F03AFBB0EE408A00212046CE
:1010500003F06CFA0146DFEDBD8ADFF87093F0EE25
:10106000680A00231A46B0EE480A484602F09AFD84
:101070000121204603F05AFA0146DFF85483F0EECE
:10108000680A00231A46B0EE480A404602F08AFD7C
:101090000221204603F04AFA0146AD4FF0EE680AFD
:1010A00000231A46B0EE480A384602F07BFD0321C1
:1010B000204603F03BFA0146A64EF0EE680A0023F4
:1010C0001A46B0EE480A304602F06CFD0421204674
:1010D00003F02CFA0146A04DF0EE680A00231A46F0
:1010E000B0EE480A284602F05DFD0521204603F0D7
:1010F0001DFA0146994CF0EE680A00231A46B0EE3C
:10110000480A204602F04EFD0DF1080ECC46BCE820
:101110000F00AEE80F009CE80F008EE80F00DFED37
:10112000908A0022F7EE000AB0EE680A02A98D4804
:1011300002F0A4FE0DF1080EC446BCE80F00AEE8B4
:101140000F009CE80F008EE80F000022F7EE000A67
:10115000B0EE680A02A9844802F090FE0DF1080E74
:10116000BC46BCE80F00AEE80F009CE80F008EE81C
:101170000F000122F7EE000AB0EE680A02A97B48D0
:1011800002F07CFE02AFB446BCE80F000FC79CE83B
:101190000F0087E80F000022DFED750AB0EE680A45
:1011A00002A9744802F06AFE02AE0FCD0FC695E8A0
:1011B0000F0086E80F000022DFED6F0AB0EE680A2C
:1011C00002A96E4802F05AFE02AD0FCC0FC594E89A
:1011D0000F0085E80F000022DFED690A9FED690A24
:1011E00002A9694802F04AFE684DB0EE480A0022A2
:1011F000674B1968284602F02BFD664CB0EE480A92
:101200000022654B1968204602F022FDB0EE680A04
:10121000284602F03FFDB0EE680A204602F03AFD93
:10122000284602F049FD204602F046FD5B4B03F5DF
:101230000051002243F8042B8B42FAD15C2014F0B9
:1012400074FF0446564B1860002380F8583003257D
:101250000123AB4007EE903AF8EEE77A9FED517A22
:1012600087EE278AB0EE480A14F07EFF84ED000A6C
:10127000B0EE480A15F094FB84ED010A01350834FC
:101280000C2DE5D1342014F050FF0546444B1B686B
:10129000454A0260454A4260454A8260454AC2600A
:1012A0000361454B4361042383614FF48063C36151
:1012B00000240463202014F049FF2862202014F049
:1012C00045FF6862202632462146286A16F0C6FB92
:1012D00032462146686A16F0C1FBE8692A6A131F84
:1012E0001C3243F8044F241A9342FAD1082014F018
:1012F0002DFFA862082014F029FFE862AB6A0022E3
:101300001A605A60EB6A4FF001321A605A602B4B38
:101310001D602B4C204614F093FC9FED170A2046CD
:1013200014F0E2FC274C284D94ED000A284651E0C9
:1013300054910108589101085C91010860910108DD
:101340006491010868910108344800246F12033B3E
:10135000AC4802242C4902244C490224EC480224C3
:101360000000000094060024E04904245C060024E8
:10137000CDCCCC3D5C6A06249A99993E9C6A0624A1
:101380009A99193E9A9919BECC0600246C490224F8
:101390006C9101089849022470910108484A06247A
:1013A000C4070024DB0F4940810A0008A848002434
:1013B000E0490224344A042414280024D86A06246C
:1013C000486A06242C000024C4490224CC48022484
:1013D0000C49022414F052FE234BEB60284614F013
:1013E0006BFE224E94ED000A3046FFF745FD4FF0AC
:1013F0007E5575601E4E94ED000A3046FFF73CFDA9
:1014000075601C4E94ED000A3046FFF735FD75609F
:10141000194E94ED000A3046FFF72EFD7560174B0C
:10142000174A1A60174B4FF07C521A60164B174A36
:101430001A600023164A1360164A1360164A136096
:10144000164802F0D7FC164C04F1180003F058F8C7
:101450001449204601F0F2F8134802F0CBFC642056
:1014600004F0C6FFFBE700BF0000FA4514070024A4
:10147000400700246C07002498070024E06A062433
:1014800000002041E86A0624DC6A0624CDCCCC3D6D
:10149000EC6A0624F06A0624E46A0624FC8F01083C
:1014A000344800249D1E00081C90010870B5826914
:1014B000530000F09E8000239FED556A5AE0D5ED61
:1014C000007A3EE0F7EE006A77EEA67ABDEEE77AA4
:1014D000B8EEC77A77EEC77A9FED4E7A67EE877AD5
:1014E000BDEEE77A17EE102A5142C2F30A02C1F3A9
:1014F0000A0158BF4A4207EE102AB8EEC77A77EEC3
:10150000C77ABDEEE77AB8EEC77A77EEC77A511C94
:10151000D1F1000EC1F30A01CEF30A0E58BFCEF18D
:10152000000105EB810191ED007A27EE877A05EB4A
:10153000820276EEE77AD2ED006A67EEA67A77EE5F
:10154000277A04EB0331426802EB810292ED007AC4
:1015500067EE877A36EE276A013446F80C40426A15
:1015600052F80C20B2F5805F39D001338269B3EBB9
:10157000420F40D2826AD25C002AF6D045694FEA17
:10158000830C466A56F8234005F50052D2ED007AE6
:1015900006EE904AFAEECA6A76EEE76A92ED017AB2
:1015A00037EE677AC6EE877A127A002A8AD1F5EE8C
:1015B000C07AF1EE10FA82D4B7EE007AF4EEC77A70
:1015C000F1EE10FAFFF67EAFF5EEC07AF1EE10FA0A
:1015D0003FF575AF05F50055D5ED037AB1E7C26A61
:1015E0000121D154816A0022CA54016A41F80C20B9
:1015F000BBE79FED076AB7EEC66A120307EE102A33
:10160000BBEEEF7B86EE070BB7EEC00B70BD00BFE5
:10161000000000000000004500B583B08DED010A18
:1016200083682BB1C36801A9984703B05DF804FB38
:1016300014F08EFD2DE9F0412DED028B86B00746AA
:101640000E46F0EE408AB0EE608A904600F50052F9
:101650000023936104938B6833B1022202A8984758
:10166000F3680593B36804936D460DF1080C9CE88C
:10167000030085E8030007F5005303F1100494E824
:1016800003008CE8030095E8030084E80300049A53
:101690009C6904949A61059AD9690591DA611CB133
:1016A000032261466046A04707F50053C3ED008A58
:1016B00083ED018A83F808803D46002400EE104A3D
:1016C000BAEEEA0AF7EE007A77EEC07A67EEA87A09
:1016D00028EE000A37EE800A3046FFF79DFFA5ECA2
:1016E000010A0134B4F5006FE8D1B0EE480A304683
:1016F000FFF792FF07F5005383ED030A384606B063
:10170000BDEC028BBDE8F0812DE9F04F91B08B4626
:101710000F921D46DDF868A002F110010020C3B24F
:10172000EA5C030AEB5C43EA02231B119A000BEB11
:10173000830302F500565E44D3ED007A96ED007AFD
:1017400077EEC77A41ED037A02F580545C4402F5E6
:1017500040525A44D4ED007A92ED007A77EEC77A7F
:1017600041ED017AD3ED007A96ED007A77EE877A33
:1017700094ED007AD2ED006A37EE267A77EE876A2A
:1017800041ED046A77EEC77A41ED027A04301031F8
:10179000B0F5805FC3D10F990B465A4601F58040E2
:1017A000D3ED007A93ED047A77EE877AC2ED007A72
:1017B000D3ED007A93ED047A77EEC77AC2ED047A1E
:1017C000996891609969916193ED057AD3ED077AF3
:1017D00037EE677A9FED8A6A27EE067AD3ED016AC3
:1017E00076EE876AC2ED016AD3ED016A36EEC77AFA
:1017F00082ED037AD3ED057A93ED077A77EE877A57
:1018000067EE867A93ED037A37EE277A82ED057AD2
:1018100093ED037A77EEC77AC2ED077A2033203250
:101820008342BDD1CDF818A00AF1040307930F9BA2
:101830000D9303230C93CDF838B00FE00C9A0132CE
:101840000C92069B08330693079B083307930E9B65
:101850000D990E910C2A00F0C9800D934FF0010EE6
:101860000C990EFA01FE4FEA5E0215460A92042315
:1018700003FA01F1089193004FEA4E0009904FEAF4
:10188000CE0E0D9E7018029006EB820203920A1D86
:101890000E98044600EB020902EB850282180192C1
:1018A00000F10408301D049003F1040BA34404EB81
:1018B000010C9C444B000B930023059358ED017AD7
:1018C00019ED017A77EE877A049941ED017A58EDA6
:1018D000017A19ED017A77EEC77A029EC6ED007A99
:1018E0005BF8043C039C2360019B53F8042C089D87
:1018F00063191A60079C54F8043CCAF85030CAF8BF
:101900004830069C6368CAF85430CAF84C300A9CC8
:10191000012C52D9371D0B98041F0D460C44584614
:101920004146019A4B469AED126A9AED137AD3ED2D
:10193000006AD2ED007A66EE866A67EE877A76EE06
:10194000E76AD1ED007A77EEA67AE5EC017AF1EC60
:10195000017A77EEE66A66ED016AF3EC017A27EE2A
:10196000277AF2EC017A66EE277A77EE277A90ED05
:10197000007A37EE277AA7EC017AB0EC017A77EE9D
:10198000C77A64ED017ADAED127ADAED145A9AED3B
:10199000137A9AED156A67EE866A25EE875A76EE17
:1019A000856ACAED136A67EEA57A27EE067A77EEA6
:1019B000C77ACAED127A6345B5D1059B099A1344DB
:1019C0000593029A72440292039A72440392F1447C
:1019D000019A72440192F044049A72440492F344CE
:1019E000F444B3F5805FFFF469AF27E70F988842AE
:1019F00003D04FF4804216F017F811B0BDE8F08F15
:101A0000F304353F2DE9F04F91B00E910D920F93F5
:101A1000DDF868B0CDF818B00B920B230C930BE0F7
:101A20000E9B0B930D990C9B013B0C93069A083A65
:101A30000692022B00F0CB804FF0010E0C980EFAAC
:101A400000FE4FEA5E020992042303FA00F40794B1
:101A50004FEA4E0308934FEACE0E884601EB820A06
:101A60000B9800EB82030193031D0293231D01EBEE
:101A70000309C118039103EB8203C3180493D446EE
:101A800063000A9300230593079B1A464244D8ED4E
:101A9000007A19ED017A77EE877A029C44ED017A9B
:101AA000D8ED007A19ED017A77EEC77A039D45EDFE
:101AB000017ADAED007A77EEA77A019FC7ED007A16
:101AC0005344D3ED007A77EEA77A049E46ED017A6F
:101AD00006990B6CCBF85030CBF848304B6CCBF8F8
:101AE0005430CBF84C30099B012B50D908F104033A
:101AF0000A9908EB01000437494693ED007A72ED2C
:101B0000017A77EE877AE4EC017AD1ED007A30ED54
:101B1000017A77EEC77AE7EC017ADBED125A9BED9A
:101B2000136AF3EC016AD2ED007A76EEE76AB1EC63
:101B3000017AD0ED007A77EE277A26EEA57A27EEA5
:101B4000865A37EE057AA5EC017A67EEA57A66EE3D
:101B5000866A77EEE67AE6EC017ADBED127ADBED67
:101B6000145A9BED137A9BED156A67EE866A25EE93
:101B7000875A76EE856ACBED136A67EEA57A27EE73
:101B8000067A77EEC77ACBED127A6345B5D1059B1D
:101B9000089A13440593F044F244019A7244019266
:101BA000029A72440292F144039A72440392049A94
:101BB00072440492F444B3F5805FFFF465AF0D9B6B
:101BC0000B998B423FF42CAF0B930E992BE70B9B99
:101BD0000D9A934200F08B800D990B460E9A01F5F9
:101BE0008041D3ED007A93ED047A77EE877AC2EDE7
:101BF000007AD3ED007A93ED047A77EEC77AC2EDDE
:101C0000047AD3ED027A77EEA77AC2ED027AD3EDA9
:101C1000067A77EEA77AC2ED067AD3ED017A93EDD4
:101C2000037A77EE877AC2ED017AD3ED057A93EDE8
:101C3000077A77EEC77AC2ED037AD3ED017AD3ED56
:101C4000036A77EEE66A93ED057AD3ED077A77EECD
:101C5000277A36EEA77A9FED296A27EE067A82ED7B
:101C6000057A77EEE67A67EE867AC2ED077A203358
:101C700020328B42B5D10E9A103200210D9D0F9863
:101C800052ED047A12ED027A37EE876A77EEC77A60
:101C900052ED036A76EEA66A12ED017A37EE077A04
:101CA000CBB2C45C0B0AC35C43EA04231B1105EBF3
:101CB000830376EE265AC3ED005A03F5005476EE00
:101CC000666AC4ED006A03F5805477EE876AC4ED56
:101CD000006A03F5405377EEC77AC3ED007A04310A
:101CE0001032B1F5805FCBD111B0BDE8F08F4FF469
:101CF00080420D9815F098FE6EE700BFF304353F63
:101D000083695B0000F0C480F0B52DED028B85B0D7
:101D10000546B0EE408A002458E0D6ED007A3EE059
:101D2000F7EE006A77EEA67ABDEEE77AB8EEC77AEC
:101D300077EEC77A9FED577A67EE877ABDEEE77A3E
:101D400017EE101A4842C1F30A01C0F30A0058BF47
:101D5000414207EE101AB8EEC77A77EEC77ABDEEA9
:101D6000E77AB8EEC77A77EEC77A481CD0F1000C54
:101D7000C0F30A00CCF30A0C58BFCCF1000006EB0C
:101D8000800090ED007A27EE877A06EB810176EEEF
:101D9000E77AD1ED006A67EEA67A77EE277A03EB51
:101DA0000433696801EB830368EE277AC3ED007A98
:101DB000296A8B5801338B502B6A9B58B3F5805F8F
:101DC0003AD00134AB69B4EB430F5DD2EB6A1B5DD3
:101DD000002BF6D0A2002B6A53F82430002BE7DB4F
:101DE0006E6906F50051D1ED007A06EE903AFAEEF2
:101DF000CA6A76EEE76A91ED017A37EE677AC6EE47
:101E0000877A097A00298BD1F5EEC07AF1EE10FAC3
:101E100083D4B7EE007AF4EEC77AF1EE10FAFFF64B
:101E20007FAFF5EEC07AF1EE10FA3FF576AF06F52A
:101E30000056D6ED037AB2E7E96A00230B55A96A8A
:101E400001200855696A8B50A603134FAA68696878
:101E50002B6900933B4602EB843201EB843103A8EB
:101E6000FFF752FCE968A8682B6831443044984772
:101E70006A68E9682B6900933B463244314403A801
:101E8000FFF7C0FD2C639CE705B0BDEC028BF0BDF5
:101E9000704700BF00000045449001082DE9F0475D
:101EA0002DED028B06460D461746BC4802F016F88B
:101EB000DFEDBB7A20EE270AF7EE007A30EE270A34
:101EC000B84B83ED000AB84802F008F8B74B83ED31
:101ED000000AB74802F002F8B64B83ED000AB64894
:101EE00001F0FCFFB54B83ED000AB54801F0F6FFA9
:101EF000B44B83ED000AB44801F0F0FFF0EEC06A85
:101F0000B24BC3ED006AB24B1B6833F0020335D10C
:101F1000A84BB04AD2ED007AF0EEE77A93ED007A62
:101F200067EE877A9FEDAC7A67EE877A9FEDAB7AA2
:101F300077EE877AC3ED007AA04BA94A92ED007A3A
:101F4000B0EEC77AD3ED007A27EE277A83ED007AD8
:101F50009C4BA44A92ED007AB0EEC77AD3ED007A9A
:101F600027EE277A83ED007A9F4BD3ED007AF0EECF
:101F7000E77A67EEA67A954BC3ED007A934BD3EDE3
:101F8000007A9FED9A7AF4EEC77AF1EE10FA19DD35
:101F90009FED977A77EEC77AC3ED007AB5EEC00A67
:101FA000F1EE10FA06DB934B02221A60924B0122EB
:101FB0001A600AE08F4B00221A608F4B4FF0FF32FD
:101FC0001A6002E08B4B01221A607C4BD3ED000AB1
:101FD000B2EE000A14F050FBF7EE007A30EE670A1A
:101FE000864B83ED000A864B93ED007AC0EE077AAC
:101FF000844B93ED007A67EE877AB6EE087AF4EEBA
:10200000C77AF1EE10FA58BFF0EE477A7E4BC3ED77
:10201000007A6C4BD3ED000AB2EE000A14F02CFBF0
:10202000F7EE007A30EE670A754BD3ED007A80EE5A
:10203000277A744BD3ED007A27EE277AF6EE087AEA
:10204000B4EEE77AF1EE10FA58BFB0EE677A5D4B66
:1020500093ED006ADFED6D5AC6EE257AB7EE008A81
:1020600078EE677A684BD3ED006A67EEA67A684B24
:10207000C3ED007AC7EE256A26EE867A654B83EDBE
:10208000007A78EE677A77EEC77A634BC3ED007A11
:102090004E4BD3ED000AB2EE000A14F0EDFA30EE2A
:1020A000480A5E4B83ED000A554B93ED007AC0EE73
:1020B000077A544B93ED007A67EE877AB6EE087A8A
:1020C000F4EEC77AF1EE10FA58BFF0EE477A544BAF
:1020D000C3ED007A534BC3ED007A78EE677A524B2A
:1020E000C3ED007A514802F0F9FD80F001085FFA73
:1020F00088F84F4802F0F2FD80F00104E4B2B8F134
:10210000000F02D04B4B1B78EBB14B4B1C70002CDB
:10211000DFF83891B7EE000ADFED487A07FE800A53
:10212000484601F0B7FD434B83F80080444B1C70D8
:10213000444801F0C1FD484601F0BEFD002F00F00B
:10214000028100249BE0DFF8089199F8003083F0C9
:10215000010389F80030DFF8FCA00121504602F0AD
:10216000C9FD4FF47A7004F043F999F8001036482D
:1021700002F0C0FD4FF47A7004F03AF900215046A5
:1021800002F0B8FD99F80030002B9FED2C0A08FEF4
:10219000000A2C4801F07EFDB7E700BF940600243A
:1021A0000000C642E06A0624E0490424E86A0624E6
:1021B0005C060024DC6A06245C6A0624EC6A0624B9
:1021C0009C6A0624F06A0624CC060024E46A0624ED
:1021D00010000024140000243333333F9A99993EB1
:1021E000180000241C000024200000248FC2F53CAD
:1021F0006891ED3C080000240C000024304A0424BF
:102200002C000024A84802242C4A0424713DCA3F13
:10221000946A0624D46A0624986A06240C070024CB
:10222000080700240407002410070024CC0700241A
:10223000E0070024C9070024C807002400000000AC
:10224000CA0700246C490224344A0624984902240F
:1022500004000024184A0424336803EB84031A683A
:102260002B6803EB84031A60736803EB84031A681A
:102270006B6803EB84031A600134A74263D03448CF
:1022800013F040FD334B83ED000A334813F03AFD61
:10229000324B83ED000A324813F034FD314B83EDAD
:1022A000000A314813F02EFD304B83ED000A304B0D
:1022B0001B78002BD0D14FEA8408336803EB8403EA
:1022C00093ED000A2B4B1868FFF71AFD2A4B1B6889
:1022D0000BB3012B2AD0022B2DD09FED280A284BBF
:1022E00093ED007A2B68434432684244F7EE007A5B
:1022F00077EEC77AD2ED006A67EEA67A27EE000A7B
:1023000037EE800A83ED000A2B6843441A686B6835
:1023100043441A60B0E7174B1868FFF7C7F819482D
:1023200013F098FC184813F0B7FED8E7114B186863
:10233000FFF7BCF8D3E70F4B1868FFF7B7F8114861
:1023400013F088FCCBE7BDEC028BBDE8F08700BF43
:10235000140700241400002440070024180000245F
:102360006C0700241C00002498070024200000248F
:1023700004000024D86A062428000024000000007D
:10238000E86A0624486A0624C44902242DE9F0417B
:102390002DED028B88B07D48002404600B27077167
:1023A000FF2646718771C671077246728772C672C0
:1023B000077346738773C6734461046280F828709C
:1023C00080F82960C4620463446380F83C7080F83C
:1023D0003D6004644464846480F8587080F85960F7
:1023E000C465046644660467694D2A46694913F06A
:1023F00097FE694B1F705E705C609C60DC60674B91
:102400001F705E705C609C60DC60DFF824822A468E
:102410004146634813F084FE2A464146614813F062
:102420007FFE2A464146604813F07AFE2A4641461E
:102430005E4813F075FE2A4641465D4813F070FE73
:102440002A4641465B4813F06BFE5B4B1F705E7083
:102450005C609C60DC60594B1F705E705C609C60CF
:10246000DC60574807764676C46104624462DFF850
:10247000C4812A46414613F053FE524807764676F9
:10248000C461046244622A46414613F049FE2A466A
:102490004D494E4813F044FE2A464D494D4813F02D
:1024A0003FFE4D4B07934D4B06939FED4D8A4D4C90
:1024B0000122F7EE000AB0EE480A04A92046FFF711
:1024C000B9F804A8FEF7CEFC474E2A46314620460E
:1024D00013F026FE454B0393454B0293454C0122D6
:1024E000F7EE000AB0EE480A69462046FFF7A2F868
:1024F0006846FEF7B7FC2A463146204613F010FE28
:102500003D4BD3ED007AB5EE007A67EE877AFAFE9E
:10251000677A3A4BC3ED007A394C2A46214639484E
:1025200013F0FEFD2A462146374813F0F9FD2A46EE
:102530002146364813F0F4FD2A462146344813F06C
:10254000EFFD344C2A462146334813F0E9FD2A4674
:102550002146324813F0E4FD2A462146304813F064
:10256000DFFD2A4621462F4813F0DAFD2A46214690
:102570002D4813F0D5FD2A4621462C4813F0D0FDF6
:1025800008B0BDEC028BBDE8F08100BF34480024E8
:1025900000000024630A0008344A0624184A042470
:1025A00094060024E04904245C0600245C6A0624A6
:1025B0009C6A0624CC060024CC070024E0070024F3
:1025C0006C49022498490224670A0008486A0624D4
:1025D000690A0008C4490224E90D00086B0A0008D2
:1025E0000000000014280024490E0008210E0008F5
:1025F000750A0008F407002434000024A8480224C7
:10260000650A000814070024400700246C07002412
:10261000980700245D0A0008CC4802240C490224D3
:10262000AC4802242C4902244C490224EC480224E0
:102630005F0A0008610A0008704700BF143001F00B
:102640007DBA00BF38B500F1140504462DED028BAC
:10265000284601F01FFA284601F018FA2846B0EE85
:10266000408A01F001FAD0ED007AF8EE677A88EE40
:10267000277ABDEC028B84ED1B7A38BD143001F053
:1026800005BA00BF38B500F1140504462DED028BE4
:10269000284601F0EDF9284601F0F8F92846B0EE99
:1026A000408A01F0E1F9D0ED007AF8EE677A88EE21
:1026B000277ABDEC028B84ED1B7A38BD90ED1B0AA6
:1026C000704700BF10B540F203338EB000244FF6C0
:1026D0000B7240F20341ADF8083009A80123ADF8B0
:1026E0001020ADF824202246ADF80C100094029979
:1026F00007940C94CDE90544CDE90A4402F008FAA8
:1027000004A8012322460399009402F001FA09A8C3
:1027100002F0E4FA10B901200EB010BD04A802F0D6
:10272000DDFAA0420CBF022020460EB010BD00BF53
:102730002DE9F04103239AB04FF0010800254FF630
:102740000B740746CDE91438394BADF84C40CDE950
:102750001053A3F19F63A3F57D43CDE9165812935F
:10276000FFF7B0FF4045064623D0022842D040F68E
:102770000132304B07F158000BACADF82C200B990F
:102780001895CDF86480CDF84A3000F0DBF810A938
:1027900007F1700003F0FCFB274B0FCB84E80F0020
:1027A0003A6F214607F1140001F026F91AB0BDE88E
:1027B000F08110231F4A06A906908DF828300BAC33
:1027C0001E4BCDF84A2007930295CDE91805CDE9B7
:1027D000080502A802F012FC0823029A03A9204669
:1027E000ADF80C608DF80E50049605930B9500F033
:1027F000E9F8CCE740F60133ADF82C4000200BACF3
:10280000ADF8183001210B4B42460095CDF84A3007
:102810002B460E95CDE9180106992046CDE90C55B9
:1028200002F076F92946204602F064FAAFE700BFCD
:1028300004020404040604037C8F01080704010B4E
:102840002DE9F04704462DED028B82B0002949D0D6
:10285000012140F2011200230091ADF804208DF80F
:102860000630354A0127354B04F10409344904F197
:102870003C08626040F20272A36040F60663E160C9
:1028800004F1280A2285A3872782E762276403F0E0
:102890005DFF054603F0B2FD6946064650BB4DB3E9
:1028A00004F150008DF8067003F0D2FE072D3ED1E2
:1028B00004F114052046FFF73BFF284601F0E6F837
:1028C0002846B0EE408A01F0CFF8D0ED007AF8EE5D
:1028D000677A88EE277A84ED1B7A02B0BDEC028B12
:1028E000BDE8F08740F2011300918DF80610ADF8B5
:1028F0000430B6E704F1500003F0AAFE072D13D010
:102900004946204602F050FF0EB9002DD0D1514665
:10291000504601F039FF4046414601F035FF04F1D1
:10292000120000F079F9C3E7002EF0D1C0E7494664
:10293000204602F039FFBBE7050805090507050633
:10294000050A060630B585B0002504460122ADF81B
:102950000C102B460399009502F0DAF8012120466D
:1029600002F0C8F9012003F041FD2946204602F09B
:10297000C1F9012003F03AFD0121204605B0BDE870
:10298000304002F0B7B900BF10B5C2F3002384B0E5
:102990000C46017C8DF80D2043EA4402FA24022300
:1029A0008DF80C2003AA009402F0C0FB18B101249A
:1029B000204604B010BD04460A2003F017FD20464F
:1029C00004B010BD034670B543F8042B044684B030
:1029D00007C983E80700A37983B91A210B461E2291
:1029E000FA2523742046ADF80C20022303AA009593
:1029F00002F09CFB28B1012004B070BD1B210B46E6
:102A0000EDE70A2003F0F2FC4FF4B85200950223E0
:102A1000ADF80C20204603AA217C02F087FB002899
:102A2000E9D10A2003F0E2FC41F202720095022390
:102A3000ADF80C20204603AA217C02F077FB002889
:102A4000D9D10A2003F0D2FC042200950223ADF86C
:102A50000C20204603AA217C02F068FB0028CAD182
:102A60000A2003F0C3FC062200950223ADF80C20D7
:102A7000204603AA217C02F059FB0028BBD10A2082
:102A800003F0B4FC41F2082200950223ADF80C20BB
:102A9000204603AA217C02F049FB0028ABD10A2082
:102AA000064603F0A3FC0095022303AA217C2046DE
:102AB000ADF80C6002F03AFB00289CD1304603F0E0
:102AC00095FC009522790C232046002A8DF80C30C5
:102AD00003AA4FF0020314BF622142218DF80D10AA
:102AE000217C02F023FB002885D1304603F07EFCD8
:102AF0002279D4E902310B43DBB20AB943F0400337
:102B000062790AB143F020030E22FA258DF80D30C8
:102B10002046009502238DF80C2003AA217C02F0A8
:102B200005FB00287FF467AF0A2003F05FFC10224A
:102B300000950223ADF80C20204603AA217C02F068
:102B4000F5FA00287FF457AF0A2003F04FFC12215A
:102B500000950223ADF80C1003AA217C204602F058
:102B6000E5FA00287FF447AF0A2003F03FFC01227A
:102B700009212046FFF708FF003818BF01203BE776
:102B8000F0B5102387B0234C012200250126002731
:102B900002A920460195CDE902234FF48052CDE9E8
:102BA00004670CF0DBFA642004F056FB02A94FF432
:102BB00080522046CDE9046702261027CDE902673E
:102BC0000CF0CCFA0322102302A92046CDE90223FF
:102BD00000230422CDE904234FF480520CF0BEFA06
:102BE00040F23223042202A9019310232046CDE9AA
:102BF0000223019A012305924FF4805204930CF0B2
:102C0000ADFA40F6060120460CF0C8FA284607B097
:102C1000F0BD00BFFC6A06241C4B00221C494FF08B
:102C2000400C30B5054689B00220596007219A60F2
:102C30001A620124DA620A224FF4006EDC60069206
:102C40002022CDE9000104200821CDE90201032062
:102C50001021CDE9040108206946C3E904024FF4BC
:102C6000C072181DC3E906C24FF48052C3E909E2DD
:102C70000CF04AFA38B92846FFF782FF003818BF2F
:102C8000012009B030BD204609B030BDF86A0624E5
:102C900040410052614A0021D0B513688EB00A91BC
:102CA000002B40F0B9805E4B01214FF683700C245D
:102CB00011600221D3F8D4200026032742F4805269
:102CC000C3F8D420D3F8D42002F480520092009AA2
:102CD000D3F8E02042F01002C3F8E020D3F8E0205F
:102CE00002F010020192019AD3F8E02042F0400273
:102CF000C3F8E020D3F8E02002F040020292029AEA
:102D0000D3F8E02042F00802C3F8E020D3F8E02036
:102D100002F008020392039AD3F8E02042F4807292
:102D2000C3F8E020D3F8E02002F480720492049A01
:102D3000D3F8E02042F08002C3F8E020D3F8E0208E
:102D400002F080020592059AD3F8E02042F02002BA
:102D5000C3F8E020D3F8E02002F020020692069AA1
:102D6000D3F8E02042F00402C3F8E020D3F8E030CA
:102D70000C9403F0040307930323079A0B93CDE904
:102D8000080108A9274806F0FBFB48F23712022386
:102D900008A925480C94CDE90823CDE90A6706F077
:102DA000EFFB4CF20372022308A920480C94CDE9F2
:102DB0000823CDE90A6706F0E3FB40F2FF62022335
:102DC00008A91B480C94CDE90823CDE90A6706F051
:102DD000D7FB4FF60C72022308A916480C94CDE9D4
:102DE0000823CDE90A6706F0CBFB4FF63F0202232A
:102DF00008A911480C94CDE90823CDE90A6706F02B
:102E0000BFFB2022022308A90A480C94CDE90A67D7
:102E1000CDE9082306F0B4FB0EB0D0BDF46A062459
:102E2000004402580010025800180258000C0258C2
:102E300000200258001C0258001402582DE9F04FDF
:102E4000DFF8108406460D46144608F118002DEDF3
:102E5000028B89B000AF03F093F9D8F8183073B340
:102E6000D8F81C30D8F80490002B43690BBF4FF002
:102E7000080A4FF0100A4FF0020B4FF0040BB9F1A3
:102E8000000F2AD0A200EA46012B02F1070222F02D
:102E90000702ADEB020D6846ADEB020D694600F08E
:102EA0003F81022B00F0D680002B6FD02246C8470E
:102EB000D5462437BD46BDEC028BBDE8F08FD8F86F
:102EC0001C30002BF5D0D8F804904FF0080A4FF0D2
:102ED000020B4369B9F1000FD4D1FB61D8F800307F
:102EE000BB61002BE5D0D54803F0BCF96B46BBF1C4
:102EF000020F786108EE103AFB6900F083816A46A0
:102F00005146A2EBC40295466200EA46B2FBFBF2D0
:102F1000AAEBC40085460AEB8200EE46F861ADEBF1
:102F2000010DF8690EEB820CC7F810C0EC46ADEB52
:102F3000010D00EB8201CCF80400CCF8081001EB85
:102F400082013869E946CCF80C1000EB8201CCF81C
:102F500000A001EB8202C9E900E0C9E90212012BDD
:102F600000F06483022B00F06C82002B00F0808163
:102F7000620849466046BB69984718EE103A243704
:102F80009D46BD46BDEC028BBDE8F08F002C8DD078
:102F90001A46D8ED0C6A9FEDB27A8446331D36F995
:102FA00022E00CF1080C07EE90EA33F922E002323D
:102FB000F8EEE77A944267EE877A67EEA67A4CEDF0
:102FC000027A07EE90EAF8EEE77A67EE877A67EE24
:102FD000A67A4CED017AE2D8F9612246C847984EAC
:102FE000D8ED0D6A0020F9692B1D9FED9E7A9FEDAB
:102FF0009E6ADFED9E5A22E0F4EEC67AF1EE10FAF8
:10300000C0F2C88447F6FE72D1ED017A45F820205F
:1030100066EEA77AF4EEC77AF1EE10FA40F2F0808D
:10302000F4EEC67AF1EE10FAC0F2D58447F6FE72DD
:1030300043F820200230083184427FF639AFD1EDC9
:10304000007A66EEA77AF4EEC77AF1EE10FAD3D8DA
:103050003246D9E7002C3FF429AFD8ED0C6A8446FC
:103060009FED787A0022331D8E4656F822100CF11F
:10307000080C07EE901A53F822100232F8EEE77AA5
:10308000944267EE877A67EEA67A4CED027A07EEF5
:10309000901AF8EEE77A67EE877A67EEA67A4CED3B
:1030A000017AE2D871462246C7F81CE0C847664E4E
:1030B000D8ED0D6A0020F9692B1D9FED6A7A9FED0E
:1030C0006A6ADFF894C120E0F4EEC67AF1EE10FAF5
:1030D000C0F279843246D1ED017A45F8202066EEBF
:1030E000A77AF4EEC77AF1EE10FA40F28780F4EE98
:1030F000C67AF1EE10FAC0F25E84324643F8202020
:103100000230083184427FF6D3AED1ED007A66EE0C
:10311000A77AF4EEC77AF1EE10FAD5D86246DAE76C
:10312000002C3FF4C3AED8ED0C6A86469FED477A7B
:103130004FF0000C331D56F82C200EF1080E82F4CF
:103140000002A2F5000207EE902A53F82C200CF1A1
:10315000020CF8EEE77A82F400026445A2F5000260
:1031600067EE877A67EEA67A4EED027A07EE902A2E
:10317000F8EEE77A67EE877A67EEA67A4EED017A87
:10318000D9D8F9612246C847314ED8ED0D6A0020E2
:10319000F9692B1D9FED337A9FED336ADFF8BCC0D0
:1031A0001FE0F4EEC67AF1EE10FAC0F2FC8332466C
:1031B000D1ED017A45F8202066EEA77AF4EEC77AC1
:1031C000F1EE10FA18D9F4EEC67AF1EE10FAC0F268
:1031D000DA83324643F820200230083184427FF6F9
:1031E00067AED1ED007A66EEA77AF4EEC77AF1EE1B
:1031F00010FAD6D86246DBE76246EBE762467DE727
:10320000324615E7A100D6466208073121F00701D2
:10321000ADEB010DEA46ADEB010D6946ADEB0E0DD0
:103220000AEB8200EC46ADEB0E0D01EB8202F86179
:10323000E946CCE900A0C9E9001290E64C6B0624EF
:103240000280FFFF000000300082FF7F000000349A
:1032500082FF7F00306B0624007E00807E0080FFAE
:103260000000003804FF7FBF04FF7F3F00FEFF46E1
:10327000002C00F0C982BBF1020FD8F8242000F026
:10328000FA827969C7F8049002EB810E5FED0C5A5F
:103290008A00DCF808100EF104007A611A46DCF8A6
:1032A0000C303B61331DD7F810903D61FD69C7E9D3
:1032B00002CB8C46834636F92210D8ED0C7A06EE06
:1032C000101A33F9221006EE901A3EF92210B8EEC9
:1032D000C66A07EE101AF8EEE66A3BF92210B8EE5D
:1032E000C77A26EE256A66EEA56A27EE257A26EECF
:1032F000276A66EEA76A27EE277A07EE901A51082A
:103300000232F8EEE77A0AEB8100944280ED006A1F
:1033100005EB810067EEA57AC0ED006A0CEB810039
:1033200009EB810180ED007A98ED0C7A67EE877ADF
:10333000C1ED007ABFD8D7F804903D69D7E902CB38
:1033400060466208BB6949469847D8F82C307A69CC
:10335000D8ED0D6A1A441FED3D7A1FED3D6A2B1D15
:10336000904602F1040A5FED3F5A0022A84ED9E9C7
:1033700000EC51E0F4EEC67AF1EE10FAC0F2C7822A
:1033800047F6FE7045F822000CEB0100D0ED007A04
:1033900066EEA77AF4EEC77AF1EE10FA4BD9F4EEA6
:1033A000C67AF1EE10FAC0F2BA8247F6FE70BBF1AF
:1033B000020F43F822002BD0D9F808000844D0EDC2
:1033C000007A66EEA77AF4EEC77AF1EE10FA36D9F3
:1033D000F4EEC67AF1EE10FAC0F2CD8247F6FE7036
:1033E00048F82200D9F80C000144D1ED007A66EECD
:1033F000A77AF4EEC77AF1EE10FA1ED9F4EEC67A87
:10340000F1EE10FAC0F2AF8247F6FE714AF82210D0
:10341000023294427FF6B1AD51080EEB8100890073
:10342000D0ED007A66EEA77AF4EEC77AF1EE10FAE4
:10343000A0D83046A6E73046B9E73146E6E7304641
:10344000CEE7002C00F0E081BBF1020FD8F8243069
:1034500000F0E1817A69DCF8081003EB820EC7F80E
:1034600004909300DFED6B5A0EF1040000227B61A3
:10347000DCF80C303B61331DD7F810903D61FD69DD
:10348000C7E902CB8C46834656F82210D8ED0C7A59
:1034900007EE101A53F82210B8EEC76A07EE101A9A
:1034A0005EF82210F8EEC76A07EE101A26EE256ABB
:1034B0005BF82210B8EEC77A66EEA56A26EE276A98
:1034C00027EE257A66EEA76A27EE277A07EE901A8E
:1034D00051080232F8EEE77A0AEB8100944280ED5F
:1034E000006A05EB810067EEA57AC0ED006A0CEB7F
:1034F000810009EB810180ED007A98ED0C7A67EE8E
:10350000877AC1ED007ABFD8D7F804903D69D7E932
:1035100002CB60466208BB6949469847D8F82C3010
:103520007A69D8ED0D6A1A449FED3E7A9FED3E6AA6
:10353000131D9246DFF8E4C00022FB612B1D364EBE
:10354000D9E9008E4EE0F4EEC67AF1EE10FAC0F240
:10355000FC81304645F822000EEB0100D0ED007AE8
:1035600066EEA77AF4EEC77AF1EE10FA49D9F4EED6
:10357000C67AF1EE10FAC0F2EF813046BBF1020FCD
:1035800043F822002AD0D9F808000844D0ED007A88
:1035900066EEA77AF4EEC77AF1EE10FA35D9F4EEBA
:1035A000C67AF1EE10FAC0F2C98130464AF822001C
:1035B000D9F80C000144D1ED007A66EEA77AF4EE5A
:1035C000C77AF1EE10FA1ED9F4EEC67AF1EE10FACF
:1035D000C0F2AD813146F86940F8221002329442BF
:1035E0007FF6CBAC510808EB81008900D0ED007A62
:1035F00066EEA77AF4EEC77AF1EE10FAA3D8604629
:10360000A8E76046BAE76146E5E76046CEE700BF57
:103610000280FFFF000000300082FF7F007E0080FC
:103620000000003404FF7FBF04FF7F3F002C00F048
:10363000EB807A690021D8F82430C7F8109003EBAA
:10364000820ED7F81C909300FD610EF104021FED6D
:103650000C6A7B61331D154656F821204808D8EDC9
:103660000C6ABBF1020F82F40002A2F5000207EE21
:10367000902A53F8212082F40002B8EEE77AA2F5EE
:10368000000227EE067A07EE902A0AEB8002F8EE97
:10369000E77A27EE267A67EE867A82ED007A09EBE2
:1036A00080024FEA800067EEA67AC2ED007A27D04A
:1036B0005EF8212082F40002A2F5000207EE902AB3
:1036C00055F8212082F40002B8EEE77AA2F5000254
:1036D00027EE067A07EE902ADCF80820F8EEE77A63
:1036E000024427EE267A67EE867A82ED007A98ED1C
:1036F0000C7ADCF80C2067EE877A0244C2ED007A7F
:1037000002318C42A8D8D7F8109060466208BB6995
:103710004946FD699847D8F82C307A69D8ED0D6A8A
:103720001A441FED407A1FED406A131D9246DFF8E0
:10373000C4C20022FB612B1DAB4ED9E9008E4EE0C6
:10374000F4EEC67AF1EE10FAC0F2C580304645F8C4
:1037500022000EEB0100D0ED007A66EEA77AF4EEBF
:10376000C77AF1EE10FA49D9F4EEC67AF1EE10FA02
:10377000C0F2BF803046BBF1020F43F822002AD0CE
:10378000D9F808000844D0ED007A66EEA77AF4EE86
:10379000C77AF1EE10FA35D9F4EEC67AF1EE10FAE6
:1037A000C0F2AE8030464AF82200D9F80C0001443D
:1037B000D1ED007A66EEA77AF4EEC77AF1EE10FA50
:1037C0001ED9F4EEC67AF1EE10FAC0F28B803146C3
:1037D000F86940F82210023294427FF6CEAB5108CD
:1037E00008EB81008900D0ED007A66EEA77AF4EE4E
:1037F000C77AF1EE10FAA3D86046A8E76046BAE7A8
:103800006146E5E76046CEE7224649466046BB6929
:103810009847FFF7B2BBC7F810B0002298ED0C6ACA
:10382000331DDFED726AD7F81CB0786956F82210A4
:1038300007EE901A53F82210B8EEE77A07EE901AC6
:1038400051080232F8EEE77A27EE267A0AEB810E6B
:1038500094420BEB810167EEA67A27EE067A67EEBB
:10386000867A8EED007AC1ED007ADFD88300D7F832
:1038700010B07B614DE61A46C7F810B098ED0C6A9F
:10388000331DDFED5B6AD7F81CB0786936F922107A
:1038900007EE101A33F9221007EE901AB8EEC77A25
:1038A00051080232F8EEE77A27EE267A0AEB810E0B
:1038B00094420BEB810167EEA67A27EE067A67EE5B
:1038C000867A8EED007AC1ED007ADFD88300D7F8D2
:1038D00010B07B6134E5F0EE675AFEEEE45A15EE67
:1038E000900A34E7F0EE675AFEEEE45A15EE901AAD
:1038F0006EE7F0EE675AFEEEE45A15EE900A3AE7EC
:10390000F0EE675AFEEEE45A15EE900A4BE767EECA
:10391000A57AFDEEE77A17EE900A00B232E567EE7F
:10392000A57AFDEEE77A17EE900A00B23FE5F0EED9
:10393000675AFEEEE05A15EE901A4CE6F0EE675A22
:10394000FEEEE05A15EE900A30E6F0EE675AFEEE13
:10395000E05A15EE900AFDE5F0EE675AFEEEE05AE9
:1039600015EE900A0AE667EEA57AFDEEE77A17EE05
:10397000901A09B24AE567EEA57AFDEEE77A17EEEE
:10398000900A00B22CE5F0EE675AFEEEE45A15EE0E
:10399000902A1FE467EEA57AFDEEE77A17EE902AEB
:1039A00012B2FFF731BBF0EE675AFEEEE45A15EEA5
:1039B000902AFFF7FDBBF0EE675AFEEEE05A15EED7
:1039C000902AFFF79BBBF0EE675AFEEEE05A15EE29
:1039D000902AFFF780BB67EEA57AFDEEE77A17EE37
:1039E000902A12B2FFF724BB82FF7F000000003054
:1039F000000000387E0080FF30B5184C154685B0B9
:103A0000046004F1080EEC460FC98EE80F00D4EDF7
:103A1000047AF5EEC07A8CE80F00F1EE10FA1ADDA8
:103A2000B7EE006A94ED057A27EE277AC6EE276A8C
:103A300084ED0D7AC4ED0C6A6DB1204640F8185F34
:103A400002F09EFB064903690020064A2162A26239
:103A5000E36005B030BD012005B030BD306B0624F9
:103A6000002000300000003000680830704700BFC0
:103A7000B1F5807F03680A4628BF4FF48072B1F524
:103A8000807F9A6094BF0020012070470068183042
:103A900002F0D6BB70B504688AB0A369E1600BB3CD
:103AA00004F118056FF0F4134FF60B722846ADF8C9
:103AB0000C20CDE9013302F063FB8446EE46E66854
:103AC000BCE80F00AEE80F00BCE80F00AEE80F0046
:103AD0009CE803008EE8030069462846049602F03D
:103AE00057FA38BBE06918B304F11C056FF0F41302
:103AF0004FF60B722846ADF80C20CDE9013302F0E9
:103B00003FFB8446EE46E468BCE80F00AEE80F00D9
:103B1000BCE80F00AEE80F009CE803008EE803004D
:103B200069462846049402F033FA003818BF012091
:103B30000AB070BD01200AB070BD00BF30B5046886
:103B400083B00D46E3694BB1A3680020E26A616A65
:103B50009B00009004F11C0002F014FBA3680748CE
:103B6000A26A9B00216A009004F1180002F00AFB8F
:103B70000020C4E9005003B030BD00BF3D2E000856
:103B800010B4074B4FF07E513024002203201961FE
:103B90009C60D8605DF8044B5961C3E90622704708
:103BA000306B0624F6EE007A9FED166A20EE207A3E
:103BB0000160F7EE006A80ED036A80ED020A27EEED
:103BC000277AC6EE877AF4EEE67AF1EE10FA11DD86
:103BD000F0EE667A4FF07E514FF0000C0276002234
:103BE000C0ED017AC0F814C0016143768276C0ED61
:103BF000070A7047F4EEC67AF1EE10FAEAD5F0EE55
:103C0000467AE7E7000000000268037E128807EEAC
:103C1000902AFBEEC87A1BB1B7EE007A77EE677A8E
:103C2000D0ED056A90ED047A77EEE67A437E67EE92
:103C3000877A0BB1F1EE677A90ED030A90ED017A85
:103C400077EEC07AA7EE270A80ED030A704700BF1F
:103C500070B52DED028B84B0002615460446ADF8F4
:103C60000C1033460122039918300096B0EE408ABA
:103C700000F04EFFB5FA85F3002226605B0966600E
:103C8000A260257584ED048AA575637504B0BDEC4A
:103C9000028B70BD20EE007ADFED067A27EE000A77
:103CA00060EE277A80ED020AFCEEE77AC0ED017A39
:103CB000704700BF00FF7F4790ED046AB7EE007ABF
:103CC000DFED0E5A0346D0ED036A1830C5EE867A52
:103CD00077EEA67AF4EEC77AF1EE10FAC8BF77EE67
:103CE000C77A10ED047AB4EEE77A40ED037AF1EE8C
:103CF00010FACCBF597D997D00F0FCBF0000F04266
:103D0000704700BFF8B5134F3C687F2C07D980235C
:103D1000114A42F224411C463B60A2F87E100F4D2E
:103D20002B68012B0AD90C4E0D4D224631462846F0
:103D300000F0B2F90028F8D13860F8BD22460649F3
:103D4000074800F0A9F90028F7D12B683860013343
:103D50002B60F8BD6C6B0624706B0624686B062420
:103D6000F06B062430B4154C2168F1B14B1E144D94
:103D7000E81810F801298C4619460A2A01D00D2AA4
:103D800002D14BB1013BF4E70CF102037F2B10D9B8
:103D90008023236030BC70470122022323600D2062
:103DA0000A236854AB5430BC704701220223044DEF
:103DB000F4E70CF101026146F0E700BF6C6B0624EA
:103DC000706B062410B5094C02460B460848216862
:103DD0000844C1F1800113F0EBFF23681844206010
:103DE000FFF7C0FFFFF78EFF10BD00BF6C6B06240E
:103DF000706B06240FB400B583B004A951F8040B0E
:103E00000191FFF7DFFF03B05DF804EB04B07047EA
:103E100010B5044600210A4800F0B8F8002C094B00
:103E200014BF0222002208481A60FFF7E3FF074888
:103E3000FFF7E0FF0A20BDE8104002F0D7BA00BF4C
:103E4000F06B0624686B06247491010884910108C4
:103E5000064A0749074808B512F062F9034A0449BF
:103E60000548BDE8084012F05BB900BF000000241F
:103E7000013D0008F06B0624F46B0624DFED167A92
:103E80008C46B4EE670A10B504468646F1EE10FA89
:103E90002DED028B80ED080A48BFB0EE670AC0ED39
:103EA000090AB0EE608A80F83420BCE80F00AEE862
:103EB0000F009CE80F008EE80F0012F077FBF0EE89
:103EC000407AB0EE480AC4ED0A7A12F06FFB84ED36
:103ED0000B0ABDEC028B10BD95BFD63390F8343081
:103EE00010B50446032B4BD8DFE803F03B2A15023C
:103EF000FFF78AFE60EE006AD4ED087A94ED097A45
:103F000026EE800A37EE677AE0EE077AC4ED0C7A87
:103F1000B0EE670A10BDFFF777FE94ED0A7AD4ED94
:103F20000B7A77EEC77AA0EE277AB0EE470A12F046
:103F3000CBFAF0EE407A84ED0C0AB0EE670A10BDC1
:103F4000FFF762FED4ED087A94ED097A20EE000ABC
:103F500037EE677AE0EE077AB0EE670AC4ED0C7AC6
:103F600010BDFFF751FED4ED087A94ED097A37EED3
:103F7000677AE0EE077AB0EE670AC4ED0C7A10BDFE
:103F8000D0ED0C7AC4E700BF704700BF012910B51F
:103F900006D0022915D051B1BDE8104007F0AEBEE1
:103FA0000A46344834490CF0D3FBE8B1FEE7334B02
:103FB0000A46334C334934481C600CF0C9FB68B1E5
:103FC000FEE701222C492B480CF0C2FB00B1FEE7B2
:103FD0002E4928480CF0E0FBC0B1FEE72B492A48E7
:103FE0000CF0DAFB60B1FEE7284922480CF0D4FB64
:103FF00000B1FEE726491F480CF04AFB08B3FEE774
:10400000244921480CF044FBA8B1FEE72049194897
:104010000CF03EFB00B1FEE716480CF0E5FB024653
:1040200040B9164B164C174917481C600CF090FB12
:1040300068B1FEE7FEE714480CF0D6FB0028ABD0D1
:10404000FEE70C480CF0D0FB0028A5D0FEE70F4996
:104050000D480CF0A1FB00B1FEE70E490A480CF038
:1040600017FB00B1FEE708480CF0BEFB002893D018
:10407000FEE700BFD46E0624DC000024B0710624E5
:10408000893F0008C0000024F86B06244401002486
:104090009C00002488000024084691B208B502F074
:1040A0008FFC003818BF012008BD00BF014806F092
:1040B000BBBE00BF00A10624014806F0B5BE00BF8C
:1040C00000A10624014806F0AFBE00BF00A10624EF
:1040D00010B4002383B00324018080F8503080F8AE
:1040E0005120C0E9014303B05DF8044B704700BFA5
:1040F0002DE9F04FBE4F0024BE4D8DB0037007F187
:1041000040034260804616468946202221463846B2
:10411000C5F88835C5F88475CDE90244CDE9044475
:10412000CDE90644CDE90844CDE90A4413F096FCF4
:104130002022214605F26250C5F85145C5F8554583
:10414000C5F85945C5F85D4513F088FC85F85065FC
:10415000D8F8043085F86846002B62D005F5AA6AC5
:1041600009F1500B264609EB0401281952220136A9
:1041700013F04CFC4FF0000327F8023B1BF804300F
:104180000AF8013F002B70D0D8F804304FF001023C
:1041900054349E4285F86826E5D3974A082195F85D
:1041A00050350026C5F88C254FF48022934800270F
:1041B000C5F8A4350023C5F890250122C5F89C1543
:1041C00095F86816C5F8943585F8A035C5F8982592
:1041D000C0E9006700293ED0C5F8B82585F8A135AB
:1041E00085F8A835002298F80030C5F8BC25C5F838
:1041F000C025002B40D0012200200121013B85F881
:10420000C4257F4AC2E90001082B37D8DFE813F044
:10421000BD00C200C700CC00D100D600DB00E10029
:10422000E800C5F89435F6B285F8A0350020724B49
:104230000021C5F8A465C5F88C354FF48023C5F876
:1042400090350123C5F898350823C5F89C3505F548
:10425000B663C3E90001012385F8A135002385F881
:10426000A8350323C5F8B835BCE7D8F80430543472
:10427000B3423FF678AF90E785F8C435614803F064
:104280004FFC034608B1FFBEFEE702A95D4802935A
:1042900003F0A6FD0446002875D1042340F2FF7206
:1042A0000A90CDE9082395F85035002B00F0F580F1
:1042B00006234FF05409019309FB045393F851303E
:1042C000072B07D8DFE803F0595C5653504D4A04DA
:1042D0000723079326B206EB4606C6EBC60605EB98
:1042E0008608B700404600F035FB09FB045393F8FD
:1042F0005030042B00F3AD80022B00F3C08000F09F
:10430000BC802B19002283F8402515F8262098F848
:104310000130002A7CD0022A00F08D80012A40F072
:10432000B480012B00F0B380002B374B18BF002363
:10433000059305A9019B3348069302F0F1FF00287D
:1043400040F0AE80013495F85035E4B2A34240F21B
:10435000A4802E4B53F824300193ADE70623079336
:10436000B8E705230793B5E704230793B2E70323D0
:104370000793AFE702230793ACE700230793A9E76E
:1043800001230793A6E7FFBEFEE70320402142E991
:10439000020173E70720602142E902016EE70F2066
:1043A000802142E9020169E71F20A02142E90201C0
:1043B00064E73F20C02142E902015FE77F20E0215E
:1043C00042E902015AE7FF204FF4807142E90201FD
:1043D00054E740F2FF104FF4907142E902014DE7BB
:1043E00040F2FF304FF4A07142E9020146E700BFFE
:1043F00000400030B871062400200240687706248F
:1044000088770624447706240002B0259491010899
:10441000062B36D0072B3CD0022B49D0032B49D09A
:10442000002B4BD0012B47D0042B49D0052B254B1B
:1044300018BF00237CE7042B25D0052B2BD08BB392
:10444000012B31D0022B31D0032B1F4B18BF00237F
:104450006EE70323143705EB040B4FF0000A2F44DB
:104460008BF8403538460AF1010A00F073FA9BF8E0
:10447000403514375345F5DC47E70123EAE70223CB
:10448000E8E7124B54E7124B52E7002350E7114B79
:104490004EE7114B4CE7114B4AE70DB0BDE8F08FEA
:1044A000FFBEFEE70E4B43E70E4B41E70E4B3FE7E7
:1044B0000E4B3DE70E4B3BE70E4B39E70E4B37E714
:1044C0000E4B35E70000B84F002090360800900CE6
:1044D0001000C0102000F0148000501D0001802149
:1044E0000004002A0008302E001060320040C03A5C
:1044F0000080F03E00005247000021430000844B42
:1045000038B5094C40F2FF724FF0011104F28C559E
:10451000284603F013FC94F85025D4F88415284657
:10452000BDE8384003F072B9B8710624034B0F2977
:10453000D3F8840598BF00EB41007047B87106249A
:10454000244B02689A4200D07047234A0023234834
:10455000D2F8D81030B5224C41F0200183B0C4F815
:10456000F0050920C4F8F83504F5BE65C4F8F40573
:104570004FF48060C2F8D8104FF40061D2F8D82010
:10458000C4F8000694F8680602F02002C4F8FC356E
:1045900098420192C4F804164FF40051C4F8103642
:1045A0002846C4F81436019B14BF00234FF48073CF
:1045B000C4F80816C4F80C3603F03EFE08B1FFBE7E
:1045C000FEE704F28C53C4F8D855C4F8283603B07B
:1045D00030BD00BF002002400044025840000240AD
:1045E000B8710624014804F079BC00BFA8770624FE
:1045F00002682DE9F84F504B9A4201D0BDE8F88F80
:104600004E4D95F86836002BF8D095F85035002BB4
:104610007BD0002405F13C0905F2625605F5AA6736
:10462000A04613E003F0010117F811BCA9F128001E
:1046300000F060FBBBF1010F25D895F8503501342F
:1046400009F154090236A2B293422BD917F8012F6F
:10465000002AF4D0D5F884350021327833F81400DC
:10466000D5F8883503EB041323F81200338801339F
:104670009BB233805FFA83FA3A789A42D2D88A465C
:10468000A6F80080D0E7CAF34001A9F1140000F0B9
:1046900031FBBBF1020FCAF38001CED0484600F0D7
:1046A00029FBCAE7002395F86806254909229842A4
:1046B000C5F8F8354FF48060C5F8F015C5F8F42555
:1046C0004FF400614FF40052C5F8FC3508BF4FF4B9
:1046D0008073C5F80006C5F80416C5F80826002240
:1046E0001848C5F80C36C5F81026C5F8142603F08E
:1046F000A3FD08B1FFBEFEE795F85025D5F8841557
:104700001148BDE8F84F03F081B80D4909224FF474
:104710008060C5F8F835C5F8F0154FF40061C5F8AC
:10472000F4254FF40052C5F8FC35C5F80006C5F86D
:104730000416C5F80826D2E700200240B871062406
:1047400040000240A877062444770624704700BF43
:104750000C4B4FF60B71002203F5A8601980DA604C
:1047600099821A6219855A6399879A64C3E901226A
:10477000C3E90622C3E90B22C3E91022543398424D
:10478000ECD17047B871062484460FC98CE80F003D
:104790009CF800300B2B30D09CF801200F2A2CD82D
:1047A000022900B591B041D0032902D0012900D0DF
:1047B00000210C91DCF80810012902D0022918BF51
:1047C00000210D91DCF80C10022904D0032902D03D
:1047D000012918BF00210A2B0E910FD85B4800EB6E
:1047E0008320CCF810000A2B17D8DFE803F0A09242
:1047F0008476685A4C3E3022090070470020F0E76A
:10480000534BD3F8E01041F48061C3F8E010D3F8C3
:10481000E03003F480630A930A9B01230BA99340C1
:104820000B9304F0ADFE11B05DF804FB11210C9167
:10483000C0E7474BD3F8E01041F40071C3F8E01033
:10484000D3F8E03003F400730993099BE5E7404B8C
:10485000D3F8E01041F48071C3F8E010D3F8E030F1
:1048600003F480730893089BD7E7394BD3F8E01023
:1048700041F08001C3F8E010D3F8E03003F080038A
:104880000793079BC9E7324BD3F8E01041F0400192
:10489000C3F8E010D3F8E03003F040030693069B22
:1048A000BBE72B4BD3F8E01041F02001C3F8E01038
:1048B000D3F8E03003F020030593059BADE7244BCC
:1048C000D3F8E01041F01001C3F8E010D3F8E03065
:1048D00003F010030493049B9FE71D4BD3F8E010F3
:1048E00041F00801C3F8E010D3F8E03003F008030A
:1048F0000393039B91E7164BD3F8E01041F00401BA
:10490000C3F8E010D3F8E03003F004030293029BF5
:1049100083E70F4BD3F8E01041F00201C3F8E01039
:10492000D3F8E03003F002030193019B75E7084BD5
:10493000D3F8E01041F00101C3F8E010D3F8E03003
:1049400003F001030093009B67E700BF00000258DB
:104950000044025803780B2B2DD042780F2A2AD816
:104960004168022910B590B03ED0032902D0012938
:1049700000D000210C918168012902D0022918BFC2
:1049800000210D91C168022904D0032902D0012918
:1049900018BF00210A2B0E910ED85B4C04EB832428
:1049A00004610A2B17D8DFE803F009A09284766827
:1049B0005A4C3E30220070470024F1E7534BD3F8A5
:1049C000E01041F00101C3F8E010D3F8E03003F04B
:1049D00001030093009B01230BA9204693400B93F6
:1049E00004F0CEFD10B010BD11210C91C3E7474B70
:1049F000D3F8E01041F48061C3F8E010D3F8E03060
:104A000003F480630A930A9BE5E7404BD3F8E01078
:104A100041F40071C3F8E010D3F8E03003F4007300
:104A20000993099BD7E7394BD3F8E01041F4807123
:104A3000C3F8E010D3F8E03003F480730893089BC8
:104A4000C9E7324BD3F8E01041F08001C3F8E01021
:104A5000D3F8E03003F080030793079BBBE72B4BB1
:104A6000D3F8E01041F04001C3F8E010D3F8E03093
:104A700003F040030693069BADE7244BD3F8E01008
:104A800041F02001C3F8E010D3F8E03003F0200338
:104A90000593059B9FE71D4BD3F8E01041F01001F3
:104AA000C3F8E010D3F8E03003F010030493049B44
:104AB00091E7164BD3F8E01041F00801C3F8E0107D
:104AC000D3F8E03003F008030393039B83E70F4B15
:104AD000D3F8E01041F00401C3F8E010D3F8E0305F
:104AE00003F004030293029B75E7084BD3F8E01030
:104AF00041F00201C3F8E010D3F8E03003F0020304
:104B00000193019B67E700BF000002580044025870
:104B100010B592B0ADF804100180C9B2149C0B29F5
:104B2000C460C0E901233FD090F801C0BCF10F0F71
:104B30003AD8022A3FD0032A02D0012A00D000220C
:104B40000E92012B02D0022B18BF0023022C0F93D0
:104B50002CD0032C2AD0012C28D000230A29109312
:104B600027D85C4A02EB812202610A2914D8DFE8C7
:104B700001F0A39587796B5D4F4133250600564BB5
:104B8000D3F8E01041F48061C3F8E010D3F8E030CE
:104B900003F480630C930C9B01230DA9104603FAC8
:104BA0000CF30D9304F0ECFC12B010BD0A29109424
:104BB000D7D90022D8E711220E92C2E7464BD3F88C
:104BC000E01041F40071C3F8E010D3F8E03003F4D2
:104BD00000730B930B9BDFE73F4BD3F8E01041F4DE
:104BE0008071C3F8E010D3F8E03003F480730A93C7
:104BF0000A9BD1E7384BD3F8E01041F08001C3F8AD
:104C0000E010D3F8E03003F080030993099BC3E779
:104C1000314BD3F8E01041F04001C3F8E010D3F875
:104C2000E03003F040030893089BB5E72A4BD3F824
:104C3000E01041F02001C3F8E010D3F8E03003F0B9
:104C400020030793079BA7E7234BD3F8E01041F01D
:104C50001001C3F8E010D3F8E03003F0100306931E
:104C6000069B99E71C4BD3F8E01041F00801C3F80C
:104C7000E010D3F8E03003F008030593059B8BE7C1
:104C8000154BD3F8E01041F00401C3F8E010D3F85D
:104C9000E03003F004030493049B7DE70E4BD3F84C
:104CA000E01041F00201C3F8E010D3F8E03003F067
:104CB00002030393039B6FE7074BD3F8E01041F027
:104CC0000101C3F8E010D3F8E03003F001030293D0
:104CD000029B61E7000002580044025808B5012118
:104CE00043780069994089B204F04CFE003818BF3F
:104CF000012008BD01230A464178006903FA01F149
:104D000089B204F045BE00BF10B5002386B0122260
:104D100004460493CDE902230368022B1FDC002B19
:104D200001DB0423059323790A2B1FD8114800EBDC
:104D300083206279012301A99340019304F020FCB0
:104D4000A3790A2B14D80B4800EB8320E2790123C6
:104D500001A99340019304F013FC06B010BD032B8E
:104D6000E1D10623059323790A2BDFD90020E0E760
:104D70000020EBE700000258634A0368934210B535
:104D80008CB028D0614A934258D0614A934200F0D7
:104D90009480604A934201D00CB010BD5E4C5F48D5
:104DA000D4F8E03043F00203C4F8E030D4F8E03047
:104DB00003F002030A930A9BFFF7A6FFD4F8F4302E
:104DC00043F08003C4F8F430D4F8F43003F08003E7
:104DD0000B930B9BE0E7504C5148D4F8E03043F084
:104DE0000203C4F8E030D4F8E03003F0020301938A
:104DF000019BFFF789FFD4F8E83000221F2043F41D
:104E000000131146C4F8E830D4F8E83003F4001376
:104E10000293029BD4F8D83043F00103C4F8D83091
:104E2000D4F8D83003F001030393039B03F052F846
:104E30001F200CB0BDE8104003F08AB8364C39484A
:104E4000D4F8E03043F08003C4F8E030D4F8E03028
:104E500003F080030493049BD4F8E03043F0020392
:104E6000C4F8E030D4F8E03003F002030593059B6A
:104E7000FFF74AFFD4F8E8300022212043F48003F2
:104E80001146C4F8E830D4F8E83003F48003069300
:104E9000069BD4F8D83043F00103C4F8D830D4F8D6
:104EA000D83003F001030793079B03F013F8212088
:104EB0000CB0BDE8104003F04BB81B48FFF724FFCF
:104EC000154B00224820D3F8E840114644F4000472
:104ED000C3F8E840D3F8E84004F400040894089CC0
:104EE000D3F8D84044F00104C3F8D840D3F8D83000
:104EF00003F001030993099B02F0ECFF48200CB07A
:104F0000BDE8104003F024B80054004000580040B1
:104F1000005C0040001C005800440258C87A062477
:104F20002878062408790624E87906242DE9F04338
:104F30001A4B87B000254FF010099E46EC46184BDF
:104F4000FF22E04667461A700EF118060EF1300493
:104F5000CDE90055CDE90255ADF80090BCE80F0051
:104F6000CDE90455AEE80F009CE803000095ADF8CC
:104F700000908EE80300B8E80F000FC69CE803001D
:104F80000095ADF8009086E803000FCF0FC49CE8B1
:104F9000030084E8030007B0BDE8F0833800002474
:104FA0002478062410B5EFF3108472B6084B1A78F3
:104FB000120602D504B962B610BD1878054B40B28E
:104FC000C0EBC00003EB4010143003F087FFF1E7A3
:104FD0002478062428780624014805F013BE00BF73
:104FE000B4780624014805F00DBE00BF947906246C
:104FF000014805F007BE00BF747A06242DE9F0438E
:105000000D6885B0404EC5EBC503032D4FEA43172D
:1050100006EB4313036041DCCA680C46012A3DD805
:105020004FEAC5084CD020689C466168A8EB05098A
:10503000A2680DF1100EE36806EB4919ACE80F0009
:10504000324B227C8CF80020D9F808C00FCB0EE937
:105050000F000EEB8503BCF1010F53F8103CC9F8AB
:105060008C3032D0BCF1020F43D0BCF1000F36D0EF
:10507000227C8C37A8EB050500233744520006EB51
:10508000451601213846C6F8AC30C6E92521C6E9E7
:105090002733C6E9293305F077FA18B1012005B0A6
:1050A000BDE8F0830146384605F0B8FD0028F5D18B
:1050B0000146384605F0DCFD003818BF0120EEE758
:1050C0000A7C103A672AAED9E8E701F03DFB104BA5
:1050D00098420CBF0F4B104BC9F89030C8E701F055
:1050E00033FB0B4B98420CBF0C4B0D4BC9F8903067
:1050F000BEE701F029FB064B98420CBF094B0A4B57
:10510000C9F89030B4E700BF287806248C8F0108D6
:10511000000E27072D0FB0303211D0205F43906072
:105120008A62E030200BA0101A0980102DE9F041AE
:10513000D0F8008082B00D4617461E4608F18C0458
:10514000204605F067FD2028FAD1D8F80C3073B955
:105150006D002046089C33463A46A9B2009405F0FB
:1051600069FA003818BF012002B0BDE8F081089B41
:1051700032463946204605F01BFCF2E7094B6FF03A
:10518000F41110225960C3F8E4101A7483F8F02067
:10519000C3F8C41183F8D021C3F8A41283F8B02255
:1051A000704700BF2878062430B5002395B04FF42F
:1051B0008071062204460B9306921393CDE90C13DB
:1051C000CDE90E33CDE9113301F0C0FA07282BD019
:1051D00004F1100541F2883206A9284606F0BEFE09
:1051E00028B10123184684F85C3015B030BD022286
:1051F000022306A92846CDE9002310220123CDE988
:10520000022300224FF48003CDE9042305224FF04E
:10521000807306926A460F9341F2883307F00AF8CA
:105220000028DED115B030BD0323012084F85C30A6
:1052300015B030BD0000000070B50023A4B04FF0E1
:1052400080724FF480750446ADF806300D93CDE9B9
:1052500010320122CDE90E53CDE91223CDE91433EA
:10526000002943D0F02300F1100508AEADF8063058
:10527000C02341F2883231462846089306F06EFE7C
:1052800028B10123184684F85C3024B070BD41F287
:1052900088320DF10601284606F0CAFE03460028B2
:1052A000EFD105224FF480711E93284616924FF0DD
:1052B00080721B9321931F9202AA9FED1F7BCDE961
:1052C0001C13CDE922338DED027B9FED1D7B41F256
:1052D000883316A98DED047B9FED1B7B8DED067B3E
:1052E00006F0A8FF0028CCD124B070BD00F1100555
:1052F00008AE612341F2883231462846089306F011
:105300002DFE0028BDD141F288320DF1060128465C
:1053100006F00CFF0028B4D1BDF80630204623F07B
:10532000780343F04003ADF80630FFF73DFF002857
:105330009ED0A6E7AFF3008000000000010000004F
:10534000100000000100000000000000000040000C
:105350002DE9F04F00234FF4807501264FF080783F
:1053600004462DED028BABB08DF8073013932193DB
:10537000299314950E96CDF85C80CDE91533CDE9CF
:105380001863CDE91A33CDE92253CDE92433CDE9B1
:10539000273306231C9301F0D9F9072808D004F11C
:1053A000100741F288321CA9384606F0D7FD40B1FB
:1053B0000123184684F85C302BB0BDEC028BBDE8AD
:1053C000F08F4FF0020A4FF0020B4FF0050941F247
:1053D000883308AA1CA93846CDF89480CDF870907F
:1053E0009FED2F8BCDE908AB4FF0000A4FF4800BF7
:1053F0008DED0A8BCDE90CAB06F01CFF0028D7D150
:1054000041F2883238460EA906F0A8FD0028CFD117
:10541000402341F288320DF1070138468DF80730FC
:1054200006F006FE0028C3D141F288330EA902AA75
:105430003846CDF83890CDF85C809FED1B7BCDE9E8
:1054400006AB8DED027B9FED1A7B8DED047B06F0A4
:10545000F1FE03460028ABD1CDF870904FF0010962
:10546000CDF894804FF00008219308AA29931CA935
:1054700038462295CDE92333CDE9273341F28833ED
:105480008DED0A8BCDE90CABCDE9088906F0D2FE93
:10549000002891D0304684F85C608DE7AFF300803F
:1054A0001000000001000000400000004300000068
:1054B00000800000010000002DE9F04F00234FF4B0
:1054C000807601254FF0807804462DED028BABB03D
:1054D000CDE9153313932193299314960E95CDF8A6
:1054E0005C80CDE91853CDE91A33CDE92263CDE9CB
:1054F0002433CDE9273306231C9301F027F907282D
:1055000008D004F1100741F288321CA9384606F091
:1055100025FD40B10123184684F85C302BB0BDEC6A
:10552000028BBDE8F08F4FF0020A4FF0020B4FF0F4
:10553000050941F2883308AA1CA93846CDF89480A1
:10554000CDF870909FED308BCDE908AB4FF0000A9D
:105550004FF4800B8DED0A8BCDE90CAB06F06AFEA3
:105560000028D7D141F2883238460EA906F0F6FC61
:105570000028CFD1402341F288320DF1070138468F
:105580008DF8073006F054FD0028C3D19DF8073090
:1055900008AA0C90FF2008934FF400430EA90B9526
:1055A000CDF83890CDF85C80CDE909034FF4800345
:1055B00038460D9341F2883306F03CFE034600283E
:1055C000A8D10022219329931CA938462296CDF810
:1055D0007090CDF89480CDE92333CDE927330123B2
:1055E000CDE9022341F2883302AA8DED048BCDE987
:1055F00006AB06F01FFE002890D0284684F85C50C9
:105600008CE700BFAFF30080100000000100000035
:1056100070B50122AAB004460D465F48C02104F0CF
:10562000B7F900265D4B06965B4895FAA5F5CDE9DE
:105630000466D3F8E02042F02002C3F8E020C02244
:10564000D3F8E03003F0200301930123019902A96C
:10565000CDE9022303F094FF142001F0FDFD324652
:10566000C0214D4804F094F9142001F0F5FD012209
:10567000C021494804F08CF9142001F0EDFD01230C
:10568000474AE6612261C4E90533002D77D0B5FAB7
:1056900085F1013900234FF4807604F11005C4E947
:1056A00008162846C4E90B3306F0EAFB30B10123A3
:1056B0001D4684F85C3028462AB070BD66231690DB
:1056C000179041F2883213900EA91B900E93CDE9EA
:1056D0001460CDE91900284606F040FC0028E6D108
:1056E00099230EA941F2883228460E9306F036FC23
:1056F0000028DCD105230121249008AA21902790BD
:105700001C934FF08073CDE92260CDE92800102072
:10571000259341F28833CDE90A019FED1D7B0020DE
:105720004FF48001CDE90C011CA928468DED087BC2
:1057300006F080FD0028BAD12046FFF7BDFE002804
:10574000B5D1284606F0F8FB05460028AFD12379ED
:105750000A2B18D963790121994004F04BF8A379F9
:105760000A2B0ED80F4800EB83200126E17906FAB8
:1057700001F104F03FF8266684F864609BE71F217E
:1057800088E70020F1E7074800EB8320E2E700BF4D
:1057900000000000010000000014025800440258FC
:1057A00000500052000002582DE9F041684CA2B0B0
:1057B0000D46046000F0CAFF07284BD02868234636
:1057C000AA68696807C3AA89184620F8042B267BB3
:1057D000677B06F0B1FB002834D1012E94F86430C9
:1057E00014BF4FF480154FF400052366002B39D009
:1057F000584B95FAA5F523610123C4E9053300232D
:10580000E361002D6ED0B5FA85F1013900234FF424
:1058100080785148C4E90818C4E90B3306F030FB1E
:1058200080B966230B90139041F2883206A9069343
:10583000CDE90C80CDE90E00CDE91100464806F017
:105840008DFBA0B101231D4684F85C30284622B0B0
:10585000BDE8F08101250323284684F85C3022B09E
:10586000BDE8F08129462046FFF7D2FEC0E7992324
:1058700041F2883206A93848069306F06FFB0028EB
:10588000E0D105231C9019906A4614934FF0807361
:10589000219014A91D9341F288339FED277BCDE918
:1058A0001A80CDE91F008DED007B9FED257B2A48F6
:1058B0008DED027B9FED247B8DED047B06F0BAFC21
:1058C0000028BFD131462248FFF7B6FC0028B9D1E5
:1058D0001F48FFF73DFD05460028B3D127B102233D
:1058E0002366B3E71F2191E7EB23002600271890DA
:1058F00014934FF440631F9006AA1B934FF4005378
:10590000209014A917934FF4404313481C93A023ED
:10591000CDF868801693062319934FF08053219396
:105920004FF04073CDE906671D9306F0FBFC00289D
:10593000D5D087E7AFF30080000000000100000031
:105940001000000001000000000000000000400006
:10595000A87B062400500052B87B06245E4B0268E8
:105960002DE9F0419A428CB04FF00004CDE9074494
:10597000CDE909440B9402D00CB0BDE8F081574B3F
:10598000574DD3F8D420574F42F48042564EDFF89B
:105990005C81C3F8D420D3F8D42002F48042009272
:1059A000009ADA6F42F48042DA67DA6F22F48042BA
:1059B000DA67D3F8E02042F04002C3F8E020D3F8E1
:1059C000E02002F040020192019AD3F8E02042F078
:1059D0002002C3F8E020D3F8E02002F02002029277
:1059E000029AD3F8E02042F01002C3F8E020D3F886
:1059F000E02002F010020392039AD3F8E02042F074
:105A00000202C3F8E020D3F8E03003F0020304936D
:105A1000049B22E014F0FC0252D103F1200155F85E
:105A2000211008780A2839D891F801C0012109927B
:105A300007EB802201FA0CF107910221CDF81480C6
:105A4000089103210A910CA90B4413F81C3C07A9E7
:105A5000104601340B9303F093FD2A6EE3B2002A43
:105A6000D8D0052B2CD803F11A0255F822100A7849
:105A70000A2A18D9497801228A4002210792002275
:105A8000CDE9081203210A910CA90B4496E8030002
:105A90000590ADF8181013F81C3CD8E748780121A0
:105AA00009928140C8E74878012107EB82228140B2
:105AB000022007910021CDE9080103210A91E3E7C3
:105AC00000225C20114602F005FA5C2002F040FA48
:105AD0000CB0BDE8F08100BF0050005200440258F5
:105AE000A87B062400000258D49101080A0A090A7A
:105AF0000268F8B5194B9A4200D0F8BD184A002444
:105B0000184F0125D2F8D430174E23F48043C2F841
:105B1000D43011E014F0FC0F1BD157F821301A7863
:105B20000020597801340A2A05FA01F198BF06EBE2
:105B3000822089B203F05EFEE3B23A6E03F12001E7
:105B4000002AE7D0052B03F11A0202D857F82230B9
:105B5000E5E75C20BDE8F84002F008BA00500052CA
:105B600000440258A87B062400000258014806F0B1
:105B700065BC00BFB87B06240E4B6FF0F412002109
:105B8000981C30B41C1D9D1D9A605D671C67C3E99D
:105B90000022C3E9181103F10A0203F1080130BC25
:105BA000C3E91A30C3E91E12C3E92030C3E9221247
:105BB000704700BFA87B062438B5036871B9026A34
:105BC00000F1280500F5AC74012A0CBF002140212A
:105BD0008BBB1D4B5722C0F858310DE0426A00F1D3
:105BE000C00500F5E874012A0CBF00214021EBB18B
:105BF000164B5A22C0F8D03100232046C4E90121B7
:105C00004FF480524FF48061636262614FF48042CE
:105C1000C4E903314FF48073C4E906234FF4003321
:105C2000236202F009FB58B1FFBEFEE7084B582281
:105C3000C0F8D031E0E7074B5922C0F85831DBE714
:105C4000C5E92044A56338BD100002407000024041
:105C500028000240580002402DE9F043C28889B074
:105C600081468388ADF800200089B9F80A10B9F898
:105C70000C20ADF80230D9F81830ADF80400ADF8BA
:105C80000610ADF80820002B3FD0D9F81C70B7FAE9
:105C900087F77F09012502236C460DF10A06DFF81C
:105CA00070800695CDE9043599F804202078824269
:105CB000627818D0D9F80010F9B1012902D1F8B1F1
:105CC0000A2107910A2805FA02F203A994BF08EBFA
:105CD00080200020039203F053FC0234A642E3D15B
:105CE00009B0BDE8F08399F805109142E2D1002F88
:105CF000F3D0D9F800100029DFD106210791E1E7A0
:105D0000022A0CBF08210A21DBE70127C2E700BFF6
:105D100000000258534A0368934230B505468BB0E1
:105D200055D02032934252D04F4A934204D0203271
:105D3000934201D00BB030BD4C4C4D48D4F8E0300C
:105D400043F00103C4F8E030D4F8E03003F001037D
:105D50000593059BD4F8E03043F00803C4F8E03025
:105D6000D4F8E03003F008030693069BD4F8E03043
:105D700043F04003C4F8E030D4F8E03003F04003CF
:105D80000793079BD4F8F03043F40003C4F8F030D5
:105D9000D4F8F03003F400030893089BFFF75CFF8E
:105DA000D4F8D830296843F001032F4A3048C4F8AA
:105DB000D830891AD4F8D83018BF012103F0010374
:105DC0000993099B0BB0BDE83040FFF7F5BE274CA7
:105DD0002848D4F8E03043F00103C4F8E030D4F8A8
:105DE000E03003F001030093009BD4F8E03043F06F
:105DF0001003C4F8E030D4F8E03003F0100301934E
:105E0000019BD4F8E03043F04003C4F8E030D4F80C
:105E1000E03003F040030293029BD4F8F03043F4E7
:105E20008003C4F8F030D4F8F03003F48003039317
:105E3000039BFFF711FFD4F8D830296843F0010322
:105E4000084A0C48C4F8D830891AD4F8D83018BF9A
:105E5000012103F001030493049B0BB0BDE8304023
:105E6000FFF7AABE04580140045C014000440258F8
:105E7000947E0624387C0624014803F02FB800BF26
:105E8000907D0624014803F029B800BF087E06244F
:105E9000014803F023B800BFEC7F0624014803F05B
:105EA0001DB800BF648006241A4A0368934210B4E8
:105EB0000BD02032934208D0174A934216D020329A
:105EC000934213D05DF8044B7047144B0022D3F873
:105ED0005442C3F85822002CF4D0D3F84802D3E936
:105EE000931223465DF8044B520818470B4B0022CF
:105EF000D3F8B044C3F8B424002CE3D0D3F8AC24D6
:105F0000D3F8A814D3F8A404520823465DF8044B30
:105F1000184700BF04580140045C0140387C062447
:105F2000184A0368934210B40BD02032934208D031
:105F3000154A934217D02032934214D05DF8044B97
:105F40007047124BD3E994245208C3F85822002C0E
:105F5000F4D0D3E99201234601EB820100EB8200E9
:105F60005DF8044B1847094BD3F8AC24D3F8B04480
:105F70005208C3F8B424002CE0D0D3F8A814D3F806
:105F8000A404E8E704580140045C0140387C06247E
:105F90002DE9F0470C684FF41776774F86B004FB75
:105FA00006F6012C07EB0608C0F8008000F39F807E
:105FB00000230D468E46C446C8F85032C8E99233D5
:105FC00069A3D3E900236AA1D1E90001CDE9022345
:105FD00006AB03EB8403CDE9040153F810AC53F88E
:105FE000089CBEE80F00ACE80F00BEE80F00ACE86C
:105FF0000F009EE80300C8F828A0C8F8C0908CE8FD
:1060000003002B69042B0CD8DFE803F078828C9610
:1060100003004FF41773594A03FB04739A64C3F8DF
:10602000E020AA692B6A002A42D0002B4FF4177394
:1060300008BF022203FB047318BF0322DA620122A5
:106040001A63EA696B6A002A3FD1191E4FF417736D
:1060500018BF012103FB0473C3E9311269690129E7
:1060600043D0022947D1032500214FF4177306F1CD
:1060700028002A46019103FB0473002438445C6421
:106080005C63DC65C3F8DC40C3F8CC40C3F8F44083
:10609000C3E90F44C3E91544C3E93544C3E93B44AC
:1060A000022308F0D1FD019900284FD0FFBEFEE782
:1060B000191E4FF4177318BF012103FB0473C3E9C2
:1060C0000B12EA696B6A002ABFD0002B4FF41773DA
:1060D0000CBF0222032203FB0473C3F8C420012275
:1060E000C3F8C82069690129BBD10225BDE7012099
:1060F00006B0BDE8F08700252946B6E74FF41773D0
:106100004FF4FA5203FB04739A64C3F8E02088E763
:106110004FF417734FF47A5203FB04739A64C3F875
:10612000E0207EE74FF417734FF4FA4203FB047349
:106130009A64C3F8E02074E74FF417734BF680328B
:1061400003FB04739A64C3F8E0206AE706F1C00019
:1061500002232A46384408F077FD0028C8D0FFBE45
:10616000FEE700BFAFF3008004580140045C01402B
:1061700024580140245C0140387C0624007701004B
:106180000068704770B5046882B015460E46C4F8C2
:106190005032C4E99212069AC4F85422A269012A24
:1061A00026D0626A012A9AB211D0294604F1C000B1
:1061B000019208F003FE236A019A012B10D02946B0
:1061C00004F1280008F0FAFD002002B070BD04F1CF
:1061D000C000019208F084FE236A019A012BEED1DF
:1061E000314604F1280008F07BFE002002B070BDAB
:1061F000226A012A9AB211D0294604F1280001929C
:1062000008F0DCFD636A019A012B10D0294604F1E5
:10621000C00008F0D3FD002002B070BD04F12800DA
:10622000019208F05DFE636A019A012BEED13146BE
:1062300004F1C00008F054FE002002B070BD00BFA1
:1062400003681B69042B05D8044A02EB830393ED12
:10625000000A70479FED020A704700BFDC910108F9
:1062600000803B470368D3F858027047064B6FF035
:10627000F4124FF60B71C3E901229981A3F8681259
:10628000C3E99822704700BF387C0624704700BFDE
:1062900008B500F0CFFFBDE8084001F0E3BE00BF45
:1062A000064808B503680BB103F076FB04480368A1
:1062B0001BB1BDE8084004F0B7BD08BD20AD062401
:1062C00010A60624064808B503680BB103F064FB6A
:1062D000044803681BB1BDE8084004F0A5BD08BD33
:1062E00020AD062410A60624064808B503680BB1A5
:1062F00003F052FB044803681BB1BDE8084004F0FA
:1063000093BD08BD20AD062410A60624364BDA6ADC
:10631000520062D59A6A9A6A9A6A9B6A180600D5F0
:1063200000BE314B9B6A990600D500BE2E4B9B6A7E
:10633000DA0600D500BE2C4B9B6A1B0700D500BEB9
:10634000294B9B6A980700D500BE274B9B6AD9074B
:1063500000D500BE244B9B6A1A0400D500BE224B18
:106360009B6A9B0400D500BE1F4B9B6AD80400D5D6
:1063700000BE1D4B9B6A190500D500BE1A4B9B6AD7
:106380005A0500D500BE184B9B6A9B0500D500BE80
:10639000154B9B6AD80500D500BE134B9B6A99012B
:1063A00000D500BE104B9B6ADA0100D500BE0E4B33
:1063B0009B6A1B0300D500BE0B4B9B6A580300D59C
:1063C00000BE094B9B6A990300D500BE064B9B6A31
:1063D000DA0306D400BE00BEFEE7DB6A9B07FAD5EF
:1063E000F8E700BEF6E700BF00ED00E000F034BFC4
:1063F000014601480CF0FCB9F08006240A4B9B686A
:1064000003F17843B3F5003F0BD3084B986848B1CC
:106410009868012806D09868022803D09B6803205A
:1064200070470120704700BF00ED00E00000803899
:106430002DE9F041CEB004464C2200210AA811F00B
:106440000DFB2022002102A811F008FBC022002130
:106450001EA811F003FB022005F02CFC2368012B81
:106460004FF0000354D0584A02250193C820D16A46
:10647000564B21F00101D162D26A02F00102019271
:106480009A6942F440429A619B6903F44043019344
:10649000019B4E4A93699B04FCD54D49022400227E
:1064A00001268B6A04274FF0080823F003032343D7
:1064B0008B62052316900AA818934FF48033109628
:1064C000179419941597CDF86880CDE91B222122E5
:1064D000CDE91344CDE90A2306F050F900B1FEE7F7
:1064E0003F220323294602A8CDE9022300220823E4
:1064F000CDE9042340224023CDE9062340234FF475
:106500008062CDE9082306F0D3FC0346B8B1FEE76C
:106510002E4A04250093F02091692B4B41F4404111
:106520009161926902F440420092DA6A42F00102FB
:10653000DA62DB6A03F001030093009BA9E72022E3
:1065400026932E9380212C924FF48052319306256E
:106550003F931EA8279236924FF4803225914FF434
:1065600040113292479200222895802540911021B7
:10657000CDF888802B9720962A91CDE92F3440F2D0
:10658000271329934FF480632D930023CDE92346ED
:10659000CDE93C234FF480740C23449402242193CE
:1065A00007A3D3E90023CDE93445CDE91E2306F046
:1065B0006BFF00B1FEE705F0A1FB4EB0BDE8F08136
:1065C0000F130F0300000000000400580048025899
:1065D0000044025830B585B0012401F0F1FC4FF4BD
:1065E00080754FF04052194B6846ADF80040039556
:1065F000CDE9012301F002FD19224FF04043684626
:106600008DF8082001938DF80F40ADF80D508DF8EE
:1066100001408DF80A4001F0F1FC022300210B2219
:1066200068468DF801304FF062538DF80F108DF8E9
:1066300008200193ADF80D408DF80A4001F0DEFC12
:10664000042001F0CBFC05B030BD00BF0E000103FB
:1066500030B50D46044685B0D1E9000184E8030059
:1066600000F0B8FDAB79002B63D00DF077F9FEF7A1
:106670005DFC0BF00FFC0CF015FE2B795BB3304C7E
:10668000636913F4803326D1C4F88430BFF34F8F8D
:10669000D4F8801043F6E07EC1F34E3CC1F3C9014B
:1066A0004FEA4C1C0CEA0E000B4640EA8372013B99
:1066B000C4F860225A1CF8D1ACF1200C1CF1200F58
:1066C000F0D1BFF34F8F636943F480336361BFF34D
:1066D0004F8FBFF36F8F6B79B3B1194A536913F4BE
:1066E000003311D1BFF34F8FBFF36F8FC2F8503219
:1066F000BFF34F8FBFF36F8F536943F40033536180
:10670000BFF34F8FBFF36F8F4FF0FF320023002492
:10671000002569460B4802928DF80C30CDE9004502
:106720000BF0ECFF07480CF051F80AF04FFD05B0F4
:1067300030BD2046FFF77CFE2046FFF74BFF94E775
:1067400000ED00E0F080062406F01ABD1C4B9B68AB
:1067500003F17842B2F5003F25D3B3F5803F20D353
:1067600003F16042B2F5003F1FD303F15C42B2F582
:10677000002F1CD303F17042B2F5902F19D303F10F
:106780004842B2F5803F16D303F18042B2F1806FE8
:1067900013D303F1E043B3F5000F2CBF082007200B
:1067A0007047012070470020704702207047032087
:1067B000704704207047052070470620704700BFCF
:1067C00000ED00E003480023034A044903600FF092
:1067D000A7BC00BFF0800624000000248D620008E2
:1067E00010B4204C0022204B83B0D4F888101F48EE
:1067F00041F47001C4F8881019681D4C41F0010182
:1068000019601A61196808401A4918609A61DA61BA
:106810001A629A62DA621A635A639A63DA631A64D2
:106820005A64186820F4802018601A66D3F8DC20B7
:1068300042F06042C3F8DC20D3F8DC300193019BC6
:1068400023681940B1F1005F03D20B4B0122C3F85A
:106850000821044B4FF000629A6003B05DF8044BCE
:10686000704700BF00ED00E0004402587FEDF6EAFB
:106870000010005C0000FFFF00800051704700BF67
:106880000020704770B50446074E0D46304621463D
:1068900009F018FF304609F03DFF044B2046294619
:1068A0001B689847002070BDF86B0624F4A00624EE
:1068B00070B50446074E0D463046214609F002FFEA
:1068C000304609F027FF044B204629461B689847AD
:1068D000002070BDD46E0624F8A0062400220949C9
:1068E000094808B509F0E0FE0849074809F0EAFE42
:1068F000074B1A680AB1002008BD064A00201A603A
:1069000008BD00BFF4900624F86B0624F48006242A
:10691000F4A006247D68000800220949094808B54A
:1069200009F0C2FE0849074809F0CCFE074B1A6877
:106930000AB1002008BD064A00201A6008BD00BF49
:10694000F4980624D46E0624F4880624F8A00624BD
:106950007D68000820280AD0212806D1094B186834
:106960009A889B7908608A808B7100207047054B5C
:106970000868B1F804C08A7918600020A3F804C040
:106980009A717047B000002420280AD0212806D12F
:10699000094B18689A889B7908608A808B7100205F
:1069A0007047054B0868B1F804C08A791860002068
:1069B000A3F804C09A717047B80000240020704703
:1069C00010B5094CD4F8BC32D3F814320BB1012005
:1069D00010BD0A460146204609F066FE2046BDE885
:1069E000104009F07BBE00BFF86B06244B4A0368D9
:1069F00030B593428BB04FF00004CDE90444CDE9AB
:106A00000644089404D0464A934249D00BB030BDA6
:106A1000444D4FF4C0524448D5F8E03043F00103F0
:106A2000C5F8E030D5F8E03003F00103009302230D
:106A3000009904A9CDE904230A23089302F0A0FDDC
:106A40004FF40072002304A937480694CDE90423CB
:106A500002F096FDD5F8D8302246214643F0006377
:106A60006220C5F8D830D5F8D83003F00063019320
:106A7000019B01F02FFA622001F06AFA22462146BA
:106A8000632001F027FA632001F062FA22462146D2
:106A9000652001F01FFA652001F05AFA0BB030BDF5
:106AA000204D4FF4404204A9D5F8E03043F00203F2
:106AB000C5F8E030D5F8E03003F00203029302237A
:106AC00002981A48CDE904230C23089302F058FDDC
:106AD000D5F8D830224621464A2043F00073C5F845
:106AE000D830D5F8D83003F000730393039B01F03E
:106AF000F1F94A2001F02CFA224621464B2001F000
:106B0000E9F94B2001F024FA224621464D2001F0FC
:106B1000E1F94D2001F01CFA0BB030BD0000084037
:106B200000000440004402580000025800040258CB
:106B300000F2C441D0F8080509F06ABE01EBC103B8
:106B400000EB8303D0F80805D3F8882209F090BE43
:106B500001EBC10300EB8303D0F808059A6C09F040
:106B6000C1BE00BFD0F8080509F06ABF016910B5C1
:106B7000044619B1022900D0FEE70121D4F8080526
:106B800009F03EFFD4F80805BDE8104009F00ABF3F
:106B900010B50446D0F8080509F036FF2268D2F88F
:106BA000003E43F00103C2F8003E236A23B1034ACA
:106BB000136943F00603136110BD00BF00ED00E050
:106BC000D0F8080509F030BFD0F8080509F05EBF1D
:106BD000D0F8080509F044BFD0F8080509F06CBFEB
:106BE000D0F8080509F06ABF70B5067804461EB1F2
:106BF000012E30D0002070BD304D0923304AC5F839
:106C00000805C0F8C8522846EE602E63C5E9002387
:106C1000022302222B610023C5E906230022002360
:106C2000C5E9082301220123C5E90A2304F04CF831
:106C300000B1FEE78021284605F01CF831464022CD
:106C4000284604F0EDFF80220121284604F0E8FFE9
:106C50002678012ECED11B4D09221B4B00216A60E4
:106C600002222B600223C5F8084528462B61002329
:106C7000C4F8C852E960C5E9062300220023C5E92B
:106C80000823C5E90C2301220023C5E90A2304F0E7
:106C90001BF8044600B1FEE74FF40071284604F0EB
:106CA000E9FF21468022284604F0BAFF4FF4BA7269
:106CB0003146284604F0B4FF9CE700BF00A106243B
:106CC0000000084010A6062400000440D0F8C802C6
:106CD00008B504F087F8032802D8024B185C08BDF9
:106CE000032008BD009201089446D0F8C8021A4655
:106CF00008B5634604F052FE032802D8024B185C24
:106D000008BD032008BD00BF00920108D0F8C802EA
:106D100008B504F081FE032802D8024B185C08BDB8
:106D2000032008BD00920108D0F8C80208B504F09D
:106D3000F7FE032802D8024B185C08BD032008BDEB
:106D400000920108D0F8C80208B504F02DFF03280E
:106D500002D8024B185C08BD032008BD0092010850
:106D60000A06D0F8C83206D401EBC10103EB810159
:106D700091F87E02704701F07F0101EBC10103EB46
:106D8000810191F83E007047D0F8C80208B504F0C0
:106D9000EFFD032802D8024B185C08BD032008BD94
:106DA00000920108D0F8C80208B504F097FE032845
:106DB00002D8024B185C08BD032008BD00920108F0
:106DC000D0F8C80208B504F05DFE032802D8024BD3
:106DD000185C08BD032008BD00920108D0F8C80265
:106DE00004F072BE122301480B8070470C0100248E
:106DF000122301480B807047F80000240423014847
:106E00000B8070472001002410B5044C0A4604484A
:106E100021460AF023F9204610BD00BF1CAB062412
:106E20000492010810B5044C0A46044821460AF0B1
:106E300015F9204610BD00BF1CAB062414920108B2
:106E400010B5044C0A46044821460AF007F92046CA
:106E500010BD00BF1CAB06242892010810B5044CDD
:106E60000A46044821460AF0F9F8204610BD00BF42
:106E70001CAB06243492010810B5044C0A460448A1
:106E800021460AF0EBF8204610BD00BF1CAB0624DB
:106E900044920108042301480B807047200100241C
:106EA00010B5044C0A46044821460AF0D7F820469B
:106EB00010BD00BF1CAB062404920108464A4FF0E7
:106EC0001A0CD2F80008D2F80838A1F800C0C3188C
:106ED00001D142487047180FB3F1204FD2F804187F
:106EE0004FF0000C3D4A2CBF3730303082F803C0E1
:106EF0004FF0000C9070C3F3036082F805C04FF0B0
:106F0000000C092882F807C04FF0000C8CBF373006
:106F1000303082F809C04FF0000C1071C3F30350F9
:106F200082F80BC04FF0000C092882F80DC08CBF0E
:106F3000373030309071C3F3034009288CBF3730AD
:106F400030301072C3F3033009288CBF3730303033
:106F50009072C3F3032009288CBF37303030107390
:106F6000C3F3031003F00F0309288CBF3730303010
:106F7000092B90734FF0000094BF30333733B1F1D9
:106F8000204FD07313744FEA11734FF000002CBFE1
:106F900037333033507400209374C1F30363D074DB
:106FA0000020092B50754FF000008CBF3733303371
:106FB000D0751375C1F303530848092B8CBF3733C1
:106FC00030339375C1F30343092B94BF3033373308
:106FD000137600235376704700E0F11F240100244C
:106FE000464A4FF01A0CD2F80008D2F80838A1F837
:106FF00000C0C31801D142487047180FB3F1204FA9
:10700000D2F804184FF0000C3D4A2CBF3730303016
:1070100082F803C04FF0000C9070C3F3036082F855
:1070200005C04FF0000C092882F807C04FF0000C93
:107030008CBF3730303082F809C04FF0000C10712F
:10704000C3F3035082F80BC04FF0000C092882F8FC
:107050000DC08CBF373030309071C3F30340092826
:107060008CBF373030301072C3F3033009288CBF27
:10707000373030309072C3F3032009288CBF37308B
:1070800030301073C3F3031003F00F0309288CBFD3
:1070900037303030092B90734FF0000094BF3033FD
:1070A0003733B1F1204FD07313744FEA11734FF09F
:1070B00000002CBF37333033507400209374C1F379
:1070C0000363D0740020092B50754FF000008CBF73
:1070D00037333033D0751375C1F303530848092B88
:1070E0008CBF373330339375C1F30343092B94BFFF
:1070F00030333733137600235376704700E0F11FA7
:107100002401002410B5044C0A460448214609F025
:10711000A5FF204610BD00BF1CAB06243492010819
:1071200010B5044C0A460448214609F097FF204652
:1071300010BD00BF1CAB062428920108D0F8000344
:1071400009F0FEBFD0F800030AF012B8D0F800032F
:107150000AF01AB8704700BFD0F800030AF000B870
:10716000D0F800030AF000B8D0F8D40308B503F053
:107170008DF8032802D8024B185C08BD022008BD18
:1071800058920108704700BF0F4B1B780BB90120C4
:10719000704710B504464FF47A700C4AB0FBF3F315
:1071A0001068B0FBF3F000F0F5FE0F2C00D808B12A
:1071B000012010BD002221464FF0FF3000F08AFE72
:1071C000034B00201C6010BD3E0100248000002401
:1071D0004001002410B50320124C00F069FE05F0B8
:1071E000C7FD114B11499A699B69C2F3032203F051
:1071F0000F038A5CCB5C02F01F020D4903F01F03F2
:10720000D04020FA03F308600E202360FFF7BCFF94
:1072100010B10124204610BD0446FFF7B3FF2046FD
:1072200010BD00BF8400002400440258F091010802
:1072300080000024034A044B11681B780B44136040
:10724000704700BF24B006243E010024014B18689B
:10725000704700BF24B0062438B50446FFF7F6FF98
:107260000546631C02D0044B1B781C44FFF7EEFF5D
:10727000431BA342FAD338BD3E010024014B1868DA
:10728000000C70470010005C704700BF806B08B5B1
:10729000FFF7FAFF08BD00BF836B5A6D12F0500F65
:1072A0005A6D10B51DD1196842F400725A650A680A
:1072B00012F0080FCA681BD012F4406F0DD1CA68D3
:1072C00094040AD45A6D22F480725A655A6DD1041E
:1072D00003D45A6D42F001025A651846FDF788F949
:1072E00010BDD2060AD4DB6CBDE81040DB6C184739
:1072F0009007E7D01846FDF77BF9F1E71846FDF750
:1073000025FA10BD806B08B5436D43F0400343651B
:10731000836D43F004038365FDF718FA08BD00BFD1
:10732000F0B5002283B0019290F85020012A00F0BD
:10733000B880034601201A6883F8500094686407F7
:1073400008D55A6D42F020025A65002283F8502079
:1073500003B0F0BD0C68002CC0F2A180C4F313058B
:10736000002D00F0978094FAA4F515B1B5FA85F5D3
:10737000A840A40ED5692843D0614D681F2002F1B2
:10738000300E04F01F04AE0905EA000C06F00C06EE
:1073900000FA0CF704FA0CF456F80E0020EA070085
:1073A000044346F80E409068400776D4956815F07F
:1073B000080555D10C6802F1140607208F684FEAC2
:1073C000D45CC4F304540CF0040C00FA04FE07FA75
:1073D00004F4B64F5CF8060020EA0E0020434CF897
:1073E0000600386800F07040B0F1805F00F0E8807F
:1073F000D068D668C70600F1EB80C6F382064869FC
:10740000760000FA06F60F69042F7BD002F16004C3
:10741000086854F827C000F0F8400CF0004C40EA2F
:107420000C00304344F82700487E0E69012854F8C8
:1074300026000CBF4FF00047002720F000403843E3
:1074400044F826000C7E0869012C04D100F01F00CE
:107450004FF400658540106920F4F0400543156144
:107460009068C40714D4CE680C6806F018079048DA
:10747000D2F8C050F840C4F31307204025EA0705AE
:107480002843C2F8C0008B48864257D0002C0BDB43
:1074900000205AE7A40EA0406CE79068E0E7A40E35
:1074A0006BE7022003B0F0BD83498A4200F0B6804A
:1074B00001F580718A4200F0B180804D8048A96852
:1074C000806801F0E076C04300F00100002800F081
:1074D000B4807C48844200F0FD807B48844200F008
:1074E0001C817A488442D3D14902D1D474498A425A
:1074F000CED1AA68002022F0E072324342F480022A
:10750000AA6022E7106E0C6800F0F840A506B0EB08
:10751000846F79D0506E00F0F84085426FD0906E45
:1075200000F0F840854274D0D06E00F0F8408542FB
:1075300096D1D06E20F00040D06691E7002F4ED05B
:1075400094FAA4F5002D00F08C80B5FA85F0013096
:1075500000F01F06092E40F28480B5FA85F58006FA
:107560000126013500F0F84094FAA4F405F01F0557
:1075700006FA05F50543002C00F0DF80B4FA84F428
:10758000A0196FF01D0600F01F04032010FB04601B
:10759000000540F000702843072402F11405C60DD1
:1075A000C0F3045006F0040604FA00F7745924EA04
:1075B00007048F6807FA00F0204370510C6865E7F4
:1075C000D6684869C6F38206760000FA06F61AE71E
:1075D0007608486906F0080600FA06F613E7A40ED6
:1075E000013404F01F06092E2DD8A506012005F050
:1075F000F845B040054306EB46000005CBE7506E6A
:1076000020F0004050668AE7106E20F000401066BF
:1076100080E7906E20F00040906685E726482C4D6C
:1076200000F58070A96850F8F86C8068304301F06C
:10763000E076C04300F0010048E75A6D012042F0B7
:1076400020025A6581E606EB4600A50601241E3895
:1076500005F0F84504FA06F60005354340F00070E1
:1076600099E794FAA4F000286ED0B0FA80F00130C7
:10767000800600F0F84094FAA4F5002D62D0B5FA27
:1076800085F50126013505F01F0506FA05F50543C8
:1076900094FAA4F4002C52D0B4FA84F4013404F027
:1076A0001F0404EB4404200575E700BF0010005CD4
:1076B000FFFF0F000000FF47002002400063025858
:1076C00000600258000084CB000052C70000B8CF11
:1076D0000023024008023FF5DBAE1D498A427FF4D9
:1076E000D7AE1C4A1C481268A968920921F0E071C3
:1076F000A0FB02023143920941F400010132A9606A
:1077000052000192019A002A3FF4C2AE019A013A56
:107710000192019A002AF9D1BAE611F080707FF443
:10772000B7AE0B498A427FF4B3AEAA6822F0E0728A
:10773000324342F08072AA6007E608482BE74FF414
:10774000401028E70225A2E74FF0806093E700BFD2
:107750000060025880000024632D3E05000050FEAA
:1077600003689A68D10701D5002070479968214ABB
:10777000114270B504462CD199681F4A0A4042F064
:1077800001029A60FFF762FD23681C4A0546934296
:1077900028D002F58072934224D0194A92681A6860
:1077A000D60714D4144E9A68D00704D49A6832408D
:1077B00042F001029A60FFF749FD431B022B236848
:1077C00002D91A68D10704D51A68D207EBD5002070
:1077D00070BD636D012043F010036365A36D034327
:1077E000A36570BD074A9268D206D8D0064A934274
:1077F000D5D1ECE73F000080C0FFFF7F00200240B2
:107800000063025800230240002102402DE9F041AC
:107810003E4D044600680F461646A84219D03C4B20
:10782000984216D03B4DAB688068420716D494F856
:107830005020012A12D003F01F080122B8F1090FCD
:1078400084F850200DD90023012084F85030BDE881
:10785000F081314DAB6880684207E8D50220BDE871
:10786000F08140F2212323FA08F3DB4313EA0205F7
:10787000E9D12046FFF774FF002841D1626D274B04
:107880002168134043F480736365B8F1000F02D0A0
:107890001F4B994203D0636D23F480136365636DBE
:1078A00013F4805330D0A36D23F00603A365E06C7E
:1078B00033461B4D3A46E66A4031C563194D0564AF
:1078C000194DC5641C2541F8405C002584F85050D2
:1078D00051F83C5C45F0100541F83C5C51F8345CD3
:1078E00025F00305354341F8345C00F013FF2268AE
:1078F0000E4B91680B4043F004039360BDE8F081A8
:1079000084F85050BDE8F081A365D0E70020024024
:10791000002102400063025800230240FEF0FFFFF6
:10792000997200088D72000805730008C0FFFF7F80
:1079300038B503689A68950702D59B68002038BD62
:107940009A68D40729D59A68044602F00D02012AE4
:1079500008D0636D012043F010036365A36D0343FA
:10796000A36538BD986803210D4A024042F0020227
:107970009A601960FFF76AFC236805469B68D9077F
:107980000BD5FFF763FC401B2368022802D99A68D5
:10799000D207DED49B68DB07F3D4002038BD00BFDC
:1079A000C0FFFF7F38B5574A04460368934226D08C
:1079B00002F58072934222D0534B9B6813F4403FF0
:1079C00022D005F09DFB63680546B3F5003F00F04B
:1079D0008880B3F5403F6CD0B3F5803F00F08180E4
:1079E000FFF74CFC41F2030398424BD8474B9D42B2
:1079F0002AD92268936843F48073936038BD444B5E
:107A00009B6813F4403FDCD14FF40020002106F0C6
:107A10008BFD63680546B3F5101F6CD008D8B3F52D
:107A2000E01F50D016D9B3F5001FD9D14509D7E7CB
:107A3000B3F5201F45D0B3F5301FD1D1FFF71EFCA1
:107A400041F20303984240D82268936823F480737C
:107A5000936038BDB3F5801F06D00AD9B3F5A01FD7
:107A600002D0B3F5C01FBBD19B0C5B00B5FBF3F597
:107A7000B6E7B3F5002FF7D023F40022B2F5802F3C
:107A8000F2D0ADE7234B9D4205D82268936823F4DA
:107A90004073936038BD204B9D421AD91F4B22681A
:107AA0009D42936829D823F4407343F40073936094
:107AB00038BD8508FFF7E2FB41F203039842E1D8A5
:107AC00094E7C5098CE705098AE7124BB3EB152F3C
:107AD000DBD22268936823F4407343F4807393608D
:107AE00038BD1B0CB5FBF3F5FFF7C8FB41F20303F0
:107AF0009842C7D87AE7850972E743F440739360E8
:107B000038BD00BF0020024000630258002D310143
:107B10000023024021BCBE0041787D0181F0FA02C1
:107B200070B5002382B00193002800F0D180456D2C
:107B30000446002D00F0BB80226893689D0003D5A9
:107B40009168724B0B4093609368D80016D4704BC9
:107B500070491B6890689B09A1FB03136E499B0940
:107B60000140013341F0805191600193019B2BB1A1
:107B7000019B013B0193019B002BF9D19368D90034
:107B800024D4636D012543F010036365A36D2B437B
:107B9000A365936813F0040F636D1DD1DB061BD43E
:107BA000636D23F4817343F0020363659368DE071A
:107BB00028D45A4B9A4217D003F580739A4213D0B7
:107BC000574B9B68D9071DD4564A15E0936800258A
:107BD00013F0040F636DE1D0636D012543F01003D2
:107BE0002846636502B070BD4C4A4F4B92689B6853
:107BF0001343D80706D44D4A9368616823F47C1375
:107C00000B439360FFF73AFB41F20303A1689842EC
:107C1000237F52D894F815C01A04206B42EA4C32E4
:107C200002430A43012B03D1236A013B42EA434248
:107C3000636A23B103F47873A16A0B431A43236880
:107C40003B49D86801400A43DA609A6812F0040F91
:107C50009A681CD112071AD4D868364A217D02408E
:107C600042EA8132E16A0A43DA6094F83820012A54
:107C70003AD01A6922F001021A611A692046616B32
:107C800022F070420A431A61FFF78CFE2368E26813
:107C9000012A21D01A6B22F00F021A63636D284665
:107CA00023F0030343F00103636502B070BDFCF7EA
:107CB00047FCA56584F850503EE71029AAD1617DA4
:107CC0001A0442EA4132216B0A4342F01C02A9E73E
:107CD0000125284602B070BD196BA26921F00F0181
:107CE000013A0A431A63D9E7D4E90F12666C0139E5
:107CF0001869324342EA0142A16C0A430E4901402D
:107D00000A4342F001021A61B7E700BFC0FFFF5FFC
:107D100080000024632D3E05C0FFFF6F002002405D
:107D20000060025800630258002102400023024014
:107D300003C0F0FFFCBFFFFF1EF800FCF0B50023FE
:107D400083B0019390F85030012B40D001230446BA
:107D50000E46154680F85030FFF7EAFDE8B9676D2A
:107D600005F080421B4B06F480311B4D3B401B4FFE
:107D700043F00203636523689E68354015430D4355
:107D800045F000459D609A68002A0FDB636D23F083
:107D9000030343F00103636503E0636D43F01003E5
:107DA0006365002384F8503003B0F0BD019A0132BE
:107DB0000192019ABA42E6D3636D0022012023F0BA
:107DC000120384F8502043F010036365ECE70220AF
:107DD00003B0F0BDFDEEFFFFC0FFFE3F00F8C3257E
:107DE000F0B490F850209AB00E68012A4DD00346A6
:107DF0002B4C002201201D681692A54283F85000EA
:107E0000179208D0596D83F8502041F02001596530
:107E10001AB0F0BC7047234CA26852070BD5AA6871
:107E20005A6D012042F020025A65002283F850204A
:107E30001AB0F0BC7047A86810F00400F0D1C6B1C9
:107E4000DFF868C04F68DCF8082022F440423A436B
:107E5000CCF80820AD68A2682A43D40713D48A68F6
:107E6000DCF808101643104A0A401643CCF80860A4
:107E7000DBE70E498A6822F440428A60A868A2685B
:107E80000243D00705D50020CFE702201AB0F0BC8E
:107E900070478C683046044A22408A60C5E700BFBC
:107EA0000020024000210240E0F0FFFF00230240DA
:107EB00006494FF6FF0C0002054BCA6800F4E0606B
:107EC00002EA0C0210430343CB60704700ED00E070
:107ED0000000FA051B4BDB68C3F3022300B5C3F1B6
:107EE000070E03F1040CBEF1040F28BF4FF0040E7F
:107EF000BCF1060F1AD9033B4FF0FF3C0CFA03FC10
:107F000022EA0C024FF0FF3C00280CFA0EFC21EA9A
:107F10000C0101FA03F141EA02010ADB09010A4BF3
:107F2000C9B2034483F800135DF804FB0022134632
:107F3000E8E700F00F000901044BC9B203441976C9
:107F40005DF804FB00ED00E000E100E0FCEC00E087
:107F5000002807DB012300F01F01034A40098B4082
:107F600042F82030704700BF00E100E000280DDB40
:107F70004309012200F01F000549203302FA00F0F6
:107F800041F82300BFF34F8FBFF36F8F704700BFDF
:107F900000E100E0431EB3F1807F0CD24FF0E022FD
:107FA000002006494FF0F00C5361072381F823C0ED
:107FB0009061136170470120704700BF00ED00E041
:107FC000BFF35F8F044B00215A6A22F480325A6259
:107FD000C3F89410704700BF00ED00E0064B40F07E
:107FE0000100C3F894005A6A42F480325A62BFF327
:107FF0004F8FBFF36F8F704700ED00E0174A437853
:10800000C2F89830017821B3436800B5C2F89C30BB
:10801000C37A90F80CC01B0690F80FE043EA0C738B
:1080200090F80AC00B43817B43EACC4390F80DC023
:1080300043EA8C4390F809C043EA4143017A43EA9A
:108040000E4343EA0C2343EA4103C2F8A0305DF833
:1080500004FBC2F89C10C2F8A010704700ED00E0CD
:10806000704700BF08B5FFF7FBFF08BD0268344B3F
:10807000344930B4344D354CAA4218BF9A420CBF33
:10808000012300238A4208BF43F001033031A2429A
:1080900008BF43F0010330348A4208BF43F00103B4
:1080A0003031A24208BF43F0010330348A4208BF96
:1080B00043F0010301F55C71A24208BF43F00103E4
:1080C00004F55C748A4208BF43F001033031A242D8
:1080D00008BF43F0010330348A4208BF43F0010374
:1080E0003031A24208BF43F0010330348A4208BF56
:1080F00043F001033031A24208BF43F001038A423A
:1081000008BF43F0010313B9114B9A4213D1D3B204
:108110001049114C103BA1FB03515F2B0F4BC1F3D6
:10812000021103EA0203615C88BF0433C165836501
:10813000184630BC704722F0FF038365F8E700BFA4
:108140001000024040000240280002405800024057
:10815000B8040240ABAAAAAA5C92010800FCFFFF87
:108160000368294A294930B4294D2A4CAB4218BF2B
:1081700093420CBF012200228B4208BF42F0010251
:108180002831A34208BF42F0010228348B4208BFC5
:1081900042F001022831A34208BF42F001028B42A3
:1081A00008BF42F0010212B91B4A934213D1DBB25D
:1081B0001A4C1B4A0121083B1A4DA4FB0343456698
:1081C00002EB1312C3F30413920001FA03F30266E5
:1081D000836630BC7047DAB21349144C1944103A24
:1081E000A829A4FB02234FEA131300D80833104A2E
:1081F00003F01F0501210F4C1A44A9404466920068
:1082000081660266E5E700BF085402583054025800
:108210001C5402584454025894540258CDCCCCCC2F
:108220000096001680580258F0FBFDBFABAAAAAA20
:108230000082001080080240F8B50446FFF706F8F7
:10824000002C00F0778123680546924A934248D07B
:108250001832934245D030328F498B4218BF934237
:1082600001F130010CBF012200228B4208BF42F015
:10827000010218318B4208BF42F0010218318B42D3
:1082800008BF42F0010218318B4208BF42F00102E0
:1082900001F556718B4208BF42F0010218318B4242
:1082A00008BF42F0010218318B4208BF42F00102C0
:1082B00018318B4208BF42F0010218318B4208BFCF
:1082C00042F0010218318B4208BF42F0010218311E
:1082D0008B4208BF42F001021AB9704A934240F043
:1082E00098810022022184F8342084F835101A681D
:1082F00022F001021A6006E0FEF7A8FF431B052BDF
:1083000000F2FF8023681A68D607F5D4D4E9022565
:1083100020692A43A1691D68024360690243E0693C
:108320000A4302435E482840256A2A435D4D0243C2
:10833000606A042800F000812E685B4D3540B5F17D
:10834000005F80F0BB801A605A6922F00702024386
:108350005A612046FFF78AFEE26D3F2302F01F02BA
:108360009340836022684B4B50484B49824218BF70
:108370009A4200F130000CBF012300238A4208BF5B
:1083800043F001033031824208BF43F00103303033
:108390008A4208BF43F001033031824208BF43F0F4
:1083A000010330308A4208BF43F0010301F55C71DC
:1083B000824208BF43F0010300F55C708A4208BFA7
:1083C00043F001033031824208BF43F001033030F3
:1083D0008A4208BF43F001033031824208BF43F0B4
:1083E000010330308A4208BF43F00103303182423A
:1083F00008BF43F0010330308A4208BF43F0010355
:108400002B49824208BF43F001032A488A4208BF31
:1084100043F001032831824208BF43F001032830B2
:108420008A4208BF43F001032831824208BF43F06B
:10843000010328308A4208BF43F0010328318242F9
:1084400008BF43F001038A4208BF43F0010313B998
:10845000194B9A4218D12046FFF782FEA368802B61
:108460005CD06368A06EDAB2013BD4E91851072BE7
:108470002A60486059D8501E07286ED9626FD4E927
:108480001B31002018604A6000200123606584F8D9
:108490003530F8BD1000024040000240B8040240F0
:1084A0003F8010FE0010005C0000FFFF280002402B
:1084B000085402581C540258945402586568A5F197
:1084C00029061F2E24D94F3D032D01D842F48012D6
:1084D0001A6004285A6922F0070242EA00027FF477
:1084E00037AFE56AA06A0243002D3FF431AF00299F
:1084F00069D1012800F0888030F002017FF428AFB4
:1085000069E0202203230120626584F83530F8BD3C
:10851000734D25FA06F6F507DAD5D7E70023A16EE5
:10852000D4E918026360036051600023C4E91B337F
:108530006367A9E70120F8BD2F68D4E90B562E43E5
:108540003243684E3E40B6F1005FB7D21A605A69B6
:1085500022F0070242F00402C4E72168624B634D37
:10856000A94218BF994205F114050CBF012300234D
:10857000A94208BF43F001031435A94208BF43F0E4
:1085800001031435A94208BF43F001031435A94281
:1085900008BF43F001031435A94208BF43F00103AB
:1085A0003BB9534B994204D0524B534913449B005F
:1085B00003E0524B524913449B0001228240C4E91C
:1085C0001B3162675DE7B1F5005F0ED0022805D967
:1085D00003287FF4BDAEE9017FF5BAAE0123402246
:1085E0001846626584F83530F8BD03283FF6B0AE12
:1085F00001A151F820F000BFDD850008D7850008F3
:10860000DD85000809860008B5F1C07F7FF4A0AEC3
:10861000E4E7354A35483B49834218BF934200F1AD
:1086200028000CBF012200228B4208BF42F0010249
:108630002831834208BF42F0010228308B4208BF34
:1086400042F001022831834208BF42F001028B420E
:1086500008BF42F0010212B9254A934238D10022E4
:108660000221294D84F8351084F834201A68154009
:10867000A268402A2AD0802A0CBF4FF480400020F4
:10868000266AD4E90312D20842EAD102616942EAB9
:10869000D102A16942EAD102E16942EAD1021B4951
:1086A00042EA161219442A4302431948A0FB010169
:1086B00020461A600B099B00E365FFF7D7FCE26DCB
:1086C000012302F01F02934043604BE61020D7E7DE
:1086D000402203230120626584F83530F8BD00BFD5
:1086E0003F00C0C30000FFFF085402581C5402584A
:1086F000945402583F820010400902403F960016F1
:1087000040590258305402580F00FEFFF8ABFDA745
:10871000CDCCCCCC002800F08281844690F8340087
:10872000012800F07E8101202DE9F0439CF83540BE
:108730008CF83400844208D04FF400620023CCF857
:1087400054208CF83430BDE8F0830220DCF800407F
:10875000554D8CF835000020544ECCF85400544848
:10876000AC4218BF844205F118050CBF012000205F
:10877000AC4208BF40F001001835AC4208BF40F0E1
:1087800001001835AC4208BF40F001001835AC427A
:1087900008BF40F0010005F55675AC4208BF40F037
:1087A00001001835AC4208BF40F001001835AC425A
:1087B00008BF40F001001835AC4208BF40F001008E
:1087C0001835AC4208BF40F001001835AC4208BF74
:1087D00040F001001835AC4208BF40F001001835E8
:1087E000AC4208BF40F00100A5F59265AC4218BF4D
:1087F000B4420CBF0125002501D000285AD02668BC
:10880000DCF8589026F001062660002D7ED0DCF8BA
:1088100064603746DCF868607E60DCF86C7037B105
:10882000DCF87060B646DCF87460CEF80460DCF802
:108830005C604FF03F0E06F01F080EFA08FEC9F804
:1088400008E0266826F4802626606360DCF808309D
:10885000402B00F0E880A160E26015B9002800F02C
:10886000E880236823F01E0343F016032360DCF83E
:1088700040301BB1236843F008032360DCF860300C
:108880001A68D20303D51A6842F480721A601FB1C5
:108890003B6843F480733B602368002043F001038E
:1088A0002360BDE8F08300BF580002401000024082
:1088B00040000240644F654EDCF85890B44218BF47
:1088C000BC4206F128060CBF01270027B44208BFAE
:1088D00047F001071436B44208BF47F001071436C9
:1088E000B44208BF47F001071436B44208BF47F04E
:1088F0000107266826F001062660554EB44208BFDF
:1089000047F0010717B9534FBC4212D1DCF864603D
:108910003746DCF868607E60DCF86C7037B1DCF8F4
:108920007060B646DCF87460CEF8046000287FF40E
:108930007EAF464FDFF810E1744518BFBC420EF120
:10894000140E0CBF01270027744508BF47F001072C
:108950000EF1140E744508BF47F001070EF1140E16
:10896000744508BF47F001070EF1140E744508BFA7
:1089700047F001070EF1140E744508BF47F00107D8
:1089800017B9344FBC4254D1DCF85C60012706F0C3
:108990001F0E07FA0EF7C9F804706360DCF80830A0
:1089A000402B43D0A160E260236823F00E0343F024
:1089B0000A032360DCF84030002B2DD0236843F0FD
:1089C00004032360204B214A944218BF9C4202F1C9
:1089D00028020CBF01230023944208BF43F0010387
:1089E0001432944208BF43F001031432944208BF8A
:1089F00043F001031432944208BF43F001031432E0
:108A0000944208BF43F001031432944208BF43F07C
:108A10000103002B3FF440AFDCF86C702EE701201F
:108A2000704702207047A260E16016E7A260E16033
:108A3000BAE7236823F00E0343F00A032360DCF84F
:108A40004030002BBAD1BDE71C54025808540258DC
:108A5000805402589454025870B50546FEF7F6FB50
:108A6000002D00F0248195F83530022B40F0DD8098
:108A70002C6806468F4B9048904A844218BF9C420F
:108A800000F130008E490CBF01230023844208BF4F
:108A900043F001031830844208BF43F0010318304B
:108AA000844208BF43F001031830844208BF43F0FA
:108AB000010300F55670844208BF43F001031830EB
:108AC000844208BF43F001031830844208BF43F0DA
:108AD00001031830844208BF43F001031830844278
:108AE00008BF43F001031830844208BF43F001037C
:108AF0001830844208BF43F001031830844208BF95
:108B000043F001038C4218BF94420CBF01220022A3
:108B100002D0002B00F09080216821F01E0121601E
:108B2000616921F080016161002A00F0B0802A6E45
:108B3000136823F480731360236823F00103236018
:108B400005E0FEF783FB831B052B00F2A68023685C
:108B5000DB07F6D42A68574B57485A49824218BF58
:108B60009A4200F148000CBF012300238A4208BF4B
:108B700043F001033031824208BF43F0010330303B
:108B80008A4208BF43F0010301F55C71824208BFCD
:108B900043F0010300F55C708A4208BF43F0010313
:108BA0003031824208BF43F0010330308A4208BFAF
:108BB00043F001033031824208BF43F001033030FB
:108BC0008A4208BF43F001033031824208BF43F0BC
:108BD00001038A4208BF43F0010318318A4208BFEB
:108BE00043F0010333B9A1F59561354B9A4218BFA3
:108BF0008A426FD1EA6D3F23A96D02F01F029340B4
:108C00008B60EB6ED5E91921516033B11A68D5E953
:108C10001C1022F480721A6048600023012218465A
:108C200085F8352085F8343070BD8022002301207E
:108C30006A6585F8343070BD2268234922F00E023F
:108C40002260224A8C4218BF944201F128010CBFD5
:108C5000012200228C4208BF42F0010214318C42F2
:108C600008BF42F0010214318C4208BF42F00102F9
:108C700014318C4208BF42F0010214318C4208BF0B
:108C800042F001021AB9124A94427FF455AF296E9C
:108C90000A6822F480720A604EE720210322002332
:108CA0000120696585F8343085F8352070BD0120D4
:108CB00070BD00BF5800024040000240100002405A
:108CC0002800024070000240085402581C54025808
:108CD00094540258E86D0121164B00F01F00164C09
:108CE0008140A24218BF9A42A86D0CBF0123002305
:108CF000416012481249824208BF43F00103283004
:108D00008A4208BF43F001032831824208BF43F082
:108D100001038A4208BF43F0010314318A4208BFAD
:108D200043F00103002B7FF46CAF064B9A423FF4F3
:108D300068AF72E71C540258085402583054025865
:108D4000445402589454025800285FD038B590F823
:108D500035200346022A55D10168574A914248D02E
:108D60001832914245D03032544C5548A14218BF78
:108D7000914204F148040CBF01220022814208BF45
:108D800042F001023030A14208BF42F0010230340B
:108D9000814208BF42F0010200F55C70A14208BFA9
:108DA00042F0010204F55C74814208BF42F0010206
:108DB0003030A14208BF42F001023034814208BF86
:108DC00042F001023030A14208BF42F001023034CB
:108DD000814208BF42F001023030A14208BF42F098
:108DE0000102814208BF42F0010212B9354A9142A4
:108DF0000ED10422002083F835200B6823F00103F4
:108E00000B6038BD802201205A6538BD01207047B3
:108E10002D4A2E4D0868A94218BF91422C4C20F0D3
:108E20000E0005F13C050CBF012200220860A142A2
:108E300008BF42F0010208682834A94208BF42F086
:108E4000010220F00100A14208BF42F001021434E7
:108E50000860A14208BF42F001021E48814208BFDB
:108E600042F0010212B91C4A914217D101229D6DB4
:108E7000D3E91704216800F01F0021F480718240BB
:108E800021606A60DA6ED3E91910486032B1116866
:108E9000D3E91C0421F48071116044600121002495
:108EA0001A6D83F8351083F834401AB1184690478C
:108EB000204638BD104638BD100002404000024038
:108EC00070000240B80402401C5402580854025872
:108ED0003054025880540258945402582DE9F043FB
:108EE00000229C4B83B09C4E1D6881460192036812
:108EF0009A4A846D934218BFB342276808BF01267F
:108F0000216818BF002645D018329548834218BF03
:108F1000934200F118000CBF01220022834208BFD7
:108F200042F001021830834208BF42F001021830BB
:108F3000834208BF42F001021830834208BF42F06A
:108F4000010200F55670834208BF42F0010218305A
:108F5000834208BF42F001021830834208BF42F04A
:108F600001021830834208BF42F0010218308342E8
:108F700008BF42F001021830834208BF42F00102EC
:108F80001830834208BF42F001021AB9754A934271
:108F900040F05082D9F85C10082201F01F0C02FA50
:108FA0000CF2174240F0888127FA0CF2D2070CD558
:108FB0005A69100609D5012202FA0CF2A260D9F80A
:108FC000542042F00202C9F854204FF0040E0EFA69
:108FD0000CF038425BD0002E4FD1614ADFF8888117
:108FE000434518BF934208F130080CBF012200220C
:108FF000434508BF42F0010208F11808434508BF85
:1090000042F0010208F11808434508BF42F001028E
:1090100008F11808434508BF42F0010208F55678E8
:10902000434508BF42F0010208F11808434508BF54
:1090300042F0010208F11808434508BF42F001025E
:1090400008F11808434508BF42F0010208F118086A
:10905000434508BF42F0010208F11808434508BF24
:1090600042F0010208F11808434508BF42F001022E
:109070001AB93C4A934240F019821A68920706D501
:10908000A060D9F8542042F00402C9F854201022FC
:1090900002FA0CFC1CEA070F6CD0002E45D1304AB6
:1090A000314EB34218BF934206F130060CBF012285
:1090B0000022B34208BF42F001021836B34208BF93
:1090C00042F001021836B34208BF42F001021836DE
:1090D000B34208BF42F0010206F55676B34208BF1C
:1090E00042F001021836B34208BF42F001021836BE
:1090F000B34208BF42F001021836B34208BF42F043
:1091000001021836B34208BF42F001021836B342DA
:1091100008BF42F001021836B34208BF42F0010214
:109120001AB9104A934240F0C9811A68100721D534
:10913000C4F808C01A68560300F14C811A68D205B9
:1091400003D41A6822F008021A60D9F840308BB1B3
:109150000CE000BF80000024100002402800024004
:1091600058000240B8040240400002404846984778
:10917000D9F85C1001F01F0120268E403E4268D0D5
:10918000D9F80020A54BA64FBA4218BF9A4207F162
:1091900018070CBF01230023BA4208BF43F00103A4
:1091A0001837BA4208BF43F001031837BA4208BF64
:1091B00043F001031837BA4208BF43F001031837E0
:1091C000BA4208BF43F001031837BA4208BF43F060
:1091D000010307F55677BA4208BF43F00103183779
:1091E000BA4208BF43F001031837BA4208BF43F040
:1091F00001031837BA4208BF43F001031837BA42D7
:1092000008BF43F001031837BA4208BF43F0010317
:109210001837BA4208BF43F001031BB9814B9A4289
:1092200040F062811368DB0613D5A66099F83530EB
:10923000042B136800F0AE8013F4802F136800F045
:10924000D3801C0340F1DE80D9F83C300BB1484696
:109250009847D9F85430002B00F0B980D9F8543031
:10926000D8071FD5D9F80020042189F835101368D4
:1092700023F0010313606C4BA3FB0535AD0A02E03C
:109280001368D90704D5019B0133AB420193F7D989
:109290001368DB074CBF0323012389F83530002313
:1092A00089F83430D9F84C30002B00F090804846D3
:1092B00003B0BDE8F0431847186840070AD518689E
:1092C00020F004001860A260D9F8542042F0010296
:1092D000C9F8542027FA0CF2D2077FF576AE534A2C
:1092E0005348834218BF934200F130000CBF012263
:1092F0000022834208BF42F001021830834208BFB7
:1093000042F001021830834208BF42F001021830D7
:10931000834208BF42F0010200F55670834208BF45
:1093200042F001021830834208BF42F001021830B7
:10933000834208BF42F001021830834208BF42F066
:1093400001021830834208BF42F001021830834204
:1093500008BF42F001021830834208BF42F0010208
:109360001830834208BF42F00102002A7FF420AE89
:10937000002E7FF41DAE1A68042202FA0CF23A4263
:1093800040F09480102202FA0CFC17EA0C0F3FF414
:10939000F1AE84E623F016031360536923F08003D3
:1093A0005361D9F840309BB3136823F0080313606E
:1093B0003F230125002203FA01F1D9F85030A160C2
:1093C00089F8355089F83420002B7FF470AF03B052
:1093D000BDE8F0831B6818037FF5B7AED9F84830B5
:1093E000002B7FF4C3AEC5E613F480737FF42CAF7B
:1093F000116821F010011160012289F8343089F8D8
:10940000352021E7D9F84430002B7FF420AF20E746
:10941000D9F84830002BC7D1CAE700BF100002407E
:1094200028000240B8040240B5814E1B580002409B
:10943000400002404E4A4F4DAB4218BF934205F1E7
:1094400014050CBF01220022AB4208BF42F001020A
:109450001435AB4208BF42F001021435AB4208BFDD
:1094600042F001021435AB4208BF42F0010214354C
:10947000AB4208BF42F0010212B93F4A9342A6D163
:10948000D9F85C5004261A6805F01F05AE400E425C
:1094900019D0570717D5100466604BD5D1034FD4A8
:1094A000D9F84830002B7FF402AF90E71A681022F9
:1094B00002FA0CFC17EA0C0F3FF45CAE1A68520774
:1094C0007FF558AE34E60226AE400E4211D0970723
:1094D0000FD56660140439D5D00343D4D9F844308D
:1094E000002B7FF4E4AE72E713689F077FF5B1AEFF
:1094F0009BE60826AE400E423FF469AF11077FF5A8
:1095000066AF1A68002122F00E021A600123D9F812
:109510004C2003FA05F56560C9F8543089F8341019
:1095200089F83530002A3FF452AF484603B0BDE811
:10953000F0431047920603D41A6822F004021A601E
:10954000D9F84030002B7FF4B2AE40E712F0200291
:1095500008D11968012421F00A01196089F8354001
:1095600089F83420D9F83C30002B7FF4A0AE2EE7E8
:10957000085402581C54025894540258406D7047C5
:109580002DE9F04F0C6883B0002C00F0A6804FF05E
:10959000000C8E4F634601229A4012EA040E00F03E
:1095A00095804D6805F0030909F1FF36012E40F260
:1095B0009780B9F1030F40F0D18009FA0CF26FEAFD
:1095C0000208066815F4403F06EA080842EA080265
:1095D00002607BD0D7F8F42023F0030803F00309DE
:1095E00042F0020208F1B0484FEA8909C7F8F420B6
:1095F00008F58068D7F8F42002F002020192019A7F
:109600000F22D8F8086002FA09F226EA0202704E28
:10961000B04229D006F58066B04200F0AC806D4EB5
:10962000B04200F0AE806C4EB04200F09E806B4EB7
:10963000B04200F0B2806A4EB04200F0B480694E91
:10964000B04200F0A480684EB04200F0B280674E95
:10965000B04200F0B480664EB0420CBF09260A2624
:1096600006FA09F942EA0902C8F808204FF0B042A8
:10967000EE026FEA0E0812684FF0B04654BF08EAD7
:1096800002024EEA02023260AA0276684FF0B0424D
:1096900054BF08EA06064EEA06065660D2F8846011
:1096A000AA034FF0B04254BF08EA06064EEA060687
:1096B000ED034FF0B045C2F88460D2F8802054BF6B
:1096C00008EA02024EEA0202C5F8802001330CF1DA
:1096D000020C34FA03F27FF45EAF03B0BDE8F08F02
:1096E0004FF00308866808FA0CF826EA080ACE68E4
:1096F0006FEA080806FA0CF646EA0A068660C5F321
:109700000016D0F804A09E402AEA020232434260CA
:10971000C268B9F1020F8E6802EA080206FA0CF676
:1097200046EA020609FA0CF2C6607FF44AAF03F07B
:1097300007064FEAD3094FEA860B0F2600EB89098B
:1097400006FA0BF6D9F820A02AEA060A0E6906FAEC
:109750000BF646EA0A06C9F8206032E74FF0030824
:1097600008FA0CF86FEA0808D2E7032606FA09F9A6
:1097700042EA090278E7012606FA09F942EA0902F3
:1097800072E7022606FA09F942EA09026CE70626A0
:1097900006FA09F942EA090266E7042606FA09F917
:1097A00042EA090260E7052606FA09F942EA0902D7
:1097B0005AE7072606FA09F942EA090254E7082699
:1097C00006FA09F942EA09024EE700BF00440258CE
:1097D0000000025800080258000C025800100258FD
:1097E0000014025800180258001C025800200258A9
:1097F00000240258002900F0A88000232DE9F04F32
:10980000DFF8689183B0DFF86881DFF868A1DFF8DE
:1098100068B14FF0010E0EFA03F212EA010C6FD09C
:1098200023F0030503F003040F2640454D444FEA9F
:109830008404AF6806FA04F607EA0607019721D008
:10984000504566D0584567D0434FB8426ED0434F1D
:10985000B84270D0424FB84263D0424FB84256D05F
:10986000414FB84272D0DFF814E1704568D0DFF89C
:1098700010E1704514BF4FF00A0E4FF0090E0EFABA
:1098800004F400E00024019FA74219D14FF0B04436
:10989000D4F8807027EA0C07C4F88070D4F884707C
:1098A00027EA0C07C4F88470676827EA0C0767602A
:1098B000276827EA0C072760AC6824EA0606AE6032
:1098C00003255C0003F007070F2605FA04F405687A
:1098D000BF00254306FA07F70560DD0800EB8505A4
:1098E0002E6A26EA07062E62C56825EA0405C560C9
:1098F000456825EA02024260826822EA0404846024
:10990000013331FA03F284D103B0BDE8F08F4FF098
:10991000060E0EFA04F4B6E74FF0020E0EFA04F447
:10992000B1E74FF0050E0EFA04F4ACE74FF0030E6A
:109930000EFA04F4A7E74FF0040E0EFA04F4A2E7BF
:109940004FF0080E0EFA04F49DE770474FF0070E33
:109950000EFA04F497E700BF000C025800100258FA
:109960000014025800180258001C02580004005845
:109970000000025800040258000802580020025853
:10998000002402580369194214BF012000207047C7
:1099900002B90904816170472DE9F04F056885B06F
:1099A0000446284606F0CCFA012802D005B0BDE8EE
:1099B000F08F206806F08EFA0028F7D0206806F0B5
:1099C00089FA10F4001F206802D04FF4001343619D
:1099D00006F080FA10F4801F206802D04FF4801344
:1099E000436106F077FA10F0806F206802D04FF0E4
:1099F0008063436106F06EFA10F0020F206801D018
:109A00000223436106F066FA10F0005F206875D10A
:109A100006F060FAC20100F11081206806F05AFADF
:109A2000030700F10381206806F054FAC706266890
:109A300000F1E980304606F04DFA8001B6D5206885
:109A400006F0E6FAA2688146002A00F0D7800026D8
:109A500005F5A0654FF02C0A2BE006F03FFA410710
:109A600063D508F5A063042203EB47139A6007222D
:109A70000AFB0743394683F86120206806F0CCFAD8
:109A80003946206806F02AFA10F4007F394620682B
:109A90007BD008F5A06806F0BFFA4FF4007308EB1E
:109AA0004718C8F80830A26801362035964280F081
:109AB000A58006F00F0329FA03F3D907F4D52B6824
:109AC000F7B2D4F800801B0439464046C5D406F0EE
:109AD00005FA10F0040B40D008F5A0680423072213
:109AE000394608EB4718C8F808300AFB074383F8E3
:109AF0006120206806F090FAA268D5E74FF0005385
:109B00004361D5F84034D90782D41021284605F0A6
:109B100087FE284605F0AEFEA369022B00F0E08127
:109B20002046FDF713FB206872E73946206806F0EF
:109B3000D5F9C20540F1BB8008F5A0634FF48072EF
:109B4000394603EB47139A6008220AFB074383F860
:109B50006120206806F060FA92E73946206806F036
:109B6000BDF9810640F1B98008F5A06820220AFB02
:109B700007F308EB4718C8F80820E21892F83D10E0
:109B8000012900F05181A2688EE706F0A7F9C2070B
:109B900040F1B78008F5A0682023E168780108EB60
:109BA000471BCBF8083051B1DBF810200AFB074CFB
:109BB000C2F31202DCF848309B1ACCF850300AFB92
:109BC00007430022DA65012283F86120CBF80820E0
:109BD00093F83F2012F0FD0200F0C680012A00F049
:109BE000158101290AFB074700F0B38097F854302C
:109BF00083F0010387F85430A26855E723684FF0DB
:109C000000725A61D2E6B36923F01003B361376A78
:109C1000C7F34341C7F30A12022902D1002A40F0D8
:109C2000AC80B36943F01003B36103E72046FDF74E
:109C300085FA206808234361F6E62668D6F84034A2
:109C40000293D6F840340393039B23F02E0303932F
:109C5000029B9B0707D5029BDF0700F1A580039BB2
:109C600043F002030393029B180715D5039B43F0AF
:109C700008030393029B590740F19A80A1690229C6
:109C800000F0EB802369012B03D14EF66022C6F869
:109C900004242046FDF760FA029B9A0603D5039B35
:109CA00043F020030393039BC6F84034B5E63946DE
:109CB000206806F013F9030733D508F5A0630822DE
:109CC000394603EB47139A6006220AFB074383F8E1
:109CD0006120206806F0A0F9D2E63946206806F037
:109CE000FDF810F4007B67D008F5A0634FF4007214
:109CF0003946206803EB47139A6006F08DF9A26895
:109D0000D2E63946206806F0E9F8800640F1B080D6
:109D100008F5A068202308EB4718C8F80830A268A7
:109D2000C2E63946206806F0D9F8400540F188803F
:109D300008F5A0634FF48062394603EB47139A603D
:109D400009220AFB074383F86120206806F064F9C2
:109D500096E63B6DB7F84020013B1344B3FBF2F3AA
:109D6000DB073FF543AF0EE73946206806F054F9AC
:109D70001023E168CBF8083033E707F00F074FF006
:109D80002C0808FB0748D8F8441000293FF449AFD5
:109D9000D8F85030D8F84C001344834240F2DB80AE
:109DA000042388F860303CE72046FDF7CBF956E7FE
:109DB0002046FDF7D5F96FE73946206806F08EF8A2
:109DC00010F0010300F091800AFB07423946206839
:109DD000C2F85CB0019206F081F808F5A06310F0BB
:109DE000400F019A03EB471304D0012182F83D1084
:109DF00040229A60012239469A600AFB074383F8A1
:109E00006120206806F008F9A2684DE658F80010B5
:109E100041F0005148F800103946204683F8602090
:109E2000FDF798F9E168DCE682F83DB0603340F276
:109E300002323946E252206806F0EEF8A26833E6B4
:109E40003946206806F04AF801067FF519AE08F594
:109E5000A063802203EB471308E6029B206803F40B
:109E6000C023B3F5802F18BF012106F0AFF810E72B
:109E70003946206806F032F810F0020B00F08A80B4
:109E800008F5A06802200AFB07F2790108EB4713E6
:109E90009860A01890F86130012B00F09580062B97
:109EA00000F0E980072B00F0D580092B00F0D2806C
:109EB000052B00F01C81032B00F01E81042B00F009
:109EC0002D81082B00F01F81022B3FF45CAE0AFBB2
:109ED00007433946204693F86020FDF73BF952E6E8
:109EE0000121206806F072F81AE6394620680193CD
:109EF00005F0F4FF420616D50AFB0742019B08F560
:109F0000A0683946D365052308EB471882F861300D
:109F1000012382F83D30206806F07EF84023C8F81F
:109F20000830A268C0E53946206805F0D7FF10F078
:109F3000080B4ED008F5A0630822394603EB4713FF
:109F40009A6006220AFB074383F86120206806F026
:109F500063F8A268A8E5304606F5A066019205F010
:109F600001FF06EB4711D8F84430019A0969D8F887
:109F700050001344C1F3C9411044C8F844307B0178
:109F8000C8F8500021B1B8F84010914200F0A2800A
:109F9000266846E63946206805F0A0FF10F040022A
:109FA0003CD008F5A06340200AFB0742394603EB8A
:109FB000471398600523C2F85CB082F861302068CE
:109FC00006F02AF8A2686FE5603240F20123A3523E
:109FD0007DE73946206805F081FFC3065DD50AFBA1
:109FE00007430422C3F85CB083F8612093F83D3046
:109FF0003BB90AFB074393F83C2012B9012283F8CE
:10A000003D203946206806F007F808F5A0681023BF
:10A0100008EB4718C8F80830A26845E539462068BB
:10A02000019205F05BFF10F0100F019A3FF4ABAD09
:10A030000AFB074393F83F10032900F0868011F0D4
:10A04000FD01E2D1E268D965002ADED1042283F85D
:10A050006120D6E70AFB07424FF0020382F8613025
:10A06000D36D0133022BD3650AD90023D3650423B2
:10A0700082F860302BE7603240F20523A35226E7D6
:10A080004FF0020382F8603058F8013023F080432B
:10A0900043F0004348F8013019E73946206805F0DD
:10A0A0001DFF000653D5E368002B73D00AFB07435E
:10A0B000DA6D0132022ADA6562D84FF0020283F8C3
:10A0C000602008F5A068802308EB4718C8F808301E
:10A0D000A268E9E49A5922F0804242F000429A5183
:10A0E00098F8543083F0010388F8543050E74FF06B
:10A0F000020380F86130EAE60AFB07434FF00202F0
:10A1000083F86120E3E60AFB07F34FF40170E118DE
:10A110006033CA6D0132CA65E052D8E60AFB07F324
:10A1200040F2022003F160022344A05293F83F3032
:10A1300013F0FD0F7FF4CBAE58F8013023F08043CD
:10A1400043F0004348F80130C1E6DA657EE739465E
:10A15000206805F0C3FE410526D50AFB0743092206
:10A1600008F5A068394683F86120206808EB471895
:10A1700005F052FF4FF48063C8F80830A26893E4FA
:10A18000002239462046DA65042283F86020FCF775
:10A19000E1FF96E70AFB07430722394683F861206F
:10A1A000206805F039FF8CE73946206805F096FEF7
:10A1B00082077FF5E8AC08F5A06802210AFB07F3E7
:10A1C000780108EB47129160E21892F861100129BA
:10A1D00027D0032920D0042946D0052944D00629B8
:10A1E00015D0072902D009297FF4CDAC0AFB07431B
:10A1F0004FF0020283F86120DA6D0132022ADA653B
:10A2000037D90022DA65042283F860205FE66033E4
:10A2100040F20522E2525AE64FF0020382F8613022
:10A2200055E6603340F20121E15292F83F30023BA3
:10A23000012B3FF64CAEE3687BB1012B7FF447AEB8
:10A24000D36C002B3FF443AEB2F84010013B0B44FB
:10A25000B3FBF1F3DB077FF53AAE92F8553083F0AC
:10A26000010382F8553032E6603340F20222E252B6
:10A270002DE64FF0020283F8602058F8003023F0FA
:10A28000804343F0004348F8003020E690F8F8326D
:10A29000012B0CD0012310B50446006884F8F83275
:10A2A00005F02CFF0023184684F8F83210BD022078
:10A2B000704700BF2DE9F04703684FF020080546BE
:10A2C0000E461746986910F0020940F09E809C697E
:10A2D00014F0100468D010223C46CA46DA61711CA2
:10A2E0009A6963D1900600F19380BAF1000F04D10E
:10A2F0009C69A106FCD5C3F81C8049F00404012127
:10A300009A69D00530D54FF48071560544F00104A8
:10A31000D96104D54FF4806144F00804D9619105F6
:10A3200004D54FF4007244F00204DA619A69900790
:10A3300001D500229A629A69D10703D49A6942F042
:10A3400001029A615A680021344820260240012007
:10A350005A606B6C85F840101C436C6485F8416052
:10A3600085F84210BDE8F0875005D3D49205D8D4C3
:10A370000029DBD1721CA5D0FCF768FFC01B2B683D
:10A38000B04201D8002E9DD19A6912F0020299D1F3
:10A390006B6C2021012085F840200B436B6485F80D
:10A3A000411085F84220DDE72146A9E792062FD427
:10A3B000BAF1000FA1D1FCF749FF001B2B688642C0
:10A3C00001D3002E8BD1586895F842209969D2B2FA
:10A3D00009040BD5410409D4202A07D05A6842F455
:10A3E00080425A60FCF732FF2B6804469A69900657
:10A3F0003FF575AFFCF72AFF001B2B681928F5D92C
:10A400004FF020094FF0010A69E70020BDE8F0870E
:10A41000BAF1000F3FF46FAF6FE700BF00E800FE36
:10A4200003682DE9F04790469A69940665D406467C
:10A430000F464FF010099C6914F0100460D00025FD
:10A440004446C3F81C90AA46791C9A695AD19006D2
:10A450007DD4BAF1000F04D19C69A106FCD520225D
:10A46000DA6145F0040401219A69D00530D54FF432
:10A470008071550544F00104D96104D54FF4806121
:10A4800044F00804D961970504D54FF4007244F0F4
:10A490000204DA619A69900701D500229A629A69EA
:10A4A000D10703D49A6942F001029A615A680021E7
:10A4B00034482025024001205A60736C86F8401011
:10A4C0001C43746486F8415086F84210BDE8F0875A
:10A4D0005005D3D49505D8D40029DBD1FCF7B6FEBE
:10A4E000A0EB08003368B84200D81FB99A6912F08F
:10A4F000200230D09A6992069DD50020BDE8F087F1
:10A500002146B1E7920622D4BAF1000FA9D1FCF797
:10A510009DFE001B3368874201D3002F94D15868F9
:10A5200096F842209969D2B2090403D5410401D4B6
:10A53000202A1DD19A69900686D4FCF787FE001B5D
:10A5400033681928F6D920254FF0010A7CE7BAF1C3
:10A55000000F84D085E7736C2021012086F840200D
:10A560000B43736486F8411086F84220BDE8F087FB
:10A570005A6842F480425A60FCF768FE3368044629
:10A58000D8E700BF00E800FE00284ED010B590F8D4
:10A590004130044603F0FF02002B41D02368242100
:10A5A000626884F84110196822F07062E06821F056
:10A5B0000101012819601A619A6822F400429A6028
:10A5C000A26829D042F4044202289A6002D14FF4D2
:10A5D00000625A6058684FF0200C15492269014307
:10A5E0005960D96821F40041D960D4E905010243DA
:10A5F00042EA0122D4E90710DA6000220143104642
:10A600001960196841F001011960626484F841C061
:10A61000226384F8422010BD42F400429A60D9E7D8
:10A6200080F84020FAF7A8FBB8E70120704700BF88
:10A63000008000022DE9F84F1E4690F841300A9D37
:10A64000202B2CD190F840308346012B27D00123BA
:10A650008A46144680F84030FCF7F8FDDBF80030FD
:10A6600080469A6917041DD5FCF7F0FDA0EB0800A1
:10A67000DBF800301928F4D99A691004F1D5DBF819
:10A6800044302021002201200B438BF84020CBF8DE
:10A6900044308BF841108BF84220BDE8F88F02203F
:10A6A000BDE8F88F21210022CBF824408BF841101F
:10A6B0001021CBF834208BF84210CBF84420ABF8B3
:10A6C0002A60BBF82A2092B2FF2A6ED8BBF82A2053
:10A6D00092B2ABF82820002A40F058815A68AF495E
:10A6E0000A40CAF30901CAF3090A1143AC4A0A43F2
:10A6F0005A604FF02009BBF82A2092B2002A00F0DD
:10A7000006819C6914F0020440F0CA809A6912F034
:10A71000100200F09280102246462746DA61691C3A
:10A720009A6940F08C80900600F1078127B99A69F8
:10A730009106FCD5C3F81C9044F0040201209969ED
:10A74000CE0554D54FF480704D0542F00102D8611A
:10A7500004D54FF4806042F00802D861890504D521
:10A760004FF4007142F00202D96199698E0701D558
:10A77000002199629969CD0703D4996941F00101DB
:10A7800099615968002487482025014001205960BB
:10A79000DBF844308BF840401A43CBF844208BF868
:10A7A00041508BF84240BDE8F88FFF22FE214FF068
:10A7B0008070ABF828204FF47F02CAF309063243B9
:10A7C000B24614F8016B9E62ABF82810BBF82A1051
:10A7D000CBF824400139714C89B2ABF82A10596882
:10A7E00021400A43024342F400525A6081E74C057B
:10A7F000AFD48F05B4D40028B7D16A1C81D0FCF740
:10A8000025FDA0EB0800DBF80030854202D3002DC7
:10A810007FF477AF9A6912F002027FF472AFDBF82F
:10A820004430202101208BF840200B43CBF84430EA
:10A830008BF841108BF8422032E710467FE79206F2
:10A840007BD4002F7FF478AFFCF700FD801BDBF892
:10A850000030854202D3002D7FF461AF58689BF829
:10A8600042209969D2B209040CD541040AD4202AA5
:10A8700008D05A6842F480425A60FCF7E7FCDBF8E3
:10A88000003006469A6990063FF549AFFCF7DEFCBA
:10A89000801BDBF800301928F4D9202401273EE77B
:10A8A000DBF82400BBF8282010F8011B013A99625C
:10A8B000BBF82A1092B2CBF824000139ABF828205B
:10A8C00089B2ABF82A10BBF82A1089B200293FF4EC
:10A8D00012AF002A7FF40FAF6C1C32D19A691006B8
:10A8E000FCD5BBF82A2092B2FF2A3CD95A682E49DF
:10A8F0000A402E494AEA02021143FF22ABF82820FF
:10A900005960BBF82A2092B2002A7FF4FAAE424680
:10A9100029465846FFF784FD002835D1DBF8003082
:10A920002021204CD9615A6822405A608BF841108E
:10A930008BF840008BF84200B2E6002F3FF4FAAEED
:10A94000FAE69A691106CCD4FCF780FCA0EB08006B
:10A95000DBF80030854201D3002DBDD19A6912F099
:10A960008002B9D15BE7BBF82A200F4892B2D1B27E
:10A97000ABF828205A6802404AEA020242EA014241
:10A9800042F000725A60B6E6012089E6013A4FF0C3
:10A99000007091B24A1CD2B212040EE7009800FC7B
:10A9A0000020000200E800FE009C00FC0000FF0107
:10A9B0002DE9F0471F4690F84130202B62D1044624
:10A9C0000D46002957D0B2FA82F916464FEA5919B6
:10A9D000002A50D05FFA83FA90F84030012B51D012
:10A9E000012380F84030FCF731FC2123656280466A
:10A9F000256884F8413084F842A0C4F84490668504
:10AA00006B68C4F8349023F400436B60791C3DD12B
:10AA1000AE693207FCD5236AB3F5003F00F0B18080
:10AA20000823EB61E368022B61D07A1C40F095802B
:10AA3000AB69DB03FCD5638D9BB273B96EE0626AD0
:10AA4000256812F8013BAB62638D6262013B9BB2E9
:10AA50006385638D9BB2002B60D042463946204609
:10AA6000FFF728FC0028EAD022680126536843F447
:10AA70000043536003E04FF40073012663643046E3
:10AA8000BDE8F08702263046BDE8F087AB691B07BA
:10AA9000C1D4FCF7DBFBA0EB08002568874201D39B
:10AAA000002FB3D1AB6913F00803AFD1626C202142
:10AAB00084F8403001260A433046626484F841102D
:10AAC00084F842306B6843F400436B60BDE8F08764
:10AAD000AB69190710D4FCF7B9FBA0EB0800256897
:10AAE000874200D31FB9AB6913F00803DED07E1C88
:10AAF000EED1AB691807FCD50823EB6195E7AB698C
:10AB0000DA0610D4FCF7A2FBA0EB08002568874208
:10AB100000D31FB9AB6913F01003C7D0781CEED176
:10AB2000AB69D906FCD5AB699B0734D4AB69DE07AA
:10AB300003D4AB6943F00103AB61102342463946AD
:10AB40002046EB61FFF76CFC2268064630B3536881
:10AB5000012643F40043536091E7AB69DE033FF500
:10AB60006AAFFCF773FBA0EB08002568874202D3AD
:10AB7000002F7FF45AAFAB6913F480337FF455AFE5
:10AB800094E7636A13F8012BAA626362638D013B49
:10AB90009BB2638544E70023AB62C7E72023D36100
:10ABA000781C0FD193691904FCD45368002120202C
:10ABB00043F40043536084F8410084F8401084F863
:10ABC00042105CE793691B04EFD5FCF73FFBA0EB59
:10ABD00008002268874201D3002FE1D193691D0448
:10ABE000DED5636C202000210126034384F8401049
:10ABF000636484F8410084F84210536843F40043CE
:10AC000053603CE70268436B9169126803B11847CF
:10AC1000704700BF90F84100704700BF90F8412096
:10AC2000202A23D15FFA82FC90F840200346012AB3
:10AC30001CD00268242000B583F841004FF0000EBC
:10AC4000106820F001001060106820F4805010603F
:10AC50001068014370461160116841F001011160F4
:10AC600083F841C083F840E05DF804FB02207047A0
:10AC700090F84120202A22D1034600B55FFA82FED7
:10AC800090F84020012A1CD0026824204FF0000CCC
:10AC900083F84100106820F001001060106820F473
:10ACA000706040EA012160461160116841F00101C5
:10ACB000116083F841E083F840C05DF804FB022096
:10ACC000704702205DF804FBF0B58BB0002800F05F
:10ACD000818090F8BD34054603F0FF02002B74D04C
:10ACE00003232E4628686C4685F8BD342F1D04F0DA
:10ACF00041FC56F810EBB446BCE80F000FC4BCE8AA
:10AD00000F000FC49CE8030084E80300704697E836
:10AD10000E0004F00BFB044630B101240223204650
:10AD200085F8BD340BB0F0BD0146286804F02AFC5C
:10AD3000686858B322464FF0010E214602EBC20369
:10AD400002F1010C05EB830383F83C20A3F85620A5
:10AD50005FFA8CF283F83DE0824283F84010D964B8
:10AD6000C3E91111EAD3002204EBC403611C05EB13
:10AD7000830383F87C42CCB283F87D22844283F83B
:10AD80008022C3F88C22C3E9A122EDD36C460FCEFA
:10AD90000FC40FCE0FC496E8030084E8030097E8C1
:10ADA0000E00286804F024FC04460028B5D10122D6
:10ADB0006B6A85F83800934285F8BD240ED0286868
:10ADC00005F078F820460BB0F0BD80F8BC24FBF706
:10ADD0000DFE85E7012420460BB0F0BD284600F0AB
:10ADE0004FFFECE710B590F8BC3404460068012B27
:10ADF00017D0012384F8BC34C3685B0602D5A36A6C
:10AE0000012B09D004F0AEFB206805F043F80023C5
:10AE1000184684F8BC3410BD836B43F480338363DD
:10AE2000F0E7022010BD00BF2DE9F04F056889B0A2
:10AE30000446284605F084F810B109B0BDE8F08F4B
:10AE40008346206805F046F80028F6D0D5F8083883
:10AE500005F500622068C3F30D230292C4F8FC34A8
:10AE600005F038F810F0020F206803D0436903F0B2
:10AE70000203436105F02EF810F0100F206812D085
:10AE8000836923F0100383612E6AC6F3434306F0FF
:10AE90000F07022B00F0E383062B00F02283836967
:10AEA00043F01003836105F015F8070300F1808279
:10AEB000206805F00FF8460300F12882206805F0AD
:10AEC00009F80028C0F29A81206805F003F803050C
:10AED00000F15781206804F0FDFF060114D52268B7
:10AEE000536903F00063536194F8F434002B40F08D
:10AEF000AB820121204684F8F414536DC3F383031D
:10AF0000C4F8F83400F0D4FE206804F0E3FFC00475
:10AF100000F19E81206804F0DDFF10F4005F2068DE
:10AF200040F07F8104F0D6FF010700F1E681206840
:10AF300004F0D0FF020671D5AA69636822F080028E
:10AF4000012BAA616AD994F8A322012A00F0E883B0
:10AF5000022B63D994F8C722012A00F0FC83032B4B
:10AF60005CD994F8EB22012A00F0B482042B55D965
:10AF700094F80F23012A00F0C782052B4ED994F8CC
:10AF80003323012A00F02484062B47D994F8572351
:10AF9000012A00F03184072B40D994F87B23012A41
:10AFA00000F04884082B39D994F89F23012A00F037
:10AFB0005584092B32D994F8C323012A00F0628406
:10AFC0000A2B2BD994F8E723012A00F06F840B2B6E
:10AFD00024D994F80B24012A00F07C840C2B1DD971
:10AFE00094F82F24012A00F07D840D2B16D994F8B3
:10AFF0005324012A00F09D840E2B0FD994F8772456
:10B00000012A00F0A4840F2B08D994F89B34012B5B
:10B0100004D104F59361206804F04AFE206804F02E
:10B0200059FFC30240F1AB806368012B40F2898075
:10B0300094F86420D5F82019012A00F01482022B1C
:10B040007FD994F88820D5F84019012A00F01E8293
:10B05000032B76D994F8AC20D5F86019012A00F0BA
:10B060002182042B6DD994F8D020D5F88019012ABB
:10B0700000F02482052B64D994F8F420D5F8A019A7
:10B08000012A00F04183062B5BD994F81821D5F8EA
:10B09000C019012A00F05383072B52D994F83C21A0
:10B0A000D5F8E019012A00F05E83082B49D994F8FD
:10B0B0006021D5F8001A012A00F06183092B40D9DC
:10B0C00094F88421D5F8201A012A00F06C830A2B09
:10B0D00037D994F8A821D5F8401A012A00F08083C6
:10B0E0000B2B2ED994F8CC21D5F8601A012A00F048
:10B0F00095830C2B25D994F8F021D5F8801A012AD4
:10B1000000F0A0830D2B1CD994F81422D5F8A01AB6
:10B11000012A00F0AB830E2B13D994F83822D5F80E
:10B12000C01A012A00F0B6830F2B0AD994F85C22CA
:10B13000D5F8E01A012A00F0C183102B01D9D5F807
:10B14000003B2068436903F48013436104F0C2FEAE
:10B15000870221D4206804F0BDFE400000F1C480C5
:10B16000206804F0B7FE41077FF567AE23685D688D
:10B170006A0700F195825A682A435A605DE62068A2
:10B18000E4E7029B9B68DF0700F186822068436941
:10B1900003F4006343619EE6D4F804C0BCF1010FE0
:10B1A00026D905F532622346012104E0013120321F
:10B1B000243361451CD093F8A40216680128F5D108
:10B1C000002EF3DAD4F8FC7406F4803607F0010799
:10B1D000BE42EBD183F8A302A86940F08000A861C9
:10B1E00068690606E2D4029A536843F40073536018
:10B1F0002068436903F400134361ACE7029A536883
:10B2000023F00103536094F8F434012B00F03781EC
:10B210002046FBF7D5FC2068436903F000434361F7
:10B2200053E604F091FE206804F04CFB2668206190
:10B2300001F066FF227C0146304604F019F92046F1
:10B24000FBF794FC2068436903F40053436169E60B
:10B25000029A10212068536823F00103536004F020
:10B26000DFFA6068E0B105F510634FF67F31996051
:10B270000BF1010B1A682033834522F4001243F8C6
:10B28000202CC3F8E811D3F8E02122F40012C3F80F
:10B29000E021D3F8E02142F00062C3F8E021E6D1DA
:10B2A0000299226BCB6943F00113CB61002A40F075
:10B2B000CF804A6942F22B0313434B610B6943F081
:10B2C0000B030B61D5F8003804F2C442217B23F450
:10B2D000FE632068C5F8003804F04CFE206843691E
:10B2E00003F48053436116E62046FBF775FC2068A3
:10B2F000436903F08043436133E72046FBF732FCA8
:10B300002068436903F00803436111E6206804F0F4
:10B31000F5FD804600283FF4D1AD4FF0000A2068CB
:10B32000274605F5106956460395CDF810B009E09B
:10B330005FEA580806F1010607F1240709F1200920
:10B3400000F0EC8018F0010FF2D05FFA86FA514657
:10B3500004F0E6FDC107054613D5029906F00F0378
:10B3600001229A404B6B23EA02034B630123E168FD
:10B37000C9F80830994200F0988151462046FBF701
:10B38000E7FB2A0702D50823C9F80830EB0602D5E7
:10B390001023C9F80830680602D54023C9F80830E0
:10B3A000A90700F14F812A0600F1F9802068BFE764
:10B3B000206804F09BFD064600283FF479AD05F5B2
:10B3C0003067A2464FF00009CDF80CB008E07608CF
:10B3D00009F1010907F120070AF1240A00F09B8016
:10B3E000F007F4D55FFA89FB2068594604F08EFD1A
:10B3F00010F0010F804640F0B38018F0080F40F0C5
:10B40000908018F0100F01D01022BA6018F0020FCF
:10B410000ED06A69100604D5029B5A6842F4806215
:10B420005A609AF87F22012A00F081810223BB60D2
:10B4300018F0200F01D02023BB6018F4005FC6D0A5
:10B440004FF40053BB60C2E72046FBF7A1FB5BE56E
:10B45000D1F8843043F00B03C1F884304B6C43F0D7
:10B460000B034B642EE70029BFF6E9AD214684F8B3
:10B47000632051F8600B04F01BFC6368DFE50021DA
:10B48000204684F8F41400F013FCC4E60029BFF64B
:10B49000DFAD214684F8872051F8840B04F008FCC6
:10B4A0006368D5E50029BFF6DCAD214684F8AB2002
:10B4B00051F8A80B04F0FCFB6368D2E50029BFF645
:10B4C000D9AD214684F8CF2051F8CC0B04F0F0FB25
:10B4D0006368CFE504F53A71206804F0E9FB63681E
:10B4E00044E507EBC707082204F2C441284604F0EC
:10B4F00039FCC6F30A1304EB87022068D2F89012D5
:10B500000B44C2F89032CAE404F54371206804F099
:10B51000CFFB636831E5DDF80CB0C9E4DDE9035B1E
:10B52000CDE421680822BB4BBA6001F53062096C9A
:10B5300002EB49129942906840F2C880030402D598
:10B540004FF4004191602046FBF7F2FAE1680129CF
:10B550007FF457AF04F2C442206804F00BFD50E7BB
:10B5600020680122E168BA6000F530620129D0F854
:10B5700040C002EB4912936800F0AC80A6498C45AC
:10B5800000F00981B9F1000F04D1D4F88C22002A0F
:10B5900000F0D78159462046FBF7D0FA2DE7D7E9CE
:10B5A0001353D4F800B0AB4258463FF6C1AE0BF58A
:10B5B0001062796CCDF81CB002EB46120592EA1AC3
:10B5C0008A4228BF0A4605998969033289B2B1EBDC
:10B5D000920FC0F0958052460696CA462646C1464E
:10B5E000059C904619E0ED1A7B6CB96C42469D4271
:10B5F000584628BF1D46337B0093ABB204F09CFB3A
:10B60000BB6CA1692B4489B2BB643B6D2B440335F1
:10B61000B1EB950F3B656BD3FD6C9D42E3D834468F
:10B62000C846069ED146D4F800B0079B0122584672
:10B6300003F5006106F00F039A404B6B23EA020307
:10B640004B6375E63146039804F0EAF897F83F300B
:10B65000012B00F0B4800223C9F80830A3E647F6B6
:10B66000F0731E423FF41BAC07EBC707C6F30A1288
:10B67000284604EB87071646D7F8881204F072FBB9
:10B68000D7F8883220683344C7F88832D7F8903228
:10B690003344C7F8903202E42046FBF779FA75E5A7
:10B6A0002046FBF79DFA236865E5D7E9112313448B
:10B6B000BB64002E7FF461AEE36C002B7FF45DAEC3
:10B6C00004F2C442206804F055FC56E62046FBF71D
:10B6D0002FFA96E6190740F197804E498C457FF680
:10B6E0008CAE18047FF589AE4FF40041916084E67A
:10B6F0003446C846069ED146D4F800B0FD6C584684
:10B700009D423FF615AE90E70029BFF6BCAC21463E
:10B7100084F8F32051F8F00B04F0CAFA6368B2E43D
:10B7200004F52871206804F0C3FA636810E400236C
:10B73000594620468AF87F32FBF746FA76E600291A
:10B74000BFF6AAAC04F58A71206884F8172104F0CA
:10B75000AFFA6368A0E404F53171206804F0A8FA38
:10B760006368FFF7FCBB0029BFF69FAC04F59C7132
:10B77000206884F83B2104F09BFA636895E4002973
:10B78000BFF69CAC04F5AE71206884F85F2104F02C
:10B790008FFA636892E41804A6D499067FF5FAAE8E
:10B7A00020219160F6E60029BFF691AC04F5C07146
:10B7B000206884F8832104F07BFA636887E44FF003
:10B7C00000035146204687F83F30FBF701FA42E775
:10B7D00004F54C71206804F06BFA6368FFF7D4BB82
:10B7E0000029BFF67DAC04F5D271206884F8A7214A
:10B7F00004F05EFA636873E404F55571206804F0A0
:10B8000057FA6368FFF7C7BB990673D5202191608B
:10B81000F3E500BF0A30544F0A31544F0029BFF6F8
:10B8200068AC04F5E471206884F8CB2104F040FA98
:10B8300063685EE404F55E71206804F039FA6368B9
:10B84000FFF7B0BB0029BFF65DAC04F5F6712068C8
:10B8500084F8EF2104F02CFA636853E404F567716F
:10B86000206804F025FA6368FFF7A3BB0029BFF640
:10B8700052AC04F50471206884F8132204F018FA1D
:10B88000636848E404F57071206804F011FA636895
:10B89000FFF796BB0029BFF647AC04F50D71206891
:10B8A00084F8372204F004FA63683DE404F5797102
:10B8B000206804F0FDF96368FFF789BB0029BFF633
:10B8C0003CAC04F51671206884F85B2204F0F0F9B2
:10B8D000636832E404F58161206804F0E9F9636883
:10B8E000FFF77CBB04F22C41206804F0E1F96368A7
:10B8F000FFF77BBB13F0280F7FF47FAD1B498C450E
:10B9000002D91B043FF5F0AE1169DAF89C22C1F3AD
:10B910001201521ACAF89022B9F1000F7FF43AAE20
:10B92000D4F88C12D9B1D4F888120A44C4F8882209
:10B9300030E604F58A61206804F0BAF96368FFF71D
:10B940005BBB04F2C442494604F014FB22E604F255
:10B950007441206804F0ACF96368FFF754BB04F24B
:10B96000C442012104F006FB14E600BF0A30544F24
:10B9700090F8BC24012A0ED0012210B504460068BC
:10B9800084F8381084F8BC2404F072FA00231846B6
:10B9900084F8BC3410BD0220704700BF10B501F020
:10B9A0000F0E0906044627D44FF0240C0CFB0E0C96
:10B9B0000CF51F710EEBCE0C00EB8C0C00208CF8FC
:10B9C0007D028A604A7881F800E00B710AB1A1F823
:10B9D0001AE0022B01D100234B7194F8BC34012BE7
:10B9E00018D00123206884F8BC3403F077FF0023CB
:10B9F000184684F8BC3410BD24204FF0010C00FB25
:10BA00000E4000F13C010EEBCE0004EB800080F80C
:10BA10003DC0D6E7022010BD11F0800F01F00F03EA
:10BA20004FF0240110B504461AD101FB034103EB8A
:10BA3000C302002001F51F7104EB820282F87D022F
:10BA40000B7094F8BC34012B19D00123206884F8C2
:10BA5000BC3403F08BFF0023184684F8BC3410BDBF
:10BA600001FB034103EBC302012004EB82023C31E2
:10BA700082F83D000B7094F8BC34012BE5D1022014
:10BA800010BD00BF08B501F00F0E24210EEBCE0C47
:10BA900001FB0E0100EB8C0C01F51F71CCF88C3210
:10BAA0000023CCF888228CF87CE2CCF890328CF819
:10BAB0007D32C3680068012B08BFCCF89822DAB247
:10BAC00003F0B2FF002008BD01F00F0101EBC1013E
:10BAD00000EB8101D1F89002704700BF08B501F07A
:10BAE0000F0E24210EEBCE0C01FB0E0100EB8C0C93
:10BAF0003C31CCF84C300023CCF84820CCF8503006
:10BB000001238CF83CE08CF83D30C3680068012BC1
:10BB100008BFCCF85820DAB203F086FF002008BD39
:10BB200038B5436801F00F059D4234D80B06044632
:10BB30001DD4242201EBC10302FB010100EB8303AE
:10BB4000002201F51F7183F87D2201230D708B7097
:10BB500094F8BC249A421CD0206884F8BC3404F0C9
:10BB600027F9D5B10023184684F8BC3438BD242108
:10BB700005EBC503012201FB050100EB83033C310A
:10BB800083F83D2001230D708B7094F8BC249A42F9
:10BB9000E2D1022038BD012038BD04F2C442217B2D
:10BBA000206804F0E7F9DDE7426838B501F00F03DB
:10BBB000934232D811F0800F04464FF0240103EB7A
:10BBC000C30219D101FB0341002004EB82020025CE
:10BBD00001F51F7182F87D020B708D7094F8BC34F2
:10BBE000012B18D00123206884F8BC3404F014F928
:10BBF000284684F8BC5438BD01FB0341012004EB06
:10BC0000820200253C3182F83D000B708D7094F863
:10BC1000BC34012BE6D1022038BD012038BD00BF65
:10BC200010B40468606A31B940EA0240A0620020A2
:10BC30005DF8044B7047A36AB1F1010C00EB1340AF
:10BC40000BD0002303F14001013304EB8101DBB28F
:10BC50004968634500EB1140F4D30CF1400C40EA15
:10BC6000024004EB8C0C5DF8044BCCF8040000207F
:10BC7000704700BF034600201B685962704700BF31
:10BC800003464FF0000C09491A68604610B40124BD
:10BC900083F8F4C4C3F8004593695DF8044B43F09E
:10BCA00000639361536D19435165704703000010A1
:10BCB000704700BF38B5104CE36813F0040FE36819
:10BCC00005D103F00703181A18BF012038BD23F06F
:10BCD00007031843E060FBF7B9FA054605E0FBF7F8
:10BCE000B5FA401BB0F57A7F04D863689B04F6D59B
:10BCF000002038BD012038BD00480258024AD368F0
:10BD000043F08073D36070470048025870B44D6AA6
:10BD100015B1B2F1406F3AD18B691BB30C6A002C9C
:10BD20004CD08E680068C661CE69002E69D02B4366
:10BD300013432343CC6A334323430C6B23434C6BA1
:10BD400023430C692343CC6823430C6823434C6989
:10BD5000B2F1406F43EA8443436165D04B6870BCE5
:10BD6000836170470B6ABBB100682B438C68CE6956
:10BD7000C461002E6BD01343CC6A334323430C6B56
:10BD800023434C6B23430C692343CC68DEE78B6A67
:10BD90000468013B2361BFE7CB69002B66D1002D0E
:10BDA00042D0CB6A0C6B2B43006813434A69234390
:10BDB0004C6B234343EA8243436135E0CC6945EA57
:10BDC000030C002C32D003684CEA0200B2F1406F41
:10BDD00040EA0400CC6A40EA04000C6B40EA04002C
:10BDE0004C6B40EA0400CC6840EA04000C6840EA6E
:10BDF00004004C6940EA8440586115D04A689A6151
:10BE000012E045EA030C0D694CEA0203CA6A2343B7
:10BE10001343D1E90C4223430C6813434A692B4373
:10BE2000234343EA8243436170BC7047CC6A4CEAC7
:10BE3000020300682343D1E90C4223430C681343F7
:10BE40004A69234343EA824370BC43617047CC6A2A
:10BE500013432343D1E90C4223431343D1E9044262
:10BE6000234343EA824370BC436170472B43CD6A4E
:10BE70000C6B134300682B4323434C6B84E700BFD8
:10BE800070B50546FBF7E2F9002D46D095F8413034
:10BE90000646002B39D0AC6C2A68A96813680139B2
:10BEA00023F4F85343EA0123136001E0631C24D117
:10BEB000936813F02003F9D1E869E9681468014335
:10BEC000286A0143686841EA00611948204001433B
:10BED00068691160A96954680143286941EA004111
:10BEE0001448204001240143184651601168214341
:10BEF00011606B6485F8414070BDFBF7A7F9801BAA
:10BF0000A0420CD85CB12A68D2E72846F9F726FD92
:10BF100041F288331C46AB64BEE7012070BD0423A8
:10BF2000012085F841306B6C03436B6470BD00BF2A
:10BF30002FFFFF00FEF8E0FF70B10268136823F0E6
:10BF4000010310B513600446F9F7D2FD00236364C2
:10BF5000184684F8413010BD012070472DE9F041AA
:10BF600004460E461546FBF771F994F84030012B54
:10BF70003AD0012384F8403094F84130012BDFB2ED
:10BF800006D002270023384684F84030BDE8F0810F
:10BF9000002380466364022384F84130681C2368D0
:10BFA0000ED19A6812F02002FBD131462046FFF7ED
:10BFB000ADFE736AE3B10123002784F84130E1E765
:10BFC0009A6812F020021ED0FBF740F9A0EB08009F
:10BFD000854201D3002DE1D1042384F84130636C04
:10BFE00043F001036364CDE702273846BDE8F081E2
:10BFF000226893689B07FCD5022101230027D160AA
:10C0000084F84130BEE731462046FFF77FFE736A71
:10C0100043B1D0E7FBF71AF9A0EB08008542DBD368
:10C02000002DD9D0226893689907F3D5E4E700BFC3
:10C030002DE9F843044689461546FBF707F994F8BD
:10C0400040302768012B67D0012384F8403094F8F2
:10C050004130012B5FFA83F807D04FF0020800232C
:10C06000404684F84030BDE8F88300236364B9F1AA
:10C07000000F56D01223064684F841303B69013345
:10C08000E3623B69C4F824900133A3627B6923F027
:10C0900040637B61E36A002B31D06A1C394611D1C1
:10C0A0008B685B07FCD5636A1B7887F82030E26AEF
:10C0B000636A013A0133E262E26A6362F2B16A1CC6
:10C0C0002168EDD08B685807EDD4FBF7BFF8801BD3
:10C0D000854201D3002DF2D1042384F84130636CF2
:10C0E00043F00103636413E0BB689B070CD4FBF7C8
:10C0F000ADF8801B8542EFD3002DEDD02768691C79
:10C10000F2D1BB689A07FCD502234FF00008FB6010
:10C11000012384F84130A2E74FF002084046BDE811
:10C12000F883636C43F00803636498E72DE9F843F0
:10C13000044615468946FBF789F82768BA6994F8DA
:10C140004030012B6CD0012384F8403094F841300A
:10C15000012B5FFA83F807D04FF002080023404616
:10C1600084F84030BDE8F88300236364B9F1000F20
:10C170005BD02223064684F841303B690133A36338
:10C180003B69C4F83090013363637B6923F04063FB
:10C1900043F080637B61BA61A36B002B33D0681CD2
:10C1A000394612D18B6813F0060FFBD097F8202088
:10C1B000236B1A70A26B236B013A0133A263A26B4B
:10C1C0002363FAB1681C2168ECD08B6813F0060F6A
:10C1D000ECD1FBF73BF8801B854201D3002DF1D158
:10C1E000042384F84130636C43F00103636413E07B
:10C1F000BB689B070CD4FBF729F8801B8542EFD363
:10C20000002DEDD02768691CF2D1BB689A07FCD5D8
:10C2100002234FF00008FB60012384F841309DE7C2
:10C220004FF002084046BDE8F883636C43F0080312
:10C23000636493E72DE9F84F04461F46894690460C
:10C24000FBF704F894F84030012B52D0012384F816
:10C25000403094F84130012B5FFA83FB07D04FF058
:10C26000020B0023584684F84030BDE8F88F0023C5
:10C2700082466364422384F841307A1C26682CD1BC
:10C28000B568AB06FCD4D8F8003049462046B36206
:10C29000D8F804307362D8F80830F3623268D8F8FE
:10C2A000103022F440021343D8F80C2043F48003EA
:10C2B0003360C9F828204FF00062FFF727FD781C93
:10C2C00022681BD193681907FCD5082101234FF080
:10C2D000000BD16084F84130C3E7B3689D06D2D526
:10C2E000FAF7B4FFA0EB0A00874212D3002FC4D1A3
:10C2F0000FE04FF0020B5846BDE8F88F93681B071C
:10C30000E3D4FAF7A3FFA0EB0A00874201D3002F82
:10C31000D5D1042384F84130636C43F00103636496
:10C320009FE700BF2DE9F04704460F461646FAF78F
:10C330008DFF94F84030012B45D0012384F8403024
:10C3400094F84130012B5FFA83F907D04FF00209CE
:10C350000023484684F84030BDE8F087002380463B
:10C36000D4F848A06364822384F84130BAF1FF3FD7
:10C37000256814D1AB689A06FCD42B68726823F048
:10C380000803082A43EA02032B6021D04FF04062E1
:10C39000394620464FF00009FFF7B8FCD8E7AB68F4
:10C3A0009B06EAD5FAF752FFA0EB0800824502D3BC
:10C3B000BAF1000FDAD1042384F84130636C43F002
:10C3C00001036364C4E74FF002094846BDE8F08703
:10C3D000326810232A63EB602B6843F480132B60D0
:10C3E000D4E700BF704700BF08B5006C002383632B
:10C3F000C36290F84130082B0BD103680222DA6047
:10C400001A6842F400321A601A6842F002021A6096
:10C4100008BD012380F84130FFF7E4FF08BD00BFED
:10C42000704700BF704700BF704700BF704700BF34
:10C43000704700BF704700BF704700BF38B5036842
:10C4400004469A68196855070ED548030CD594F828
:10C450004120122A75D094F84120222A00F0A180B0
:10C460002046FFF7E5FF38BD950726D5880324D57C
:10C470000222DA601A6822F4E0221A6094F841205D
:10C48000122A7AD094F84120222A00F0A98094F848
:10C490004120022A00F0D08094F84120082AE2D1FD
:10C4A0005A690121204622F040625A6184F8411005
:10C4B000636C3BBBFFF7B4FF38BD150725D4D50728
:10C4C00035D5C80333D50125DD601A6822F4702202
:10C4D0001A60626C42F0020262641A68520779D5EF
:10C4E0001A68E06B22F004021A60574B836507F06C
:10C4F000CBFA0028B7D0636C204643F00403636492
:10C5000084F84150FFF76EFF38BD0803D7D50822E5
:10C51000DA601A68520206D51A68012122F4102244
:10C520001A6084F841102046FFF784FF38BDD0061A
:10C5300099D5CA0297D510222046DA60FFF77CFF12
:10C5400038BD9A6850078BD518460EE0626A12789B
:10C5500083F82020E16A20680139626AE1620132D1
:10C56000816862624D077FF57BAFE26A002AEDD1F8
:10C57000036823F48023036072E71A68510709D522
:10C580001A68E16B22F0040209681A60CB6823F094
:10C590000103CB600123204684F84130FFF746FFBA
:10C5A00038BD9A6852077FF55BAF18460EE093F8E6
:10C5B0002010226B1170A16B20680139226BA163DE
:10C5C00001328168226349077FF54AAFA26B002AD6
:10C5D000EDD1CDE7204684F84150FFF703FF38BD89
:10C5E0001A6852071DD49A6812F47C5F0FD111E0CB
:10C5F00093F82010226B1170A16B20680139226B17
:10C60000A16301328168226311F47C5F02D0A26BC6
:10C61000002AEDD10123204684F84130FFF704FFC2
:10C6200038BD1A68E16B22F0040209681A60CB6811
:10C6300023F00103CB60EDE70123204684F841306D
:10C64000FFF7F0FE38BD00BFE9C30008454B30B42A
:10C650009A6A9C6ADD6A14F47C7F596BC4F30510F6
:10C6600038D0C1F3CC0105F0010502F0030205FB4F
:10C6700001F1012A07EE901AB8EEE77A02D0022AF9
:10C680004ED04AB307EE900ADFED376AF8EEE77A4C
:10C690001B6B86EEA76A9FED355AC3F3080306EEBF
:10C6A000903AF7EE005AF8EEE66AE7EE056A76EEA3
:10C6B000A56A66EE266A2B4B1B6BC3F34623013338
:10C6C00007EE903AB8EEE77AC6EE877AFCEEE77AA4
:10C6D00017EE900A30BC70471A68920627D5196881
:10C6E00007EE900A224AF7EE005A1B6BC1F3C10114
:10C6F000F8EEE77A9FED1D5AC3F30803CA4006EE31
:10C70000903A06EE102AF8EEE66AB8EEC66AE7EE50
:10C71000056A86EE277A76EEA56A66EE876ACAE72C
:10C7200007EE900ADFED136AF8EEE77AB0E707EE5E
:10C73000900A9FED115A1B6BB7EE006AF8EEE77A8C
:10C74000DFED0A5AC3F30803C5EE276A07EE903AF5
:10C75000F8EEE77AE7EE257A77EE867A66EEA76A54
:10C76000A9E700BF004402580024744A00000039C1
:10C770000090D0030024744B0024744C002800F077
:10C78000EC81F8B503680446D80730D5A5490A6995
:10C79000896A02F03802102A00F00981182A00F094
:10C7A00001816368B3F5803F00F02C81002B00F01D
:10C7B0006A81B3F5A02F9B4B1A6800F08E8222F499
:10C7C00080321A601A6822F480221A60FAF73EFD5D
:10C7D000944E41F28837054605E0FAF737FD401BD5
:10C7E000B84200F24E8133689A03F6D523689D075C
:10C7F00000F18A80D90633D58A4A1369926A03F018
:10C800003803082B00F0E380182B00F0DB80E3698D
:10C81000844D002B00F071812B6843F080032B6066
:10C82000FAF714FD064605E0FAF710FD801B022812
:10C8300000F227812B68DB05F6D5FAF71FFD41F2E0
:10C840000303984200F27182226A6B68202A23F067
:10C85000F8430CBF43F0804343EA82636B60236874
:10C860001D0716D563696F4D002B00F024816B6F97
:10C8700043F001036B67FAF7E9FC064605E0FAF7B7
:10C88000E5FC801B022800F2FC806B6F9807F6D550
:10C8900023689A0616D5A369624D002B00F01C810F
:10C8A0002B6843F480532B60FAF7D0FC064605E072
:10C8B000FAF7CCFC801B022800F2E3802B689F046F
:10C8C000F6D52368590700F1A380606AD0B1554DB1
:10C8D0002B6903F03803182B00F0B1812B68022874
:10C8E00023F080732B6000F04481FAF7AFFC04461C
:10C8F00005E0FAF7ABFC001B022800F2C2802B68AF
:10C900009B01F6D40020F8BD464A1369926A13F0E1
:10C9100038032DD1434BE2681B68590701D5002A23
:10C920004ED0404D2B6823F0190313432B60FAF7C8
:10C930008DFC064605E0FAF789FC801B022800F210
:10C94000A0802B685B07F6D5FAF798FC41F2030349
:10C95000984200F2F98022696B68402A23F47C3304
:10C960000CBF43F4003343EA02336B60236841E7B2
:10C97000182B00F0E5802B4DE2682B68002A00F0B0
:10C98000CE8023F0190313432B60FAF75FFC0646B1
:10C9900004E0FAF75BFC801B022872D82B685F0763
:10C9A000F7D5D1E701F0030102297FF4FAAE1D4A61
:10C9B000126891037FF51BAF6268002A7FF417AFFE
:10C9C0000120F8BD02F00302012A7FF420AF154BCD
:10C9D0001B68DA0502D5E369802BF1D1FAF74EFC2A
:10C9E00041F20303984200F2BA80226A202A00F042
:10C9F000AB810C494B6823F0F84343EA82634B60F8
:10CA000023682DE7074A136843F480331360DDE69B
:10CA1000054D2B6843F480732B60FAF717FC06462C
:10CA200009E000BF0044025800480258FAF70EFC23
:10CA3000801B642825D82B68DA05F7D5A368012B5D
:10CA400000F07C81002B00F05781052BA74B1A6F5B
:10CA500000F0838122F001021A671A6F22F00402AB
:10CA60001A67FAF7F3FBA14E41F28837054604E056
:10CA7000FAF7ECFB401BB84203D8336F9B07F7D59E
:10CA800023E70320F8BD994D41F288372B6823F442
:10CA900080332B602B6823F480232B60FAF7D6FBBE
:10CAA000064604E0FAF7D2FB801BB842E9D82B68AF
:10CAB0009B03F7D49AE66B6F23F001036B67FAF7D9
:10CAC000C5FB064604E0FAF7C1FB801B0228D8D854
:10CAD0006B6F9907F7D4DBE62B6823F480532B6048
:10CAE000FAF7B4FB064604E0FAF7B0FB801B022815
:10CAF000C7D82B689804F7D4E3E62B6823F08003AB
:10CB00002B60FAF7A3FB064604E0FAF79FFB801BB5
:10CB10000228B6D82B68DF05F7D42368A0E623F0F7
:10CB200001032B60FAF792FB064604E0FAF78EFB4E
:10CB3000801B0228A5D82B685807F7D4236859E62C
:10CB400090077FF418AFE5E66B68226923F0FE4397
:10CB500043EA02636B6023684CE601207047634A36
:10CB6000216AD36823F07C5343EA0163D3602368CE
:10CB700076E6FAF76BFB064605E0FAF767FB801BE3
:10CB800002283FF67EAF2B689901F6D4A96A584B6C
:10CB9000A26A0B405749554E1343E26A43EA021317
:10CBA000AB62D4E90D32013B013A5B0212049BB245
:10CBB00002F4FE021343226B013AC2F3080213434C
:10CBC000E26B013A120602F0FE4213432B63EB6A5A
:10CBD00023F00103EB626A6BA36C114041EAC301CD
:10CBE0006963EB6A226C23F00C031343EB62EB6A7C
:10CBF000626C23F002031343EB62EB6A43F480336D
:10CC0000EB62EB6A43F40033EB62EB6A43F480239C
:10CC1000EB62EB6A43F00103EB622B6843F0807335
:10CC20002B60FAF713FB044605E0FAF70FFB001B35
:10CC300002283FF626AF33689A01F6D562E601284E
:10CC4000AA6A2E6B3FF45FAE02F00303A16A8B4227
:10CC50007FF4B6AEC2F30512E36A9A427FF4B0AE37
:10CC6000236BC6F30802013B9A427FF4A9AE636BC3
:10CC7000C6F34622013B9A427FF4A2AEA36BC6F3F1
:10CC80000642013B9A427FF49BAEE36BC6F3066615
:10CC9000013B9E427FF494AE6B6BA26CC3F3CC035A
:10CCA0009A423FF42FAE114AD36A23F00103D362B4
:10CCB000FAF7CCFA0546FAF7C9FAA842FBD00B4AB4
:10CCC0000020A16C0B4B546B234043EAC103536318
:10CCD000D36A43F00103D362F8BD42F480221A60A4
:10CCE0001A6842F480321A6070E500BF00440258AE
:10CCF0000CFCFFFF0700FFFF1C4D41F288372B6F34
:10CD000023F001032B672B6F23F004032B67FAF743
:10CD10009DFA064605E0FAF799FA801BB8423FF6FD
:10CD2000B0AE2B6F9807F6D4CFE5EB68226A23F0FC
:10CD30007C5343EA0263EB60236891E50B4A136F6F
:10CD400043F0010313678CE6084A536823F0F84365
:10CD500043F080435360236882E542F004021A677F
:10CD60001A6F42F001021A677BE600BF00440258C6
:10CD7000474A136903F03803102B04D0182B0DD049
:10CD80001BB14448704744487047136899064AD518
:10CD900013684248C3F3C103D8407047936A30B464
:10CDA000946AD56A14F47C7F516BC4F3051038D0B3
:10CDB000C1F3CC0105F0010503F0030305FB01F10C
:10CDC000012B07EE901AB8EEE77A02D0022B2CD096
:10CDD00093B307EE900A9FED325AF8EEE77A136BA1
:10CDE000C5EE276ADFED2F5AC3F3080307EE903A2A
:10CDF000B7EE006AF8EEE77AE7EE257A77EE867A04
:10CE000066EEA76A224B1B6BC3F34623013307EE82
:10CE1000903AB8EEE77AC6EE877AFCEEE77A17EE3C
:10CE2000900A30BC70471D48704707EE900A9FED8E
:10CE30001E5AF8EEE77AD2E713689B0620D51468ED
:10CE400007EE900A1549F7EE005A136BC4F3C104BC
:10CE5000F8EEE77A9FED135AC3F30803E14006EEBC
:10CE6000903A06EE101AF8EEE66AB8EEC66AE7EEF9
:10CE7000056A86EE277A76EEA56A66EE876AC1E7CE
:10CE800007EE900A9FED095AF8EEE77AA7E700BF90
:10CE90000044025800093D000024F4000090D00333
:10CEA0000024744A000000390024744B0024744CA0
:10CEB000002800F00C818C4A136803F00F038B42AA
:10CEC0002DE9F04104460D460CD2136823F00F0300
:10CED0000B431360136803F00F038B4202D0012051
:10CEE000BDE8F08123685F070BD5804920698A6916
:10CEF00002F07002904204D98A6922F07002024363
:10CF00008A611E070BD579496069CA6902F070020F
:10CF1000904204D9CA6922F070020243CA61D8065D
:10CF20000BD57249A069CA6902F4E062904204D943
:10CF3000CA6922F4E0620243CA6199060BD56B49C3
:10CF4000E0690A6A02F07002904204D90A6A22F08B
:10CF5000700202430A629A0740F1AB806348E168BD
:10CF6000826902F00F02914204D9826922F00F0215
:10CF70000A438261D80730D55C4AA168936923F4DB
:10CF800070630B43936161681368022900F0A1800C
:10CF9000032900F09880012900F0A18058079ED550
:10CFA000524E41F28838336923F007030B43336153
:10CFB000FAF74CF9074605E0FAF748F9C01B404577
:10CFC00000F28B803369626803F03803B3EBC20F61
:10CFD000F2D12368990706D5E1684448826902F0D6
:10CFE0000F028A4269D840490A6802F00F02AA4239
:10CFF0000AD90A6822F00F022A430A600A6802F07E
:10D000000F02AA427FF46BAF5A070BD5374920694C
:10D010008A6902F07002904204D28A6922F070029A
:10D0200002438A611F070BD530496069CA6902F063
:10D030007002904204D2CA6922F070020243CA61AF
:10D04000DE060BD52949A069CA6902F4E062904264
:10D0500004D2CA6922F4E0620243CA619D060BD57C
:10D06000224AE169136A03F07003994204D2136AF9
:10D0700023F070030B431362FFF77AFE1B4A03464B
:10D080001B4891699269C1F303211A4D02F00F0206
:10D09000194C415C825C01F01F01184802F01F022C
:10D0A000CB4000682B60D3402360BDE8F041FAF725
:10D0B0006BB8DA073FF560AF95E7826922F00F029F
:10D0C000114381618FE79F013FF56AAF07E70120B8
:10D0D00070479B033FF564AF01E7032000E7DE05DF
:10D0E0003FF55EAFFBE600BF00200052004402584F
:10D0F000F0910108800000248400002440010024F5
:10D10000184A38B5136903F03803102B1AD0182BBE
:10D1100023D0CBB11448134B14499A699B69C2F3CD
:10D120000322134C03F00F03124D8A5CCB5C02F018
:10D130001F0220FA02F203F01F0022FA00F02A6018
:10D14000206038BD0C48E6E713689B0608D51268D6
:10D150000A48C2F3C102D040DDE7FFF777FADAE709
:10D160000648D8E70044025800093D00F091010844
:10D1700084000024800000240024F4000090D003E8
:10D180001C4A38B5136903F03803102B21D0182B33
:10D190002BD003B31848174A18499369184DC3F3A5
:10D1A0000323184CCB5C03F01F0320FA03F39069B0
:10D1B00000F00F002B60085C00F01F00C3402360EC
:10D1C000D269C2F30212885C00F01F0023FA00F05B
:10D1D00038BD0D48DFE713689B0609D510680B4B77
:10D1E000C0F3C10023FA00F0D5E7FFF72FFAD2E72A
:10D1F0000648D0E70044025800093D00F0910108BC
:10D2000080000024840000240024F4000090D00357
:10D210001C4A38B5136903F03803102B21D0182BA2
:10D220002BD003B31848174A18499369184DC3F314
:10D230000323184CCB5C03F01F0320FA03F390691F
:10D2400000F00F002B60085C00F01F00C34023605B
:10D25000D269C2F30222885C00F01F0023FA00F0BA
:10D2600038BD0D48DFE713689B0609D510680B4BE6
:10D27000C0F3C10023FA00F0D5E7FFF7E7F9D2E7E2
:10D280000648D0E70044025800093D00F09101082B
:10D2900080000024840000240024F4000090D003C7
:10D2A000F8B53A4CA36A03F00303032B67D0236855
:10D2B00006460F4623F080632360F9F7C7FF054653
:10D2C00004E0F9F7C3FF431B022B56D823681A0169
:10D2D000F7D4A36A326823F47C3343EA0233A362AF
:10D2E000D6E90232013B013A5B0212049BB202F41E
:10D2F000FE0213437268013AC2F308021343326913
:10D30000013A120602F0FE421343A363E36A726914
:10D3100023F0C0031343E362E26AB36922F0200200
:10D320001A431B4BE262E26A22F01002E262E16BF6
:10D33000F2690B4043EAC203E363E36A43F010037C
:10D34000E362E36AEFB1012F0CBF43F4801343F4AF
:10D350000013E3620D4C236843F080632360F9F708
:10D3600075FF054604E0F9F771FF401B022804D859
:10D3700023681B01F7D50020F8BD0320F8BD01206C
:10D38000F8BD43F40023E362E4E700BF0044025821
:10D390000700FFFFF8B53A4CA36A03F00303032B21
:10D3A00067D0236806460F4623F080532360F9F7C1
:10D3B0004DFF054604E0F9F749FF431B022B56D801
:10D3C00023689A00F7D4A36A326823F07C7343EA97
:10D3D0000253A362D6E90232013B013A5B02120416
:10D3E0009BB202F4FE0213437268013AC2F30802D0
:10D3F00013433269013A120602F0FE4213432364DA
:10D40000E36A726923F440631343E362E26AB36937
:10D4100022F400721A431B4BE262E26A22F4807229
:10D42000E262616CF2690B4043EAC2036364E36A3F
:10D4300043F48073E362E36AEFB1012F0CBF43F45E
:10D44000000343F08073E3620D4C236843F0805384
:10D450002360F9F7FBFE054604E0F9F7F7FE401BF1
:10D46000022804D823689B00F7D50020F8BD0320CC
:10D47000F8BD0120F8BD43F48003E362E4E700BF98
:10D48000004402580700FFFF2DE9F843D0E90032BD
:10D4900004461D0103F0006623D5816EB1F5001F1F
:10D4A00000F04F8512D8002900F0A585B1F5801F46
:10D4B00040F09E8502210830FFF7F2FE0646002E5E
:10D4C00040F01E85A16ED4E9003203E0B1F5401FA3
:10D4D00040F08E85AE4D0026286D20F440100143AB
:10D4E0002965D8050AD5A16D042906D8DFE811F011
:10D4F0003205390516051003100301263546990536
:10D500001DD5E16D802900F0128500F2F980002917
:10D5100000F02084402940F0FA80002104F1080046
:10D52000FFF7BEFE0546D4E90032002D40F0EB8344
:10D53000974FE06D396D21F4E071014339655F0566
:10D5400021D5D4F8A810B1F5800F00F01D8500F2A8
:10D55000E180002900F00584B1F5001F40F0E28071
:10D56000002104F10800FFF79BFE0546D4E90032D4
:10D57000002D40F0CF83864FD4F8A800B96D21F478
:10D5800060010143B965180521D5D4F8AC10B1F19B
:10D59000007F00F0B98400F2C880002900F0D48335
:10D5A000B1F1807F40F0C980002104F10800FFF74D
:10D5B00077FE0546D4E90032002D40F0A283744F77
:10D5C000D4F8AC00B96D21F0E0610143B96599016F
:10D5D00018D5E16C202900F01E8400F2B18039B129
:10D5E000102940F0B0806A48C16A41F40031C1623C
:10D5F000002D40F0D383664FE06CF96C21F03001D0
:10D600000143F964DF041FD5216EB1F5005F00F01E
:10D61000B18400F29B80002900F09083B1F5805F17
:10D6200040F09C80002104F10800FFF739FE054618
:10D63000D4E90032002D40F06883554F206E396DDB
:10D6400021F4E0410143396598041DD5616EB1F5BF
:10D65000003F00F00F8400F2848059B1B1F5803FA3
:10D6600040F08780012104F10800FFF719FE05460C
:10D67000D4E90032002D40F09B83454F606E396D38
:10D6800021F4E0210143396559041DD5D4F8B010C7
:10D69000B1F1005F00F0FA836ED851B1B1F1805F53
:10D6A00072D1012104F10800FFF7FAFD0546D4E923
:10D6B0000032002D40F08083354FD4F8B000B96DB2
:10D6C00021F0E0410143B9651F040DD5216FB1F18F
:10D6D000805F00F0C783B1F1005F00F02582002970
:10D6E00000F02A8201263546D8015FD5A16C0329B6
:10D6F00000F2BB84DFE811F05600E1034E00560053
:10D70000C0293FF412AFB1F5807F3FF40EAF012680
:10D71000354614E7B1F5C00F3FF42AAFB1F5000F5D
:10D720003FF426AF012635462DE7B1F1407F3FF4A7
:10D7300043AFB1F1806F3FF43FAF0126354646E776
:10D7400030293FF455AF012635465BE7B1F5405F20
:10D750003FF470AFB1F5804F3FF46CAF0126354612
:10D7600072E721F48030B0F5802F83D0B1F5403FCF
:10D7700080D00126354687E721F08050B0F1804FF8
:10D7800097D0B1F1405F94D0012635469CE700BFA9
:10D7900000440258022104F10800FFF781FD05460C
:10D7A000D4E90032002D00F0FB822E46590200F130
:10D7B0005A82D8072FD5E16F28292AD8DFE811F03F
:10D7C000FA0129002900290029002900290029003F
:10D7D0000604290029002900290029002900290020
:10D7E000F201290029002900290029002900290027
:10D7F000FA0129002900290029002900290029000F
:10D80000FA012900290029002900290029002900FE
:10D81000FA0101263546990717D5A16F052900F2AF
:10D820002084DFE811F00E00BB0306000E000E009E
:10D830000E00012104F12800FFF7ACFD0546D4E9F4
:10D840000032002D00F099822E465F0718D5D4F8DB
:10D850009410052900F20D84DFE811F00E00AC03EE
:10D8600006000E000E000E00012104F12800FFF753
:10D8700091FD0546D4E90032002D00F086822E4647
:10D8800098061FD5D4F89010B1F1005F00F009831D
:10D8900000F20B8159B1B1F1805F40F0108100219D
:10D8A00004F10800FFF7FCFC0546D4E90032002D26
:10D8B00040F05F82A64FD4F89000796D21F0E041EE
:10D8C0000143796559061FD5D4F89C10B1F5006F56
:10D8D00000F0B28200F2F68059B1B1F5806F40F0ED
:10D8E000FB80002104F10800FFF7DAFC0546D4E9CB
:10D8F0000032002D40F06282954FD4F89C00B96D43
:10D9000021F4E0510143B9651F061FD5D4F8A010DA
:10D91000B1F5804F00F09B8200F2E18059B1B1F582
:10D92000005F40F0E680002104F10800FFF7B8FC3A
:10D930000546D4E90032002D40F03C82844FD4F8F3
:10D94000A000B96D21F460410143B96518070BD5FA
:10D95000D4F88400B0F5805F00F0B8827C4F796D18
:10D9600021F4405101437965D9060BD5D4F89800CC
:10D97000B0F5807F00F0B782754FB96D21F440712A
:10D980000143B9651F030ED5D4F8A410B1F5803F4B
:10D9900000F0F480B1F5003F00F0F880002900F0BD
:10D9A0002E820126354658030FD5D4F88810B1F5DC
:10D9B000001F00F0CF80B1F5401F00F0D380B1F51B
:10D9C000801F00F0148201263546D90309D5216D48
:10D9D000002900F00382B1F5803F00F09D8101260F
:10D9E00035469F0000F1F18098030CD5D4F88010E3
:10D9F000B1F5807F00F0EA817ED921F48070B0F526
:10DA0000007F7BD00126D90206D55148656F016D94
:10DA100021F0004129430165DF0007D54C48D4F8C7
:10DA2000B850016921F48041294301619D0206D566
:10DA30004748E56E016D21F080712943016558006A
:10DA400009D54349086920F4004008610869D4F801
:10DA5000BC5028430861002B06DA3D48656DC16C57
:10DA600021F040512943C164190207D53849D4F83F
:10DA70008C004B6D23F4400303434B65D30700F147
:10DA8000B080970700F1BA80550700F1C4801007F5
:10DA900000F1CE80D10600F1D880920600F12581F8
:10DAA000301E18BF0120BDE8F88321F08050B0F18E
:10DAB000804F3FF4FCAEB1F1405F3FF4F8AE012679
:10DAC0003546FFE621F48060B0F5805F3FF411AF8A
:10DAD000B1F5406F3FF40DAF0126354614E721F450
:10DAE0000050B0F5004F3FF426AFB1F5C04F3FF402
:10DAF00022AF0126354629E7002983D1002D40F0C9
:10DB00006381134D686D20F44070014369657AE7C5
:10DB10003546002D40F0FB800D4FA06D396D21F092
:10DB2000070101433965EAE4012104F10800FFF728
:10DB3000B7FB0546D4E90032002D40F01C81044FAC
:10DB4000206F396D21F0405101433965CCE500BFAC
:10DB500000440258012104F12800FFF71BFC054690
:10DB6000D4E90032002D40F02D81B14FD4F8880067
:10DB7000796D21F440110143796526E7022104F112
:10DB80002800FFF707FC0546D4E90032002D40F0DD
:10DB90001781A74FD4F8A400B96D21F44031014397
:10DBA000B96500E7012104F12800FFF7F3FB054602
:10DBB000D4E90032002D40F0DA809D4FE06F796D9E
:10DBC00021F038010143796525E6022104F128009E
:10DBD000FFF7E0FBD4E9003200283FF405AF01264F
:10DBE00002E7002104F10800FFF75AFB62680028F1
:10DBF0003FF447AF970706467FF546AF012104F192
:10DC00000800FFF74DFB626800283FF43DAF550761
:10DC100006467FF53CAF022104F10800FFF740FB08
:10DC2000626800283FF433AF064610077FF532AF35
:10DC3000002104F12800FFF7ADFB626800283FF4E3
:10DC400029AFD10606467FF528AF04F1280501214A
:10DC50002846FFF79FFB002800F0DB8063689B06E7
:10DC60004CD5064643E0734F3B6843F480733B60FA
:10DC7000F9F7ECFA804606E0F9F7E8FAA0EB0800BD
:10DC8000642800F2AF813B68DA05F5D5002D40F03D
:10DC9000E381674AD4F8B430116F594011F4407FE2
:10DCA0000BD0116F106F21F4407140F48030106779
:10DCB000106F20F4803010671167B3F5807F00F09B
:10DCC000AD8103F44072B2F5407F00F0BB8158494A
:10DCD0000A6922F47C520A615548C3F30B01076FAD
:10DCE0003943D4E90032016763E504F128050221D4
:10DCF0002846FFF74FFB00283FF4D2AE0120BDE8D5
:10DD0000F8832E4663E42E4619E42E469CE42E4604
:10DD1000FFF7F5BB2E4636E4022104F10800FFF7B9
:10DD2000BFFA0546D4E90032002D5ED1404F206D88
:10DD3000F96C21F480310143F96452E63C48C16A30
:10DD400041F40031C16275E43948C16A41F40031DF
:10DD5000C16231E43648C16A41F40031C162FFF763
:10DD6000E4BB3348C16A41F40031C16200E42E468D
:10DD700051E52E46A6E52E46B6E42D4FA06F796DEF
:10DD800021F00701014379655FE5294FD4F894003C
:10DD9000B96D21F007010143B96571E52E4631E403
:10DDA000234FA06CF96C21F003010143F964FDE4F9
:10DDB0002E4669E42E46C9E52E4685E42E46A3E5A7
:10DDC0002E46F0E52E4600E62E461CE6184FF86A71
:10DDD00040F40030F862002DF6D192E61448C16A92
:10DDE00041F40031C162002DA0D02E46F9E5104863
:10DDF000C16A41F40031C162002DE3D1B5E604F1FE
:10DE00000800FFF74DFA0546D4E90032002DD7D1BE
:10DE1000BFE6626841E6022104F10800FFF740FA1C
:10DE20000546D4E90032002DB8D1FFF7E4BB00BFAE
:10DE30000044025800480258022104F12800FFF76C
:10DE4000A9FA0546D4E90032002DB7D154E50221E4
:10DE500004F12800FFF79EFA0546D4E90032002DB0
:10DE6000A8D16BE58448C16A41F40031C162002D3C
:10DE700081D164E6012104F12800FFF78BFA054601
:10DE8000D4E90032002D93D1FFF7F7BB012104F153
:10DE90002800FFF77FFA0546D4E90032002D8BD128
:10DEA0000AE4022104F12800FFF774FA0546D4E9D8
:10DEB0000032002D7FF45DAFFCE46F48C16A41F48D
:10DEC0000031C162002D7FF470AC69E7022104F1DA
:10DED0002800FFF75FFA002840F09480D4F884000F
:10DEE000D4E900323AE5022104F12800FFF752FAA2
:10DEF000002840F08D80D4F89800D4E900323BE54A
:10DF0000D4E90032FFF7EDBA002104F12800FFF751
:10DF100041FA0546D4E90032FFF74EBB002104F177
:10DF20002800FFF737FA0546D4E90032F1E5002171
:10DF300004F12800FFF72EFA0546D4E90032FFF776
:10DF4000F4BA02212830FFF725FA0646002E3FF4E6
:10DF5000B9AAD5E748483546C16A41F40031C162E3
:10DF6000D7E5002104F10800FFF79AF90546D4E946
:10DF70000032CEE5002104F12800FFF70BFA054638
:10DF8000D4E90032FFF756BB002104F12800FFF767
:10DF900001FA0546D4E90032FFF7EABA012104F19B
:10DFA0000800FFF77DF90546D4E90032002D7FF423
:10DFB0004BACE2E6012104F10800FFF771F90546D8
:10DFC000D4E90032002D7FF45AACDEE6012104F1E1
:10DFD0000800FFF765F90546D4E90032002D7FF40B
:10DFE000C6AEEAE50326D4E900323546FFF7E1BBC9
:10DFF0000126FFF776BA204DE86A40F40030E86267
:10E00000FFF768BAD4F884000126D4E90032A5E409
:10E01000D4F898000126D4E90032ADE4F9F716F9F6
:10E02000DFF85480074641F2883904E0F9F70EF929
:10E03000C01B4845D6D8D8F870309B07F6D5D4F821
:10E04000B4303EE60C480D4A016902EA131221F48D
:10E050007C510A4302613FE6D4E900322E46FFF7C5
:10E06000A8BB01263546FFF7F0BB01263546FFF772
:10E070009DBB0126354603E400440258CFFFFF0054
:10E0800008B5FFF73DF8054B054A1B6AC3F30213B9
:10E09000D35C03F01F03D84008BD00BF0044025802
:10E0A000F0910108584B70B4996A9D6ADE6A15F4C4
:10E0B0007C3FC5F30532DC6B5CD0C4F3CC04C6F303
:10E0C000001601F0030106FB04F4012907EE904A53
:10E0D000B8EEE77A03D0022975D000294FD007EEB9
:10E0E000902ADFED4A6AF8EEE77A9B6B86EEA76A24
:10E0F0009FED475AC3F3080306EE903AF7EE005A35
:10E10000F8EEE66AE7EE056A76EEA56A66EE266A3E
:10E110003D4AB7EE006A936BC3F3462307EE103A0D
:10E12000B8EEC77A70BC37EE067AC6EE877AFCEE98
:10E13000E77AC0ED007A936BC3F3064307EE103A1B
:10E14000B8EEC77A37EE067AC6EE877AFCEEE77A43
:10E15000C0ED017A936BC3F3066307EE903AF8EED5
:10E16000E77A77EE867A86EEA77ABCEEC77A80EDFC
:10E17000027A704770BCC0E900228260704719685B
:10E18000890627D51C6807EE902A2249F7EE005A27
:10E190009B6BC4F3C102F8EEE77A9FED1D5AC3F3FF
:10E1A0000803D14006EE903A06EE101AF8EEE66A41
:10E1B000B8EEC66AE7EE056A86EE277A76EEA56ABD
:10E1C00066EE876AA4E707EE902ADFED136AF8EEA1
:10E1D000E77A8AE707EE902A9FED105A9B6BB7EE1D
:10E1E000006AF8EEE77ADFED0A5AC3F30803C5EEDA
:10E1F000276A07EE903AF8EEE77AE7EE257A77EEAF
:10E20000867A66EEA76A83E7004402580024744ABF
:10E21000000000390090D0030024744B0024744C9B
:10E22000584B70B4996A9D6ADE6A15F07C7FC5F31D
:10E2300005525C6C5CD0C4F3CC04C6F3002601F03C
:10E24000030106FB04F4012907EE904AB8EEE77AD1
:10E2500003D0022975D000294FD007EE902ADFEDB8
:10E260004A6AF8EEE77A1B6C86EEA76A9FED475A7A
:10E27000C3F3080306EE903AF7EE005AF8EEE66AAA
:10E28000E7EE056A76EEA56A66EE266A3D4AB7EEC7
:10E29000006A136CC3F3462307EE103AB8EEC77A50
:10E2A00070BC37EE067AC6EE877AFCEEE77AC0EDF0
:10E2B000007A136CC3F3064307EE103AB8EEC77A40
:10E2C00037EE067AC6EE877AFCEEE77AC0ED017A81
:10E2D000136CC3F3066307EE903AF8EEE77A77EE35
:10E2E000867A86EEA77ABCEEC77A80ED027A70470E
:10E2F00070BCC0E90022826070471968890627D582
:10E300001C6807EE902A2249F7EE005A1B6CC4F3F2
:10E31000C102F8EEE77A9FED1D5AC3F30803D1401E
:10E3200006EE903A06EE101AF8EEE66AB8EEC66A05
:10E33000E7EE056A86EE277A76EEA56A66EE876ACC
:10E34000A4E707EE902ADFED136AF8EEE77A8AE792
:10E3500007EE902A9FED105A1B6CB7EE006AF8EE9C
:10E36000E77ADFED0A5AC3F30803C5EE276A07EE22
:10E37000903AF8EEE77AE7EE257A77EE867A66EE5F
:10E38000A76A83E7004402580024744A0000003959
:10E390000090D0030024744B0024744C5C4B70B488
:10E3A000996A9D6ADE6A15F47C7FC5F305125C6B81
:10E3B0005CD0C4F3CC0406F0010601F0030106FBB7
:10E3C00004F4012907EE904AB8EEE77A7ED00229DC
:10E3D00075D000294FD007EE902ADFED4E6AF8EE97
:10E3E000E77A1B6B86EEA76A9FED4B5AC3F30803CF
:10E3F00006EE903AF7EE005AF8EEE66AE7EE056AA6
:10E4000076EEA56A66EE266A414AB7EE006A136B9D
:10E41000C3F3462307EE103AB8EEC77A70BC37EE66
:10E42000067AC6EE877AFCEEE77AC0ED007A136BC7
:10E43000C3F3064307EE103AB8EEC77A37EE067A12
:10E44000C6EE877AFCEEE77AC0ED017A136BC3F370
:10E45000066307EE903AF8EEE77A77EE867A86EE74
:10E46000A77ABCEEC77A80ED027A704770BCC0E92B
:10E47000002282607047196889062ED51C6807EE55
:10E48000902A2649F7EE005A1B6BC4F3C102F8EE3E
:10E49000E77A9FED215AC3F30803D14006EE903A84
:10E4A00006EE101AF8EEE66AB8EEC66AE7EE056AFE
:10E4B00086EE277A76EEA56A66EE876AA4E707EE0F
:10E4C000902ADFED176AF8EEE77A8AE707EE902ADE
:10E4D000DFED146AF8EEE77A83E707EE902A9FED06
:10E4E0000D5A1B6BB7EE006AF8EEE77ADFED0A5AB9
:10E4F000C3F30803C5EE276A07EE903AF8EEE77A11
:10E50000E7EE257A77EE867A66EEA76A7CE700BFAB
:10E51000004402580024744C000000390090D003DD
:10E520000024744B0024744AA0F580730B4300B59B
:10E5300085B000F08480A0F500730B4339D0A0F5BE
:10E5400080630B4300F0E680A0F500630B4300F00E
:10E550008980A0F580530B4361D0A0F500530B4395
:10E5600000F01281A0F500230B4300F0A380A0F57A
:10E5700080330B4300F0FA80A0F580430B4300F09A
:10E580004381A0F5004050EA010337D1994A136D49
:10E5900003F04053B3F1805F00F08380B3F1005F7C
:10E5A00000F0568153BB106810F4003044D09248FC
:10E5B00042E0904A136D03F4E073802B00F0A580D5
:10E5C00020D9C02B37D0B3F5807F17D1D36C116819
:10E5D00003F04053490702D5002B00F0C180854A63
:10E5E0001268D00503D5B3F1805F00F00181814A44
:10E5F0001268910302D5B3F1005FD8D0002005B0B6
:10E600005DF804FB002B4CD0402BF7D1106810F0C4
:10E61000006011D001A8FFF745FD01980CE0754A94
:10E62000136D03F4E043B3F5005F6ED037D9B3F553
:10E63000405F40F08780714805B05DF804FB6D4B8A
:10E640001B6D03F00703042BD8D801A252F823F066
:10E65000F3E60008CFE60008DFE6000837E600082A
:10E66000DBE60008634A936D03F0E063B3F1007FDB
:10E670004BD044D9B3F1407FDDD0B3F1806FBDD131
:10E68000D36C126803F040535207A8D5002BA6D1D3
:10E69000584B5B481B68C3F3C103D840CCE7002B41
:10E6A00054D1106810F00070C6D001A8FFF776FEB4
:10E6B0000298C1E74F4A936D03F44033B3F5803FAE
:10E6C00000F0D080B3F5003FDAD0002B96D1494B53
:10E6D000186810F00060AFD09CE7464A76E7454BDB
:10E6E000186810F00050A7D001A8FFF799FD019815
:10E6F000A2E7404B186810F000709DD0D5E7002BC2
:10E70000CFD0B3F1807F81D078E7106810F000504F
:10E7100092D0E9E7374A936D03F46003B3F5800FB5
:10E72000F3D006D8002BBCD0B3F5001F3FF46EAF7A
:10E7300064E7B3F5C00F3FF47EAFB3F5000F3FF4CD
:10E7400045AF5BE7B3F5804F9AD057E7B3F5805FED
:10E750003FF45CAF52E7106810F004003FF46CAF78
:10E7600013682748C3F3C103D84065E7214BDA6C2F
:10E77000D203BFD5186810F000603FF45DAF01A868
:10E78000FFF790FC039857E71A4A136D03F4E02350
:10E79000B3F5403FDFD010D8B3F5803F58D0B3F584
:10E7A000003F18D1134B186810F000503FF444AFED
:10E7B00001A8FFF735FD02983EE7B3F5802F12D090
:10E7C000B3F5A02F7FF41AAF0A4B186810F400308D
:10E7D0003FF432AFEBE6002B7FF410AF05B05DF8ED
:10E7E00004EBFEF7CDBC106810F480703FF424AF4A
:10E7F000044821E7004402580024F4000080BB00D4
:10E800000090D00300093D00284B9B6D03F0E043CE
:10E81000B3F1405F37D014D8B3F1805F3FD0B3F18C
:10E82000005FBFD0002B7FF4E9AEFEF769FC1F4B01
:10E830001F4A1B6AC3F30213D35C03F01F03D840C3
:10E84000FAE6B3F1804F17D0B3F1A04FBCD0D5E6B4
:10E85000106810F000603FF4EFAE01A8FFF722FC53
:10E860000298E9E6106810F000503FF4E5AE01A808
:10E87000FFF7D6FC0398DFE60C4B186810F48070A5
:10E880003FF4DAAEB4E7094B186810F004003FF427
:10E89000D3AE1B680748C3F3C103D840CCE6034B93
:10E8A000186810F000603FF4C7AED6E70044025885
:10E8B000F09101080090D003F8B501680546AB4B14
:10E8C00099421CD02033994219D003F578739942AC
:10E8D0004ED0203399424BD003F57873994200F023
:10E8E0002E812033994200F02A81A14B994200F0F9
:10E8F00028812033994200F024810120F8BD9D4EEB
:10E9000095F8913003F0FF02002B38D09A4B9B4AC8
:10E910001B68A2FB03230A681B0B22F480329B00B6
:10E920000A60002B32D00C68013B14F48034F8D11B
:10E93000022385F89130EB68012B00F04481022B13
:10E9400015BF032023200227222715BF4FF0010CFB
:10E950004FF0210C00222022AB68013B042B00F277
:10E960006E81DFE813F0E1001C00E8001B00E4000A
:10E9700095F89130824E03F0FF02002BC6D1284655
:10E9800085F89020F7F7C6F92968BFE7D5F89430E5
:10E99000012043F04003C5F89430F8BD3A464FF4E7
:10E9A00000672B6A3260002B49D0704B994200F00F
:10E9B0001F817448081AB0FA80F04009002840F01E
:10E9C0001781714B994200F021812033994200F068
:10E9D0001D816E4B994200F012812033994200F064
:10E9E0000E81634B994200F02181694B994200F0FE
:10E9F0001781AB69B3F5002F00F0EB80AA6A00EB3A
:10EA00008000696CB2F1806F4FEA4003286A0CBF46
:10EA10000222012200FB02F21202B3FBF2F35D4A72
:10EA2000A2FB0302D20802EB8200A3EB4003092BF6
:10EA300008BF013204296A6201D152086A626B6818
:10EA400033F002032B6D40F0B980012B14BF4FF45B
:10EA500000740024F8F712FC696CB0F5005FD5E98A
:10EA6000003242EA0102A96C42EA0102E96C42EA80
:10EA70000102E96A42EA0102696942EA0102C0F060
:10EA80009580A96918680A43A96A0A434249014066
:10EA9000196029690A4319680A43696A42EA0152FE
:10EAA0003E493A4322431A605A68286B1140EA698A
:10EAB0000243686B5960024359680A4338495A60F7
:10EAC0009A6811406A6E9960E96D98680A43296EE8
:10EAD0000A43696D01390A43A96D013942EA0122ED
:10EAE00002434FF220009A60D968AA6E0140D960B3
:10EAF000E96ED8680A43696F42EA0142296F013919
:10EB000042EA0122194902438B42DA601BD0184ABB
:10EB1000934218D000230122C5F89430184685F896
:10EB2000912085F89030F8BD4FF4806739E70246B0
:10EB30004FF4006735E762464FF4006731E7194E3E
:10EB4000DEE6194EDCE6736C23F00103736495F87E
:10EB50003830012BDED1D5E90F23013A43EA021305
:10EB60007364736C43F001037364D3E7045801408A
:10EB70000454005800580140800000241BECCB9541
:10EB8000005C014024580140045C014004600140E5
:10EB900024540058CDCCCCCC10C005F0F01FFFFFA2
:10EBA0000080F8FF0060014000540058A96918680F
:10EBB0000A43244901401960A96A6BE7012B08BF89
:10EBC0004FF4007446E7132012274FF0110C102267
:10EBD000C2E6696C042930D008291ED06A6D00EBAA
:10EBE00080004300286A00FB02F2B3FBF2F316E751
:10EBF00000214FF48070FFF797FC2968E1E60021BF
:10EC00004FF40070FFF790FC2968EAE600214FF40A
:10EC10000070FFF789FC2968DBE64FF48072DEE7BD
:10EC200000214FF40060FFF77FFCE2E600214FF483
:10EC30008060FFF779FC2968D7E64022CFE70027FC
:10EC4000AFE600BF10C005F8022938B5044635D933
:10EC5000C81E012830D8002023676064E064E065A6
:10EC6000A0664FF6FF706067606830F002000CBF6E
:10EC70000125002504294FF4003125650CBF012032
:10EC80000D2021664FF48021A0656166032A13D808
:10EC9000DFE802F03E4F555C2368474A934205D0B7
:10ECA00002F1C052A2F58232934205D16368012B72
:10ECB00002D1636C002B37D0012038BD00202367C0
:10ECC0006064E064A066606830F0020014BF012058
:10ECD000002020654FF48030E0654FF6FF706067DC
:10ECE00013F00100E8D149B94FF48020C4E91810AD
:10ECF000032AE1D8DFE802F05546362C60664FF46F
:10ED000000302066032AD7D8DFE802F04B3C2C22E3
:10ED100080211B014022A1646365E266F8F7AEFA28
:10ED200094F83830012BB7D02046BDE83840FFF7C3
:10ED3000C3BD80225B01A2646365E266EEE7C02189
:10ED40005B018022A1646365E266E7E7E021F7E703
:10ED50005B08E02080219A01A0645B01E166C4E9C0
:10ED60001523DBE75B08C022802502294FEA8310C8
:10ED7000A2644FEA4313E5666065A365CED108231C
:10ED8000A366CBE75B08802202294FEA8310A264C6
:10ED90004FEA4313E266C4E91503BFD11023A3660B
:10EDA000BCE75B08802040215A01A0641B01E1669A
:10EDB000C4E91523B2E700BF045801402DE9F84328
:10EDC0000F4604461546F8F741FA002F61D0B5FA10
:10EDD00085F84FEA5818002D5BD094F89130012B3C
:10EDE0005FFA83F950D194F89030012B4CD0434610
:10EDF000C4F894800646D4F8800065F30F032268B7
:10EE000084F89090394665F31F43A7671C32E36787
:10EE10002B46122584F891502E4DC0F85080056481
:10EE20002D4DC5632D4DC564F9F774FC00283ED106
:10EE3000636C082B636831D005216122023B012BF2
:10EE400098BF1146226813690B431361136843F49A
:10EE50000033136006E0F8F7F9F9831BB3F57A7F06
:10EE60002AD82268556915F4E025F4D01368DB032D
:10EE700003D4136843F4803313600023994684F865
:10EE800090304846BDE8F8834FF002094846BDE897
:10EE9000F8834FF001094846BDE8F88323F00202E9
:10EEA000012A0BBF1521052171226122C6E74846C0
:10EEB00084F89080BDE8F883D4F894304FF00309CB
:10EEC00084F8905043F040034846C4F89430BDE8BD
:10EED000F88300BF1DF00008B5EF00089DF00008A2
:10EEE000F8B500294ED0B2FA82F513466D09002A12
:10EEF00048D090F891200446012AD6B23FD190F82C
:10EF00009020012A3BD081670A462946222780F8B3
:10EF1000906063F30F01C0F8945063F31F41C16721
:10EF2000D0F8840084F891701E4F216807641E4F4A
:10EF30001C310565C7631D4FC764F9F7EBFB20BBA8
:10EF4000636C6268082B24D0052161202368023A93
:10EF5000012A98BF01461A690A431A611A6842F4E5
:10EF600000321A601A68D20303D41A6842F480325D
:10EF70001A6000231E4684F890303046F8BD022601
:10EF80003046F8BD01263046F8BD304684F8905032
:10EF9000F8BD22F00203012B0BBF152105217120C2
:10EFA0006120D3E78DF0000829F000089DF00008EB
:10EFB000704700BF08B5C369806BB3F5807F1BD075
:10EFC00003684FF0000C416C1A680829A0F87EC055
:10EFD00022F400321A60426811D06FF0610C6FF0B9
:10EFE0000501023A012A98BF61461A694FF0010CE7
:10EFF0000A401A6180F891C0FFF7DAFF08BD22F0DD
:10F00000020101290BBF6FF0710C6FF0610C6FF002
:10F0100015016FF00501E4E7704700BF806B08B58C
:10F02000FFF7FAFF08BD00BF08B5C369806BB3F5F1
:10F03000807F1BD003684FF0000C416C1A680829D0
:10F0400022F400321A604268A0F87EC011D06FF03E
:10F05000610C6FF00501023A012A98BF61461A69F6
:10F060004FF0010C0A401A6180F891C0F6F758FF82
:10F0700008BD22F0020101290BBF6FF0710C6FF087
:10F08000610C6FF015016FF00501E4E7806B08B5C6
:10F09000F6F70AFF08BD00BF704700BF10B5846BCC
:10F0A000FAF76CFA022823D0D4F89420216842F0B1
:10F0B0008002134B1348C4F894201B680A68A0FB15
:10F0C000030322F400321B0B0A600A689B0022F43F
:10F0D00080320A606BB10A68013BD203FAD4012284
:10F0E0000023204684F89120A4F87E30FFF7D4FF57
:10F0F00010BDD4F8943043F04003C4F89430EEE7E8
:10F10000800000241BECCB9518B338B590F82C3058
:10F1100004460D4603F0FF02B3B12146022384F8F2
:10F120002C3051F8040B00F051F862682946206831
:10F1300000F08AF8084A01210020136843F00043D8
:10F14000136084F82C1038BD80F82D20F3F7A2FD51
:10F15000E3E70120704700BF0040005270B590F80F
:10F160002C300446022BD8B204D000F0FB06012E4E
:10F1700001D0012070BD02230D46206884F82C3098
:10F1800000F0AEF82B68022B03D0002084F82C602E
:10F1900070BD0523002084F82C3070BD38B590F880
:10F1A0002C300446022BD8B205D094F82C30012B19
:10F1B000DDB201D0012038BD0223206884F82C3054
:10F1C00000F0A6F8002084F82C5038BD0B6810B46D
:10F1D000D3B90468A3F500434A6823401343D1E937
:10F1E000024223431343D1E9044223431343D1E9A9
:10F1F000064223431343D1E9084223435DF8044BFD
:10F2000013430360002070470268D1E9074322F4EA
:10F21000F84222434C6A1A430A4B22430260426876
:10F220001340D1E9014223431343D1E9034223436D
:10F230001343D1E9054223435DF8044B1343436074
:10F24000002070470080FFFF30B40ABB8368D1E91B
:10F25000002403F07043013C013A43EA04131343D2
:10F26000D1E90224013A013C43EA022343EA043291
:10F27000D1E904348969013B013C013942EA034385
:10F2800043EA045343EA016330BC836000207047C3
:10F290008268CC68114B013C13404A6943EA04334D
:10F2A000541E43EA0454D1E900258460C3686C1EEF
:10F2B000013A03F0704343EA04130C691A438B6864
:10F2C000013C8969013B013942EA032343EA0443D3
:10F2D00043EA016330BCC36000207047FF0F0FFF9B
:10F2E00010B4D1E90034024600692343D1E9021485
:10F2F00043EA4423054C01390440002023435DF8D0
:10F30000044B43EA41131361704700BF0000C0FF84
:10F310000246054B002010B4546923405DF8044BAD
:10F3200043EA41015161704701C0FFFF84B0844648
:10F3300000B583B00DF1140E8EE80E000A9B012B70
:10F340003ED1826BA3F14213119922F4803201293C
:10F350008263C26803EA0203C360C36823F44013F4
:10F36000C3607CD00023404A009303E0DCF81030F7
:10F37000002B41DB009B01330093009B9342F5D9A6
:10F380000320079B012B16D1DCF85C20374B92B28F
:10F39000CCF85C20DCF85C201343CCF85C30DCF863
:10F3A000083043F00603CCF80830DCF8083043F0AE
:10F3B0002003CCF8083003B05DF804EB04B07047CC
:10F3C000C3680021284A43F04003C360019103E071
:10F3D000DCF81030002B2CDB019B01330193019BE7
:10F3E0009342F5D903200E9BE3B9DCF8383043F49F
:10F3F0008033CCF83830C4E700231B4A0093DCF894
:10F40000103043F00103CCF8103004E0DCF81000B9
:10F4100010F00100B5D0009B01330093009B934294
:10F42000F4D9ADE7DCF8383023F48033CCF8383049
:10F43000A7E700230C4A0193DCF8103043F00103E6
:10F44000CCF8103004E0DCF8100010F00100CAD055
:10F45000019B01330193019B9342F4D9C2E7C36836
:10F4600043F48013C3607DE7400D03000000EE030A
:10F47000022A03460BD04FF4105CD968002021F417
:10F480007051D960DA6842EA0C02DA607047234AA8
:10F4900023480A4482422CD9224A23480A44824201
:10F4A0002AD9224A22480A44824228D9214A22489B
:10F4B0000A44824226D3214A21480A44824224D95E
:10F4C000204A21480A44824222D3204A20480A4442
:10F4D0008242D0D31F4A20480A4482421BD31F4A8B
:10F4E0001F480A44824234BF4FF4E05C4FF4C05CD2
:10F4F000C3E74FF4705CC0E74FF4605CBDE74FF4C6
:10F50000505CBAE74FF4405CB7E74FF4305CB4E7C7
:10F510004FF4205CB1E74FF4005CAEE7405327FFA7
:10F52000FF340C00401E1BFF3F420F0000DC0BFFAE
:10F530007F4F1200808CF9FE20D6130060B6E5FEE6
:10F540005FE3160000D3CEFE40771B00C05BB3FE26
:10F55000C091210000CA91FE20753800E05459FE88
:10F56000E09C4100034600209A6842F001029A6044
:10F57000704700BF034600209A6822F001029A609B
:10F58000704700BF38B5C3680129054623F0C04362
:10F59000C36017D0A1B9C3680C4643F08043C36071
:10F5A00001E0322C0CD001200444F7F755FE6B69C2
:10F5B000DB07F6D4A4F13200B0FA80F0400938BD80
:10F5C000012038BDC368002443F00053C36001E04C
:10F5D000322CF5D001200444F7F73EFE6B69DA07C0
:10F5E000F6D5A4F13200B0FA80F04009E7E700BF99
:10F5F00084B02DE9F04383B00BAC159D84E80E0078
:10F6000000230C46C0F80431C0F80831C0F80C31B2
:10F61000C0F81031C0F81431C0F81831C0F81C31EE
:10F62000C0F82031C0F82431C0F82831C0F82C319E
:10F63000C0F83031C0F83431C0F83831C0F83C314E
:10F64000002D40F0A780D0F8043800F5006C43F09E
:10F650000203CCF80430836B23F400138363036844
:10F6600043F040030360036843F08003036000231A
:10F67000C0F8003E109B012B00F09980DCF80030B0
:10F6800043F00303CCF800300023624A009303E008
:10F690000369002BC0F2A380009B01330093009B01
:10F6A0009342F5D9012100235A4A019303E00369EB
:10F6B000002BC0F28380019B01330193019B934295
:10F6C000F5D901210022CCF81020CCF81420CCF878
:10F6D0001C20DCB100F510634FF090484FF000693A
:10F6E00017464FF67F3E07E01F6001321F61C3F8E7
:10F6F00008E02033944230D01E68002EF4DA12B1B4
:10F70000C3F80080F1E7C3F80090EEE7DCF81030B2
:10F71000002223F48073CCF810306FF080438261B4
:10F7200043610D9B1BB9836943F0100383618269B8
:10F73000394B1343119A83611AB1836943F008036B
:10F740008361012D03D18269344B134383610846E1
:10F7500003B0BDE8F04304B07047002200F5306309
:10F760004FF090484FF0006917464FF67F3E07E094
:10F770001F6001321F61C3F808E020339442C5D0F6
:10F780001E68002EF4DA12B1C3F80080F1E7C3F866
:10F790000090EEE7836B00F5006C43F40013836385
:10F7A0000023C0F8003E109B012B7FF467AF0E9B37
:10F7B00043BBDCF80030CCF8003065E70023154A85
:10F7C00001931023036103E00369DB067FF57AAF41
:10F7D000019B01330193019B9342F5D971E700230B
:10F7E0000C4A00934FF48463036104E0016911F053
:10F7F00020013FF458AF009B01330093009B9342DC
:10F80000F4D94FE7DCF8003043F00103CCF80030C6
:10F810003AE700BF400D030000383C800400004080
:10F8200082B00023124A019302E00369002B08DB37
:10F83000019B01330193019B9342F6D9032002B04F
:10F840007047890100230A4A41F0200101930161B8
:10F8500003E0036913F0200306D0019B01330193F9
:10F86000019B9342F5D9E9E7184602B0704700BF03
:10F87000400D030082B00023114A019302E00369A6
:10F88000002B08DB019B01330193019B9342F6D9C6
:10F89000032002B0704700211023094A019103613F
:10F8A00003E0036913F0100306D0019B01330193B9
:10F8B000019B9342F5D9EBE7184602B0704700BFB1
:10F8C000400D0300D0F8083813F0060004D013F000
:10F8D000020F14BF02200F20704700BF30B44B78D6
:10F8E0000A78012B20D002F00F0C4FF48033D0F8AF
:10F8F0001C4800EB421203FA0CF32343C0F81C38F7
:10F90000D2F8003B1B040CD48B68D2F8004BC3F335
:10F910000A0308791449234343EA80431943C2F890
:10F92000001B002030BC704700F5006402F00F059A
:10F9300000EB4210AB40E5692B43E361D0F800399E
:10F940001C04EED48B68D0F80059C3F30A030C7979
:10F9500005492B4343EA844343EA8252114330BCB6
:10F96000C0F8001900207047008000104A780B781A
:10F97000012A00EB431C2AD0DCF8002B002A19DBFB
:10F980004FF4803203F00F03D0F83C1802FA03F36F
:10F99000234A21EA0301C0F83C18D0F81C1821EAD8
:10F9A0000303C0F81C380020DCF8003B1A40CCF8F8
:10F9B000002B7047DCF8002B42F00062CCF8002BE3
:10F9C000DCF8002B42F08042CCF8002BD8E7DCF8C2
:10F9D0000029002A0BDADCF8002942F00062CCF89A
:10F9E0000029DCF8002942F08042CCF8002903F01D
:10F9F0000F020123D0F83C1893400A4A21EA030180
:10FA0000C0F83C18D0F81C1821EA0303C0F81C38D1
:10FA10000020DCF800391A40CCF80029704700BFFC
:10FA20000078F3EF007833EC2DE9F0414B780C7857
:10FA3000012B45D000EB44139A4E9B4DD3F8107B1D
:10FA400003F5306C3E40C3F8106BD3F8106B3540B3
:10FA5000C3F8105B7CBB0C69002C40F093808C6871
:10FA60000C62DCF81050C4F31204012A44EA0504C5
:10FA7000CCF81040DCF8104044F40024CCF81040DE
:10FA800000F0A1800A79012A0CD1D0F8082812F4DC
:10FA9000807FD3F8002B0CBF42F0005242F080521E
:10FAA000C3F8002BD3F8002B002042F00442C3F827
:10FAB000002BBDE8F0810C69002C66D18C68D0E782
:10FAC0000B6900EB44162BBBD6F810C9012A764F00
:10FAD000744D0CEA0707C6F81079D6F8107947F488
:10FAE0000027C6F81079D6F8107905EA0705C6F898
:10FAF000105906F510650F7900F0B180D6F800C9ED
:10FB0000012F4CF0044CC6F800C900F0888000209A
:10FB1000BDE8F081D6F810C9624F634D0CEA0707C3
:10FB2000C6F81079D6F810793D40C6F8105906F598
:10FB30001065002C4ED18F68BB4200F2A0802F6967
:10FB400047F400272F61D5F810C0C3F3120747EA26
:10FB50000C072F610F79012F4DD0012A00F08A8008
:10FB6000D6F8002942F00442C6F80029002BCED076
:10FB700004F00F020124D0F8343894401C43C0F83C
:10FB80003448C4E78C680C616AE78D68012A474EE7
:10FB90002C4404F1FF34B4FBF5F4A4B204FB05F5E6
:10FBA00006EAC444DCF810600D62C5F3120544EAAD
:10FBB0000604CCF81040DCF8104045EA0405CCF807
:10FBC00010507FF45FAFCA68002A3FF45BAFCCF8F7
:10FBD000142057E7D1F808E0344F03EB0E0CD5F8AA
:10FBE00010800CF1FF3CBCFBFEFC07EACC4747EA67
:10FBF00008072F61A7E7D5F810C0012A2CF0C04CE8
:10FC0000C5F810C0D5F810C04CF0005CC5F810C0A5
:10FC100038D0D6F8007947F00447C6F80079D0F814
:10FC2000086816F4807F2E680CBF46F0005646F038
:10FC300080562E60002A7FF46AAF9BB203339A0885
:10FC40003FF465AFCB6800EB043003EB820100F5B5
:10FC5000805053F8042B8B420260FAD157E7CB69EE
:10FC60005BB9012F11D02B68002043F004432B60B7
:10FC7000BDE8F081CB69002BF5D06B61F1E73B4625
:10FC80000F615CE7CB69002BF7D1D0F8083813F48B
:10FC9000807F2B680CBF43F0005343F080532B60F0
:10FCA000E1E700BF0000F8FFFFFF07E00000F81FDA
:10FCB000002382B001934B78012B0B7820D000F504
:10FCC000306000EB43100368002B02DB002002B021
:10FCD0007047036842F2107243F0006303600368E8
:10FCE00043F08043036002E00368002BEEDA019BDF
:10FCF00001330193019B9342F6D9012002B0704772
:10FD000000F5106000EB43131A68002ADEDA1A6867
:10FD100042F2107142F000621A601A6842F08042AA
:10FD20001A6002E01A68002AD0DA019A01320192C0
:10FD3000019A8A42F6D9E0E710B49DF8044064B90C
:10FD400003339B0809D0013201EB830300EB02303F
:10FD500051F8042B8B420260FAD100205DF8044B6D
:10FD6000704700BF5FEA920C70B5054602F00306CB
:10FD70001CD000F5805E0A4600230133DEF8004007
:10FD80009C4542F8044BF8D101EB8C006EB105F5AF
:10FD90008055731E2A689BB202702BB1110A012B89
:10FDA000417001D0120C8270304470BD0846EDE7FE
:10FDB0004A780B78012A00EB43100CD0D0F8002BC6
:10FDC0000BB1002A14DAD0F8003B43F40013C0F85A
:10FDD000003B00207047D0F80029002A00DB73B9EF
:10FDE000D0F8003943F40013C0F800390020704700
:10FDF000D0F8003B23F08043C0F8003BE3E7D0F8A5
:10FE0000003923F08043C0F80039D0F8003943F4BA
:10FE10000013C0F80039E9E74A780B78012A00EBB3
:10FE2000431013D0D0F8003B23F40013C0F8003B7C
:10FE30000B79023B012B01D900207047D0F8003B21
:10FE400043F08053C0F8003B00207047D0F80039E1
:10FE500023F40013C0F800390B79023B012BEBD8D7
:10FE6000D0F8003943F08053C0F8003900207047C3
:10FE7000034609010020D3F8002801F4FE6122F4B2
:10FE8000FE62C3F80028D3F800281143C3F8001815
:10FE9000704700BF03460020D3F8002E03F5006131
:10FEA00022F00302C3F8002ED3F8043823F0020333
:10FEB0004B60704703460020D3F8002E03F5006125
:10FEC00022F00302C3F8002ED3F8043843F00203F3
:10FED0004B607047426980691040704700EB4111E8
:10FEE000D1F80805D1F80C3518407047D0F818380B
:10FEF000D0F81C081840000C704700BFD0F8183824
:10FF0000D0F81C08184080B2704700BF00EB4111C8
:10FF100000F50060D1F8082B40691040704700BF21
:10FF2000D0F81028D0F8343800EB411001F00F0160
:10FF3000D0F80809CB40DB01DBB21343184070470F
:10FF4000406900F0010070470346094A002003F5AC
:10FF5000006110B4D3F8004922405DF8044BC3F8A7
:10FF60000029D3F8043843F480734B60704700BF16
:10FF700000F8FFFF144B10B4046C9C421AD800F533
:10FF80003060002301290361036943F40023036106
:10FF9000036943F018030361036943F0C04303613D
:10FFA00004D14261036843F08023036000205DF8C0
:10FFB000044B7047D0F8003B00F53060002BE0DACE
:10FFC00000205DF8044B70470A30544FD0F80024ED
:10FFD00001F00303012900F5806C22F00302C0F850
:10FFE0000024D0F8002443EA0203C0F8003409D00A
:10FFF000022905D141F270730020CCF8043070471B
:020000040801F1
:10000000012070474BF680330020CCF80430704755
:10001000D0F8140480B2704700EB4111002310B4F3
:1000200083B001F5A06C0193D1F80035D1F80045FB
:1000300082689B0C920601D5002C25DA13F0010F83
:10004000D1F8003543F08043C1F8003521D0D0F815
:10005000103413F47F0FD1F800353AD123F0004368
:10006000C1F80035D1F8003543F00043C1F8003540
:1000700003E0DCF80030002B06DA019B013301932A
:10008000019BB3F57A7FF4D9002003B05DF8044BEF
:10009000704783689B0625D4C36A13F47F0FD1F899
:1000A000003516D123F00043C1F80035D1F80035F2
:1000B00043F00043C1F8003503E0DCF80030002BCA
:1000C000E2DA019B01330193019BB3F57A7FF4D906
:1000D000DAE743F000430020C1F8003503B05DF8D3
:1000E000044B7047D1F80035002043F00043C1F8BD
:1000F000003503B05DF8044B704700BF10B4002416
:1001000085B0764A01460194836823F00103836039
:10011000029403E00B69002BC0F2BB80029B013309
:100120000293029B9342F5D9012000236B4A03936B
:1001300003E00B69002BC0F2BF80039B01330393E4
:10014000039B9342F5D90120D1F8003501F5A06257
:1001500001F5E06C23F0802343F08043C1F80035C3
:10016000D1F8203523F0802343F08043C1F82035B7
:10017000D1F8403523F0802343F08043C1F8403567
:10018000D1F8603523F0802343F08043C1F8603517
:10019000D1F8803523F0802343F08043C1F88035C7
:1001A000D1F8A03523F0802343F08043C1F8A03577
:1001B000D1F8C03523F0802343F08043C1F8C03527
:1001C000D1F8E03523F0802343F08043C1F8E035D7
:1001D000D1F8003623F0802343F08043C1F8003685
:1001E000D1F8203623F0802343F08043C1F8203635
:1001F000D1F8403623F0802343F08043C1F84036E5
:10020000D1F8603623F0802343F08043C1F8603694
:10021000D1F8803623F0802343F08043C1F8803644
:10022000D1F8A03623F0802343F08043C1F8A036F4
:10023000D1F8C03623F0802343F08043C1F8C036A4
:10024000D1F8E03623F0802343F08043C1F8E03654
:10025000136823F4004343F04043136002E0136843
:10026000002B06DA019B01330193019BB3F57A7FE2
:10027000F5D920326245EBD14FF0FF33C1F8143489
:100280004B618B6843F001038B6005B05DF8044B54
:10029000704700204FF48463104A02900B6104E021
:1002A000086910F020003FF440AF029B0133029335
:1002B000029B9342F4D937E700241023074A0394A2
:1002C0000B6103E00B69DB067FF53EAF039B013357
:1002D0000393039B9342F5D935E700BF400D03001C
:1002E000D0F8D43200EB830010B5D0F8C04294B1FE
:1002F000D0F8C4326BB194F80002FF2809D09B6893
:10030000214694F801229847FF23002084F8003208
:1003100010BD002010BD032010BD00BF054A0346DC
:10032000054912780548012A12BF43226522084672
:100330001A807047B4710624540200247C01002402
:10034000054A0346054912780548012A12BF43228F
:10035000652208461A807047B471062454020024AE
:10036000C0010024054A0346054912780548012AC0
:1003700012BF4322652208461A807047B4710624D2
:10038000540200241002002403460A2201481A8065
:10039000704700BF0402002438B5D0F8D432B0331F
:1003A00050F8235095B10446F6F718FD05F5037192
:1003B000D4F8D432C5F80C0204EB8304D5F8040257
:1003C000D4F8C432DB689847002038BD032038BD1C
:1003D000D0F8D43200EB830C70B5DCF8C0526DB3AA
:1003E00001F00F0E0A460EEB8E0600EB8606B3698F
:1003F0006BB9DCF8C43200241B69C5F81442DBB1C8
:1004000005F50471D5F808029847204670BDD0F86C
:10041000C8420EEBCE0E04EB8E0EDEF84440B3FB6A
:10042000F4FE04FB1E34002CE3D123462246B461C3
:10043000F6F7B8FC204670BD184670BD032070BDAD
:10044000D0F8D43200EB8303F0B5044683B000202B
:10045000D3F8C0728DF80500ADF80600002F66D005
:1004600091F800C00D461CF060061DD0202E07D06C
:1004700029462046032600F0E5FD304603B0F0BDD6
:10048000CA887AB31CF0800F55D14B783F2A87F881
:10049000003260D940231A463946204687F8013297
:1004A000002600F01DFEE8E74B780B2BE0D801A2F8
:1004B00052F823F0170501087B04010871040108B4
:1004C0007104010871040108710401087104010834
:1004D0007104010871040108710401080105010893
:1004E000F7040108D3F8C432164648789B68984749
:1004F000304603B0F0BD94F89C32032BBDD0B7E773
:1005000094F89C32032BB3D101220DF10501204652
:1005100000F0CEFDB1E794F89C22032AA8D1022274
:100520000DF1060120461E4600F0C2FDA5E7032698
:10053000304603B0F0BDD3F8C43239460646687879
:100540009B689847EA8839462046072A28BF072231
:1005500000F0AEFD91E7D3B29EE700BF38B5044688
:1005600000258121F6F7D2FB012120462587F6F7E9
:10057000CDFB82212046A4F87851F6F7C7FBD4F8CA
:10058000D432E56404EB8303D3F8C0228AB1D3F8F4
:10059000C4325B689847D4F8D432B03354F823009F
:1005A00007F02CFAD4F8D432B03344F82350C4F80E
:1005B000BC52002038BD00BF2DE9F04104460121A6
:1005C0004FF4077007F0D2F9D4F8D432054600286A
:1005D00058D0B03344F82300237CC4F8BC02CBB31A
:1005E0004023022281212046F6F77EFB012640238C
:1005F0003146022226872046F6F776FB1023032297
:100600008221A4F878612046A4F84E300823F6F73A
:100610006BFBD4F8D43200264FF0010804EB8303BF
:10062000A4F84C80D3F8C432C5F804621B6898471C
:10063000D5F80422C5F81462C5F81862F2B1277C17
:100640009FB94FF4007341462046F6F7B9FB384690
:10065000BDE8F0814FF40073022281212046F6F7B5
:1006600043FB01264FF40073C2E73746402341465F
:100670002046F6F7A5FB3846BDE8F081022738464C
:10068000BDE8F081B033022744F82300DFE700BF64
:10069000034639B1D0F8D422002003EB8203C3F81B
:1006A000C412704703207047D0F8D432B03350F8EA
:1006B00023302BB10020C3F80812C3F81022704772
:1006C00003207047D0F8D432B03350F823301BB138
:1006D0000020C3F80412704703207047D0F8D432CA
:1006E000B03350F8232092B110B5D2F814420CB1B7
:1006F000012010BD01238121C2F81432D2F810323A
:10070000D2F80822C362F6F74DFB204610BD032045
:10071000704700BFD0F8D422B03250F8222010B574
:100720009AB1047C44B100244023D2F80422012170
:10073000F6F746FB204610BD4FF40073D2F80422B2
:100740000121F6F73DFB204610BD0324204610BDD5
:1007500008B588B10023C0F8B832C0F8C432C0F878
:10076000D03209B1C0F8B4120123027080F89C3273
:10077000BDE80840F6F738BA054807F02DFA0548F5
:1007800007F02AFA0A2007F03FFA032008BD00BF4D
:10079000649201086C92010810B5002382B0ADF894
:1007A000063089B1CB6A0446C0F8B81223B10DF106
:1007B00006009847C4F8D002D4F8D832002001339C
:1007C000C4F8D83202B010BD054807F005FA054854
:1007D00007F002FA0A2007F017FA0320F2E700BF39
:1007E0006492010884920108F6F770BAD0F8B83222
:1007F0000BB11B6818471846704700BF08B5D0F802
:10080000B8325B689847002818BF032008BD00BFB6
:1008100038B500F2AA250446284600F007FCB4F8D3
:10082000B03294F8AA120122C4F8983201F01F03E2
:10083000C4F89422934209D0022B13D063B120460E
:1008400001F08001BDE83840F6F76EBA294620462F
:10085000BDE8384000F0F8BA29462046BDE83840E7
:1008600000F042B929462046BDE8384000F02EBBD2
:1008700070B5044631B90B46D0F89412032910D054
:10088000002070BD90F89C32032BF9D1D0F8B8321B
:100890009B69002BF4D00022BDE87040C0F8D42240
:1008A0001847D0E95715A94208D890F89C22032A86
:1008B0000FD0204600F02CFC002070BD4B1B1146D1
:1008C0002A469D42C0F85C3128BF1A4600F016FC4B
:1008D000D6E7D0F8B8221269002AEAD0C0F8D4329C
:1008E0009047E6E770B5044659B9D0F89432022B28
:1008F00016D094F8A03213B1002384F8A03200205F
:1009000070BD90F89C32032BF9D1D0F8B8325B69F6
:10091000002BF4D00022BDE87040C0F8D422184764
:10092000D0E907360D46B34210D81CD094F89C325B
:10093000032B2BD080212046F6F7F6F9204600F055
:10094000F3FB94F8A032002BD9D0D5E79B1B1146BE
:10095000C3611A4600F0BAFB2B462A4629462046B8
:10096000F6F72EFAC5E782699342DFD8D0F89832BD
:100970009A42DBD20A4600F0A9FB2B462A462946BA
:100980002046C4F89852F6F71BFAB2E7D4F8B8320A
:10099000DB68002BCED000222046C4F8D422984732
:1009A000C8E700BFF8B500210122D0F8B8320446EC
:1009B00080F89C224160C0F89412C0F8A41280F81C
:1009C000A0121BB15B680BB19847B0B90027402358
:1009D0000022012620461D461146F6F785F9002221
:1009E0002B4680212046A4F86461C4F86051F6F7D4
:1009F0007BF93846A6842562F8BD0327E7E700BFE8
:100A0000034600201974704790F89C220346042A7C
:100A100004D090F89C22D2B280F89D2204220020BB
:100A200083F89C22704700BF90F89C32042B04D1BD
:100A300090F89D32DBB280F89C320020704700BFF6
:100A400090F89C22032A01D00020704708B5D0F806
:100A5000B83213B1DB6903B19847002008BD00BF6D
:100A6000D0F8D422AE3250F822205AB108B590F80E
:100A70009C32032B01D0002008BD136A23B1984794
:100A8000002008BD03207047184608BDD0F8D422C6
:100A9000AE3250F822205AB108B590F89C32032BA0
:100AA00001D0002008BD536A23B19847002008BD3B
:100AB00003207047184608BD002070470121D0F878
:100AC000B82280F89C1242B15268017908B590476B
:100AD00008B9002008BD032008BD0020704700BFF2
:100AE0000020704700207047F0B50C7883B00E46A8
:100AF000054604F06004202C0ED0402C0CD0BCB174
:100B000080212846F6F710F9002128460C46F6F712
:100B10000BF9204603B0F0BDD5F8D4323146284653
:100B2000AE3355F823309B6803B0BDE8F04018475A
:100B30004B78092BE4D801A252F823F09D0B010851
:100B4000CB0B0108010B0108E90B0108010B01089F
:100B50000B0C0108430C0108010B0108750C01087E
:100B6000650B01088978B34E0129317000F250817C
:100B700090F89C32022BDFB200F00E81032F00F0C0
:100B80001F8180210324F6F7CFF800212846F6F7CD
:100B9000CBF831782846FFF731FEBAE790F89C226F
:100BA000013A022A26D8CA88022A23D10121D0F884
:100BB000A422C1600AB10322C260022205F10C0125
:100BC00028461C4600F074FAA3E790F89C32013BDB
:100BD000022B0FD84B88012B9BD100232846C5F848
:100BE000A43200F095FA94E74B88012BF6D0022B43
:100BF00000F0078180212846F6F796F80021284664
:100C0000F6F792F8204603B0F0BD8B88002BF1D1A7
:100C1000CB88002BEED14E887F2EEBD890F89C32FB
:100C2000032BE7D0F1B280F89E12F6F7ADF8284614
:100C300000F06EFA002E40F0E080012385F89C322F
:100C400067E700234A88ADF80630130A013B062BFC
:100C5000D0D801A151F823F0010D0108E70C0108DB
:100C6000110D0108F50B0108F50B0108D30C010863
:100C70009B0C0108CA88012ABCD190F89C12022959
:100C8000CBB200F28280002B3FF43AAF0146002342
:100C900041F8083F00F00CFA3BE7037C002BA9D198
:100CA000D0F8B8320DF106001B6B9847072343704C
:100CB000F288002A65D0BDF80630002B9AD09A42FF
:100CC0000146284628BF1A46ADF8062000F0F0F984
:100CD0001FE7037C002B8DD1D0F8B8320DF1060050
:100CE0005B6B9847E4E7037C002B40F09A80D0F8D8
:100CF000B8320DF106009B6A984702234370D7E78C
:100D0000D0F8B4320DF10601007C1B689847CFE79C
:100D1000D2B2052A3FF66EAFDFE802F026201A14A1
:100D20000E03D0F8B4329B69002B3FF463AF0DF192
:100D30000601287C9847BBE7D0F8B4325B69002BEA
:100D4000F5D157E7D0F8B4321B69002BEFD151E74A
:100D5000D0F8B432DB68002BE9D14BE7D0F8B432DD
:100D60009B68002BE3D145E7D0F8B4325B68002BD9
:100D7000DDD13FE7022341600C4680F89C32FFF74B
:100D80003DFD284600F0C4F9C3E6032B7FF4B8AE5E
:100D9000011D00F08DF9BCE60029F2D0012141606F
:100DA000FFF724FD0446002846D080212846F5F7A9
:100DB000BBFF00212846F5F7B7FF85F89C72A8E62F
:100DC0000029D7D041680129DBD0C9B2FFF716FD51
:100DD000317828466960FFF709FD06460028D0D023
:100DE00080212846F5F7A0FF002128463446F5F774
:100DF0009BFF29792846FFF701FD022385F89C32E5
:100E000087E68B881B0A80F8A03200F081F980E623
:100E100080210324F5F788FF00212846F5F784FF99
:100E200077E6D0F8B8320DF10600DB6A9847022366
:100E300043703DE728B00624284600F069F90323F3
:100E400085F89C3265E600BF38B50B780D46044640
:100E500003F06002402A0BD05B0609D500258021F3
:100E6000F5F762FF20462946F5F75EFF284638BDB4
:100E700094F89C32013B022B02D8297901290AD926
:100E800080212046F5F750FF002120460D46F5F75A
:100E90004BFF284638BD2046FFF722FE90B9D4F814
:100EA000B8329B6873B12946C4F8D40220469847EB
:100EB000EB880546002BD9D10028D7D1204600F079
:100EC00027F9D3E70325284638BD00BF30B50C46C7
:100ED0008A8883B005462378D1B203F06003202BC3
:100EE0001ED0402B1CD06BB380212846F5F71CFF89
:100EF00000212846F5F718FF002003B030BD90F818
:100F00009C32022BDAB259D0032AEDD16388002B30
:100F1000F2D14B067ED12846019100F0F9F80199F3
:100F20002846FFF7DFFD0028E6D1D5F8B832C5F82E
:100F3000D4029B68002BDFD02146284603B0BDE8D1
:100F4000304018476378012BD9D0032B24D0002BD5
:100F5000CAD190F89C32022BD8B238D00328C3D122
:100F600001F00F03120603EB830305EB83033FD469
:100F7000B3F86431002BB7D001F07F03142404FBD5
:100F8000035404F5AA74002B3ED1236002222146AB
:100F9000284600F08DF8AFE790F89C32022BDAB2C9
:100FA0000CD0032AA0D1638823B9480602D0E38875
:100FB000002B36D0284600F0ABF89DE74A0693D0C8
:100FC000F5F7B2FE80212846F5F7AEFE94E7480615
:100FD0008AD111064FF000034FF0020228464CBFA1
:100FE00005F1140105F5AA710B6000F061F883E7C3
:100FF0009B8C002B3FF478AF01F07F035C1C04EB6B
:10100000840405EB8404BEE72846F5F7A9FE30B159
:101010000123BAE70191F5F795FE01997BE720607E
:10102000B4E72846F5F780FEC4E700BF0B780370ED
:101030004B7843704B8843808B888380CB88C380F8
:10104000704700BF10B504468021F5F76DFE002102
:101050002046BDE81040F5F767BE00BF18B303781F
:1010600030B40BB30446C0F1010C04EB0C0314F8CC
:10107000015FDBB2002DF8D101335B00DCB21380DD
:1010800003230C704B7004785CB1022300255A1CBA
:10109000CC540233D2B2DBB28D5410F8014F002C85
:1010A000F5D130BC7047704702242346E7E700BF04
:1010B00010B5134602240A460021C0F89442C0E944
:1010C0000633F5F76FFE002010BD00BF8C460021EF
:1010D00008B513466246F5F765FE002008BD00BF5F
:1010E00010B5134603240A460021C0F89442C0E913
:1010F0005633F5F765FE002010BD00BF8C46002179
:1011000008B513466246F5F75BFE002008BD00BF38
:10111000002310B504241A461946C0F89442F5F786
:1011200041FE002010BD00BF002310B505241A4663
:101130001946C0F89442F5F743FE002010BD00BFE9
:10114000D0F8C8230132C0F8C82302780B2A00D097
:101150007047D0F88033002BFAD09B69184700BF46
:10116000012380F823337047002380F8233370472E
:10117000034600220121104683F8201383F821231F
:1011800083F82223704700BF38B5012300250446A9
:1011900080F8213380F8235380F82053F5F7E4FFDB
:1011A0002179204600F006F86179204600F002F827
:1011B000284638BD0A2907D800EB8100D0F88833CB
:1011C000C3F30E03C0F88833002070470C4A82B086
:1011D0000C4BD2F8DC1041F04001C2F8DC10D2F820
:1011E000DC2002F040020192019A1A6822F02002EB
:1011F0001A601A6842F004021A6002B0704700BF19
:10120000004402580018024870B5002304464FF409
:10121000806204214FF440353448C4F83821C4F8C2
:10122000D410C4F83431C4F84C113149C4F8B000BA
:10123000C4F82811C4E92F32C4E93133C4E9333585
:10124000C4E93733C4E94F33C4E95135C4E95533F0
:10125000A2680323C4F8D830C4F85031042A0AD84D
:10126000DFE802F01F262D34030055225623C4F870
:10127000B420C4F82C310022402304F1B005C4F896
:10128000B8202846C4F83031F6F7D6FF08B1FFBEC3
:10129000FEE704F594763046F6F7CEFFE8B1FFBEE0
:1012A000FEE725222623C4F8B420C4F82C31E2E757
:1012B00027222823C4F8B420C4F82C31DBE73D22D0
:1012C0003E23C4F8B420C4F82C31D4E7532254236D
:1012D000C4F8B420C4F82C31CDE704F12803C4E9E4
:1012E0002865C4F8E830C4F8603170BD400402409D
:1012F000580402402DE9F04F814683B00E46174650
:101300001D4600F12804204603F072F901288246A8
:10131000F9D14846FFF778FF8046002835D1EFF332
:101320001083019372B6DFF888B00C9B99F90820FE
:10133000DFF880A0DFF88090CBF800300D9B89F8B3
:101340000020CAF800300DB11846A847BAB231469D
:10135000204602F0DFFC30B9019B03B962B640467B
:1013600003B0BDE8F08F0023CBF80030CAF800309E
:10137000FF2389F800300C9B8BB101210D98884622
:101380009847019B002BEAD1E8E70C9B53B1D0466C
:101390000D9851469847404603B0BDE8F08F4FF096
:1013A0000108D9E7D046404603B0BDE8F08F00BF42
:1013B0004CBA062454BA062450BA06242DE9F04F3C
:1013C000814683B00E4617461D4600F1280420468C
:1013D00003F00EF901288246F9D14846FFF714FFC1
:1013E0008046002835D1EFF31083019372B6DFF801
:1013F00088B00C9B99F90820DFF880A0DFF8809076
:10140000CBF800300D9B89F80020CAF800300DB1F0
:101410001846A847BAB23146204602F03BFD30B923
:10142000019B03B962B6404603B0BDE8F08F0023CC
:10143000CBF80030CAF80030FF2389F800300C9B4D
:101440008BB101210D9888469847019B002BEAD16A
:10145000E8E70C9B53B1D0460D985146984740465B
:1014600003B0BDE8F08F4FF00108D9E7D046404601
:1014700003B0BDE8F08F00BF4CBA062454BA06246E
:1014800050BA06242DE9F04F814683B00F46164628
:10149000984600F12804204603F0AAF80128FAD162
:1014A00082464846FFF7B0FE0546002838D1EFF3E4
:1014B0001083019372B699F90830DFF88890DFF84D
:1014C00088B089F800300D9BDFF880A0CBF80030A1
:1014D0000E9BCAF800300C9B0BB10E9898471FFA70
:1014E00088F33A463146204602F09EFD30B9019B12
:1014F00003B962B6284603B0BDE8F08F0023CBF8ED
:101500000030CAF80030FF2389F800300D9B8BB102
:1015100001210E980D469847019B002BEAD1E8E780
:101520000D9B4BB155460E9851469847284603B03F
:10153000BDE8F08F0125DAE75546284603B0BDE83F
:10154000F08F00BF50BA06244CBA062454BA0624C1
:101550002DE9F041022286B0002604460569049672
:10156000CDE90226D0E90272BF000AB3022D00F0D5
:10157000C8802078B5FA85F50126D4F820800B289C
:101580004FEA551521D1A0780B2801D0002E3AD171
:1015900020790B2801D0002D5ED1A079B8F1000F81
:1015A00002D00B2840F08480002006B0BDE8F08116
:1015B00035F002032078D4F820800CBF01260026E5
:1015C000023D18BF01250B28DDD0764B617853F81A
:1015D00027301A780B2A02D0904200F09A80DA78ED
:1015E00003F1030C0B2A02D0824200F0A2809A7908
:1015F00003F1060C824202D10B2A40F0A0800120A8
:1016000006B0BDE8F0817A1C664BE17853F82230D1
:101610001A780B2A02D0904200F09A80DA78DE1C09
:101620000B2A02D0904200F0AC809A799E1D904225
:10163000E5D10B2AE3D0DB798B42E0D133469B78AE
:101640000A28059340F28980002001238B4001A9DC
:101650000193F7F795FF9BE7BA1C524B617953F85A
:1016600022301A780B2A01D090427AD0DA78DD1C29
:101670000B2A02D0904200F08A809A799D1D9042F8
:10168000BDD10B2ABBD0DB798B42B8D12B469B78DE
:101690000A28059369D9002001238B4001A90193F1
:1016A000F7F76EFFA079B8F1000F7FF47AAF7BE710
:1016B0003C4B0337E47953F827301A780B2A01D0D2
:1016C000904256D0DA78D91C0B2A01D0904264D0CF
:1016D0009A79991D904292D10B2A90D0DB79A3423E
:1016E0008DD10B469B780A28059346D9002001230B
:1016F00001A9A3400193F7F743FF002006B0BDE81E
:10170000F08100780125D4F820800B283FF440AF09
:101710005BE75A788A427FF462AF9B780A28059388
:1017200012D9002001238B4001A90193F7F728FF6C
:1017300029E71A798A427FF45AAF6346EDE7DB79ED
:101740008B427FF45CAFF8E7174B03EB8020E9E7AF
:101750005A788A427FF462AF71E7134B03EB802023
:1017600073E75A788A4281D191E70F4B03EB8020CF
:1017700092E75A78A242A5D1B4E70B4B03EB802045
:10178000B5E71A798A427FF450AF334657E71A79A2
:101790008A427FF472AF2B4679E71A79A24297D139
:1017A0000B469FE7A092010800000258B04A036868
:1017B000934200F05F83A2F57842934200F05C838D
:1017C00002F58062934200F0598302F57842934219
:1017D00000F0568302F5E052934200F05383A54A8D
:1017E000934240F051830521A34B10B54FF4D074C0
:1017F000B2B001FB04F41A5D1C440A2A19D8DFE8D0
:1018000012F02B03AB02B902C902D702E502F302C0
:1018100001030F031D030B00984AD2F8E00040F4C7
:101820008060C2F8E000D2F8E02002F480623192D9
:10183000319AA2780A2A19D8DFE812F0E200F00003
:10184000FE000C0122013001CA01D801E601F401B9
:101850000B008A4AD2F8E00040F48060C2F8E00051
:10186000D2F8E02002F480622692269A22790A2A8F
:1018700019D8DFE812F0E501F30101020F021D02A1
:101880002B0239024702550263020B007B4AD2F851
:10189000E00040F48060C2F8E000D2F8E02002F4FA
:1018A00080621B921B9AA2790A2A19D8DFE812F0EB
:1018B00020012E013C014A01580166017401820198
:1018C000040112010B006D4AD2F8E00040F4806080
:1018D000C2F8E000D2F8E02002F480621092109A80
:1018E0004FF4D07202FB01339B68052B11D8DFE85F
:1018F00003F0192F455B7103604BD3F8F42042F0DD
:101900002002C3F8F420D3F8F43003F02003059349
:10191000059B2046FFF71CFE012801D032B010BD08
:10192000FFBEFEE7554B00222320D3F8F01041F410
:101930008051C3F8F0101146D3F8F03003F480530F
:101940000093009BF6F7C6FA2320F6F701FBE0E7C9
:101950004A4B00222420D3F8E81041F48041C3F818
:10196000E8101146D3F8E83003F480430193019B5B
:10197000F6F7B0FA2420F6F7EBFACAE73F4B00225D
:101980003320D3F8E81041F40041C3F8E8101146C1
:10199000D3F8E83003F400430293029BF6F79AFA77
:1019A0003320F6F7D5FAB4E7344B00225420D3F8AD
:1019B000F01041F40051C3F8F0101146D3F8F030A4
:1019C00003F400530393039BF6F784FA5420F6F7CD
:1019D000BFFA9EE7294B00225520D3F8F01041F4BE
:1019E0008011C3F8F0101146D3F8F03003F48013DF
:1019F0000493049BF6F76EFA5520F6F7A9FA88E7E8
:101A00001E4AD2F8E00040F00100C2F8E000D2F82F
:101A1000E02002F001021C921C9A27E7174AD2F834
:101A2000E00040F00200C2F8E000D2F8E02002F04E
:101A300002021D921D9A19E7104AD2F8E00040F008
:101A40000400C2F8E000D2F8E02002F004021E9286
:101A50001E9A0BE7094AD2F8E00040F00800C2F8ED
:101A6000E000D2F8E02002F008021F921F9AFDE683
:101A700000300140001400582CB0062400440258E5
:101A8000C34AD2F8E00040F01000C2F8E000D2F8FB
:101A9000E02002F010022092209AE7E6BC4AD2F839
:101AA000E00040F02000C2F8E000D2F8E02002F0B0
:101AB00020022192219AD9E6B54AD2F8E00040F4FA
:101AC0008070C2F8E000D2F8E02002F480720E923A
:101AD0000E9A05E7AE4AD2F8E00040F40070C2F872
:101AE000E000D2F8E02002F400720F920F9AF7E6BD
:101AF000A74AD2F8E00040F00100C2F8E000D2F8B6
:101B0000E02002F001020692069AE9E6A04AD2F825
:101B1000E00040F00200C2F8E000D2F8E02002F05D
:101B200002020792079ADBE6994AD2F8E00040F0F9
:101B30000400C2F8E000D2F8E02002F004020892AB
:101B4000089ACDE6924AD2F8E00040F00800C2F8C8
:101B5000E000D2F8E02002F008020992099ABFE6FC
:101B60008B4AD2F8E00040F01000C2F8E000D2F852
:101B7000E02002F010020A920A9AB1E6844AD2F8F2
:101B8000E00040F02000C2F8E000D2F8E02002F0CF
:101B900020020B920B9AA3E67D4AD2F8E00040F0B7
:101BA0004000C2F8E000D2F8E02002F040020C92BF
:101BB0000C9A95E6764AD2F8E00040F08000C2F830
:101BC000E000D2F8E02002F080020D920D9A87E644
:101BD0006F4AD2F8E00040F04000C2F8E000D2F8CE
:101BE000E02002F040022292229A3FE6684AD2F8B0
:101BF000E00040F08000C2F8E000D2F8E02002F0FF
:101C000080022392239A31E6614AD2F8E00040F440
:101C10008070C2F8E000D2F8E02002F480722492D2
:101C2000249A23E65A4AD2F8E00040F40070C2F841
:101C3000E000D2F8E02002F400722592259A15E621
:101C4000534AD2F8E00040F00100C2F8E000D2F8B8
:101C5000E02002F001021192119A24E64C4AD2F8D7
:101C6000E00040F00200C2F8E000D2F8E02002F00C
:101C700002021292129A16E6454AD2F8E00040F0AB
:101C80000400C2F8E000D2F8E02002F0040213924F
:101C9000139A08E63E4AD2F8E00040F00800C2F885
:101CA000E000D2F8E02002F008021492149AFAE55B
:101CB000374AD2F8E00040F01000C2F8E000D2F855
:101CC000E02002F010021592159AECE5304AD2F8A5
:101CD000E00040F02000C2F8E000D2F8E02002F07E
:101CE00020021692169ADEE5294AD2F8E00040F06A
:101CF0004000C2F8E000D2F8E02002F04002179263
:101D0000179AD0E5224AD2F8E00040F08000C2F8ED
:101D1000E000D2F8E02002F080021892189AC2E5A2
:101D20001B4AD2F8E00040F48070C2F8E000D2F81C
:101D3000E02002F480721992199AB4E5144AD2F89C
:101D4000E00040F40070C2F8E000D2F8E02002F4B5
:101D500000721A921A9AA6E50D4AD2F8E00040F0F5
:101D60000200C2F8E000D2F8E02002F0020228925D
:101D7000289A5EE5064AD2F8E00040F00400C2F876
:101D8000E000D2F8E02002F004022992299A50E5FE
:101D9000004402583E4AD2F8E00040F00800C2F881
:101DA000E000D2F8E02002F008022A922A9A40E5E8
:101DB000374AD2F8E00040F01000C2F8E000D2F854
:101DC000E02002F010022B922B9A32E5304AD2F832
:101DD000E00040F02000C2F8E000D2F8E02002F07D
:101DE00020022C922C9A24E5294AD2F8E00040F0F7
:101DF0004000C2F8E000D2F8E02002F040022D924C
:101E00002D9A16E5224AD2F8E00040F08000C2F890
:101E1000E000D2F8E02002F080022E922E9A08E52F
:101E20001B4AD2F8E00040F48070C2F8E000D2F81B
:101E3000E02002F480722F922F9AFAE4144AD2F82A
:101E4000E00040F40070C2F8E000D2F8E02002F4B4
:101E500000723092309AECE40D4AD2F8E00040F083
:101E60000100C2F8E000D2F8E02002F0010227925F
:101E7000279ADEE40021B7E40121B5E40221B3E4AE
:101E80000321B1E40421AFE400231B78FFDE00BF8F
:101E9000004402582DE9F043002289B01B4B012178
:101EA0000DF1040C9E461A4B0791E146E046674649
:101EB0000EF11C060EF138050EF15404CDE9012295
:101EC000CDE90322CDE90522FF221A70BCE80F00FC
:101ED000AEE80F009CE807008EE80700B9E80F00A5
:101EE0000FC69CE8070086E80700B8E80F000FC59A
:101EF0009CE8070085E807000FCF0FC49CE80700A7
:101F000084E8070009B0BDE8F08300BF7C0300242B
:101F100050BA0624014802F061BA00BF54B006244A
:101F2000014802F05BBA00BFF4B10624014802F098
:101F300055BA00BF94B30624014802F04FBA00BF5F
:101F400034B50624014802F049BA00BFD4B60624CD
:101F500010B5EFF3108472B6084B1A78120602D54A
:101F600004B962B610BD1B784FF4D07204485BB25E
:101F700002FB0300B030F6F7B1FFF1E750BA0624D8
:101F80002CB0062410B5EFF3108472B6094B1A7802
:101F9000120602D504B962B610BD1B784FF4D07298
:101FA00005485BB202FB030000F59470F6F796FF5C
:101FB000F0E700BF50BA06242CB006242DE9F0410A
:101FC00084B0EFF3108772B6284AFF21284C1368BB
:101FD000217023B100211160264A106898472378A8
:101FE0001B061CD5DFF894800025234E444621684B
:101FF00079B162686AB1A369012B22D0A3B9636980
:102000003046019323690093E3682289FFF7D6F9EC
:1020100018B301351C3406F5D076042DE7D107B985
:1020200062B604B0BDE8F081D4E90430CDE90130F6
:10203000E068238900903046FFF724FA0028E8D1B1
:102040000BE0D4E904301146CDE900303046E368B6
:102050002289FFF74FF90028DBD1C5EBC50508EB56
:10206000850348F825005860D9E700BF4CBA06241C
:1020700050BA062454BA06242CB006247C0300244B
:102080002DE9F04184B0EFF3108772B6284AFF21A2
:10209000284C1368217023B100211160264A106872
:1020A000984723781B061CD5DFF894800025234E23
:1020B0004446216879B162686AB1A369012B22D0D4
:1020C000A3B963693046019323690093E3682289C9
:1020D000FFF774F918B301351C3406F5D076042DDA
:1020E000E7D107B962B604B0BDE8F081D4E90430A5
:1020F000CDE90130E068238900903046FFF7C2F94E
:102100000028E8D10BE0D4E904301146CDE90030D5
:102110003046E3682289FFF7EDF80028DBD1C5EBF4
:10212000C50508EB850348F825005860D9E700BFCE
:102130004CBA062450BA062454BA06242CB00624FD
:102140007C0300242DE9F04184B0EFF3108772B6D0
:10215000284AFF21284C1368217023B10021116007
:10216000264A1068984723781B061CD5DFF8948010
:102170000025234E4446216879B162686AB1A3699B
:10218000012B22D0A3B963693046019323690093E0
:10219000E3682289FFF712F918B301351C3406F5FC
:1021A000D076042DE7D107B962B604B0BDE8F0815E
:1021B000D4E90430CDE90130E0682389009030464D
:1021C000FFF760F90028E8D10BE0D4E904301146AC
:1021D000CDE900303046E3682289FFF78BF800280C
:1021E000DBD1C5EBC50508EB850348F82500586031
:1021F000D9E700BF4CBA062450BA062454BA0624C4
:102200002CB006247C0300242DE9F04184B0EFF3C8
:10221000108772B601F0AAFC284A294CFF211368E6
:1022200021702BB1002111600121264A10689847C6
:1022300023781B061CD5DFF894800025224E4446E7
:10224000216879B162686AB1A369012B22D0A3B970
:1022500063693046019323690093E3682289FFF79D
:10226000ADF818B301351C3406F5D076042DE7D14E
:1022700007B962B604B0BDE8F081D4E90430CDE915
:102280000130E068238900903046FFF7FBF8002812
:10229000E8D10BE0D4E904301146CDE900303046F6
:1022A000E3682289FFF726F80028DBD1C5EBC505D6
:1022B00008EB850348F825005860D9E74CBA062496
:1022C00050BA062454BA06242CB006247C030024F9
:1022D0005E4B00226FF0F411022030B40824DA6162
:1022E0005862C3F8BC21C3F8C401C3F85C23C3F827
:1022F0006403C3F8E014C3F8E414C3F8F444C3F867
:10230000F824C3F8FC24C3F80405C3F88016C3F806
:102310008416C3F89446C3F89826C3F89C26C3F8DD
:10232000A406C3F820184A4DC3E90542C3E96D422B
:10233000C3E9D542C3E90011C3E96811C3E9D0116B
:10234000C3F824184349C3F83448C3F83828424C2A
:10235000C3F83C28C3F844080A888B783F482372A6
:10236000E280C28003723E4C3E48E280A0F8032027
:1023700023724371C28003723B4C3C480968E2807F
:102380002372A0F803203A4C4371C280037239488B
:10239000E2802372A0F80320374C4371C28003729D
:1023A000080C2180EA802B72A070A4F803206371CE
:1023B000E2802372314C2180A070A4F80320637165
:1023C000E28023722E4C2180A070A4F80320637158
:1023D000E28023722B4C2180A070A4F8032063714B
:1023E000E2802372284C2180A070A4F8032063713E
:1023F000E2802372254C2180A070A4F80320637131
:10240000E2802372224C2180A070E2802372A4F823
:10241000032063711F4C21801F49A070E2801F4878
:102420002372A1F803204B71CA800B72A4F8032019
:102430001B4963711B4CC280E28023720372A1F8B6
:1024400003204B71CA800B7230BC70472CB006243D
:10245000400300249C92010804030024F802002495
:10246000BC02002428030024100300244C03002491
:1024700034030024D40200241CBA062404BA06241F
:1024800010BA0624ECB9062440BA062428BA062459
:1024900034BA0624F8B90624700300246403002427
:1024A000E002002458030024714A036811698B423A
:1024B00000B587B04BD0516F8B4200F0B680D2F898
:1024C000D8108B4200F0B380D2F83C118B4200F060
:1024D000B080B3F1804F1ED0664A93420DD0664A59
:1024E000934200F0A880654A934200F0B280644AAB
:1024F00093421ED007B05DF804FB624BD3F8E8208E
:1025000042F00202C3F8E820D3F8E83003F00203F7
:102510000293029BEEE75B4BD3F8E82042F0010206
:10252000C3F8E820D3F8E83003F001030193019BDE
:10253000E0E7544BD3F8E82042F01002C3F8E8205B
:10254000D3F8E83003F010030593059BD2E7002091
:102550006421B3F1804F01FB0022127B1ED045495C
:102560008B4235D044498B4248D044498B42BED13E
:10257000444BD3F8E81041F00801C3F8E810D3F851
:10258000E83003F008030493049B002AB2D0322001
:1025900000220F21F5F79EFC322014E0394BD3F8CE
:1025A000E81041F00101C3F8E810D3F8E83003F077
:1025B00001030193019B002A9CD01C2000220F21C3
:1025C000F5F788FC1C2007B05DF804EBF5F7C0BCFC
:1025D0002C4BD3F8E81041F00201C3F8E810D3F80F
:1025E000E83003F002030293029B002A82D01D20F0
:1025F00000220F21F5F76EFC1D20E4E7214BD3F8F4
:10260000E81041F00401C3F8E810D3F8E83003F013
:1026100004030393039B002A3FF46CAF1E200022A7
:102620000F21F5F757FC1E20CDE7012090E702208F
:102630008EE703208CE7134BD3F8E82042F0040226
:10264000C3F8E820D3F8E83003F004030393039BB6
:1026500050E70C4BD3F8E82042F00802C3F8E8201A
:10266000D3F8E83003F008030493049B42E700BF6B
:1026700058BA06240004004000080040000C004046
:1026800000100040004402580F4B026819698A424A
:102690000BD0596F8A4211D0D3F8D8108A420FD08C
:1026A000D3F83C118A420DD070470021642202FB0E
:1026B0000133DA6D002AF7D0186E10470121F5E7D3
:1026C0000221F3E70321F1E758BA0624014802F09A
:1026D000D1B900BF68BA0624014802F0CBB900BFE7
:1026E000CCBA0624014802F0C5B900BF30BB0624AD
:1026F000014802F0BFB900BF94BB0624F0B54FF00B
:10270000640C0F682E4D8DB00CFB07FC032F05EBFE
:102710000C06066047DC0B460868344649689A6830
:1027200007C41B7B237004AC7268264B002A4FF051
:102730000002726118BF1022B2610FCB84E80F0053
:102740000CAB03EB870353F8203CB3F1804F3361AC
:1027500024D01D4A934221D030890CF11004642307
:102760000021802203FB07532C44C3E907019A622E
:10277000204601F041FF034600B1FEE74FF48052CE
:1027800008A92046099301930892CDE90A33CDE9BF
:10279000023302F09BF8034640B1FEE7642303FBDB
:1027A00007539868D9E701200DB0F0BD01A9204674
:1027B0000193039302F008FA0028F5D0FEE700BF6A
:1027C00058BA06249C8F0108000C0040006808B528
:1027D000037B10302BB102F01DF8003818BF012028
:1027E00008BD01F0BFFF003818BF012008BD00BFC1
:1027F00038B505680C46F3F7A7FF09492A69400078
:10280000936A0133B0FBF3F3A1FB0313506A9B0CF3
:1028100004FB03F1536A1B1A9942FBD838BD00BF71
:1028200083DE1B430C4B00224FF0FF311A7399607B
:10283000D96683F87020C3F8D01083F8D420C3F889
:10284000341183F83821C3E90022C3E91922C3E90E
:102850003222C3E94B22704758BA06241F4BC16885
:102860000268F0B5D3F88C5083B00369ADB24D1B4C
:10287000A2B1AB4212D00446866811D2F018E91A10
:10288000CDE9001001F0EAF80023DDE90010D4E9F9
:102890000062B047E3682561AB421BD003B0F0BDD6
:1028A000F018C91ACDE9000101F0D8F80023DDE9DC
:1028B0000001D4E90072B8473046294601F0CEF84D
:1028C00000233046626829462668B047E3682561E0
:1028D000AB42E3D10023236103B0F0BD000002400E
:1028E0002DE9F84F04460F4690461E4600F1340588
:1028F000284602F0CDFC2028FAD14FF48063002056
:10290000C4F8D830C4F850314FF44033C4F8D40080
:10291000C4F8E830C4F860314E4BC4F8E400C4F8A1
:10292000C83003F57A73C4F8EC00C4F84031402392
:10293000C4F8D000C4F84831E369C4F84C01C4F8C5
:102940005C01C4F86401C4E93700C4E95500072BF1
:102950000BD8DFE803F061535A373E454C0451234E
:10296000C4F8CC305223C4F8443104F5A079484669
:10297000F5F762FC08B1FFBEFEE7C4F8B090C4F8FA
:102980007851EFF3108972B6DFF8D0B094F91C30AB
:10299000DFF8CCA08BF800300A9B2F4CCAF800302F
:1029A0000B9B23600EB11846B0471FFA88F23946D8
:1029B000284602F069F9B0BBB9F1000F00D162B648
:1029C000BDE8F88F3F23C4F8CC304023C4F844312D
:1029D000CBE74123C4F8CC304223C4F84431C4E7E8
:1029E0004723C4F8CC304823C4F84431BDE74F2313
:1029F000C4F8CC305023C4F84431B6E72B23C4F8D4
:102A0000CC302C23C4F84431AFE72D23C4F8CC30AC
:102A10002E23C4F84431A8E72923C4F8CC302A2354
:102A2000C4F84431A1E7FF238BF800300023CAF833
:102A3000003023600A9B3BB10B980121984701208D
:102A4000B9F1000FBCD1BAE70120B9F1000FB7D13D
:102A5000B5E700BF8800024068CB062464CB06249B
:102A600060CB06242DE9F84F04460F4690461E46DB
:102A700000F13405284602F00BFC2028FAD14FF46F
:102A800080630020C4F8D830C4F850314FF440338C
:102A9000C4F8D400C4F8E830C4F860314E4BC4F830
:102AA000E400C4F8C83003F57A73C4F8EC00C4F845
:102AB00040314023C4F8D000C4F84831E369C4F879
:102AC0004C01C4F85C01C4F86401C4E93700C4E9EE
:102AD0005500072B0BD8DFE803F061535A373E450A
:102AE0004C045123C4F8CC305223C4F8443104F1CF
:102AF000C8094846F5F7A0FB08B1FFBEFEE7C4F8D9
:102B0000B490C4F80051EFF3108972B6DFF8D0B07A
:102B100094F91C30DFF8CCA08BF800300A9B2F4CC6
:102B2000CAF800300B9B23600EB11846B0471FFA5D
:102B300088F23946284603F059F8B0BBB9F1000FC6
:102B400000D162B6BDE8F88F3F23C4F8CC304023F3
:102B5000C4F84431CBE74123C4F8CC304223C4F855
:102B60004431C4E74723C4F8CC304823C4F8443187
:102B7000BDE74F23C4F8CC305023C4F84431B6E746
:102B80002B23C4F8CC302C23C4F84431AFE72D23D9
:102B9000C4F8CC302E23C4F84431A8E72923C4F864
:102BA000CC302A23C4F84431A1E7FF238BF800304E
:102BB0000023CAF8003023600A9B3BB10B98012127
:102BC00098470120B9F1000FBCD1BAE70120B9F153
:102BD000000FB7D1B5E700BF8800024068CB0624DC
:102BE00064CB062460CB06242DE9F0410D4682B06B
:102BF000EFF3108772B6002948D1FF23254A264CEF
:102C0000237013682BB1002029461060234A1068F6
:102C1000984723781B0625D5DFF888800025204EAD
:102C2000444605E001351C3406F5DC76092D19D043
:102C3000A369012B1BD0002BF4D121683046002959
:102C4000F0D06369019323690093E3682289FFF759
:102C500009FF0028E6D1C5EBC50508EB850348F858
:102C60002500586007B962B602B0BDE8F08161681E
:102C70000029D7D063693046019323690093E36844
:102C80002289FFF72DFE0028CCD1E4E702F028FFCF
:102C9000B3E700BF60CB062464CB062468CB0624D0
:102CA000E8BB0624EC030024F0B5002387B0022221
:102CB00004460493CDE90223C369007E5D000B281E
:102CC00021D1A07E0B2802D1002007B0F0BD454ADB
:102CD0006B1C454952F823304D780A781978E47E08
:102CE0008A424CD088425AD0D978DE1C91424ED0CC
:102CF00088426DD099799E1D8A4265D088426CD0F9
:102D0000012007B0F0BD374B374953F825300A781A
:102D100091F801E0197894F819C08A4222D08842CB
:102D200025D0D978DE1C8A4225D0884233D09979C3
:102D30009E1D8A4227D08842E2D1DB796345DFD1EC
:102D400033469B780A28059308D90020012301A95E
:102D500003FA0CF30193F6F713FCB2E7234B03EBF2
:102D60008020F3E75E787645DBD08842D9D1597868
:102D70006145D6D1E5E71F797745D6D1D7E75E78AB
:102D8000AE42AFD1B0E7DA797245D4D1B8E71F7956
:102D9000AF42ADD1AEE719796145C8D1D0E75978D6
:102DA000A142A1D19B780A28059309D900200123CB
:102DB00001A9A3400193F6F7E3FB002007B0F0BDA3
:102DC0000A4B03EB8020F2E7DA79AA4296D197E723
:102DD0001979A1428ED13346E4E7DB79A3428FD142
:102DE0003346DFE7040500240005002400000258F4
:102DF000B34A0368934270B5A4B000F03D82A2F5D7
:102E00004C42934200F03A8202F58062934200F015
:102E1000378202F58062934200F0348202F58062CC
:102E2000934200F0338202F54442934200F02C8238
:102E3000A2F51C42934200F02B8202F5806293427D
:102E400000F028829F4A934240F0268208259E4C3B
:102E50004FF4DC7000FB0540837E0A2B19D8DFE8B5
:102E600013F0B701C501D301E101EF01FD017F01BD
:102E70008D019B01A9010B00944BD3F8E02042F493
:102E80008062C3F8E020D3F8E03003F480631E933F
:102E90001E9B037E0A2B19D8DFE813F03801460188
:102EA0005401CB00D900E700F50003011C012A0101
:102EB0000B00864BD3F8E02042F48062C3F8E02098
:102EC000D3F8E03003F480631393139B4FF4DC7367
:102ED00003FB0543DB69082B13D8DFE803F03A480E
:102EE000566472808E9C0500784BD3F8F42042F033
:102EF0000802C3F8F420D3F8F43003F00803089371
:102F0000089BFFF7D1FE012801D1FFBEFEE74FF479
:102F1000DC7324AA6E4E0DF17C0C03FB0544E369BF
:102F200002EB43050FCEACE80F0033680022ACF88B
:102F30000030114635F9140CF4F7CCFFE36924AAEC
:102F400002EB430333F9140C24B0BDE87040F4F7EE
:102F5000FFBF5E4BD3F8F02042F01002C3F8F02020
:102F6000D3F8F03003F010030093009BC9E7574BF0
:102F7000D3F8E82042F40032C3F8E820D3F8E83070
:102F800003F400330193019BBBE7504BD3F8E820D7
:102F900042F48022C3F8E820D3F8E83003F4802319
:102FA0000293029BADE7494BD3F8E82042F400229C
:102FB000C3F8E820D3F8E83003F400230393039B1D
:102FC0009FE7424BD3F8E82042F48012C3F8E82090
:102FD000D3F8E83003F480130493049B91E73B4B50
:102FE000D3F8F02042F02002C3F8F020D3F8F030FC
:102FF00003F020030593059B83E7344BD3F8E820C7
:1030000042F08042C3F8E820D3F8E83003F0804370
:103010000693069B75E72D4BD3F8E82042F000425B
:10302000C3F8E820D3F8E83003F000430793079B88
:1030300067E7264BD3F8E02042F00802C3F8E0200F
:10304000D3F8E03003F008030C930C9B3EE71F4BD2
:10305000D3F8E02042F01002C3F8E020D3F8E030CB
:1030600003F010030D930D9B30E7184BD3F8E020CD
:1030700042F02002C3F8E020D3F8E03003F0200350
:103080000E930E9B22E7114BD3F8E02042F0400252
:10309000C3F8E020D3F8E03003F040030F930F9B18
:1030A00014E70A4BD3F8E02042F08002C3F8E02096
:1030B000D3F8E03003F080031093109B06E700BFC5
:1030C00000100140000C0058E8BB062400440258E0
:1030D000AC8F0108724BD3F8E02042F48072C3F841
:1030E000E020D3F8E03003F480731193119BEDE6F8
:1030F0006B4BD3F8E02042F40072C3F8E020D3F821
:10310000E03003F400731293129BDFE6644BD3F8B4
:10311000E02042F00102C3F8E020D3F8E03003F0F1
:1031200001030993099BD1E65D4BD3F8E02042F0FF
:103130000202C3F8E020D3F8E03003F002030A9360
:103140000A9BC3E6564BD3F8E02042F00402C3F8D2
:10315000E020D3F8E03003F004030B930B9BB5E6BB
:103160004F4BD3F8E02042F04002C3F8E020D3F800
:10317000E03003F040031A931A9B8AE6484BD3F8D9
:10318000E02042F08002C3F8E020D3F8E03003F002
:1031900080031B931B9B7CE6414BD3F8E02042F459
:1031A0008072C3F8E020D3F8E03003F480731C93FE
:1031B0001C9B6EE63A4BD3F8E02042F40072C3F851
:1031C000E020D3F8E03003F400731D931D9B60E60C
:1031D000334BD3F8E02042F00102C3F8E020D3F8EB
:1031E000E03003F001031493149B52E62C4BD3F808
:1031F000E02042F00202C3F8E020D3F8E03003F010
:1032000002031593159B44E6254BD3F8E02042F0CA
:103210000402C3F8E020D3F8E03003F0040316936F
:10322000169B36E61E4BD3F8E02042F00802C3F8A6
:10323000E020D3F8E03003F008031793179B28E64B
:10324000174BD3F8E02042F01002C3F8E020D3F887
:10325000E03003F010031893189B1AE6104BD3F8D4
:10326000E02042F02002C3F8E020D3F8E03003F081
:1032700020031993199B0CE60025E8E50125E6E5F6
:103280000225E4E50325E2E50525E0E50425DEE584
:103290000625DCE50725DAE500239B7EFFDE00BF7F
:1032A000004402582DE9F04F91B0002301223F491C
:1032B0000DF1240A09938B4601F11C09CAF8143058
:1032C00001F13808CDF800A001F15407CDF804A0B1
:1032D00001F17006CDF808A001F18C05CDF80CA025
:1032E00001F1A804CDF810A001F1C40ECDF814A08E
:1032F00001F1E00CCAE90133CAE903330F92FF225E
:103300002B4BCDE906AA1A70BAE80F00ABE80F0004
:103310009AE80700009B8BE807009B46BBE80F007C
:10332000A9E80F009AE80700019B89E80700994681
:10333000B9E80F00A8E80F009AE80700029B88E8A8
:1033400007009846B8E80F000FC79AE80700039BEC
:1033500087E807001F460FCF0FC69AE80700049BB7
:1033600086E807001E460FCE0FC59AE80700059BAA
:1033700085E807001D460FCD0FC49AE80700069B9D
:1033800084E807001C460FCCAEE80F00079B9AE8C4
:1033900007001C468EE807000FCCACE80F009AE847
:1033A00007008CE8070011B0BDE8F08FEC030024A3
:1033B00064CB062410B5094C04F1340001F04AFD39
:1033C000237D1BB1636BDB69DB0600D410BD204697
:1033D000FFF744FA636B10221A6210BDE8BB0624A3
:1033E00010B50B4C04F5F67001F034FD94F8CC31B7
:1033F00023B1D4F8EC31DB69DB0600D410BD04F551
:10340000DC70FFF72BFAD4F8EC3110221A6210BDF1
:10341000E8BB062410B50B4C04F5697001F01AFDE9
:1034200094F8843323B1D4F8A433DB69DB0600D4E9
:1034300010BD04F55C70FFF711FAD4F8A433102224
:103440001A6210BDE8BB062410B50B4C04F25C50A8
:1034500001F000FD94F83C3523B1D4F85C35DB690C
:10346000DB0600D410BD04F5A560FFF7F7F9D4F82A
:103470005C3510221A6210BDE8BB062410B50B4C57
:1034800004F2147001F0E6FC94F8F43623B1D4F899
:103490001437DB69DB0600D410BD04F5DC60FFF7F0
:1034A000DDF9D4F8143710221A6210BDE8BB0624E7
:1034B00010B50B4C04F6CC0001F0CCFC94F8AC3801
:1034C00023B1D4F8CC38DB69DB0600D410BD04F698
:1034D0009800FFF7C3F9D4F8CC3810221A6210BD57
:1034E000E8BB062410B50B4C04F6842001F0B2FCB6
:1034F00094F8643A23B1D4F8843ADB69DB0600D44B
:1035000010BD04F52560FFF7A9F9D4F8843A10221C
:103510001A6210BDE8BB062410B50B4C04F63C4003
:1035200001F098FC94F81C3C23B1D4F83C3CDB69D6
:10353000DB0600D410BD04F60840FFF78FF9D4F87D
:103540003C3C10221A6210BDE8BB062410B50B4C9F
:1035500004F6F45001F07EFC94F8D43D23B1D4F885
:10356000F43DDB69DB0600D410BD04F55C60FFF7B9
:1035700075F9D4F8F43D10221A6210BDE8BB062498
:1035800010B5EFF3108472B6084B1A78120602D504
:1035900004B962B610BD1B784FF4DC7204485BB20C
:1035A00002FB0300C830F5F799FCF1E764CB062471
:1035B000E8BB062410B5EFF3108472B6094B1A78F5
:1035C000120602D504B962B610BD1B784FF4DC7246
:1035D00005485BB202FB030000F5A070F5F77EFC26
:1035E000F0E700BF64CB0624E8BB06240021FFF708
:1035F000FBBA00BF214A036893422BD0A2F54C428C
:10360000934229D002F58062934227D002F580626E
:10361000934225D002F58062934223D002F54442C2
:10362000934221D0A2F51C4293421FD002F5806242
:1036300093421DD0124A93421CD108224FF4DC71F0
:10364000104B01FB0233197D11B11846FFF706B983
:10365000FFF7CABA0022F1E70122EFE70222EDE705
:103660000322EBE70422E9E70522E7E70622E5E784
:103670000722E3E700231B7DFFDE00BF00100140AF
:10368000000C0058E8BB0624204A0368934229D066
:10369000A2F54C42934227D002F58062934225D096
:1036A00002F58062934223D002F58062934221D0DA
:1036B00002F5444293421FD0A2F51C4293421DD012
:1036C00002F5806293421BD0114A93421AD108231B
:1036D00010484FF4DC7202FB0300037D03B970470E
:1036E000FFF7BCB80023F3E70123F1E70223EFE77C
:1036F0000323EDE70423EBE70523E9E70623E7E7E8
:103700000723E5E700231B7DFFDE00BF001001401B
:10371000000C0058E8BB0624214A036893422BD0D2
:10372000A2F54C42934229D002F58062934227D001
:1037300002F58062934225D002F58062934223D045
:1037400002F54442934221D0A2F51C4293421FD07D
:1037500002F5806293421DD0124A93421CD1082286
:103760004FF4DC71104B4FF0000C01FB02330121D0
:1037700083F814C0FFF738BA0022F1E70122EFE71F
:103780000222EDE70322EBE70422E9E70522E7E75F
:103790000622E5E70722E3E700231B75FFDE00BFF3
:1037A00000100140000C0058E8BB06245A4B0122CF
:1037B000002147F6122030B46FF0F4141A625962F7
:1037C0009C61C3F8D041C3F88843C3F84045C3F8AF
:1037D0004825C3F84C15C3F85425C3F85805C3F859
:1037E000F846C3F80027C3F80417C3F80C27C3F83A
:1037F0001007C3F8B048C3F8B828C3F8BC18C3F81A
:10380000C428C3F8C808C3F8684A444DC3E90B206C
:10381000C3E97621C3E97920C3E9E421C3E9E720BC
:10382000C3F8702AC3F8204CC3F8D84D3C4CC3F8F9
:10383000741AC3F87C2AC3F8800AC3F8282CC3F88A
:103840002C1CC3F8342CC3F8380CC3F8E02DC3F893
:10385000E41DC3F8EC2D2188A278C3F8F00D314B9C
:103860003148A3F803105A71D9801A722F4B2A726B
:10387000E980A3F803102E4D5A71D9801A722D4B8E
:10388000E9802A72A0F803104271C1800272A3F885
:1038900003105A71D98020681A72040C264B274DE8
:1038A0001880A3F803105A71D9801A729C70244BA7
:1038B000E980A3F803105A71D9801A72214B2A7239
:1038C000A3F803105A71D9801A721F4B18809C708C
:1038D000A3F803105A71D9801A721C4B18809C707F
:1038E000A3F803105A71D9801A72194B18809C7072
:1038F0001848A3F803105A71D9801A72164BA0F811
:1039000003104271C1800272A3F803105A71D9806A
:103910001A7230BC704700BFE8BB0624940500242F
:1039200000050024AC050024A0050024C4050024E3
:1039300088050024B805002490CB062470050024D7
:10394000D00500247C0500246CCB062484CB0624FF
:1039500078CB0624F4040024E80400243E4B002223
:103960000B20114610B5D3F8D84082B044F00104C2
:10397000C3F8D840D3F8D84004F001040094009C68
:10398000D3F8D84044F00204C3F8D840D3F8D83074
:1039900003F002030193019BF4F79CFA0B20F4F768
:1039A000D7FA00220C201146F4F794FA0C20F4F711
:1039B000CFFA00220D201146F4F78CFA0D20F4F70F
:1039C000C7FA00220E201146F4F784FA0E20F4F70D
:1039D000BFFA00220F201146F4F77CFA0F20F4F70B
:1039E000B7FA002210201146F4F774FA1020F4F709
:1039F000AFFA00223C201146F4F76CFA3C20F4F7B1
:103A0000A7FA002211201146F4F764FA1120F4F706
:103A10009FFA002238201146F4F75CFA3820F4F7B8
:103A200097FA002239201146F4F754FA3920F4F7B6
:103A30008FFA00223A201146F4F74CFA3A20F4F7B4
:103A400087FA00223B201146F4F744FA3B2002B0EB
:103A5000BDE81040F4F77CBA004402582031002938
:103A60000FDD20F01F00BFF34F8F064A0144C2F85C
:103A70005C0220300B1A002BF9DCBFF34F8FBFF331
:103A80006F8F704700ED00E0034688B190F83D204D
:103A9000022A03D0802201209A667047026804211E
:103AA000002083F83D10D36823F00103D3607047F2
:103AB0000120704703682C495A6910B49C6944F08E
:103AC00008049C619C6944F010049C611C6824F00B
:103AD00001041C601C6921401961996821F440416E
:103AE000996090F88110042901D0910630D490F8A3
:103AF0008110032901D054061FD4910509D5D0F8AF
:103B0000841041F00101C0F88410996941F40071FA
:103B10009961D20509D5D0F8842042F00802C0F896
:103B200084209A6942F480729A6100235DF8044B04
:103B3000A0F86230A0F86A307047D0F8841041F0E5
:103B40000401C0F88410996941F040019961D4E7FB
:103B5000D0F8841041F08001C0F88410996941F0D8
:103B600020019961C3E700BF90FCFFFF002800F02F
:103B7000C980664A00212DE9F84303680446816242
:103B8000934217D0A2F57842934213D002F5806297
:103B90009342C26800F0AE800F2A08D8C06B02F1D1
:103BA00008014509C90805FB0111082916D901209A
:103BB000BDE8F883E268E06B02F10801534E450965
:103BC000C90805FB0111524DAB4218BFB34203D0E7
:103BD00005F58065AB4201D11029E8D894F8811031
:103BE00001F0FF0500297AD04FF000080221A769F3
:103BF000A56B84F88110B7F1806F196821F001017D
:103C00001960996801F4F81C616858D011F48009B2
:103C100001D0062A49D8D3F800E02EF4807EC3F8FC
:103C200000E0666B42EA08023743666A374326695A
:103C3000374366693743266A3743E66C3743A668DD
:103C40003743A66C3743E66932431043A26D3A43CB
:103C500040EA0C000A4398601543DD60B9B99A68E0
:103C600022F4C05242F400629A609A6822F4C06260
:103C700042F480629A601A6D22F001021A650020F7
:103C80000123C4F8840084F88130BDE8F8831A6DFC
:103C900022F001021A65B9F1000FF0D0DA68616D07
:103CA00022F000420A43DA60E9E7D3F800E0266D2B
:103CB0002EF4807E4EEA060EC3F800E0B1E7B1F5BF
:103CC000800F06D00029A1D1B5F1805F02D08946CE
:103CD000A1E7CDB91E6846F480561E6096E72046DF
:103CE00084F88050FDF762FD2368E268D4F82880EC
:103CF000E06B7BE7C06B02F108014509C90805FBD1
:103D0000011169E701207047894682E700300140D0
:103D100000380040F8B590F88030012B00F0928018
:103D200090F88130154601220446DEB2934280F8B5
:103D300080206BD1002964D0B5FA85F35B09002D92
:103D40005FD003224366A0F8683080F88120C0F875
:103D50008430A0F86250A0F86A300268C165A0F80B
:103D60006050C0E91C338368B3F5C02F65D0D368B9
:103D700023F4C02343F40033D360E368A06F0F2B18
:103D80004AD98369B3F5804F3BD13E4F203252F878
:103D9000183C07643C4F23F40043C7633B4FC764A0
:103DA0000027076542F8183CB4F862309BB2F4F77C
:103DB000B1FC002849D1A36F354ADB69B3F5807F98
:103DC0002368596802EA010218BF2A435A609A68B8
:103DD000616842F40042B1F5800F9A601A6942F4BA
:103DE00048721A611A6842F001021A6003D11A6817
:103DF00042F400721A6000231E4684F88030304678
:103E0000F8BD002384F880303046F8BD0023022638
:103E100080F880303046F8BD072B836921D8B3F590
:103E2000005F27D0B3F5804FAFD1B4F862309BB2BA
:103E300003339B08A4F86230A7E7136843F40063D8
:103E400013609AE702263046F8BDD4F88430012288
:103E500084F8807043F01003C4F8843084F8812023
:103E6000D2E7B3F5804F05D0B3F5005FC9D1B3F504
:103E7000804F8AD1B4F862309BB201335B08A4F85A
:103E8000623082E7B94201083D420108E54201087B
:103E90000000FFFFF8B590F88030012B00F096800D
:103EA00090F88130154601220446DEB2934280F834
:103EB00080206AD1002963D0B5FA85F35B09002D13
:103EC0005ED00422A0F86030416680F88120C0F8FE
:103ED0008430A0F86A50A0F86230A0F86850C0E9B9
:103EE0001C338368B3F5C02F03686AD0DA6822F404
:103EF000C02242F48022DA60E2680F2A4BD9E06FD8
:103F00008269B2F5804F3BD19A6822F480429A6070
:103F1000414F0A4603F13001B4F86A3007643F4F5D
:103F20009BB2C7633E4FC76400270765F4F7F2FBF7
:103F300000284ED1E36F3B4ADB69B3F5807F2368ED
:103F4000596802EA010218BF2A435A609A686168F8
:103F500042F48042B1F5800F9A601A6942F45072BF
:103F60001A611A6842F001021A6003D11A6842F419
:103F700000721A6000231E4684F880303046F8BD77
:103F8000002384F880303046F8BD0023022680F8F4
:103F900080303046F8BD072A27D89A68E06F22F4AF
:103FA00080429A608269B2F5005F2DD0B2F5804FF1
:103FB000AED1B4F86A2092B203329208A4F86A2013
:103FC000A6E71A6822F400621A6095E702263046D6
:103FD000F8BDD4F88430012284F8807043F01003D7
:103FE000C4F8843084F88120CDE7E06F8769B7F5A5
:103FF000804F02D0B7F5005FC2D19A68B7F5804F05
:1040000022F480429A6083D1B4F86A2092B20132DD
:104010005208A4F86A207BE7C942010865420108FA
:10402000E54201080000FFFF2DE9F8431D4690F826
:104030008030012B00F083800123044680F880301B
:1040400090F88130012BDEB251D1002D18BF002A2B
:1040500047D0B1FA81F35B09002942D0C165A0F8CD
:10406000605001684266A0F86850C0E91C33052022
:1040700084F88100C4F88430A4F86250A4F86A502F
:10408000CB6823F4C023CB608B6823F440438B6060
:10409000E3680F2B32D9E06F8369B3F5804F20D1ED
:1040A000624F4FF00008B4F86A3030310764DFF82F
:1040B00088919BB25E4FC0F84C90C763C0F85080A7
:1040C000F4F728FB074600283DD0D4F884300122BD
:1040D00084F8808043F01003C4F8843084F8812091
:1040E00002E0002384F880303046BDE8F8830023E6
:1040F000022680F880303046BDE8F883072B5DD873
:10410000A36F9B69B3F5005F78D0B3F5804F06D1FC
:10411000B4F862309BB203339B08A4F86230E06FBE
:104120008369B3F5005F61D0B3F5804FB8D1B4F8BF
:104130006A309BB203339B08A4F86A30B0E70226CA
:104140003046BDE8F8832268A06F93682032E16DA5
:1041500043F4804342F8183CB4F86230C0F84C9005
:104160009BB20765C0E90F77F4F7D4FA00284DD168
:10417000A36F304ADB69B3F5807F2368596802EA90
:10418000010218BF2A435A609A68616842F40042EB
:10419000B1F5800F9A601A6942F458721A611A6870
:1041A00042F001021A6004D000231E4684F88030D9
:1041B0009AE71A6842F400721A60F5E7E06F8369C3
:1041C000B3F5804F02D0B3F5005F8AD1A76FBF6906
:1041D000B7F5804F06D1B4F86270BFB201377F08DF
:1041E000A4F86270B3F5804F7FF45AAFB4F86A3028
:1041F0009BB201335B08A4F86A3051E7B4F862302F
:104200009BB201335B08A4F8623088E7E06FF4F7F3
:1042100023FCD4F88430012284F8807043F010032A
:10422000C4F8843084F881205EE700BFD9420108D9
:104230008D4201080000FFFFE5420108806B08B5D0
:1042400090F88130072B09D0836FDB69B3F5807F4D
:1042500005D00268136943F00803136108BDFDF738
:10426000ADFE08BD806B08B590F88130072B09D0F2
:10427000C36FDB69B3F5807F05D00268136943F033
:104280000803136108BDFDF7FBFE08BD806B08B590
:1042900090F88130072B09D0836FDB69B3F5807FFD
:1042A00005D00268136943F00803136108BDFDF7E8
:1042B00049FF08BD704700BF806B08B5FFF7FAFFE4
:1042C00008BD00BF704700BF806B08B5FFF7FAFF5D
:1042D00008BD00BF704700BF806B08B5FFF7FAFF4D
:1042E00008BD00BF10B5846BF5F748F9022800D16E
:1042F00010BD236830495A69986940F008009861F8
:10430000986940F010009861186820F0010018606A
:10431000186901401961996821F44041996094F845
:104320008110042901D091063AD494F88110032910
:1043300001D0500629D4910509D5D4F8841041F054
:104340000101C4F88410996941F400719961D205A2
:1043500009D5D4F8842042F00802C4F884209A6970
:1043600042F480729A61002301222046A4F8623050
:10437000A4F86A30D4F8843043F01003C4F88430D1
:1043800084F88120FDF740FF10BDD4F8841041F07F
:104390000401C4F88410996941F040019961CAE7A9
:1043A000D4F8841041F08001C4F88410996941F078
:1043B00020019961B9E700BF90FCFFFF08B5806B51
:1043C00000230122A0F86A30A0F8623080F8812032
:1043D000FDF71AFF08BD00BF704700BF03681969E9
:1043E0005A692DE9F0419F6801EA020590F8816061
:1043F00012050446F6B202D5090700F1D28005F095
:104400006402042A3ED005F04502012A44D005F09A
:104410002602022A00F0DC802A075CD59A6942F065
:1044200008029A619A6942F010029A619A6942F40C
:1044300000629A611A6922F008021A619A6812F4FD
:10444000404F33D1B4F86A2092B27AB3616E0EE075
:104450002268126B41F8042B6166B4F86A20013AB5
:1044600092B2A4F86A20B4F86A2092B2F2B1E2687B
:104470000F2AEDD8072A40F2A3801A8E21F8022BCA
:104480006166EAE72046636F9847236F20469847A6
:1044900005F04503012B02D1236F2046984705F014
:1044A0002605022D00F09480BDE8F0812046FFF73C
:1044B00001FB012384F88130D4F88430002B7CD1B7
:1044C000052E00F08A80042E00F08A80032EEBD1A6
:1044D000FDF774FDE8E715F4587FE5D06E0609D5C1
:1044E000D4F8842042F00402C4F884209A6942F08F
:1044F00040029A61A80509D5D4F8842042F001024F
:10450000C4F884209A6942F400729A61E90509D5D9
:10451000D4F8842042F00802C4F884209A6942F456
:1045200080729A61AA0609D5D4F8842042F08002EC
:10453000C4F884209A6942F020029A61D4F8842059
:10454000002AB1D0196807F44047274A21F0010139
:10455000B7F5404F1960196902EA01021A6128D1C2
:104560009A68E06F22F440429A6050B11F4B036595
:10457000F4F7EAFB28B1D4F8843043F04003C4F8E0
:104580008430A06F00288FD0184B0365F4F7DCFB54
:10459000002889D0D4F8843043F04003C4F8843034
:1045A00082E79A6942F400629A61FFF715FFBDE85D
:1045B000F0810123204684F88130FDF725FE73E762
:1045C000226892F830200A70616E0131616644E71A
:1045D000636F2046BDE8F0411847FDF7B3FD63E780
:1045E000FDF74EFD60E700BF94FCFFFFBD430108EF
:1045F00090F88100704700BF002800F0A58038B512
:1046000090F83D30044603F0FF02002B76D022687C
:1046100002234E49B2F1804F84F83D30A2EB0101F4
:104620001368B1FA81F14FEA511127D031BB4848E4
:10463000484D824267D000F58060824263D0551BAE
:1046400000F58060B5FA85F582424FEA551563D0D2
:10465000002D61D1404841498A4218BF824265D04D
:1046600001F580618A4261D0A06923F08003E1688E
:10467000034313606368D162936223E0354D23F0F6
:104680007003A068551B0343B5FA85F56D092069D1
:1046900023F440730343A06923F0800303431360B2
:1046A000E368D3626368936251B94DB92A492B4BD1
:1046B0009A4218BF8A4203D003F580639A4201D11F
:1046C0006369136301230020536184F8483084F840
:1046D0003E3084F83F3084F8403084F8413084F82C
:1046E000423084F8433084F8443084F8453084F80C
:1046F000463084F8473084F83D3038BD80F83C209F
:10470000FDF7D2FE83E7551B23F07003A068B5FACE
:1047100085F503436D09BAE7A06823F070030343EE
:104720000F488242B3D0002DB1D193E7206923F422
:104730004073A1690343E06823F080030B43616881
:104740001360D0629162B1E7012070470000014020
:1047500000040040000401400040014000440140CA
:10476000000C004090F83D30012B3DD10268234BF6
:104770002349B2F1804F18BF9A4230B40CBF0123D5
:104780000023204D0224AA4208BF43F0010380F811
:104790003D401D4C8A4208BF43F001031B4801F510
:1047A0008051A24208BF43F00103824208BF43F098
:1047B00001038A4208BF43F0010333B900F570508A
:1047C000101AB0FA80F0400998B19168104B0B4074
:1047D000062B0BD0B3F5803F08D01368002043F0C0
:1047E0000103136030BC704701207047002030BCCB
:1047F0007047136843F001031360F3E700000140C2
:104800000008004000040040000C0040000401408B
:104810000700010090F83D30012B41D102680221D0
:10482000244BB2F1804F18BF9A4230B40CBF012321
:104830000023214D214CAA4208BF43F0010380F818
:104840003D10D168A24208BF43F0010304F5806423
:1048500041F001011A48A24208BF43F00103D160B0
:10486000824208BF43F0010316498A4208BF43F061
:10487000010333B900F57050101AB0FA80F0400906
:1048800098B19168104B0B40062B0BD0B3F5803FCD
:1048900008D01368002043F00103136030BC704758
:1048A00001207047002030BC7047136843F00103BB
:1048B0001360F3E7000001400004004000080040DE
:1048C00000040140001800400700010090F83C304F
:1048D000012B00F081800246022370B4046801209D
:1048E00082F83D3082F83C005A4BA5682B40A3600B
:1048F0000B68702B00F09C8025D8502B6ED039D9D6
:10490000602B18D1206A4D6820F01000C968206221
:104910000020A36923F4704343EA0133216A21F0A4
:10492000A001A3614C4B41EA05112162A1680B4033
:1049300043F06703A3600121002382F83D1082F851
:104940003C3070BC7047B3F5005F60D033D9434949
:104950008B4206D029D942498B4202D010318B427A
:10496000E9D1A0683C49014000200B4343F0070314
:10497000A360E0E7402B23D1236A256A486823F02F
:104980000A0325F00105CE681843334B2562A1695F
:1049900021F0F00141EA0611A16120620020A16826
:1049A0000B4043F04703A360C5E723F01001B1F5C6
:1049B000801FC0D1D5E7B3F5805018BF0120BAE7FA
:1049C000B9D8202BCDD003D9302BCAD00120B2E7E3
:1049D00033F01001AFD1C4E702207047236A256A83
:1049E000486823F00A0325F00105CE6818431A4BE6
:1049F0002562A16921F0F00141EA0611A16120625E
:104A00000020A1680B4043F05703A36093E7D1E96E
:104A10000153A0682B43CD6820F47F41002043EA76
:104A200005230B43A360A36843F48043A36082E79C
:104A3000D1E90153A0682B43CD6820F47F410020C9
:104A400043EA05230B43A360A36843F07703A36005
:104A500071E700BF8800CEFF8FFFCFFF200010005E
:104A600030001000704700BF704700BF704700BFA4
:104A7000704700BF036870B5DE6805461C69A10772
:104A800001D5B20754D4620701D573073DD420077E
:104A900001D5310727D4E30601D5F00610D4E1078C
:104AA00001D5F20762D4230652D5300666D46006DB
:104AB00001D5710673D4A20601D5B3064DD470BDDD
:104AC0002B686FF0100228461A6108222A77DB69EA
:104AD00013F4407F74D1FFF7C5FF2846FFF7C6FFE8
:104AE00000232B77DBE72B686FF0080228461A615A
:104AF00004222A77DB699A075FD1FFF7B3FF2846C4
:104B0000FFF7B4FF00232B77C5E72B686FF0040293
:104B100028461A6102222A779B6913F4407F49D103
:104B2000FFF7A0FF2846FFF7A1FF00232B77AEE792
:104B30006FF002021A61012202779B69990736D150
:104B4000FFF790FF2846FFF791FF00232B779AE7A6
:104B5000E205ACD533061AD4A9E72B686FF0200222
:104B600028461A61BDE8704000F088B82B686FF0E5
:104B7000010228461A61FDF787FD94E72B686FF064
:104B8000800228461A6100F07BF8E1058FD52B687A
:104B90006FF4807228461A6100F074F887E72B687A
:104BA0006FF0400228461A61FFF762FF83E7FFF7C4
:104BB0005BFFCAE7FFF758FFB7E7FFF755FFA1E72D
:104BC000FFF752FF8CE700BF90F83C30012B4BD031
:104BD00003680246022030B4244D82F83D00AB4207
:104BE00058689C6829D005F58065AB4225D0204DDA
:104BF00020F07000AB4218BFB3F1804F05F580651F
:104C00000CBF4FF0010C4FF0000CAB4208BF4CF052
:104C1000010C05F58065AB4208BF4CF0010C0D6836
:104C20002843144D5860AB4214BF60464CF001005D
:104C300060B91148834209D00DE04D6820F470003E
:104C400028430D6820F0700028435860896824F0DC
:104C500080040C439C6000230121184682F83D101B
:104C600082F83C3030BC70470220704700000140A1
:104C7000000400400018004000400140704700BFA1
:104C8000704700BF704700BF70B5D0F88860202E15
:104C900031D171B3B2FA82F56D0952B32123A0F874
:104CA00056200446C0F890500165A0F85420C0F882
:104CB0008830C06F60B105651346134D2268C56327
:104CC000124D28320564124DC564F3F723FDA0B9D7
:104CD00022684023136202F1080353E8003F43F0C7
:104CE000800302F1080040E800310029F3D10020E0
:104CF00070BD012070BD022070BD10230120C4F8DA
:104D00009030C4F8886070BD154D01085D4D0108F4
:104D1000694D010808B5C369806BB3F5807F18D071
:104D200000230268A0F8563002F1080353E8003F60
:104D300023F0800302F1080040E800310029F3D19C
:104D400052E8003F43F0400342E800310029F7D128
:104D500008BDFEF74BFC08BD704700BF806B08B56F
:104D6000FFF7FAFF08BD00BF806B0368D0F888101A
:104D700010B5D0F88C409A68120601D521290DD0C3
:104D80009A68520601D5222C23D0D0F8903043F0F7
:104D90001003C0F89030FEF7BFFC10BD0022A0F851
:104DA000562053E8002F22F0C00243E800210029DA
:104DB000F7D103F1080252E8002F22F4000203F1B8
:104DC000080C4CE800210029F3D12022C0F88820EB
:104DD000D6E70022A0F85E2053E8002F22F490725C
:104DE00043E800210029F7D1134C03F1080252E8EF
:104DF000002F224003F1080C4CE800210029F4D1D7
:104E0000C26E012A06D0002320224367C0F88C20FE
:104E1000C366BAE753E8002F22F0100243E80021EE
:104E20000029F0D053E8002F22F0100243E80021BF
:104E30000029EFD1E7E700BFFEFFFFEF08B5806B69
:104E40000023A0F85E30A0F85630FEF765FC08BDE0
:104E5000704700BF036840F60F0CDA6912EA0C0FC6
:104E600070B51D680446996800F02181B14EB248C2
:104E700005EA060C08405CEA000640F08980E06E16
:104E8000012822D0D00202D54E0200F1398110064D
:104E900006D501F4000105F08000014340F02881AF
:104EA000510667D56E0665D553E8002F22F0400203
:104EB00043E800210029F7D1202200232046C4F82E
:104EC0008820A367FEF792FB70BDD006DAD5EE0608
:104ED000D8D510221A629A68550640F13C81D4F860
:104EE000800001684A6892B2002AEDD0B4F85C10E4
:104EF0009142E9D9A4F85E20C269B2F5807F2FD033
:104F000053E8002F22F4807243E800210029F7D1F2
:104F100003F1080252E8002F22F0010203F1080514
:104F200045E800210029F3D103F1080252E8002FDF
:104F300022F0400203F1080545E800210029F3D1E1
:104F40002022C4F88C20E16653E8002F22F01002E2
:104F500043E800210029F7D1F3F77EFDB4F85C1097
:104F6000022320462367B4F85E30C91A89B2FFF7DE
:104F70006FFF70BD100202D5690000F1E780D30118
:104F8000A2D5002DA0DA2046BDE8704000F054BE46
:104F9000D60709D5EE0507D501261E62D4F8906024
:104FA00046F00106C4F89060960740F19280CE0763
:104FB0000AD502261E62D4F8906046F00406C4F8B2
:104FC0009060560700F18B8016070BD505F0200680
:104FD000304307D008201862D4F8900040F0080051
:104FE000C4F8900016050AD5680108D54FF4006092
:104FF0001862D4F8900040F02000C4F89000D4F873
:10500000900000283FF460AF96060BD505F0200510
:1050100001F0805155EA010204D0626F12B12046BE
:1050200090472368D4F890509A6805F0280502F05C
:105030004002154300F0C58053E8002F22F490721F
:1050400043E800210029F7D13C4803F1080252E867
:10505000002F024003F1080545E800210029F4D1A2
:10506000E26E012A54D000222021C4F88C10E2669E
:10507000996862674D0665D503F1080252E8002F72
:1050800022F0400203F1080040E800210029F3D19A
:10509000D4F88000002855D0294B0365F3F754FE5F
:1050A00000283FF411AFD4F88000036D0EE096069F
:1050B0007FF5E5AE05F0200601F0805C56EA0C06AF
:1050C0003FF4DDAE436F002B3FF4FEAEBDE8704011
:1050D000184756077FF578AFCE077FF575AF0426E2
:1050E0001E62D4F8906046F00206C4F890606BE748
:1050F000A36F002B3FF4E8AE2046BDE87040184790
:105100004FF4801220461A62BDE8704000F092BD54
:1051100053E8002F22F0100243E800210029A2D01A
:1051200053E8002F22F0100243E800210029EFD1BC
:1051300099E700BF2001000401000010FEFFFFEF0F
:105140003D4E01082046FEF7E7FA70BD2046BDE857
:10515000704000F073BDB4F85E00B4F85C10B4F8B1
:105160005E20091A92B289B2002A3FF4ADAE00293E
:105170003FF4AAAE53E8002F22F4907243E80020D7
:105180000028F7D1124D03F1080252E8002F2A40FF
:1051900003F1080646E800200028F4D120226067C9
:1051A000C4F88C20E06653E8002F22F0100243E898
:1051B00000200028F7D1022320462367FFF748FE8E
:1051C00070BD2046FEF7A8FAC4F8905070BD00BF2D
:1051D000FEFFFFEF806B08B501230367C36E012B51
:1051E00002D0FEF751FA08BDB0F85C104908FFF78D
:1051F0002FFE08BD08B5C369806BB3F5807F29D049
:1052000000220368A0F85E2053E8002F22F4807289
:1052100043E800210029F7D103F1080252E8002FEA
:1052200022F0010203F1080C4CE800210029F3D11F
:1052300003F1080252E8002F22F0400203F1080CAB
:105240004CE800210029F3D12022C0F88C20C26E46
:10525000012A07D000230367C36E012B13D0FEF78A
:10526000C9F908BD53E8002F22F0100243E80021DD
:105270000029EFD053E8002F22F0100243E800216C
:105280000029EFD1E6E7B0F85C10FFF7E1FD08BDBB
:10529000D0F88820D0F88C001043704701698268EC
:1052A00003680A43C04930B545690446C06987B000
:1052B0002A431D6802432940BC4D0A43E168AB42C2
:1052C0001A605A6822F4405242EA0102A1695A6007
:1052D00000F0E080226A9D681143B54A2A40656A61
:1052E00011439960DA6A22F00F022A43DA62B14A66
:1052F000934223D0B04A934276D0B04A934200F012
:105300008F81AF4A934200F0E181AE4A934200F0B0
:105310002181AD4A934200F0E381AC4A934200F010
:105320003482AB4A934200F0E781012000234FF022
:1053300001126367A266A36707B030BDA54B5B6D22
:1053400003F03803282BF0D8A34AD35CB0F5004F04
:1053500055D0202B00F24A81202BE6D801A252F82A
:1053600023F000BFA35501089D5501082B530108E8
:105370002B5301088D5501082B5301082B530108AD
:105380002B5301087F5501082B5301082B530108AB
:105390002B5301082B5301082B5301082B530108F1
:1053A0002B530108695501082B5301082B530108A1
:1053B0002B5301082B5301082B5301082B530108D1
:1053C0002B5301082B5301082B5301082B530108C1
:1053D0002B5301082B5301082B5301082B530108B1
:1053E0002B5301080D5701087A4B5B6D03F007033F
:1053F000052B9AD8794AB0F5004FD35CA9D1202B60
:1054000000F24581202B90D801A252F823F000BF72
:1054100077570108715701082B5301082B530108D6
:105420007D5701082B5301082B5301082B5301080A
:105430005F5701082B5301082B5301082B53010818
:105440002B5301082B5301082B5301082B53010840
:105450004B5701082B5301082B5301082B5301080C
:105460002B5301082B5301082B5301082B53010820
:105470002B5301082B5301082B5301082B53010810
:105480002B5301082B5301082B5301082B53010800
:10549000875701089868464A02404E480A439A6076
:1054A000DA6A616A22F00F020A43DA62836D03F05E
:1054B0000703052B3FF639AF494AD35C202B00F296
:1054C000B980012B7FF631AF023B1E2B3FF62DAF8B
:1054D00001A252F823F000BF415701082B530108E5
:1054E000375701082B5301082B5301082B53010890
:1054F000255701082B5301082B5301082B53010892
:105500002B5301082B5301082B5301082B5301087F
:10551000115701082B5301082B5301082B53010885
:105520002B5301082B5301082B5301082B5301085F
:105530002B5301082B5301082B5301082B5301084F
:105540002B5301082B5301082B5301082B5301083F
:10555000475701081F4B5B6D03F00703052B3FF610
:10556000E4AE204AD35CF1E61A4B1A68920640F189
:10557000C1801B681C48C3F3C103D8403BE003A8AB
:10558000F8F74EFE049838B90020CFE66846F8F7E1
:1055900089FD01980028F7D0656A2CE0F7F738FEFE
:1055A000F1E7F7F7EDFDEEE7F369FFCF000C0058E8
:1055B000FFF4FF110010014000440040004800408B
:1055C000004C0040005000400014014000780040B2
:1055D000007C004000440258009301082C9301080D
:1055E000349301082C9301080090D003402B7FF4E2
:1055F0009CAE4FF400406C4B4FF6EF71626833F88D
:105600001530B0FBF3F303EB5203B3FBF2F3A3F15A
:1056100010028A423FF689AE22680020D36085E6F8
:10562000624B5B6D03F00703052B3FF67EAE604ACD
:10563000D35C8BE6402B7FF478AE4FF400405A4B9E
:10564000656833F8112005EB4501B0FBF2F3994290
:105650003FF66BAEB3EB053F3FF667AE002319464E
:10566000EBF74AF82A460902030241EA106168088A
:1056700018184FF0000341F10001EBF73DF84D4AD7
:10568000A0F54071034691423FF64FAEC4E7402B70
:105690007FF44BAE444B626833F815105308B0FBEF
:1056A000F1F003EB40004FF6EF73B0FBF2F0A0F126
:1056B00010029A423FF639AE20F00F03C0F34200C9
:1056C00022689BB203430020D3602FE6374B5B6D0B
:1056D00003F00703052B3FF628AE374AD35C35E6C7
:1056E000324B5B6D03F03803282B3FF61EAE334A76
:1056F000D35C2BE632487EE72C4B5B6D03F007034F
:10570000052B3FF612AE2F4AD35C1FE62E4872E7F8
:10571000264B1A68900642D51B682948C3F3C1037B
:10572000D8408CE703A8F8F77BFD049800283FF4E5
:105730002BAF616A83E76846F8F7B4FC0198F5E798
:10574000F8F79EFCF2E7204879E7184B1A689106B3
:1057500027D51B681A48C3F3C103D8409AE703A8AA
:10576000F8F75EFD049800283FF40EAF656A91E7F4
:10577000F7F74EFDF7E7F7F703FDF4E76846F8F7AC
:1057800091FC0198EFE7104884E7084B5B6D03F04C
:105790000703052B3FF6C9AD0C4AD35CD6E5084894
:1057A0004DE7074876E700BF3C93010800440258E4
:1057B0002C930108FFFC0F002C93010800930108B3
:1057C0000090D0032C93010800093D002C930108A0
:1057D000836A1A0710B406D50168846B4A6822F4FC
:1057E000004222434A60DC0706D50168C46A4A6861
:1057F00022F4003222434A60990706D50168046BFF
:105800004A6822F4803222434A605A0706D501686A
:10581000446B4A6822F4802222434A60DC0606D5A3
:105820000168C46B8A6822F4805222438A60990618
:1058300006D50168046C8A6822F4005222438A600B
:105840005A060AD50168446C4A68B4F5801F22F4F0
:10585000801242EA04024A600BD01B0606D5026899
:10586000C16C536823F400230B4353605DF8044B71
:1058700070474A68846C22F4C00222434A60ECE715
:1058800038B500230446C0F89030F1F7DFFC2268F9
:10589000054613681B070ED41368590732D400233A
:1058A00020221846C4F8882084F88430C4F88C205C
:1058B000E366236738BDD3699802EDD40CE019681C
:1058C0001A46490705D5D96908074FD4D96909058A
:1058D0007AD4DB699802DFD4F1F7B8FC431BB3F14B
:1058E000007F2368EBD353E8002F22F0800243E8C7
:1058F00000210029F7D12023032084F88410C4F864
:10590000883038BDD3695B02C9D40DE01A685007EE
:1059100007D5DA69110700F18580DA69120500F10F
:10592000AF80DB695B02BAD4F1F790FC431BB3F1A3
:10593000007F2368EAD353E8002F22F4907243E8F3
:1059400000210029F7D103F1080252E8002F22F0CC
:10595000010203F1080040E800210029F3D12023CF
:10596000032084F88410C4F88C3038BD08221A62F1
:1059700053E8002F22F4907243E800210029F7D168
:10598000564803F1080252E8002F024003F10805CF
:1059900045E800210029F4D1E26E012A0BD0002253
:1059A00020200821C4F88C006267E26684F8842015
:1059B000C4F8901097E753E8002F22F0100243E854
:1059C00000210029F7D1EAE74FF400621A6253E898
:1059D000002F22F4907243E800210029F7D13F48BC
:1059E00003F1080252E8002F024003F1080545E8E0
:1059F00000210029F4D1E26E012A0AD000222021E0
:105A00006267C4F88C1084F88420E266C4F89010B1
:105A100069E753E8002F22F0100243E80021002933
:105A2000F7D1EBE708221A6253E8002F22F49072B4
:105A300043E800210029F7D1284803F1080252E881
:105A4000002F024003F1080545E800210029F4D1A8
:105A5000E26E012A0BD0002220200821C4F88C001D
:105A60006267E26684F88420C4F8901063E753E824
:105A7000002F22F0100243E800210029F7D1EAE7C5
:105A80004FF400621A6253E8002F22F4907243E848
:105A900000210029F7D1114803F1080252E8002F34
:105AA000024003F1080545E800210029F4D1E26E27
:105AB000012A0AD0002220216267C4F88C1084F8E1
:105AC0008420E266C4F8901035E753E8002F22F0F6
:105AD000100243E800210029F7D1EBE7FEFFFFEFBA
:105AE00080B3D0F8883010B5044633B3226824233D
:105AF000A16AC4F88830136823F001031360C1B9A8
:105B00002046FFF7CBFB012811D0236820465A68B6
:105B100022F490425A609A6822F02A029A601A6827
:105B200042F00102BDE810401A60FFF7A9BE012053
:105B300010BD2046FFF74CFEE2E780F88430FDF709
:105B400057F9D3E70120704738B5044600232220D7
:105B5000C4F89030C4F88C00D4F88000A165A4F893
:105B60005C2070B12568036513460A4605F12401DF
:105B70001B4DC5631B4D05641B4DC564F2F7CAFD83
:105B800028BB23694BB1236853E8002F42F480728D
:105B900043E800210029F7D100E0236803F108025F
:105BA00052E8002F42F0010203F1080040E8002112
:105BB0000029F3D103F1080252E8002F42F040021D
:105BC00003F1080141E800200028F3D138BD10227C
:105BD00020230120C4F89020C4F88C3038BD00BFC9
:105BE000F5510108D5510108694D0108D0F88C30F4
:105BF000202B1AD1B9B1B2FA82F35B099AB130B451
:105C00000468C3660A4B9C420AD063681B0207D52E
:105C100054E8003F43F0806344E80035002DF7D19D
:105C200030BCFFF791BF012070470220704700BFD2
:105C3000000C0058704700BF704700BF704700BF9E
:105C40000023034A4360026083600361C3607047BE
:105C5000CDCC4C3E90ED017AB7EE006A90ED004A53
:105C6000DFED207A34EE077A90ED045AC0ED047A25
:105C7000B4EEC67A80ED017AF1EE10FA2EDB77EE03
:105C8000466AD0ED037AF6EE005AD0ED024A30EEC5
:105C9000673AC6EE843AC0ED016ABEEE007A36EE8F
:105CA000636A63EEA55AE3EE067A65EEA35AF0EE58
:105CB000676A66EE077A36EEE47AC0ED026A67EE4E
:105CC000867AA7EE255A67EE877A77EEA67A80ED78
:105CD000030AB0EE450AC0ED047A7047D0ED026ABF
:105CE000F3E700BF00000000F7EE007A9FED047AB2
:105CF00080FE070A80FE670A80ED000A704700BF39
:105D000000000000037810B504462DED028B072B30
:105D100000F2A181DFE813F05000A000B30085007D
:105D20009000C0000D01080090ED068AF7EE006AB1
:105D3000D0ED037ABFEE000A90ED077AF4EEC87A50
:105D4000F1EE10FAB4EEC87A36FE800AF1EE10FADF
:105D500000F3748136EEC76AB4EEC68AF1EE10FA2B
:105D600000F32581F7EE006A76EEE77A77EE887A1F
:105D7000BBFE676A77EEC67AB4EEE77AF1EE10FA08
:105D800000F3248136EEC76AF4EEC67AF1EE10FA1B
:105D90000DDD77EEE67A87EE876AF0EE467AE6EE7C
:105DA000067A36EE276A76EE266A30EE660ADFED70
:105DB000AD7A20EE270A09E090ED068A9FEDAA0A47
:105DC00028EE000A00F0ECFD94ED077A77EE087AF1
:105DD000F7EE006AF4EEE67AF1EE10FA40F3D480C2
:105DE00077EEE67A0123C4ED067A37EEC77A84F8B7
:105DF0002930F6EE006AB4EEE67AF1EE10FA40F1E0
:105E0000C180F4EEE67AF1EE10FAACBF0123002374
:105E1000D4ED017A84F8283020EE270ABDEC028BFD
:105E200010BDF0EE007A90ED068ABFEE000A90ED0C
:105E3000077AA8EE270AC9E790ED068AD0ED037A23
:105E400090ED077AB4EEE78AF1EE10FA4CBFB7EEA8
:105E5000000ABFEE000AB9E7F0EE006A90ED068A8C
:105E6000BFEE000A90ED077AF6EE007AA8EE260A59
:105E7000B0EEC00A30EE670A30EE000AA6E7F0EE98
:105E8000007A90ED068ABFEE000A90ED077AA8EE40
:105E9000270AB1EE400A99E7F6EE006A90ED068A0D
:105EA00090ED077AF7EE007ABFEE006AB4EEE68A6C
:105EB000F1EE10FAB4EEC87A48BFB0EE676AF1EEC0
:105EC00010FA00F3AC8077EEC76AB4EEE68AF1EE22
:105ED00010FA5DDCF6EE007A78EE277AFBFE675A60
:105EE00077EEE57AB4EEE77AF1EE10FA7BDCF4EEC9
:105EF000E67AF1EE10FA0FDDB7EE005A77EEC57ACA
:105F0000C7EE875AF0EE657AE5EEA57A75EEA75AE8
:105F100075EE855A36EE656AD4ED087AB1EE000A60
:105F200066EEA76AE7EE066A26EE800AC4ED086A06
:105F30004CE790ED068AF0EE007A90ED077ABFEE1E
:105F4000000AB4EEC87AA8EE270AF1EE10FA59DC7E
:105F5000F7EE006A76EEC77AB4EEE78AF1EE10FA51
:105F60000DDD38EE666AC6EE077AB0EE676AA7EE18
:105F7000A76A77EE867A77EEA67A30EE670AB1EEF8
:105F8000400A23E7002343E70023C4ED067A2CE709
:105F900038EE675AC5EE075AB0EE655AA5EEA55A17
:105FA00075EE855A75EEA77A36EE276A92E778EE97
:105FB000665A85EE876AF0EE465AE6EE065A36EEE7
:105FC000256A76EE266A30EE260ACBE687EE876AE9
:105FD000F0EE005A66EE467AE6EE257A77EEE66A4D
:105FE00030EE660AE3E6C7EE875AF0EE004AB7EEF7
:105FF000005A65EEE57AE5EEA47A77EEC57A36EEDC
:10600000676A89E788EE076AF7EE005A66EE466A25
:10601000E6EE276A76EEE57A30EE670AAFE788EEBD
:10602000075AF0EE004A77EEC76A65EE455AE5EE8C
:10603000245A75EEE77A36EE276A4BE7C8EE075A20
:10604000B0EE005A25EEE56AA5EE856A76EE666A40
:1060500030EE260A86E690ED077A90ED068A9FEDEF
:10606000030AB3E6F4FD343FDB0FC9400000000033
:10607000D0ED057A20EE270A704700BF4FF07C5321
:106080000021044A4160C2600361436180ED060A59
:10609000704700BF0000C842D0ED016AD0ED057A1C
:1060A00090ED047A67EEA67AE7EE007AB0EE670A22
:1060B000C0ED017A704700BF9FED187AD0ED037AEA
:1060C00090ED060A67EE877A10B587EE800A0446DF
:1060D0002DED028B00F048F8F0EE007ABFEE007A6A
:1060E00037EEC08AA8EE087AB5EE407AF1EE10FAE3
:1060F0000ED4B1EEC70A38EE408AF7EE007A84ED8E
:10610000058A77EEC87ABDEC028BC4ED047A10BD27
:10611000B0EE470A00F04AFDEDE700BFDB0FC940D3
:106120000B460146184601F029BC012838BF012062
:1061300010B50446204601F059FC30B900F00CF8C7
:1061400008B901F00BFC8047F4E710BDFFF7EDBF85
:1061500008B501F003FC0000024B1868BFF35B8F29
:10616000704700BF9CCB062438B510EE104AC4F32C
:106170000A53B3F57D7FB7EEC07A1ED227EE077BB8
:10618000B3F5667F6FD327EE071B634B93ED142B9C
:1061900093ED125B93ED0E3BA7EE025B93ED0C0BC0
:1061A00093ED104BA7EE030B27EE017BA1EE040B42
:1061B000A5EE070BB7EEC00B38BD40F22E4293425E
:1061C00054D8554991ED086B27EE066BFDEEC66B72
:1061D00091ED0A5B16EE903A03F500031B1613F0DF
:1061E000020F06EE903A01F1700208BF0A46D80786
:1061F000B8EEE66BA6EE457B27EE076B1AD503F0EB
:10620000030301EBC30393ED002B92ED1A4B92EDC8
:10621000185B92ED163BA6EE045B27EE027B27EEA1
:10622000064B26EE046BA4EE037BA5EE067BB7EED1
:10623000C70B38BD92ED142B92ED127B92ED0E3B05
:1062400092ED0C0B92ED104B26EE065BA6EE027B58
:10625000A6EE030B26EE056BA5EE040BA7EE060BD0
:10626000B7EEC00B38BDB7EE000A38BDB3F5FF6F0F
:106270003DD22A4BC4F3836203EB820153F8222000
:106280000D69C4F31603C4F3C25043F40003834002
:10629000086A03FB02F2A3FB0010E3FB050202F114
:1062A00000518D0F01F04041511AEAF7F7F91C4BEC
:1062B0009FED177B05EBD47441EC160B14F0020F25
:1062C000A3F1700208BF1346E90726EE077B27EE0D
:1062D000076B10D504F0030402EBC40494ED002B0B
:1062E00093ED1A4B93ED185B93ED163B93E7BDE8E6
:1062F000384000F057B893ED142B93ED127B93EDDB
:106300000E3B93ED0C0B93ED104B9DE7AFF300802C
:10631000182D4454FB21193C48970108E8960108C0
:10632000B897010810B582B08DED010A044601F05E
:1063300033FB9DED010A046002B010BD30B1F1EEF7
:10634000407A27EE800A2220FFF7ECBFF0EE407A79
:1063500027EE800A2220FFF7E5BF00BF9FED010A6C
:10636000FFF7ECBF000000109FED010AFFF7E6BF4A
:106370000000201A9FED010AFFF7E0BF0000007047
:106380009FED070AFFEE007AB7EE007A00284FF083
:10639000220047FE277A87EE800AFFF7C3BF00BFBF
:1063A0000000000070EE407AB4EE400A87EEA77A53
:1063B000F1EE10FAB0EE470A02D62120FFF7B2BF85
:1063C000704700BF00000000B0EE407B17EE903A2F
:1063D0001B4A23F0004393421BDD1A4A934202DD1D
:1063E00030EE400B704700B585B0684600F008FC01
:1063F00000F0030001289DED021B9DED000B0CD069
:10640000022812D070B1012001F03AF905B05DF810
:1064100004FB9FED091B00F043BD01F031F9B1EE23
:10642000400BF3E700F03CFDF0E700F039FDB1EE82
:10643000400BEBE7AFF3008000000000000000001D
:10644000FB21E93FFFFFEF7FB0EE407B17EE903A74
:106450001B4A23F0004393421CDD1A4A934202DD9B
:1064600030EE400B704700B585B0684600F0C8FBC1
:1064700000F0030001289DED021B9DED000B0ED0E6
:10648000022813D070B100F00BFDB1EE400B05B047
:106490005DF804FB9FED081B002001F0F1B800F04F
:1064A000FFFCF4E7012001F0EBF8F0E7012001F038
:1064B000E7F8B1EE400BEAE7000000000000000042
:1064C000FB21E93FFFFFEF7F10EE103A40F22A4137
:1064D000C3F30A528A42B7EEC03A32D8B7EE000B85
:1064E0002D4B93ED4A2B93ED481BB0EE417BA2EE72
:1064F000037B17EE100A37EE417B00F01F0203EB1F
:10650000C20130B492EE037B93ED4C4B53F8324012
:106510004D6893ED4E6B93ED505BA4EE076B27EE49
:10652000074B00210A1905EBC033A5EE070B43EC1E
:10653000172BA6EE040B30BC20EE070BB7EEC00BFA
:10654000704713F5000F20D0B2F5FF6F1AD2DFEDC0
:10655000137AB4EEE70AF1EE10FA10DCDFED107AF0
:10656000B4EEE70AF1EE10FA12D4DFED0E7AB4EED3
:10657000E70AF1EE10FAB1D50020FFF7F5BE0020D2
:10658000FFF7F8BE30EE000A70479FED070A70472C
:106590000020FFF7E3BE00BF589301081772B14215
:1065A000B4F1CFC2CF8ECEC20000000010EE103A80
:1065B000B3F17E5F10EE101A38D0A3F50002B2F1ED
:1065C000FE4F36D2BFEE000B01F14042264B02F5E2
:1065D0004D02C2F3C34003EB001093ED404B93ED2B
:1065E000445B93ED467B93ED426BD30DDB0590ED61
:1065F000002BCB1A03EE903A90ED021BD215B7EEAA
:10660000E33AA2EE030B03EE902A20EE002BA5EE58
:10661000007BB8EEE33BA6EE027BA3EE041B30EE5C
:10662000010BA2EE070BB7EEC00B70479FED0F0AF0
:1066300070475A0014D0B3F1FF4F14D0002B0BDB7E
:10664000B2F17F4F08D2DFED0A7A60EE277A17EEBB
:10665000903AA3F13861B5E700EE103AFFF7A2BE19
:106660000120FFF78DBE7047A094010800000000D4
:106670000000004B0000000030B410EE103A2DED89
:10668000028BA3F5000110EE902AB1F1FE4F10EE3F
:10669000104A82B04FEA42017ED201F1FF3C6FF016
:1066A0008070844580F0F980002004F1404303F5B8
:1066B0004D03C3F3C341DB0DDB05E21ADB1507EE27
:1066C000903ABFEE001BB24B03EB011191ED004B72
:1066D00005EE102AB7EEC55AA4EE051B93ED444B08
:1066E00021EE012B93ED465B93ED403BA1EE045B65
:1066F00093ED426B93ED484BA1EE036B22EE023B10
:10670000B8EEE78BB7EEE07A91ED020B38EE000BB6
:10671000A1EE040BA2EE050BA6EE030B27EE000B79
:1067200010EE903A48F2BF02C3F3CF33934252D2F5
:10673000B7EE007B974B93ED402B30EE023B13EE10
:10674000102A33EE423B02F01F01821803EBC10016
:1067500053F83140456830EE433B93ED465B93ED93
:10676000424BA3EE057BB0EE470B93ED446B002349
:10677000181905EBC23141EC170BA3EE046B23EEA5
:10678000034BA6EE040B20EE070BB7EEC00B02B0D6
:10679000BDEC028B30BC70474D1E6FF0807085429F
:1067A00080F0CE8059004D1E854280F09280002BF3
:1067B00055DB0020B4F5000FBFF477AFDFED767A3C
:1067C00007EE103A67EE277A17EE904A24F000445D
:1067D000A4F1386469E79FED667BB4EEC70BF1EE78
:1067E00010FA15DC9FED647BB4EEC70BF1EE10FAE6
:1067F00020DD4FF04C5388B10193DDED017ABFEEFF
:10680000007A77EE677AF4EE477AF1EE10FA11D05B
:1068100002B0BDEC028B30BCFFF7ACBD0093DDEDE8
:10682000007AB7EE007A77EE877AF4EE477AF1EEE7
:1068300010FAEDD19FED527BB4EEC70BF1EE10FADA
:1068400057D99FED517BB4EEC70BF1EE10FA7FF5EF
:106850006FAF02B0BDEC028B30BCFFF785BDC2F359
:10686000C7517E2911DD962954DC0120C1F1960122
:1068700000FA01F1481E104207D111EA020018BFC8
:106880004FF4803024F0004494E700EE103A02B058
:10689000BDEC028B30BCFFF785BD002952D0B3F1AF
:1068A0007E5F2CD06400B4F17F4F2ED8B1F17F4FC2
:1068B0002BD1B4F1FE4F4BD0B4F1FE4F6FEA020280
:1068C00034BF00240124D20F94424CD09FED330AF0
:1068D0005DE7002B20EE000A1EDB002000293AD1E4
:1068E000002ABFF654AF02B0BDEC028B30BCFFF7FC
:1068F00047BD02B0BDEC028B30BCFFF72FBD82F468
:106900008002520012F5000F22D907EE903A37EEBE
:10691000A00A3CE70020B5E7C2F3C753A3F17F000C
:106920001728DAD8C3F19600012303FA00F0441EB9
:106930001442D2D11040D1D0B1EE400A1846CDE772
:106940000029AFD184F48002520012F5000FDCD888
:10695000B7EE000A1BE7002ABFF619AFF7EE007A80
:1069600087EE800A13E720EEA00A10E7AFF300805D
:1069700071D5D1FFFFFF5F40E2AAA3FFFFFF5F4099
:106980000000000000C062C00000000000A062C063
:10699000C0950108589301080000004B000000005A
:1069A00030B510EE104AC4F30A53B3F57D7FB7EE4D
:1069B000C06A83B01BD226EE065BB3F5667F70D348
:1069C00026EE052B25EE021B754B93ED1A3B93ED3E
:1069D000187B93ED164BA5EE037BA2EE046BB0EE95
:1069E000460BA7EE010BB7EEC00B03B030BD40F273
:1069F0002E42934260D86A4991ED087B26EE077BD0
:106A0000FDEEC77B91ED0A5B17EE903A03F50003AC
:106A10001B1613F0020F07EE903A01F1700208BF47
:106A20000A46D807B8EEE77BA7EE456BB0EE460BFB
:106A300026EE067B1BD403F0030301EBC30392EDA8
:106A40001A5B93ED003B92ED186B20EE030B92ED79
:106A5000164BA7EE056B20EE075B27EE057BA5EE38
:106A6000040BA6EE070BB7EEC00B03B030BD92EDE2
:106A7000142B27EE075B92ED126B92ED0E3BA7EE07
:106A8000026B92ED0C0B92ED104BA7EE030B27EE71
:106A9000057BA5EE040BA6EE070BB7EEC00B03B00B
:106AA00030BD220D12F4FF6FDFD1B7EEC55B00EEF3
:106AB000104A8DED015AD8E7B3F5FF6F4BD2394B31
:106AC000C4F3836203EB820153F822200D69C4F3FF
:106AD0001603C4F3C25043F400038340086A03FB67
:106AE00002F2A3FB0010E3FB050202F100518D0F3F
:106AF00001F04041511AE9F7D1FD2B4B9FED267B68
:106B000005EBD47441EC160B14F0020FA3F17002E4
:106B100008BF1346E90726EE077B27EE076B1FD455
:106B200004F0030402EBC40493ED1A4B94ED002B24
:106B300093ED185B27EE027B93ED163BA6EE045B0C
:106B400027EE064B26EE046BA4EE037BA5EE067B38
:106B5000B7EEC70B89E703B0BDE83040FFF722BCB2
:106B600093ED142B26EE065B93ED127B93ED0E3B1B
:106B7000A6EE027B93ED0C0B93ED104BA6EE030BF0
:106B800026EE056BA5EE040BA7EE060BB7EEC00BC9
:106B90006BE700BFAFF30080182D4454FB21193C74
:106BA00048970108E8960108B897010808B52DED47
:106BB000028BB0EE408A00F06DF90E4B93F9003075
:106BC00001330BD0B4EE488AF1EE10FA06D6DFEDB1
:106BD0000A8AB4EEE88AF1EE10FA02D4BDEC028B18
:106BE00008BD00F0D9FE88EEA80ABDEC028B212377
:106BF000036008BDD905002400000000000000006B
:106C000070B553EC102B9C4923F000458D4288B0A1
:106C100004466ADD99498D421E461BDC002B9FED20
:106C2000867B40F3EC8030EE477BA1F51B21A1F57C
:106C3000F0618D426AD09FED826B012037EE465B9A
:106C400037EE457B84ED005B37EE467B84ED027BBF
:106C500008B070BD8A498D4260DD8A498D424DDCA5
:106C60002A1510EE100AA2F21642A5EB025141ECD1
:106C7000170B9FED755BBDEEC76BB8EEC66B37EEBD
:106C8000467B27EE057BFDEEC74B8DED026BB8EE24
:106C9000E46B37EE467B27EE057BB5EE407BF1EEED
:106CA00010FA8DED046B8DED067B40F0978014EEAD
:106CB000903A002B0CBF012302237349019102215A
:106CC000009102A8214600F083F9002EC0DA94ED6D
:106CD000006B94ED027BB1EE466BB1EE477B84ED29
:106CE000006B84ED027B4042B2E700200021C4E942
:106CF0000201002084ED000B08B070BD30EE407B37
:106D0000002084ED027B84ED007BA1E79FED505BCA
:106D10009FED516B37EE457B01208FE700F008FDBA
:106D2000B6EE007B9FED4E5BA0EE057BFDEEC77BD4
:106D30009FED413B17EE900A9FED416B1F28B8EE87
:106D4000E75BB1EE454BA5EE430B25EE067B1CDC65
:106D50004E4B421E53F82230AB4216D030EE476BFA
:106D600084ED006B30EE460B30EE470B002E84EDC9
:106D7000020BBFF66DAFB1EE466BB1EE400B84ED8A
:106D8000006B84ED020B404262E730EE476B16EE7B
:106D9000903AC3F30A532A15C3EB1555102DDFDDC6
:106DA000B0EE403B9FED2A7B9FED2B6BA4EE073BA3
:106DB00030EE430BA4EE070BB0EE407B95EE067B66
:106DC00033EE476B16EE903AC3F30A53D21A312AC8
:106DD00006DCB0EE430B84ED006BC3E703236CE7E6
:106DE0009FED216BB0EE430B9FED212BA4EE060B24
:106DF00033EE407BA4EE067B95EE027BAEE72449A2
:106E000030EE077B8D420ED09FED0D6B4FF0FF30C3
:106E100037EE065B37EE457B84ED005B37EE067B95
:106E200084ED027B14E79FED0A5B9FED0B6B37EE61
:106E3000057B4FF0FF30EBE700004054FB21F93FAA
:106E40003163621A61B4D03D00000000000070415F
:106E50000000601A61B4D03D7370032E8A19A33B01
:106E600083C8C96D305FE43F0000002E8A19A33B40
:106E7000C14920259A837B39FB21E93F7BD9024018
:106E8000FB213941FFFFEF7FA898010828980108EE
:106E9000FB21F93FB1EEC00A704700BF00000000BF
:106EA00010EE903A23F00043B3F1795F2DED028BA1
:106EB0002EDAFDEEC07B17EE903A002B65D020EE67
:106EC000004B9FED358B9FED362B9FED373BA4EEAE
:106ED000082B9FED375BA4EE023B9FED376BA4EED2
:106EE000035B9FED377BA4EE056BA4EE067B24EEDF
:106EF000077B21EE400BB6EE006BA4EE070BBDEC5A
:106F0000028BB7EE007B94EE060B37EE400B70471A
:106F10009FED218B20EE004B9FED212B9FED223B1F
:106F2000A4EE082B9FED225BA2EE043B9FED226BAB
:106F3000A3EE045B9FED227BA5EE046B224AA6EE36
:106F4000047B934227EE047BD3DD204A934217DC77
:106F5000B7EE006B0020A3F5001141EC150B36EEE7
:106F6000456BB6EE003B21EE400B94EE035BA4EEC6
:106F7000070BBDEC028B35EE400B36EE400B704735
:106F8000B6EE076BB5EE025BEBE7B7EE000BBDECC0
:106F9000028B7047AFF30080D43888BEE9FAA8BDF1
:106FA000C4B1B4BD9EEE213EAD529C804F7E92BED8
:106FB0009015CB19A001FA3E7751C1166CC156BF8E
:106FC0004C5555555555A53F3233D33F0000E93F49
:106FD0002DE9F04F2DED088BADF5157D1C46049382
:106FE0000791AD4BA69912F1140F53F82150824628
:106FF00004F1FF38C0F2A682A849D31E81FB030129
:10700000DB17C3EBA10303930133A3EB8303DB0083
:10701000D3180693039B15EB0801A3EB08031AD4BE
:1070200001319FED976BA79819441CAA0AE050F80C
:10703000234007EE904A0133B8EEE77B8B42A2EC87
:10704000027B08D0002BF2DAB0EE467B01338B4294
:10705000A2EC027BF6D1002DC0F2D482049B1CA9C5
:1070600001EBC3046CAE4FEAC30C4046EF180AEBC9
:10707000C301B8F1000F9FED827B09DB2246534626
:10708000B3EC025B32ED026B8B42A5EE067BF7D1CF
:107090000130B842A6EC027B04F10804E9D107AB49
:1070A00008AF03EB85099FED789B07EB85039FED08
:1070B000788B083BDDF818B005930AEB0C046CAE36
:1070C0002946019594AB03EBC103002913ED280B6E
:1070D00016DD06EBC1033A4620EE097B33ED025B79
:1070E000B0EE406BBDEEC77BB342B8EEC77BA7EEF8
:1070F000486BBDEEC66B37EE050BA2EC016AEBD117
:107100005846029100F0A4FBB0EE40ABB4EE000B89
:107110002AEE000B00F018FBB2EE007BA0EE47ABAE
:10712000BDEECABBBBF1000FB8EECB7B02993AEEC5
:1071300047AB75DD01F1FF3CCBF1180357F82C206C
:1071400042FA03F000FA03F3D31ACBF117051BEE52
:10715000102A43FA05F50244002D47F82C300BEEB7
:10716000102A65DCB5EE40ABF1EE10FA40F0C780B6
:10717000019B01F1FF3C63450EDC01F18042013AC5
:1071800007EB8202002052F804394A4540EA030026
:10719000F9D1002840F0F580019B013B57F82330DE
:1071A000002B40F0E980059B012553F804290135A7
:1071B000002AFAD001F1010E0D447046049B1944D7
:1071C000039B03EB0E0C0CF1804CA79B0CF1FF3CD6
:1071D00003EB8C0C1CAB06EBCE0E03EBC1019CED5C
:1071E000017AB8EEC77BB8F1000F81ED007B0CF19E
:1071F000040C0A469FED226B01F1080109DB53469E
:1072000001E032ED027BB3EC025BA342A5EE076B1B
:10721000F7D10130A842AEEC026BE0DD294651E720
:1072200040F0A0804B1E57F82350ED15002D99DD3E
:107230001BEE103A002903F101030BEE103A40F364
:1072400097813A68002A40F0858001292FD03B467B
:10725000012053F8042F002A7FD0431CC2F1807212
:10726000994247F8202021DD57F8232007EB810CB5
:1072700007EB83036FF07F4013E000BFAFF30080A4
:107280000000000000000000000000000000703E50
:107290000000000000007041F0990108ABAAAA2A82
:1072A0001A68821A43F8042B6345F9D10122BBF115
:1072B000000F0DDDBBF1010F00F03C81BBF1020FAF
:1072C00006D1481E57F82030C3F3150347F8203085
:1072D000022D7FF447AFB7EE000B30EE4AAB002A29
:1072E0003FF440AF5846029100F0B2FA3AEE40AB9C
:1072F000B5EE40ABF1EE10FA02993FF439AF069CBF
:10730000B0EE4A0B604202958B46019D00F0A0FA58
:107310009FEDBF6BB4EEC60BF1EE10FA029AC0F20D
:107320004D819FEDBD7B20EE077BBDEEC77B0BF152
:107330000103B8EEC75BA5EE460BBDEEC00B1834DB
:1073400010EE101A47F82B1017EE101A069447F893
:1073500023102DE00123002080E7013088427FF4D4
:1073600078AFA4E7B6EE007BB4EEC7ABF1EE10FA4F
:1073700080F2ED800025F5E601F1010E70467546BC
:107380001CE78B460699A1F1180057F82C100690BF
:107390002A466346019D59B90BF18041023907EB3A
:1073A000810151F80449013B1838002CF9D00690AE
:1073B0000698B7EE000BCDE9012300F049FA029BD5
:1073C000019A002BC0F236816CA99FED936B01EB03
:1073D000C30403F1010E07EB8E014FEAC30C04F165
:1073E000080031ED017AB942B8EEC77B27EE007B89
:1073F00020EE060B20ED027BF3D19FED894B274653
:1074000000260DF58878002D9FED877B10DBB0EE10
:10741000446B874C3846002103E08E4208DBB4EC15
:10742000026BB0EC025B01318D42A5EE067BF4DA13
:1074300008EBC601B34281ED007BA7F1080706F116
:10744000010101D00E46DEE7A69902291EDC0029C3
:1074500000F3908010D19FED747B0CF1080343443E
:1074600033ED026B984537EE067BF9D10AB1B1EEE8
:10747000477B079B83ED007B1BEE103A03F0070070
:107480000DF5157DBDEC088BBDE8F08FA69903299D
:10749000F2D1002B00F0EB8008EB0C0191ED006BBA
:1074A00008EBC30131ED027BB0EE465B884536EE5A
:1074B000076B37EE467B81ED006B37EE057B81ED88
:1074C000027BEFD1012B40F3D28003F10053C4447F
:1074D000013BDB009CED006B03F10801414446A831
:1074E00031ED027BB0EE465B884236EE076B37EE3D
:1074F000467B81ED006B37EE057B81ED027BEFD1A2
:107500009FED497B1033434408F1100133ED026BCA
:10751000994237EE067BF9D1002A57D1D8E900010C
:10752000D8E90223079C84ED047BC4E90001C4E987
:107530000223A1E7481E57F82030C3F3160347F88B
:107540002030C5E600216FF01703039160E51BEEC4
:10755000103A002903F101030BEE103AC8BF0225CF
:107560003FF76FAEB7EE007B37EE4AAB0225F9E589
:1075700000229CE69FED2C7B08EBCE0E3EED026BCD
:10758000F04537EE067BF9D198ED006B82BB079989
:10759000002B81ED007B36EE477B0BDD46A80121F9
:1075A000B0EC026B01318B4237EE067BF8DA0AB1A0
:1075B000B1EE477B079B83ED027B5DE7BDEEC00B21
:1075C00010EE103A47F82B305B46F1E698ED005B81
:1075D000B1EE477B98ED026BB1EE455B079BB1EED8
:1075E000466B83ED005B83ED026B83ED047B43E729
:1075F0000799B1EE475B002B81ED005B36EE477BD0
:10760000CCDCD5E7049B4FEAC30C48E5AFF3008020
:107610000000000000007041000000000000703E0B
:1076200000000040FB21F93F0000000000000000C6
:10763000B8990108A699022909DC002912DC7FF417
:107640001BAF9FED0D7B002A3FF413AF0FE7A69B06
:10765000032B7FF411AF9FED087B0DF58878002A8E
:10766000B4D15BE79FED047B0DF588788CE79FED47
:10767000027B002AAAD151E70000000000000000B0
:1076800010EE903A23F00043B3F1795F04DAFDEE97
:10769000C07B17EE903A5BB320EE007B9FED162B7C
:1076A0009FED173B9FED184BA7EE023B9FED185B3C
:1076B000A3EE074B9FED186BA4EE075BA5EE076BDF
:1076C00020EE075B30B99FED164BA7EE064BA4EEFC
:1076D000050B70479FED144B26EE456BB6EE003B55
:1076E000A1EE036B96EE071BA5EE041B30EE410BDB
:1076F000704700BFAFF300807CD5CF5A3AD9E53D43
:10770000EB9C2B8AE6E55ABE7DFEB157E31DC73ED2
:10771000D561C119A0012ABFA6F810111111813F2E
:10772000495555555555C5BF495555555555C53FED
:1077300051EC100B10EE102A21F0004343EC102BFB
:10774000704700BF0000000082B08DED000B019972
:107750000098C1F30A52A2F2FF33132B31DC002B45
:1077600021DB394A1A4101EA020C5CEA000C2DD0F7
:107770009FED337B9DED006B36EE077BB5EEC07B56
:10778000F1EE10FA09DD002904DA4FF4801040FA16
:1077900003F3194421EA020100200B46024643ECA0
:1077A000102B02B070479FED267B30EE077BB5EEC5
:1077B000C07BF1EE10FAF0DD002928DB0020014645
:1077C000EBE7332B06DDB3F5806F1BD09DED000B8F
:1077D00002B07047A2F213424FF0FF3C2CFA02F2C3
:1077E0000242F3D09FED167B9DED006B36EE077BDA
:1077F000B5EEC07BF1EE10FACFDD002910DB20EAF8
:107800000200CAE79DED007B37EE070BE0E721F0B1
:1078100000430E4A1843002818BF11460020BCE759
:10782000142B09D04FF0010CC3F134030CFA03F30D
:10783000181828BF6144E2E70131E0E7AFF30080A8
:107840009C7500883CE4377EFFFF0F000000F0BF0E
:1078500053EC102BC3F30A5100B59C4671BB10EEDC
:10786000101A23F0004C5CEA010125D09FED2E7B1D
:10787000394920EE077B884253EC172B4CDBC3F3CE
:107880000A519C463639014440F2FE7E71451DDCAA
:10789000002937DC11F1350F25DA4CF250318842DE
:1078A00014DC9FED230B9FED246BB0EE407B002B8F
:1078B00020FE060B20EE070B5DF804FB40F2FF7E76
:1078C0007145E0D130EE000B5DF804FB9FED1C0B21
:1078D0009FED1D6BB0EE407B002B20FE060B20EED3
:1078E000070B5DF804FB2CF0FF4C36312CF4E00C58
:1078F0009FED177B4CEA015343EC102B20EE070B56
:107900005DF804FB2CF0FF4C2CF4E00C4CEA015326
:1079100043EC102B5DF804FB9FED050B27EE000BED
:107920005DF804FBAFF3008000000000000050434E
:1079300059F3F8C21F6EA50159F3F8C21F6EA58155
:107940009C7500883CE4377E9C7500883CE437FEDB
:10795000000000000000903CB03CFFFF08B506208E
:1079600000F0DEF9012001F007FB0000024B0A469F
:107970000146186800F07AB8DC05002410B5054C03
:1079800013462CB10A4601460220AFF3008010BD19
:107990002046FCE700000000014B1868704700BF5C
:1079A000DC05002470B50D4D0D4C641BA4100026A1
:1079B000A64209D10B4D0C4C02F0D6F8641BA41062
:1079C0000026A64205D170BD55F8043B9847013604
:1079D000EEE755F8043B98470136F2E7889B01082B
:1079E000889B0108889B0108B89B0108024B01464F
:1079F000186800F097B800BFDC050024024B014670
:107A0000186800F043B800BFDC0500240A44914226
:107A100000F1FF3300D1704710B511F8014B03F8A6
:107A2000014F9142F9D110BD884210B501EB02041B
:107A300002D98442234607D8431EA14208D011F838
:107A4000012B03F8012FF8E7024401468A4200D1D6
:107A500010BD13F8014D02F8014DF7E7024403464B
:107A6000934200D1704703F8011BF9E713B54A436D
:107A70001146019200F056F8044618B1019A00210F
:107A8000FFF7ECFF204602B010BD000037B500291B
:107A900044D051F8043C0190002BA1F10404B8BF7C
:107AA000E41800F0CDFA1E4A0198136833B96360F8
:107AB000146003B0BDE8304000F0C8BAA34208D952
:107AC000256861198B4201BF19685B6849192160FB
:107AD000EDE71A465B680BB1A342FAD91168551855
:107AE000A5420BD1246821445418A3421160E0D16F
:107AF0001C685B68536021441160DAE702D90C23EB
:107B00000360D6E7256861198B4204BF19685B687A
:107B1000636004BF491921605460CAE703B030BDF7
:107B2000A0CB0624F8B5CD1C25F0030508350C2D97
:107B300038BF0C25002D064601DBA94203D90C23D2
:107B400033600020F8BD00F07BFA21490A68144632
:107B50009CB9204F3B6823B92146304600F0A8F875
:107B600038602946304600F0A3F8431C23D10C238B
:107B70003360304600F06AFAE3E723685B1B17D4F2
:107B80000B2B03D923601C44256004E06368A242E8
:107B90000CBF0B605360304600F058FA04F10B0044
:107BA000231D20F00700C21ACCD01B1AA350C9E72E
:107BB00022466468CCE7C41C24F00304A042E3D04E
:107BC000211A304600F074F80130DDD1CFE700BF54
:107BD000A0CB0624A4CB06240FB40A4B13B51C6813
:107BE00024B1A36913B9204600F078F905AB049AD3
:107BF000A1680193204600F0B5FB02B0BDE810403B
:107C000004B07047DC050024094B13B51C6801461D
:107C100034B1A36923B90190204600F05FF90199BE
:107C2000A268204602B0BDE8104000F05FBE00BF71
:107C3000DC050024164B10B51C68A36BB3B91820E3
:107C4000FFF7D4FEA06328B90246124B12484E211A
:107C500000F0CEF8114A124BC0E90023114B8360AB
:107C60000B23838101220023C0E90423A46B0E4A65
:107C7000206963690D49424301FB0322A0FB010116
:107C8000431C42EB0100C4E9043020F0004010BD69
:107C9000DC050024049A01081B9A01080E33CDABC1
:107CA00034126DE6ECDE05002DF451582D7F954C15
:107CB00038B5064D0023044608462B6001F046F90E
:107CC000431C02D12B6803B1236038BDACCB062422
:107CD0001F2938B504460D4604D9162303604FF01A
:107CE000FF3038BD426C12B152F821304BB92046FA
:107CF00000F030F82A4601462046BDE8384000F042
:107D000017B8012B0AD0591C03D116230360012098
:107D1000E7E7002442F82540284698470020E0E79E
:107D2000024B01461868FFF7D3BF00BFDC050024F3
:107D300038B5074D00230446084611462B6001F074
:107D4000EDF8431C02D12B6803B1236038BD00BF9E
:107D5000ACCB062401F0D2B830B51446002C9BB051
:107D600005461A4605DA8B2303604FF0FF301BB03F
:107D700030BD4FF40273ADF80C3014BF04F1FF3383
:107D80002346029305934FF6FF7300910491ADF8DB
:107D90000E3069461E9B00F0BBF9431CBCBF8B2311
:107DA0002B60002CE3D0009B00221A70DFE700005C
:107DB00007B5009313460A46014603480068FFF7DB
:107DC000CBFF03B05DF804FBDC05002438B5074D9C
:107DD00004460846114600222A601A4601F0C4F8FB
:107DE000431C02D12B6803B1236038BDACCB062401
:107DF0001FB514461A46094B1B680546D8684CB196
:107E0000074B0091CDE9013406492B4600F0E4F818
:107E1000FFF7A4FD044B1C46F3E700BFDC0500247C
:107E2000989A0108A59A0108D39A0108002310B571
:107E30000446C0E90033C0E90433836081814366AE
:107E4000C2818361194608225C30FFF707FE054BAB
:107E50006362054BA362054BE362054B2462236317
:107E600010BD00BF7D8901089F890108D7890108DD
:107E7000FB890108014900F0C1B800BFB18C0108BD
:107E800070B568224D1E55430E4605F17401FFF78B
:107E900049FE044640B10021C0E900160C30A06044
:107EA00005F16802FFF7DAFD204670BD014800F0D9
:107EB000C5B800BFA9CB0624014800F0C0B800BF78
:107EC000A9CB0624014800F0B9B800BFAACB06240C
:107ED000014800F0B4B800BFAACB062410B5044690
:107EE000FFF7F0FFA3691BB1BDE81040FFF7F0BF3B
:107EF000C4E912332365134B134A1B68A262A342E1
:107F000004BF0123A361204600F020F860602046F2
:107F100000F01CF8A060204600F018F80022E06095
:107F200004216068FFF782FFA06801220921FFF7A2
:107F30007DFFE06802221221FFF778FF0123A36191
:107F4000D2E700BF009A0108757E0108F8B5074620
:107F5000FFF7ACFF1E4B1E68B36913B93046FFF73D
:107F6000BDFF4836D6E90134013B03D533680BB376
:107F70003668F7E7B4F90C50D5B9164BE36004F155
:107F80005800656600F059F8FFF796FFC4E90155FF
:107F9000C4E904552560A5610822294604F15C0066
:107FA000FFF75CFDC4E90D55C4E912552046F8BD44
:107FB0006834D9E704213846FFF762FF0446306091
:107FC0000028D5D1FFF778FF0C233B60EEE700BF18
:107FD000009A01080100FFFF0EB403B5014603AB90
:107FE000054853F8042B0068019300F0BBF902B078
:107FF0005DF804EB03B07047DC0500242DE9F8437D
:108000000646884600F148040027D4E90195B9F1F5
:10801000010905D52468002CF7D13846BDE8F8835E
:10802000AB89012B07D9B5F90E30013303D02946AE
:108030003046C04707436835E9E7704770477047E7
:108040000148FFF7FBBF00BFA8CB06240148FFF79C
:10805000F6BF00BFA8CB06242DE9F0478E689E42EC
:1080600082460C4690461F4638D88A8912F4906F93
:1080700032D025680969A5EB0109656905EB45055D
:1080800005EBD57501334B446D109D4238BF1D463D
:10809000530531D52946FFF745FD064650B90C2357
:1080A000CAF80030A38943F04003A3814FF0FF30AA
:1080B000BDE8F08721694A46FFF7A8FCA38923F4AD
:1080C000906343F08003A381266165614E44A5EB74
:1080D00009052660A5603E46BE4200D93E4620689E
:1080E00032464146FFF7A0FCA3689B1BA3602368B0
:1080F000334423600020DBE72A4600F08DFE06466D
:108100000028E1D121695046FFF7C0FCC7E7000015
:108110002DE9F04F98468B891B069DB007460D460A
:1081200014460ED50B6963B94021FFF7FBFC2860AC
:10813000286120B90C233B604FF0FF30D1E0402391
:108140006B610023099320238DF82930CDF80C8032
:108150003023DFF8A8818DF82A304FF0010923463B
:108160009A4613F8012B0AB1252AF9D1BAEB040B70
:108170000BD05B46224629463846FFF76DFF01309B
:1081800000F0AA80099A5A4409929AF80030002B0C
:1081900000F0A28000234FF0FF32CDE905230AF161
:1081A000010A049307938DF853301A93544605221D
:1081B00014F8011B5148E8F793F8049AD8B9D0068F
:1081C00044BF20238DF85330110744BF2B238DF873
:1081D00053309AF800302A2B15D0079A54460020C5
:1081E0004FF00A0C214611F8013B303B092B4ED9C8
:1081F000B0B1079214E0A0EB080309FA03F31343AC
:108200000493A246D2E7039B191D1B680391002B20
:10821000BBBF5B4242F0020207930793B8BF0492D0
:1082200023782E2B0CD163782A2B35D1039B1A1D72
:108230001B680392002BB8BF4FF0FF330234059345
:10824000DFF8C8A0217803225046E8F749F840B18A
:108250004023A0EB0A0003FA00F0049B034301341F
:10826000049314F8011B26488DF828100622E8F71D
:1082700037F8002838D0234B1BBB039B073323F070
:10828000070308330393099B3344099367E70CFB07
:1082900002320C460120A5E700230134059319465C
:1082A0004FF00A0C204610F8012B303A092A03D966
:1082B000002BC5D00591C3E70CFB01210446012327
:1082C000F0E703AB00932A460F4B04A93846AFF3FF
:1082D0000080421C0646D6D1AB895B063FF52CAF29
:1082E00009981DB0BDE8F08F03AB00932A46064BFA
:1082F00004A9384600F0D4F9EBE700BF349B01082D
:108300003E9B010800000000598001083A9B0108CB
:108310009368013B002B10B4936008DA9469A34280
:1083200001DB0A2903D15DF8044B00F06BBB136835
:10833000581C1060197008465DF8044B7047F8B57A
:1083400006460F461446D518AC4201D1002007E07E
:1083500014F8011B3A463046FFF7DAFF431CF3D10D
:10836000F8BD00002DE9F04F0D469DB0144698462B
:10837000064618B183690BB9FFF7B0FD894B9D42E2
:108380001BD175686B6ED90705D4AB899A0502D4E9
:10839000A86DFFF753FEAB891B0701D52B69EBB91D
:1083A0002946304600F080FBC0B16B6EDC070ED56D
:1083B0004FF0FF301DB0BDE8F08F7B4B9D4201D1E7
:1083C000B568DFE7794B9D4208BFF568DAE7AB890E
:1083D0009805EDD4A86DFFF732FEE9E70023099375
:1083E00020238DF82930CDF80C803023DFF8C081B0
:1083F0008DF82A304FF0010923469A4613F8012BD5
:108400000AB1252AF9D1BAEB040B0BD05B46224600
:1084100029463046FFF793FF013000F0AA80099A01
:108420005A4409929AF80030002B00F0A2800023F1
:108430004FF0FF32CDE905230AF1010A04930793B7
:108440008DF853301A935446052214F8011B5848EE
:10845000E7F746FF049AD8B9D10644BF20238DF828
:108460005330130744BF2B238DF853309AF8003054
:108470002A2B15D0079A544600204FF00A0C2146AB
:1084800011F8013B303B092B4ED9B0B1079214E0F3
:10849000A0EB080309FA03F313430493A246D2E7BF
:1084A000039B191D1B680391002BBBBF5B4242F06D
:1084B000020207930793B8BF049223782E2B0CD1A6
:1084C00063782A2B35D1039B1A1D1B680392002B5E
:1084D000B8BF4FF0FF3302340593DFF8E4A02178F2
:1084E00003225046E7F7FCFE40B14023A0EB0A0010
:1084F00003FA00F0049B03430134049314F8011BB6
:108500002C488DF828100622E7F7EAFE00283FD015
:10851000294B1BBB039B073323F00703083303934B
:10852000099B3B44099367E70CFB02320C46012090
:10853000A5E700230134059319464FF00A0C2046A5
:1085400010F8012B303A092A03D9002BC5D0059128
:10855000C3E70CFB012104460123F0E703AB0093C2
:108560002A46164B04A93046AFF300800746781C14
:10857000D6D16B6ED90705D4AB899A0502D4A86D04
:10858000FFF75DFDAB895B063FF512AF099811E778
:1085900003AB00932A46094B04A9304600F080F84B
:1085A000E4E700BFF49A0108149B0108D49A01087B
:1085B000349B01083E9B0108000000003F83010836
:1085C0003A9B01082DE9F047164699468A680B69DF
:1085D000DDF820809342B8BF1346336091F8432002
:1085E00007460C460AB1013333602368990642BF3F
:1085F000336802333360256815F0060506D104F1AF
:10860000190AE36832689B1AAB4226DC94F84320CF
:10861000131E226818BF012392062BD404F14302D3
:1086200049463846C04701301ED02368E5683268A5
:1086300003F00603042B08BFAD1AA36822690CBF20
:1086400025EAE57500259342C4BF9B1AED18002664
:108650001A34B5421AD1002008E001235246494697
:108660003846C047013003D14FF0FF30BDE8F087F6
:108670000135C6E7E1185A1C302081F84300224436
:1086800094F8451082F843100233C7E701232246CD
:1086900049463846C0470130E6D00136D9E70000E8
:1086A0002DE9FF470F7E0C9D782F914680460C46A2
:1086B0009A4601F1430207D8622F0AD8002F00F032
:1086C000D880582F00F0A38004F1420584F842704E
:1086D0003AE0A7F16303152BF6D801A151F823F076
:1086E000398701084D870108C9860108C986010834
:1086F000C9860108C98601084D870108C986010895
:10870000C9860108C9860108C98601085988010877
:108710007D8701083B880108C9860108C9860108D0
:108720007B880108C98601087D870108C986010880
:10873000C9860108438801082B681A1D1B682A6036
:1087400004F1420584F842300123A3E0206829683F
:10875000060601F104030AD50E682B60002E03DA29
:108760002D23764284F843305E480A2319E00E68D0
:108770002B6010F0400F18BF36B2EFE72B6820686F
:10878000191D2960010601D51E6802E04606FBD5C9
:108790001E8854486F2F0CBF08230A23002184F839
:1087A00043106568A560002DA2BF216821F0040177
:1087B00021600EB9002D4DD01546B6FBF3F103FB39
:1087C0001167C75D05F8017D3746BB420E46F4D9F7
:1087D000082B0BD12368DE0708D52369616899420D
:1087E000DEBF302305F8013C05F1FF35521B226145
:1087F000CDF800A04B4603AA21464046FFF7E2FE13
:1088000001304CD14FF0FF3004B0BDE8F08735485F
:1088100081F845702968236851F8046B29601D06AA
:1088200014D5DF0744BF43F0200323601EB923683B
:1088300023F0200323601023B0E7236843F02003D4
:1088400023607823284884F84530E3E7590648BF79
:10885000B6B2E6E71546BBE72B6826686169181DC6
:10886000286035061B6801D5196002E07006FBD54B
:108870001980002323611546BAE72B681A1D2A6068
:108880001D68626800212846E7F72AFD08B1401BF1
:10889000606063682361002384F84330A8E723699C
:1088A0002A4649464046D0470130ABD023689B0753
:1088B00013D4E068039B9842B8BF1846A4E701238D
:1088C000324649464046D04701309BD00135E368E7
:1088D00003995B1AAB42F2DCEBE7002504F11906C1
:1088E000F5E700BF459B0108569B010870B50D4692
:1088F0001446064618B183690BB9FFF7EFFA1C4B13
:108900009C4224D17468636ED80705D4A389990565
:1089100002D4A06DFFF792FBA368013B002BA3607C
:1089200005DAA26993421CDBEBB20A2B19D023684B
:108930005A1C22601D70EDB2636EDA0705D4A3895C
:108940009B0502D4A06DFFF77AFB284670BD094B4A
:108950009C4201D1B468D6E7074B9C4208BFF4683B
:10896000D1E729462246304600F04CF80546E3E7B9
:10897000F49A0108149B0108D49A010810B50C461A
:10898000B1F90E1000F06EFA0028ABBF636DA38939
:108990001B1823F48053ACBF6365A38110BD2DE980
:1089A000F0411F468B89DB0505460C46164605D56A
:1089B000B1F90E100223002200F0B6F9A389B4F930
:1089C0000E1023F48053A38132463B462846BDE86F
:1089D000F041FFF7FBB910B50C46B1F90E1000F0ED
:1089E000A3F9431CA38915BF606523F4805343F4A6
:1089F0008053A38118BFA38110BDB1F90E1000F000
:108A0000C1B80000F8B50E461446054618B1836992
:108A10000BB9FFF763FA214B9C422BD16C68A36919
:108A2000A360A3891A072FD523696BB32369206834
:108A3000C01A6369F6B28342374604DC21462846F1
:108A400000F036F930BBA368013BA36023685A1CD1
:108A500022601E7063690130834204D0A389DB0762
:108A600006D50A2E04D12146284600F021F988B9FE
:108A70003846F8BD0A4B9C4201D1AC68CFE7094BA0
:108A80009C4208BFEC68CAE72146284600F00CF873
:108A90000028CBD04FF0FF37EAE700BFF49A010877
:108AA000149B0108D49A0108324B70B51D68064624
:108AB0000C4625B1AB6913B92846FFF70FFA2E4BC8
:108AC0009C420FD16C68A389B4F90C2019072CD4EF
:108AD000DD0611D40923336042F04003A3814FF037
:108AE000FF303EE0254B9C4201D1AC68EBE7244BC4
:108AF0009C4208BFEC68E6E7580712D5616B41B1AC
:108B000004F14403994202D03046FEF7BFFF002330
:108B10006363A38923F02403A38100236360236993
:108B20002360A38943F00803A38123694BB9A38978
:108B300003F42073B3F5007F03D02146304600F0E4
:108B40002BF9A089B4F90C2010F001030AD00023FE
:108B5000A36063695B42A361236943B910F080009D
:108B6000BAD170BD810758BF6369A360F4E70020E4
:108B7000F7E700BFDC050024F49A0108149B010804
:108B8000D49A010838B5064D0023044608462B60E8
:108B900000F0A4F9431C02D12B6803B1236038BD57
:108BA000ACCB06248A892DE9F041054610070C4616
:108BB00058D44B68002B05DC0B6C002B02DC00202A
:108BC000BDE8F081E66A002EF9D0002312F480524D
:108BD0002F682B6032D0606DA3895A0705D5636872
:108BE000C01A636B0BB1236CC01A00230246E66AFD
:108BF000216A2846B047431CA38906D129681D294C
:108C00002CD82A4ACA40D60728D500226260D90447
:108C10002269226004D5421C01D12B6803B960652A
:108C2000616B2F600029CAD004F14403994202D03D
:108C30002846FEF72BFF00206063C1E7216A01236D
:108C40002846B047411CC7D12B68002BC4D01D2B30
:108C500001D0162B01D12F60B1E7A38943F0400367
:108C6000A381ADE70F69002FA9D093070E6808BF55
:108C70004B690F6018BF0023A6EB07088B60B8F1A3
:108C8000000F9CDD216AA66A43463A462846B04753
:108C9000002806DCA38943F04003A3814FF0FF3096
:108CA0008EE70744A8EB0008E9E700BF0100402079
:108CB00038B50B6905460C4613B90025284638BD62
:108CC00018B183690BB9FFF709F9144B9C421BD10A
:108CD0006C68B4F90C30002BEFD0626ED00704D46E
:108CE000990502D4A06DFFF7A9F928462146FFF7A0
:108CF00059FF636EDA070546E0D4A3899B05DDD4EE
:108D0000A06DFFF79CF9D9E7054B9C4201D1AC68F7
:108D1000DFE7044B9C4208BFEC68DAE7F49A0108ED
:108D2000149B0108D49A010838B5074D044608463B
:108D3000114600222A601A4600F0F8F8431C02D1BE
:108D40002B6803B1236038BDACCB062470B50E464A
:108D5000B1F90E10002996B014461D4608DAB6F98E
:108D60000C3000222A601A0610D44FF480630EE003
:108D70006A4600F089F80028F1DB019A02F470429B
:108D8000A2F500535A425A412A60EEE740230020E0
:108D9000236016B070BD00008B8973B59D07064631
:108DA0000C4607D504F14703236023610123636167
:108DB00002B070BD01AB6A46FFF7C8FF00990546D7
:108DC0003046FEF7AFFE48B9B4F90C309A05EFD43F
:108DD00023F0030343F00203A381E3E70D4BB362E7
:108DE000A389206043F08003A381009B6361019B02
:108DF00020615BB1B4F90E10304600F057F828B18D
:108E0000A38923F0030343F00103A381A089054351
:108E1000A581CDE7757E0108F8B5074614460E46D4
:108E200021B9BDE8F8401146FEF77CBE22B9FEF735
:108E30002DFE25462846F8BD00F048F8A0420FD286
:108E400021463846FEF76EFE05460028F2D0314630
:108E50002246FEF7DBFD31463846FEF717FEE9E70E
:108E60003546E7E738B5074D044608461146002267
:108E70002A601A4600F062F8431C02D12B6803B145
:108E8000236038BDACCB062438B5074D002304461B
:108E9000084611462B6000F029F8431C02D12B68CC
:108EA00003B1236038BD00BFACCB062438B5064DF6
:108EB0000023044608462B6000F028F8431C02D12A
:108EC0002B6803B1236038BDACCB062451F8043CB9
:108ED000181F002BBCBF0B58C0187047024B5822FC
:108EE0001A604FF0FF307047ACCB0624024B58227B
:108EF0001A604FF0FF307047ACCB0624024B58226B
:108F00001A604FF0FF307047ACCB0624024B58225A
:108F10001A600020704700BFACCB0624024B5822D9
:108F20001A604FF0FF307047ACCB0624024B58223A
:108F30001A604FF0FF307047ACCB0624024B58222A
:108F40001A604FF0FF307047ACCB0624044A054945
:108F50001368002B08BF0B46184410601846704772
:108F6000B0CB0624B4CB0624024B58221A604FF033
:108F7000FF307047ACCB0624FEE700BF3000000096
:108F8000030000000000803F0000803F00540040CC
:108F900000580040005C0040001C005800000040E9
:108FA0000004004000080040000C0040250026009E
:108FB0002700340035004700520053008E000000A7
:108FC0004D617269676F6C6420626F6F743A2053F1
:108FD000746570203100000052656C617920696E03
:108FE0006974204F4B2E20426F6F7420696E746F2E
:108FF000206279706173732E00000000445350208A
:10900000696E6974204F4B2E205374617274696EBF
:109010006720617564696F2E000000004175646906
:109020006F20737461727465642E204D617269677C
:109030006F6C64205374657020312072756E6E6998
:109040006E672E00008040C020A060E0109050D0DD
:1090500030B070F0088848C828A868E8189858D830
:1090600038B878F8048444C424A464E4149454D430
:1090700034B474F40C8C4CCC2CAC6CEC1C9C5CDCD0
:109080003CBC7CFC028242C222A262E2129252D218
:1090900032B272F20A8A4ACA2AAA6AEA1A9A5ADAD0
:1090A0003ABA7AFA068646C626A666E6169656D6D0
:1090B00036B676F60E8E4ECE2EAE6EEE1E9E5EDE70
:1090C0003EBE7EFE018141C121A161E1119151D1DC
:1090D00031B171F1098949C929A969E9199959D9A0
:1090E00039B979F9058545C525A565E5159555D5A0
:1090F00035B575F50D8D4DCD2DAD6DED1D9D5DDD40
:109100003DBD7DFD038343C323A363E3139353D387
:1091100033B373F30B8B4BCB2BAB6BEB1B9B5BDB3F
:109120003BBB7BFB078747C727A767E7179757D73F
:1091300037B777F70F8F4FCF2FAF6FEF1F9F5FDFDF
:109140003FBF7FFF020B000003020000020C000083
:1091500001090000020000000003000001010000FE
:1091600000070000000600000201000000050000EA
:10917000000400004461697379206973206F6E6C8C
:10918000696E65003D3D3D3D3D3D3D3D3D3D3D3DC7
:109190003D3D3D00060000000C00000012000000F4
:1091A0001800000000010000060100000C01000092
:1091B0001201000018010000000200000602000079
:1091C0000C02000012020000180200000003000060
:1091D000060300000A0A0909090A00000000FA450E
:1091E00000007A460000FA4600803B470080BB47FB
:1091F000000000000102030401020304060708093D
:1092000000030103456C656374726F736D69746864
:10921000000000004461697379205365656420454E
:10922000787465726E616C0043444320436F6E66D0
:109230006967000043444320496E74657266616348
:1092400065000000446169737920536565642042BC
:1092500075696C7420496E00000201020006101648
:10926000000610164552524F523A2000496E766160
:109270006C6964204465766963652068616E646C1E
:1092800065000000496E76616C696420436C61730F
:10929000732068616E646C65000000000B00FF00C5
:1092A00004030024EC020024F8020024BC02002481
:1092B00028030024100300241C030024C8020024F7
:1092C0004C0300243403002440030024D40200246F
:1092D0001CBA062404BA062410BA0624ECB90624E3
:1092E00040BA062428BA062434BA0624F8B906245B
:1092F000700300245803002464030024E0020024C7
:109300000180808080808080048080808080808058
:109310000880808080808080108080808080808035
:109320002080808080808080400000000004081041
:10933000204000000204081020400000010002004C
:109340000400060008000A000C0010002000400085
:109350008000000100000000000000000000F03F5D
:10936000748515D3B0D9EF3F0F89F96C58B5EF3F2D
:10937000515B12D00193EF3F7B517D3CB872EF3FC0
:10938000AAB968318754EF3F3862756E7A38EF3F7B
:10939000E1DE1FF59D1EEF3F15B7310AFE06EF3FD8
:1093A000CBA93A37A7F1EE3F2234124CA6DEEE3FAE
:1093B0002D89616008CEEE3F272A36D5DABFEE3F11
:1093C000824F9D562BB4EE3F295448DD07ABEE3F4C
:1093D00085553AB07EA4EE3FCD3B7F669EA0EE3F22
:1093E000745FECE8759FEE3F8701EB7314A1EE3FCD
:1093F00013CE4C9989A5EE3FDBA02A42E5ACEE3FA7
:10940000E5C5CDB037B7EE3F90F0A38291C4EE3FF3
:109410005D253EB203D5EE3FADD35A999FE8EE3FAE
:10942000475EFBF276FFEE3F9C5285DD9B19EF3FD6
:109430006990EFDC2037EF3F87A4FBDC1858EF3F43
:109440005F9B7B33977CEF3FDA90A4A2AFA4EF3F02
:1094500040456E5B76D0EF3F000000000000E84220
:109460009423914BF86AAC3FF3C4FA50CEBFCE3F81
:10947000D6520CFF422EE63F0000000000003843A9
:10948000FE822B65471547409423914BF86ABC3EFA
:10949000F3C4FA50CEBF2E3FD6520CFF422E963F59
:1094A000BEF3F879EC61F63FDEAA8C80F77BD5BF7E
:1094B0003D88AF4AED71F53FDB6DC0A7F0BED2BF6E
:1094C000B010F0F03995F43F673A517FAE1ED0BF2F
:1094D0008503B8B095C9F33FE92482A6D831CBBF44
:1094E000A564880C190DF33F5877C00A4F57C6BFC3
:1094F000A08E0B7B225EF23F00819CC72BAAC1BFCE
:109500003F341A4A4ABBF13F5E0E8CCE764EBABF4C
:10951000BAE58AF05823F13FCC1C615A3C97B1BFA1
:10952000A70099413F95F03F1E0CE138F452A2BFCD
:10953000000000000000F03F0000000000000000FC
:10954000AC479AFD8C60EE3F8459F25DAAA5AA3F14
:10955000A06A021FB3A4EC3FB42E36AA535EBC3FF0
:10956000E6FC6A573620EB3F08DB2077E526C53F4F
:109570002DAAA163D1C2E93F7047220D86C2CB3F1D
:10958000ED417803E686E83FE17EA0C88B05D13F38
:10959000624853F5DC67E73F09EEB6573004D43F25
:1095A000EF39FAFE422EE63F3483B848A30ED0BF0F
:1095B0006A0BE00B5B57D53F23410AF2FEFFDFBF8A
:1095C000BEF3F879EC61F63F1930965BC6FEDEBF5C
:1095D0003D88AF4AED71F53FA4FCD432680BDBBF88
:1095E000B010F0F03995F43F7BB71F0A8B41D7BF1D
:1095F0008503B8B095C9F33F7BCF6D1AE99DD3BF02
:10960000A564880C190DF33F31B6F2F39B1DD0BF52
:10961000A08E0B7B225EF23FF07A3B1B1D7CC9BF04
:109620003F341A4A4ABBF13F9F3CAF93E3F9C2BFB4
:10963000BAE58AF05823F13F5C8D78BFCB60B9BFA3
:10964000A70099413F95F03FCE5F47B69D6FAABFF7
:10965000000000000000F03F0000000000000000DB
:10966000AC479AFD8C60EE3F3DF5249FCA38B33F6E
:10967000A06A021FB3A4EC3FBA913854A976C43F44
:10968000E6FC6A573620EB3FD2E4C44A0B84CE3F57
:109690002DAAA163D1C2E93F1C65C6F04506D43F9F
:1096A000ED417803E686E83FF89F1B2C9C8ED83F5F
:1096B000624853F5DC67E73FCC7BB14EA4E0DC3F6A
:1096C0000B6E49C91676D23F7AC675A06919D7BF05
:1096D000DDBAA76C0AC7DE3FC8F6BE484715E7BF2C
:1096E0002BB82A654715F73FA2000000F9A2000039
:1096F00083F9A2006E83F9A24E6E83F9444E6E8305
:1097000015444E6E2915444EFC29154427FC291595
:109710005727FC29D15727FCF5D1572734F5D157C6
:10972000DD34F5D1C0DD34F5DBC0DD3462DBC0DD16
:109730009562DBC0999562DB3C999562433C9995B3
:1097400090433C994190433C000000000000F03FF2
:10975000000000000000F0BF000000000000F0BFAB
:10976000000000000000F03F83C8C96D305F644115
:10977000182D4454FB21F93F000000000000F03F89
:109780001C620CFDFFFFDFBF198F06E15355A53F9B
:109790009D359AE887C056BFC3F87B024393F93ED4
:1097A00003A695595455C5BFC40B23057610813FB8
:1097B00024CF7437EB9429BF000000000000F03F75
:1097C000000000000000F0BF000000000000F0BF3B
:1097D000000000000000F03F83C8C96D305F6441A5
:1097E000182D4454FB21F93F000000000000F0BF99
:1097F0001C620CFDFFFFDF3F198F06E15355A5BF2B
:109800009D359AE887C0563FC3F87B024393F9BE63
:1098100003A695595455C5BFC40B23057610813F47
:1098200024CF7437EB9429BFFB21F93FFB2109407A
:109830007CD91240FB2119407A6A1F407CD9224012
:10984000BBFD2540FB2129403A462C407A6A2F4037
:109850005C4731407CD932409C6B3440BBFD354085
:10986000DB8F3740FB2139401BB43A403A463C403D
:109870005AD83D407A6A3F404C7E40405C47414068
:109880006C1042407CD942408CA243409C6B4440C7
:10989000AC344540BBFD4540CBC64640DB8F47401E
:1098A000EB584840FB21494083F9A200444E6E002A
:1098B000FC291500D1572700DD34F50062DBC0001C
:1098C0003C999500419043006351FE00BBDEAB0024
:1098D000B761C5003A6E2400D24D42004906E0004F
:1098E00009EA2E001C92D100EB1DFE0029B11C00DC
:1098F000E83EA700F535820044BB2E009CE98400B9
:10990000B4267000417E5F00D69139005383390040
:109910009CF439008B5F840028F9BD00F81F3B00E0
:10992000DEFF97000F980500112FEF000A5A8B00F9
:109930006D1F6D00CF7E360009CB2700464FB70064
:109940009E663F002DEA5F00BA277500E5EBC70071
:109950003D7BF100F739070092528A00FB6BEA0069
:109960001FB15F00085D8D00300356007BFC460090
:10997000F0AB6B0020BCCF0036F49A00E3A91D00C9
:109980005E619100081BE60085996500A0145F00E8
:109990008D40680080D8FF0027734D000606310017
:1099A000CA561500C9A873007BE260006B8CC0002A
:1099B00000000040FB21F93F000000002D44743EF0
:1099C000000000809846F83C0000006051CC783BD5
:1099D00000000080831BF0390000004020257A3809
:1099E000000000802282E336000000001DF369358C
:1099F0000200000003000000040000000600000058
:109A0000E00500245245454E54206D616C6C6F6337
:109A100020737563636565646564002F6D6E742FD4
:109A2000776F726B73706163652F776F726B737092
:109A30006163652F4743432D31302D706970656C2C
:109A4000696E652F6A656E6B696E732D4743432D92
:109A500031302D706970656C696E652D34385F32F8
:109A6000303230313132345F3136303631383036A1
:109A700034312F7372632F6E65776C69622F6E6558
:109A8000776C69622F6C6962632F7374646C6962AE
:109A90002F72616E642E63002C2066756E6374698C
:109AA0006F6E3A2000617373657274696F6E202265
:109AB000257322206661696C65643A2066696C656D
:109AC00020222573222C206C696E65202564257365
:109AD00025730A00000000000000000000000000E4
:109AE0000000000000000000000000000000000076
:109AF0000000000000000000000000000000000066
:109B00000000000000000000000000000000000055
:109B10000000000000000000000000000000000045
:109B20000000000000000000000000000000000035
:109B300000000000232D302B2000686C4C0065666F
:109B4000674546470030313233343536373839418E
:109B500042434445460030313233343536373839A4
:109B60006162636465660000F8B500BFF8BC08BCBC
:109B70009E467047F8B500BFF8BC08BC9E467047CB
:089B8000A86BFE7F010000004C
:109B8800C50200088D230008813B0008513E0008EB
:109B9800514700087D510008795B00086D62000894
:109BA800C5670008D122010825280108AD3701083A
:049BB800A1020008FE
:109BBC000000000001000000010000000100000096
:109BCC00010000000000803F0000803F0000803F4B
:109BDC000000803F00000045010000000000FA4634
:109BEC000100000000000047100000000000000011
:109BFC000000000000000000000000000000000059
:109C0C001000000000000000000000000000000038
:109C1C000000000000000000100000000000000028
:109C2C000000000000000000000000000000000028
:109C3C000090D0030090D003DD6800088168000814
:109C4C0055690008856800080000000019690008C3
:109C5C00BD69000889690008B168000800000000AF
:109C6C0000C201000000080000C201000000080052
:109C7C00F16D0008FD6D0008096E0008796E000892
:109C8C00BD6E0008416E00085D6E0008E56D0008B1
:109C9C00956E0008A16E0008256E0008E16F0008A3
:109CAC002171000805710008120100020202004037
:109CBC00830440570002010203010000120100025C
:109CCC00020200408304405700020102030100001D
:109CDC00040309041A030000000000000000000047
:109CEC000000000000000000000000000000010067
:109CFC0010000000B90501085D05010841040108C8
:109D0C0000000000E1020108D103010899030108D9
:109D1C0000000000000000000000000041030108EA
:109D2C001D030108650301088903010809024300AA
:109D3C00020100C0320904000001020201000524E6
:109D4C000010010524010001042402020524060070
:109D5C00010705820308001009040100020A000033
:109D6C0000070501024000000705810240000000C9
:109D7C0009024300020100C0320904000001020282
:109D8C000100052400100105240100010424020235
:109D9C0005240600010705820308001009040100D0
:109DAC00020A0000000705010200020007058102FB
:109DBC00000200000A060002000000400100000042
:109DCC0009074300020104C0320904000001020229
:109DDC0001000524001001052401000104240202E5
:109DEC000524060001070582030800100904010080
:109DFC00020A00000007050102400000070581026D
:109E0C004000000009026500020100C05009040076
:109E1C0000000101000009240100010900010109F1
:109E2C0004010002010300000724010001410006A7
:109E3C00240201010006240202020009240301038A
:109E4C0001020100092403020601010100090501B8
:109E5C0002400000000005250101010905810240B6
:109E6C00000000000525010103000000060A0500A2
:109E7C000405000000000000010C050104070109A5
:109E8C0005000000000406000000000000000000B7
:109E9C0000040800000000000000000001040500A0
:109EAC000605060905000000010505000705000070
:109EBC0000000000060B0500050500000000000076
:109ECC00010E050202050000000000000201050160
:109EDC000F0502030500000003030500000000004D
:109EEC0000000000020B0601040600000000000048
:109EFC00020C06010507000000000000020A060023
:109F0C00000000000000000001040800060800002A
:109F1C000000000001050800070800000000000018
:109F2C000005080000000000000000000000000018
:109F3C000000000000000000000000000000000015
:109F4C000000000001000000000000000000000004
:109F5C0000000000000000000000000000000000F5
:109F6C0001000000000000000000000000000000E4
:109F7C0000000000000000000000000001000000D4
:109F8C0000000000000000000000000000000000C5
:109F9C0000000000000000000100000000000000B4
:109FAC0000000000000000000000000000000000A5
:109FBC000000000001000000000000000000000094
:109FCC000000000000000000000000000000000085
:109FDC000100000000000000000000000000000074
:109FEC000000000000000000000000000100000064
:109FFC000000000000000000000000000000000055
:10A00C000000000000000000010000000000000043
:10A01C000000000000000000000000000000000034
:10A02C000000000001000000000000000000000023
:10A03C000000000000000000000000000000000014
:10A04C000100000000000000000000000000000003
:10A05C0000000000000000000000000001000000F3
:10A06C0000000000000000000000000000000000E4
:10A07C0000000000000000000100000000000000D3
:10A08C0000000000000000000000000000000000C4
:10A09C0000000000010000000107080000000000A3
:10A0AC000000000001060800000000000000000095
:10A0BC000B00FF009405002488050024AC05002447
:10A0CC00A0050024C4050024B8050024580500246C
:10A0DC004C050024700500246405002490CB062454
:10A0EC00D00500247C0500246CCB062484CB0624EC
:10A0FC0078CB0624F4040024E804002401080802A8
:10A10C000B08000108000000010908020A08000001
:10A11C0008000000010C0E03020801050E000000EF
:10A12C00020C0801060E00000000000001040B00E8
:10A13C000000000000000000010707010F040000F0
:10A14C0000000000010607010E04000000000000E2
:10A15C0000030700000000000000000000020700E0
:10A16C000000000000000000020B070000000000CF
:10A17C0000000000020A07000000000000000000C0
:10A18C00060907000000000000FF0000E0050024A5
:10A19C0000000000F49A0108149B0108D49A0108ED
:10A1AC0000000000000000000000000000000000A3
:10A1BC000000000000000000000000000000000093
:10A1CC000000000000000000000000000000000083
:10A1DC000000000000000000000000000000000073
:10A1EC000000000000000000000000000000000063
:0400000508000A09DC
:00000001FF
