:020000040800F2
:1000000000000220090A0008FD0900080D79000817
:10001000FD090008FD090008FD09000800000000B6
:10002000000000000000000000000000FD090008C2
:10003000FD09000800000000FD0900089178000893
:10004000FD090008FD090008FD090008FD09000878
:10005000FD090008FD090008FD090008FD09000868
:10006000FD090008FD090008FD0900087974000871
:1000700085740008C5560008917400089D74000836
:10008000954C010851620008FD090008FD090008AF
:10009000FD090008FD090008FD090008FD09000828
:1000A000FD090008FD090008FD090008FD09000818
:1000B000E13D0108ED3D0108F93D010885620008B8
:1000C000FD09000891620008FD09000829360108B1
:1000D00035360108C94A0108F54A0108294B0108CB
:1000E000FD090008FD09000800000000FD090008E6
:1000F000FD090008FD090008FD090008FD090008C8
:10010000FD090008FD090008053E01084136010807
:100110005D4B0108914B0108FD090008FD0900082D
:10012000FD090008FD090008653601089936010837
:10013000C94C0108FD090008FD090008FD09000877
:1001400000000000000000000000000000000000AF
:10015000FD090008FD090008FD090008C54B01085C
:100160009D620008FD090008A1780008C578000814
:10017000FD090008E9780008FD090008FD090008EC
:10018000FD090008FD090008F94B01082D4C010884
:100190004D36010859360108FD090008FD0900081F
:1001A000FD090008FD090008FD090008FD09000817
:1001B0006D710008FD090008FD090008FD0900082F
:1001C000FD090008FD090008FD090008FD090008F7
:1001D000FD090008FD090008FD090008FD090008E7
:1001E000FD090008FD090008FD090008FD090008D7
:1001F000FD090008FD090008FD090008FD090008C7
:10020000FD090008FD090008FD090008FD090008B6
:10021000FD090008FD090008FD090008FD090008A6
:10022000FD090008FD090008FD09000800000000A4
:10023000FD090008FD09000800000000FD09000894
:10024000FD090008FD090008FD090008FD09000876
:10025000FD090008FD090008FD090008FD09000866
:10026000FD090008FD090008FD090008FD09000856
:10027000FD090008FD090008614C010800000000AC
:10028000FD090008FD090008FD0900080000000044
:0802900000000000FD09000858
:1002A00010B5054C237833B9044B13B10448AFF3B0
:1002B00000800123237010BD100400240000000002
:1002C00020CA010808B5034B1BB103490348AFF32B
:1002D000008008BD000000001404002420CA0108AA
:1002E00001F0FF01102A2BDB10F0070F08D010F8E7
:1002F000013B013A8B422DD010F0070F42B3F6D1EB
:10030000F0B441EA012141EA014122F007047FF003
:1003100000070023F0E80256083C85EA010586EA5A
:10032000010685FA47F5A3FA87F586FA47F6A5FA96
:1003300087F68EB9EED1F0BC01F0FF0102F00702A2
:1003400032B110F8013B013A83EA010313B1F8D14D
:100350000020704701387047002D06BF354603382E
:10036000073815F0010F07D1013015F4807F02BF67
:10037000013015F4C03F0130F0BC0138704700BFB8
:1003800081F0004102E000BF83F0004330B54FEA46
:1003900041044FEA430594EA050F08BF90EA020FB3
:1003A0001FBF54EA000C55EA020C7FEA645C7FEA46
:1003B000655C00F0E2804FEA5454D4EB5555B8BF69
:1003C0006D420CDD2C4480EA020281EA030382EADA
:1003D000000083EA010180EA020281EA0303362D6C
:1003E00088BF30BD11F0004F4FEA01314FF4801C3F
:1003F0004CEA113102D0404261EB410113F0004F51
:100400004FEA03334CEA133302D0524263EB430307
:1004100094EA050F00F0A780A4F10104D5F1200EA5
:100420000DDB02FA0EFC22FA05F2801841F1000100
:1004300003FA0EF2801843FA05F359410EE0A5F1D4
:1004400020050EF1200E012A03FA0EFC28BF4CF005
:10045000020C43FA05F3C01851EBE37101F00045BB
:1004600007D54FF0000EDCF1000C7EEB00006EEBC8
:100470000101B1F5801F1BD3B1F5001F0CD3490852
:100480005FEA30004FEA3C0C04F101044FEA4452A9
:1004900012F5800F80F09A80BCF1004F08BF5FEA30
:1004A000500C50F1000041EB045141EA050130BD10
:1004B0005FEA4C0C404141EB0101013C28BFB1F522
:1004C000801FE9D291F0000F04BF01460020B1FA6D
:1004D00081F308BF2033A3F10B03B3F120020CDA40
:1004E0000C3208DD02F1140CC2F10C0201FA0CF01E
:1004F00021FA02F10CE002F11402D8BFC2F1200C83
:1005000001FA02F120FA0CFCDCBF41EA0C01904038
:10051000E41AA2BF01EB0451294330BD6FEA040481
:100520001F3C1CDA0C340EDC04F11404C4F120026C
:1005300020FA04F001FA02F340EA030021FA04F37E
:1005400045EA030130BDC4F10C04C4F1200220FAD5
:1005500002F001FA04F340EA0300294630BD21FA13
:1005600004F0294630BD94F0000F83F4801306BFD9
:1005700081F480110134013D4EE77FEA645C18BFCD
:100580007FEA655C29D094EA050F08BF90EA020F64
:1005900005D054EA000C04BF1946104630BD91EA5C
:1005A000030F1EBF0021002030BD5FEA545C05D15F
:1005B0004000494128BF41F0004130BD14F580049E
:1005C0003CBF01F5801130BD01F0004545F0FE4112
:1005D00041F470014FF0000030BD7FEA645C1ABF47
:1005E000194610467FEA655C1CBF0B46024650EA7E
:1005F000013406BF52EA033591EA030F41F40021AA
:1006000030BD00BF90F0000F04BF0021704730B52F
:100610004FF4806404F132044FF000054FF0000104
:1006200050E700BF90F0000F04BF0021704730B5C5
:100630004FF4806404F1320410F0004548BF40429A
:100640004FF000013EE700BF42004FEAE2014FEAEF
:1006500031014FEA02701FBF12F07F4393F07F4FCA
:1006600081F06051704732F07F4208BF704793F0CD
:100670007F4F04BF41F40021704730B54FF46074E0
:1006800001F0004521F000411CE700BF50EA0102E3
:1006900008BF704730B54FF000050AE050EA01028C
:1006A00008BF704730B511F0004502D5404261EBFC
:1006B00041014FF4806404F132045FEA915C3FF43D
:1006C000D8AE4FF003025FEADC0C18BF03325FEADA
:1006D000DC0C18BF033202EBDC02C2F1200300FA8B
:1006E00003FC20FA02F001FA03FE40EA0E0021FAB0
:1006F00002F11444BDE600BF53B94AB9002908BF4E
:1007000000281CBF4FF0FF314FF0FF3000F074B9EC
:10071000ADF1080C6DE904CE00F006F8DDF804E058
:10072000DDE9022304B070472DE9F047089D044637
:100730008E46002B4DD18A42944669D9B2FA82F294
:1007400052B101FA02F3C2F1200120FA01F10CFAD0
:1007500002FC41EA030E94404FEA1C48210CBEFB08
:10076000F8F61FFA8CF708FB16E341EA034306FB91
:1007700007F199420AD91CEB030306F1FF3080F020
:100780001F81994240F21C81023E63445B1AA4B26D
:10079000B3FBF8F008FB103344EA034400FB07F70F
:1007A000A7420AD91CEB040400F1FF3380F00A8150
:1007B000A74240F207816444023840EA0640E41B45
:1007C00000261DB1D4400023C5E900433146BDE8F1
:1007D000F0878B4209D9002D00F0EF800026C5E993
:1007E000000130463146BDE8F087B3FA83F6002EAB
:1007F0004AD18B4202D3824200F2F980841A61EB23
:10080000030301209E46002DE0D0C5E9004EDDE740
:1008100002B9FFDEB2FA82F2002A40F09280A1EB28
:100820000C014FEA1C471FFA8CFE0126200CB1FB7D
:10083000F7F307FB131140EA01410EFB03F0884276
:1008400008D91CEB010103F1FF3802D2884200F203
:10085000CB804346091AA4B2B1FBF7F007FB101195
:1008600044EA01440EFB00FEA64508D91CEB040433
:1008700000F1FF3102D2A64500F2BB800846A4EB8E
:100880000E0440EA03409CE7C6F12007B34022FA79
:1008900007FC4CEA030C20FA07F401FA06F31C43A8
:1008A000F9404FEA1C4900FA06F3B1FBF9F8200CB5
:1008B0001FFA8CFE09FB181140EA014108FB0EF0FB
:1008C000884202FA06F20BD91CEB010108F1FF3A4B
:1008D00080F08880884240F28580A8F10208614457
:1008E000091AA4B2B1FBF9F009FB101144EA014165
:1008F00000FB0EFE8E4508D91CEB010100F1FF3410
:100900006CD28E456AD90238614440EA0840A0FBA7
:100910000294A1EB0E01A142C846A64656D353D07D
:100920005DB1B3EB080261EB0E0101FA07F722FAA1
:1009300006F3F1401F43C5E9007100263146BDE8CA
:10094000F087C2F12003D8400CFA02FC21FA03F32D
:10095000914001434FEA1C471FFA8CFEB3FBF7F0AE
:1009600007FB10360B0C43EA064300FB0EF69E42D3
:1009700004FA02F408D91CEB030300F1FF382FD26C
:100980009E422DD9023863449B1B89B2B3FBF7F614
:1009900007FB163341EA034106FB0EF38B4208D9ED
:1009A0001CEB010106F1FF3816D28B4214D9023E2E
:1009B0006144C91A46EA004638E72E46284605E74C
:1009C0000646E3E61846F8E64B45A9D2B9EB02081D
:1009D00064EB0C0E0138A3E74646EAE7204694E7AD
:1009E0004046D1E7D0467BE7023B614432E73046E0
:1009F00009E76444023842E7704700BF684620F0C8
:100A000007018D46FEE7000008B50F4A0F4B9A42DA
:100A100008D00F4A0C4B0D4852F8041B43F8041B36
:100A20008342F9D10B4A0C4B9A4206D0134600215F
:100A3000094A43F8041B9342FBD107F0D5F918F09B
:100A4000E5FC00F065FEFEE7000000240C04002435
:100A50005CCA01081004002444A5062470477047AE
:100A600000F2CC6300F52B72843B9A42FCD17047B4
:100A70007047704770477047012A08BF0160002027
:100A80007047012A08BF0160002070470000000085
:100A90002DE9F04F2DED068B83B08346784D8A46C5
:100AA00000F5005901F500582F462E4600240EE1AE
:100AB00017F040FDB0EE409A1DE1724B93ED002A15
:100AC000B7EEC22AB7EEC73A9FED636B22EE066B14
:100AD00026EE034B17ED015AB7EEC55A35EE045B0F
:100AE000B7EEC55B07ED015AB5EE006B22EE062BA3
:100AF00097ED005AB7EEC55A02EE035BB7EEC55B41
:100B000087ED005A97ED016AB7EEC66A36EE046BC0
:100B1000B7EEC66B87ED016A019B03EB430301331C
:100B200006EE903AF8EE666AF4EEE76AF1EE10FA35
:100B30004AD5554B93ED006AB7EEC66AB7EEC73A91
:100B40009FED474B26EE044B16ED025AB7EEC55A01
:100B500004EE035BB7EEC55B06ED025A9FED425B08
:100B600026EE055B25EE032B16ED014AB7EEC44ACF
:100B700034EE024BB7EEC44B06ED014A9FED3C5BF1
:100B800026EE055B96ED004AB7EEC44A05EE034B30
:100B9000B7EEC44B86ED004A96ED015AB7EEC55A42
:100BA00035EE025BB7EEC55B86ED015A9FED325B19
:100BB00026EE056B96ED025AB7EEC55A06EE035BBC
:100BC000B7EEC55B86ED025A0199022964D92F4B15
:100BD0001B68012B00F045812D4B186800EB40038A
:100BE0000B442C4991ED003AB7EEC33AB7EEC72A51
:100BF0009FED196B23EE066B26EE024B204901EBAD
:100C0000830C9CED005AB7EEC55A35EE045BB7EE87
:100C1000C55B8CED005A1B1A01EB830CB5EE006B23
:100C200023EE063B9CED005AB7EEC55A03EE025B7D
:100C3000B7EEC55B8CED005A1B1A01EB830393EDF5
:100C4000006AB7EEC66A36EE046BB7EEC66B83ED8C
:100C5000006A26E0AFF30080B0726891ED7CBF3F80
:100C6000295C8FC2F528AC3F295C8FC2F528BC3FB8
:100C7000C3F5285C8FC2C53FE17A14AE47E1BA3FA5
:100C80001451062464710624A8710624040000246B
:100C900008000024D8040024794B1B68012B00F0C5
:100CA000E080784BD3ED007A774BD3ED006A67EEA6
:100CB000A67A27EE877A02ED017AEAEC019AA8EC8F
:100CC000019A0C360837B4F5006F00F0CF8001941C
:100CD000013407EE904AB8EE678AFBEC018AB9EC62
:100CE00001AAB5EC010AB5EE400AF1EE10FA3FF5A3
:100CF000DFAEB1EEC09A654BD3ED007A644B93ED55
:100D0000007AC8EE276AF4EEC76AF1EE10FA05DD44
:100D100067EE877A87EE887A29EE079A18F078FCD2
:100D2000430000EE103AB8EEC00B9FED537B20EE6F
:100D3000070BB7EEC08BB0EE480A16F0A1FD69EEC6
:100D4000009AB0EE480A17F0EFFA29EE009A514BDC
:100D50001B78002BB1D12A4668EEA88A2AEE0A7ABF
:100D600038EE877AF5EE008A27EE287A55ED018A6B
:100D700037EE287AB7EEC77A474BD3ED006AF7EE25
:100D8000005A85EEA66AB7EEC65AB7EE006B36EE8D
:100D9000456B27EE067BB7EEC77B05ED017A01991F
:100DA00000293FF479AF394BD3ED006AF6EE007AB3
:100DB00066EEA77A06EE901AB8EE666AF0EE006A62
:100DC00077EEE66AB4EEE66AF1EE10FA7FF564AF0C
:100DD000324B1B68591E01297FF66FAE019801281E
:100DE0007FF69AAE00F001010B437FF495AE410807
:100DF000481E2B4B93ED002AB7EEC22AB7EEC73A36
:100E0000B6EE086B22EE066B26EE034B254B03EB8A
:100E1000800090ED005AB7EEC55A35EE045BB7EE90
:100E2000C55B80ED005A03EB8100B7EE086B22EE44
:100E3000062B90ED005AB7EEC55A02EE035BB7EEF3
:100E4000C55B80ED005A013103EB810393ED006A2D
:100E5000B7EEC66A36EE046BB7EEC66B83ED006A7A
:100E60005AE6084B4FF07E5119601AE703B0BDEC0B
:100E7000068BBDE8F08F00BF182D4454FB210940BC
:100E800004000024E40400246C71062420000024E3
:100E9000C87106242C060024CC710624687106242F
:100EA000647106241451062408B591ED007AB7EE5A
:100EB000C77A9FED090B27EE000B17F0DDF8B7EEB0
:100EC000007B37EE400BB6EE007B20EE070BB7EE53
:100ED000C00B08BDAFF30080182D4454FB2119400E
:100EE00008B591ED007AB7EEC77A9FED050B27EEB6
:100EF000000B17F001F9B7EEC00B08BDAFF300808F
:100F0000182D4454FB21094010B5044600F5005348
:100F10009B692BB142F210002044032201469847FE
:100F2000204610BD10B50446836813B10322014664
:100F30009847204610BD000010B50446002303600A
:100F40000B210171FF2242718171C27101724272E3
:100F50008172C272017342738173C273436103620F
:100F600080F8281080F82920C3620363436380F867
:100F70003C1080F83D2003644364836480F858107B
:100F800080F85920C36503664366036780F88410C0
:100F900080F88520C0F88830C0F88C30C0F89030D8
:100FA00080F8A01080F8A120C0F8A430C0F8A830C4
:100FB000C0F8AC3080F8B41080F8B520C0F8B83074
:100FC000C0F8BC30C0F8C03000F5D87300F52B7104
:100FD0000B221A72FF225A720022DA601A615A61D9
:100FE00024338B42F4D104F52B7304F2CC6C0B2028
:100FF0001876FF2159760022DA611A625A6283F864
:10100000440083F845109A64DA641A6583F8700026
:1010100083F871105A679A67DA6784336345E6D1BB
:1010200004F2CC6304F27C710B221A76FF225A760A
:101030000022DA611A625A622C339942F4D11346C3
:10104000C4F87C270B2184F88A17FF2284F88B27A9
:1010500084F88C1784F88D27C4F89037C4F8943737
:10106000C4F898374FF40072034904F2A27018F0E4
:10107000F9F9204610BD00BF40A5010810B504468F
:1010800080ED040AB7EE007AC7EE007AC0ED057A6B
:101090009FED0A0A80ED020A4FF07C534360C36063
:1010A0000023836116F06EFB84ED070A0023237092
:1010B000012384F8293084F8283010BD0000C8428C
:1010C000DFED0B7A70EE277AF4EEE07AF1EE10FAAB
:1010D0000BD4DFED077A30EE670AB4EEE00AF1EEEA
:1010E00010FACCBF0120002070470120704700BFDC
:1010F0000AD7A33B084B1B781BB1084B00221A6090
:101100007047054B5B781BB1044B02221A60704795
:10111000024B01221A6070470851062468710624A8
:1011200008B5104B1B7833B90E4B5B788BB90E4B5F
:1011300001221A6008BD0C4B00221A609FED0B0AB9
:101140000B4816F05BF90B480B4BC36016F03EFBE7
:10115000F0E7054B02221A609FED080A044816F0DA
:101160004DF9E7E70C510624147106249A99993E2B
:1011700018710624885002240000FA45CDCC4C3E5C
:1011800038B5354B1B7833B9334B5B789BBB334B4E
:1011900001221A6038BD0024304B1C60304D9FED99
:1011A000310A85ED020A284616F0ECFA85ED070AA9
:1011B0002C702D4D9FED2D0A85ED020A284616F064
:1011C000E1FA85ED070A2C70294D9FED2A0A85ED7D
:1011D000020A284616F0D6FA85ED070A2C70264D2D
:1011E0009FED260A85ED020A284616F0CBFA85ED1A
:1011F000070A2C70CEE7194B02221A60184C9FED9B
:10120000200A84ED020A204616F0BCFA84ED070A93
:1012100001252570144C9FED1B0A84ED020A20461F
:1012200016F0B0FA84ED070A2570114C9FED160AEE
:1012300084ED020A204616F0A5FA84ED070A25700F
:101240000D4C9FED120A84ED020A204616F09AFA20
:1012500084ED070A25709DE7105106240C00002438
:10126000F8040024BC74133C240500240AD7233C52
:10127000500500245839343C7C050024A69B443C8E
:101280000AD7A33CCDCCCC3C8FC2F53C295C0F3DAA
:1012900010B52DED028B924B93F8B431CBB1904B3E
:1012A00093F8CC31802B14D18E4B1B7873B98E4AB6
:1012B000137883F001031370002B9FED8C0AF7EE77
:1012C000007A07FE800A8A4803F074FE854B0022EC
:1012D0001A70834B93F8F031FF2B14BF00210121CA
:1012E000844A11707F4A12786AB9834A92F83A2088
:1012F0004AB9FF2BB7EE000ADFED7C7A00FE270A21
:101300007E4803F057FE764B93F8CC31FF2B02D08A
:10131000BDEC028B10BD06F069FB07EE900AF8EEFB
:10132000677A6F4B93ED747A77EEC77A9FED747A94
:10133000F4EEC77AF1EE10FA03DB6A4B1B78002B50
:101340004CD0674B93F8CC31FF2BE1D106F04EFB2C
:1013500007EE900AF8EE677A614B93ED747A77EEB8
:10136000C77A9FED687AF4EEC77AF1EE10FACFDB18
:10137000654B002243F8042B644A9342F9D10022C2
:1013800043F8042B624A9342F9D1002203F8012B5F
:10139000604A9342F9D1A2F13A03002283F83A203D
:1013A00083F83B200022DA631A644F4B1B78002B32
:1013B00000EE102AF7EE007A07FE800A4C4803F090
:1013C000F9FD4C4B1B78002BB7EE000ADFED477A96
:1013D00007FE800A494803F0EDFD99E7464B93F874
:1013E0003A1081F0010283F83A2083F83B10002A7A
:1013F00068D03433002203F8012B464A9342F9D1D6
:10140000A2F13A0393F83B3003BB3B4B93F83A30DD
:10141000002B3DD1344B1B78002B9FED340AF7EEA7
:10142000007A07FE800A324803F0C4FD314B1B7876
:10143000002BB7EE000ADFED2D7A07FE800A2F4859
:1014400003F0B8FD274B01221A707AE7A2F13A03A4
:10145000196800293ADCD8E70120107001328B426C
:10146000D3D0B3EC017AD3ED056ADFED2B7A77EEBA
:10147000277AF4EEE76AF1EE10FAEDDCDFED267A7A
:1014800037EE677AF4EEC76AF1EE10FAE6D5E3E7D5
:10149000194C94ED0F0AB7EEC00A9FED0F8B30EE9A
:1014A000080BB7EEC00B124803F084FD94ED100A50
:1014B000B7EEC00A30EE080BB7EEC00B0F4803F0D2
:1014C00079FDBFE70C4B19680029A3DD0A4A131DFB
:1014D000343203EB8101C4E7333333333333D33F47
:1014E00070460024240600242C0400240000000080
:1014F000305002242C060024A80500245C5002244D
:10150000000016440000FA44AC050024C405002481
:10151000DC050024E20500240AD7233C08B5724B01
:101520001B6803EBC303714A02EB830393F8CC31CE
:10153000FF2B14BF002301236D4A12789A4200F05A
:10154000BA806B490B70684B5B6803EBC303674A57
:1015500002EB830393F8CC31FF2B14BF002301234C
:101560004A789A4201D0624A5370FFF7C3FD614B3B
:101570001B6803EBC3035D4A02EB830393F8CC3192
:10158000FF2B14BF002301235B4A12789A427CD0C0
:1015900059490B70574B5B6803EBC303534A02EB8B
:1015A000830393F8CC31FF2B14BF002301234A7827
:1015B0009A4201D0504A5370FFF7B2FD4F4B1B685F
:1015C00003EBC303494A02EB830393F8CC31FF2BAF
:1015D00014BF002301234A4A12789A423FD0484957
:1015E0000B70464B5B6803EBC303404A02EB83037B
:1015F00093F8CC31FF2B14BF002301234A789A4281
:1016000001D03F4A5370FFF7BBFD3E4B1B6803EB15
:10161000C303364A02EB830393F8CC31FF2B14BF8C
:1016200000230123384A12789A4201D0364A1370B7
:10163000344B5B6803EBC3032C4A02EB830393F840
:10164000CC31FF2B14BF002301232F4A52789A423A
:1016500001D02D4A53702D4B00221A7008BD274B24
:101660005B6803EBC303214A02EB830393F8CC319D
:10167000FF2B14BF00230123214A52789A42C0D184
:10168000224B1B78002BBED1BFE71A4B5B6803EBE4
:10169000C303164A02EB830393F8CC31FF2B14BF2C
:1016A00000230123144A52789A4283D1174B1B78A6
:1016B000002B81D182E70C4B5B6803EBC3030B4A21
:1016C00002EB830393F8CC31FF2B14BF00230123DB
:1016D000074A52789A427FF446AF0C4B1B78002B96
:1016E0007FF443AF43E700BFB07106247046002487
:1016F00008510624B87106240C510624C071062432
:1017000010510624E8040024EC5006242400002490
:10171000F0B52DED028B8BB0CE4C0021204601F0B0
:10172000F5FF0221204601F06DFC204601F090FCFF
:10173000C94B83ED000A4FF48071204601F03CFC58
:10174000C64B03F50051002243F8042B8B42FAD11B
:10175000C34B02221A6003225A60C24B04221A6051
:1017600005225A60C04B0621196007225A60BF4B00
:1017700008221A6009225A600A229A600B22DA6053
:10178000BB4A002313705370BA4A13705370BA4A9D
:1017900013705370B94A137053709370D370B84B71
:1017A00043F8041B002243F8042BB64A9342F9D1B4
:1017B000002243F8042BB44A9342F9D1002203F8E3
:1017C000012BB24A9342F9D1A2F13A03002583F8E2
:1017D0003A5083F83B509FEDAE8A83ED0F8A83ED3C
:1017E000108AAC4B1D70AC4B1D705D709D70DD7030
:1017F0001D715D71974CEC4604F1D00EBEE80F00F0
:10180000ACE80F009EE80F008CE80F002A46F7EEC8
:10181000000AB0EE480A6946A04803F001FCEC4615
:1018200004F5887EBEE80F00ACE80F009EE80F00CC
:101830008CE80F002A46F7EE000AB0EE480A694627
:10184000974803F0EDFBEC4604F5A87EBEE80F00D8
:10185000ACE80F009EE80F008CE80F000122F7EEC5
:10186000000AB0EE480A69468E4803F0D9FBEC4600
:1018700004F1F00EBEE80F00ACE80F009EE80F0088
:101880008CE80F00DFED888A2A46F0EE680AB0EE99
:10189000480A6946854803F0C3FBEC4604F5987E88
:1018A000BEE80F00ACE80F009EE80F008CE80F00C8
:1018B0002A46DFED7F0AB0EE480A69467D4803F00C
:1018C000AFFBEC4604F5B87EBEE80F00ACE80F00B5
:1018D0009EE80F008CE80F002A46DFED770A9FEDA7
:1018E000770A6946764803F09BFBEC4604F5C8741A
:1018F0000FCCACE80F0094E80F008CE80F002A46EC
:10190000F7EE000AB0EE480A69466E4803F088FB1D
:101910006D4B6E4A1A606E4B4FF07C521A606D4BE5
:10192000C3ED008A6C4B83ED008A6C4B83ED008A1B
:101930006B4B83ED008A5C2015F081FF0446694BF8
:10194000186080F8585003250123AB4007EE903A09
:10195000F8EEE77A9FED647A87EE278AB0EE480AC0
:1019600015F08EFF84ED000AB0EE480A16F0DCFC9C
:1019700084ED010A013508340C2DE5D1342015F031
:101980005EFF0546574B1B68584A0260584A426042
:10199000584A8260584AC2600361584B436104232D
:1019A00083614FF48063C36100240463202015F039
:1019B00057FF2862202015F053FF68622026324628
:1019C0002146286A17F076FD32462146686A17F0EC
:1019D00071FDE8692A6A131F1C3243F8044F241A68
:1019E0009A42FAD1082015F03BFFA862082015F0B2
:1019F00037FFE862AB6A00261E605E60EB6A4FF05C
:101A000001321A605A603E4B1D603E4C204615F074
:101A1000A1FC9FED270A204615F0F0FC0E4C3A4D34
:101A200094ED000A284615F0B3FE384BEB602846CB
:101A300015F0CCFE364F94ED000A3846FFF71EFB3A
:101A40004FF07E557D60334F94ED000A3846FFF726
:101A500015FB61E070460024280000241451062480
:101A6000B0710624B8710624C0710624E80400246D
:101A7000085106240C51062410510624EC5006246B
:101A8000A8050024C4050024DC050024E205002488
:101A90000000000024060024A4500424680400244C
:101AA000AC50042430040024CDCCCC3D2C71062451
:101AB0009A99993E707106249A99193E9A9919BE7D
:101AC000A0040024EC050024CC7106240000204171
:101AD000D4710624C8710624D8710624DC7106244A
:101AE000D071062428060024DB0F4940910A000823
:101AF00014500024A4500224EC5004245026002446
:101B0000AC71062418710624885002240000FA459E
:101B1000F8040024240500247D601F4F94ED000A82
:101B20003846FFF7ABFA7D601C4F94ED000A38464B
:101B3000FFF7A4FA7D60162001F062FEADF82000E8
:101B40009FED178A174CB0EE480A32460899204696
:101B500003F00EFA204603F03FFA134B01221A70ED
:101B6000172001F04DFEADF82400104CB0EE480AED
:101B700032460999204603F0FBF9204603F02CFA7F
:101B80000B4C204601F066FA0A49204601F012FA91
:101B9000642005F02FFFFBE7500500247C0500249E
:101BA00000007A44305002242C0400245C500224AB
:101BB00070460024A925000870B58269530000F022
:101BC0009E8000239FED556A5AE0D5ED007A3EE0F5
:101BD000F7EE006A77EEA67ABDEEE77AB8EEC77A3E
:101BE00077EEC77A9FED4E7A67EE877ABDEEE77A99
:101BF00017EE102A5142C2F30A02C1F30A0158BF7C
:101C00004A4207EE102AB8EEC77A77EEC77ABDEEE1
:101C1000E77AB8EEC77A77EEC77A511CD1F1000E99
:101C2000C1F30A01CEF30A0E58BFCEF1000105EB55
:101C3000810191ED007A27EE877A05EB820276EE3C
:101C4000E77AD2ED006A67EEA67A77EE277A04EBA0
:101C50000331426802EB810292ED007A67EE877AE7
:101C600036EE276A013446F80C40426A52F80C20DE
:101C7000B2F5805F39D001338269B3EB420F40D2B5
:101C8000826AD25C002AF6D045694FEA830C466A24
:101C900056F8234005F50052D2ED007A06EE904A40
:101CA000FAEECA6A76EEE76A92ED017A37EE677A63
:101CB000C6EE877A127A002A8AD1F5EEC07AF1EE62
:101CC00010FA82D4B7EE007AF4EEC77AF1EE10FA89
:101CD000FFF67EAFF5EEC07AF1EE10FA3FF575AF84
:101CE00005F50055D5ED037AB1E7C26A0121D1545B
:101CF000816A0022CA54016A41F80C20BBE79FEDBB
:101D0000076AB7EEC66A120307EE102ABBEEEF7B36
:101D100086EE070BB7EEC00B70BD00BF00000000E1
:101D20000000004500B583B08DED010A83682BB13A
:101D3000C36801A9984703B05DF804FB15F092FD54
:101D40002DE9F0412DED028B86B007460E46F0EEF0
:101D5000408AB0EE608A904600F5005200239361FD
:101D600004938B6833B1022202A89847F368059365
:101D7000B36804936D460DF1080C9CE8030085E8F8
:101D8000030007F5005303F1100494E803008CE806
:101D9000030095E8030084E80300049A9C69049416
:101DA0009A61059AD9690591DA611CB103226146ED
:101DB0006046A04707F50053C3ED008A83ED018A12
:101DC00083F808803D46002400EE104ABAEEEA0A85
:101DD000F7EE007A77EEC07A67EEA87A28EE000A6E
:101DE00037EE800A3046FFF79DFFA5EC010A01346B
:101DF000B4F5006FE8D1B0EE480A3046FFF792FF25
:101E000007F5005383ED030A384606B0BDEC028B9C
:101E1000BDE8F0812DE9F04F91B08B460F921D4641
:101E2000DDF868A002F110010020C3B2EA5C030AE9
:101E3000EB5C43EA02231B119A000BEB830302F5D0
:101E400000565E44D3ED007A96ED007A77EEC77ABD
:101E500041ED037A02F580545C4402F540525A4445
:101E6000D4ED007A92ED007A77EEC77A41ED017AEF
:101E7000D3ED007A96ED007A77EE877A94ED007ACA
:101E8000D2ED006A37EE267A77EE876A41ED046A72
:101E900077EEC77A41ED027A04301031B0F5805FF9
:101EA000C3D10F990B465A4601F58040D3ED007A15
:101EB00093ED047A77EE877AC2ED007AD3ED007A5B
:101EC00093ED047A77EEC77AC2ED047A996891604F
:101ED0009969916193ED057AD3ED077A37EE677AC8
:101EE0009FED8A6A27EE067AD3ED016A76EE876A5D
:101EF000C2ED016AD3ED016A36EEC77A82ED037A4C
:101F0000D3ED057A93ED077A77EE877A67EE867AD6
:101F100093ED037A37EE277A82ED057A93ED037A13
:101F200077EEC77AC2ED077A203320328342BDD1E3
:101F3000CDF818A00AF1040307930F9B0D93032318
:101F40000C93CDF838B00FE00C9A01320C92069B3E
:101F500008330693079B083307930E9B0D990E9148
:101F60000C2A00F0C9800D934FF0010E0C990EFA67
:101F700001FE4FEA5E0215460A92042303FA01F1BC
:101F8000089193004FEA4E0009904FEACE0E0D9E45
:101F90007018029006EB820203920A1D0E98044606
:101FA00000EB020902EB85028218019200F104089D
:101FB000301D049003F1040BA34404EB010C9C447A
:101FC0004B000B930023059358ED017A19ED017A2C
:101FD00077EE877A049941ED017A58ED017A19ED8F
:101FE000017A77EEC77A029EC6ED007A5BF8043C70
:101FF000039C2360019B53F8042C089D63191A600D
:10200000079C54F8043CCAF85030CAF84830069C83
:102010006368CAF85430CAF84C300A9C012C52D973
:10202000371D0B98041F0D460C4458464146019A33
:102030004B469AED126A9AED137AD3ED006AD2ED0F
:10204000007A66EE866A67EE877A76EEE76AD1ED09
:10205000007A77EEA67AE5EC017AF1EC017A77EE78
:10206000E66A66ED016AF3EC017A27EE277AF2EC74
:10207000017A66EE277A77EE277A90ED007A37EECE
:10208000277AA7EC017AB0EC017A77EEC77A64ED93
:10209000017ADAED127ADAED145A9AED137A9AEDA2
:1020A000156A67EE866A25EE875A76EE856ACAED6E
:1020B000136A67EEA57A27EE067A77EEC77ACAED3D
:1020C000127A6345B5D1059B099A13440593029A88
:1020D00072440292039A72440392F144019A724448
:1020E0000192F044049A72440492F344F444B3F528
:1020F000805FFFF469AF27E70F98884203D04FF461
:10210000804217F0BDF911B0BDE8F08FF304353F00
:102110002DE9F04F91B00E910D920F93DDF868B05C
:10212000CDF818B00B920B230C930BE00E9B0B9386
:102130000D990C9B013B0C93069A083A0692022BD0
:1021400000F0CB804FF0010E0C980EFA00FE4FEA23
:102150005E020992042303FA00F407944FEA4E0347
:1021600008934FEACE0E884601EB820A0B9800EBEB
:1021700082030193031D0293231D01EB0309C11880
:10218000039103EB8203C3180493D44663000A93BC
:1021900000230593079B1A464244D8ED007A19EDB7
:1021A000017A77EE877A029C44ED017AD8ED007AC5
:1021B00019ED017A77EEC77A039D45ED017ADAEDE4
:1021C000007A77EEA77A019FC7ED007A5344D3EDEA
:1021D000007A77EEA77A049E46ED017A06990B6C99
:1021E000CBF85030CBF848304B6CCBF85430CBF8B0
:1021F0004C30099B012B50D908F104030A9908EBD4
:1022000001000437494693ED007A72ED017A77EECA
:10221000877AE4EC017AD1ED007A30ED017A77EE3D
:10222000C77AE7EC017ADBED125A9BED136AF3EC07
:10223000016AD2ED007A76EEE76AB1EC017AD0ED70
:10224000007A77EE277A26EEA57A27EE865A37EEC1
:10225000057AA5EC017A67EEA57A66EE866A77EED6
:10226000E67AE6EC017ADBED127ADBED145A9BEDAF
:10227000137A9BED156A67EE866A25EE875A76EE2D
:10228000856ACBED136A67EEA57A27EE067A77EEBC
:10229000C77ACBED127A6345B5D1059B089A1344F2
:1022A0000593F044F244019A72440192029A7244F6
:1022B0000292F144039A72440392049A7244049283
:1022C000F444B3F5805FFFF465AF0D9B0B998B422F
:1022D0003FF42CAF0B930E992BE70B9B0D9A934277
:1022E00000F08B800D990B460E9A01F58041D3EDDD
:1022F000007A93ED047A77EE877AC2ED007AD3ED17
:10230000007A93ED047A77EEC77AC2ED047AD3EDC2
:10231000027A77EEA77AC2ED027AD3ED067A77EEEB
:10232000A77AC2ED067AD3ED017A93ED037A77EEC0
:10233000877AC2ED017AD3ED057A93ED077A77EECD
:10234000C77AC2ED037AD3ED017AD3ED036A77EE53
:10235000E66A93ED057AD3ED077A77EE277A36EEC3
:10236000A77A9FED296A27EE067A82ED057A77EE45
:10237000E67A67EE867AC2ED077A203320328B4206
:10238000B5D10E9A103200210D9D0F9852ED047AAE
:1023900012ED027A37EE876A77EEC77A52ED036A5A
:1023A00076EEA66A12ED017A37EE077ACBB2C45CFC
:1023B0000B0AC35C43EA04231B1105EB830376EE8F
:1023C000265AC3ED005A03F5005476EE666AC4ED52
:1023D000006A03F5805477EE876AC4ED006A03F55E
:1023E000405377EEC77AC3ED007A04311032B1F56D
:1023F000805FCBD111B0BDE8F08F4FF480420D98D3
:1024000017F03EF86EE700BFF304353F83695B00C9
:1024100000F0C480F0B52DED028B85B00546B0EE1E
:10242000408A002458E0D6ED007A3EE0F7EE006ADC
:1024300077EEA67ABDEEE77AB8EEC77A77EEC77A7E
:102440009FED577A67EE877ABDEEE77A17EE101A9E
:102450004842C1F30A01C0F30A0058BF414207EEE7
:10246000101AB8EEC77A77EEC77ABDEEE77AB8EE03
:10247000C77A77EEC77A481CD0F1000CC0F30A0087
:10248000CCF30A0C58BFCCF1000006EB800090EDB5
:10249000007A27EE877A06EB810176EEE77AD1EDB6
:1024A000006A67EEA67A77EE277A03EB0433696851
:1024B00001EB830368EE277AC3ED007A296A8B5813
:1024C00001338B502B6A9B58B3F5805F3AD00134AF
:1024D000AB69B4EB430F5DD2EB6A1B5D002BF6D00A
:1024E000A2002B6A53F82430002BE7DB6E6906F557
:1024F0000051D1ED007A06EE903AFAEECA6A76EE15
:10250000E76A91ED017A37EE677AC6EE877A097A43
:1025100000298BD1F5EEC07AF1EE10FA83D4B7EE34
:10252000007AF4EEC77AF1EE10FAFFF67FAFF5EE1F
:10253000C07AF1EE10FA3FF576AF06F50056D6ED0B
:10254000037AB2E7E96A00230B55A96A012008550E
:10255000696A8B50A603134FAA6869682B690093B8
:102560003B4602EB843201EB843103A8FFF752FCB7
:10257000E968A8682B683144304498476A68E9687C
:102580002B6900933B463244314403A8FFF7C0FD5A
:102590002C639CE705B0BDEC028BF0BD704700BF1B
:1025A000000000459CA701082DE9F0412DED028BAC
:1025B00086B006460D461746B14802F00DFDB148FB
:1025C00002F00AFDB04C204600F048FD204600F025
:1025D00055FDFEF75DFEFEF7A1FFAC4B1B78002B0F
:1025E00040F08A80AA4802F04BFDAA4B83ED000A16
:1025F000A94B83ED000AA54B5B78002B40F08F8040
:10260000A64802F03DFDA34B83ED010AA24B83EDEA
:10261000010A9E4B9B78002B40F09480A04802F06A
:102620002FFD9C4B83ED020A9B4B83ED020A974BD7
:10263000DB78002B40F099809A4802F021FD954B01
:1026400083ED030A944B83ED030A904B1B79002B17
:1026500040F09E80944802F013FD8E4B83ED040AF7
:102660008D4B83ED040A894B5B79002B40F0A380EE
:102670008E4802F005FD874B83ED050A864B83EDFE
:10268000050A8B4802F0FCFC8A4B93F83AC0BCF177
:10269000000F1DD0B7EEC07A9FED756BB4EEC67B10
:1026A000F1EE10FA40F19A801868002809DD794BA4
:1026B000814A03EB800053F8041B42F8041B834259
:1026C000F9D17C4B4FF07E52DA634FF07C521A64A2
:1026D000784B93F83B30002B00F0F280754B1C6870
:1026E000002C40F3FB801A4603F133006B46694926
:1026F000043203EB840EA4E0674B93ED008A644838
:1027000002F0BEFCF0EE400AB0EE480AFEF7D8FC3C
:1027100000283FF470AF5D4B00221A706BE75E4BF0
:1027200093ED018A5D4802F0ABFCF0EE400AB0EE9A
:10273000480AFEF7C5FC00283FF46BAF534B00225C
:102740005A7066E7544B93ED028A554802F098FCA4
:10275000F0EE400AB0EE480AFEF7B2FC00283FF463
:1027600066AF4A4B00229A7061E74B4B93ED038AA8
:102770004C4802F085FCF0EE400AB0EE480AFEF745
:102780009FFC00283FF461AF404B0022DA705CE709
:10279000414B93ED048A444802F072FCF0EE400A8B
:1027A000B0EE480AFEF78CFC00283FF45CAF374BD4
:1027B00000221A7157E7384B93ED058A3B4802F027
:1027C0005FFCF0EE400AB0EE480AFEF779FC002804
:1027D0003FF457AF2D4B00225A7152E79FED266B05
:1027E000B4EEC67BF1EE10FA15DD324B1868002806
:1027F00009DD284B314A03EB800053F8041B42F8F3
:10280000041B8342F9D12B4B4FF07C52DA634FF01B
:102810007E521A645CE7274B4FF07C52DA631A64ED
:1028200056E777EE667A67EE807A77EE677AC3EDE1
:10283000007A01E00C681C600433043104327345F3
:102840004CD010F8014F002CF4D0D2ED066A92ED76
:10285000007A76EEC77AF5EEC07AF1EE10FAE0DD96
:1028600060EE277A77EE877AC3ED007AE4E700BF5F
:102870009A9999999999A93F666666666666EE3F48
:10288000305002245C50022470460024A4500424DA
:102890006804002418500224F0500624AC5004248C
:1028A000300400242C71062470710624A004002436
:1028B000EC050024A8050024AC050024C405002470
:1028C000B94B1868002809DDB84B6A4603EB800055
:1028D00053F8041B42F8041B8342F9D1BCF1000FEA
:1028E0007CD1DDED007A9FEDB27A67EE877AB7EEA4
:1028F000007A77EE877AAF4BC3ED007AAE4B019A40
:102900001A60DDED027AAD4BC3ED007ADDED034ACE
:10291000AB4BC3ED004A9DED045AAA4B83ED005A20
:102920009DED054AF0EEC45AA74BC3ED005AA74BE4
:102930001B6833F0020331D1A54B93ED007AB0EE62
:10294000C77A27EE277AB7EEC77A9FED8D3B9FEDCA
:102950008E6B07EE036BB7EEC66B984B83ED006A88
:102960009C4BD3ED006AF0EEE66A66EEA46A944BE7
:10297000C3ED006A984B93ED007AB0EEC77A27EE6C
:10298000057A904B83ED007A944BD3ED007AF0EE0C
:10299000E77A67EEA57A8C4BC3ED007A8A4B93ED0C
:1029A000007AB7EEC77A9FED7A6BB4EEC67BF1EE94
:1029B00010FA35DD9FED786B37EE467BB7EEC77BBF
:1029C00083ED007AB5EEC04AF1EE10FA20DB844BBD
:1029D00002221A60834B01221A6024E0724C94EDAB
:1029E0000F0AB7EEC00A9FED688B30EE080BB7EE0A
:1029F000C00B7D4802F0DEFA94ED100AB7EEC00A73
:102A000030EE080BB7EEC00B784802F0D3FA68E757
:102A1000734B00221A60734B4FF0FF321A6002E0D2
:102A20006F4B01221A60664B93ED001AB7EEC11A84
:102A3000B2EE000B15F054F8B7EE007B30EE470B0A
:102A4000B7EEC00B6A4B83ED000A6A4B93ED007A38
:102A5000C0EE077A684B93ED007A67EE877AB6EEA0
:102A6000087AF4EEC77AF1EE10FA58BFF0EE477A22
:102A7000624BC3ED007A534B93ED001AB7EEC11AC7
:102A8000B2EE000B15F02CF8B7EE007B30EE470BE2
:102A9000B7EEC00B574BD3ED007A80EE276A564B4A
:102AA000D3ED007A26EE276AF6EE087AB4EEE76AEE
:102AB000F1EE10FA58BFB0EE676A424B93ED004A50
:102AC000B7EEC44A9FED363B84EE037BB7EE008B36
:102AD00038EE477B494B93ED005AB7EEC55A27EEC7
:102AE000057BB7EEC77B464B83ED007AB7EEC66A2F
:102AF00086EE035B25EE046BB7EEC66B414B83EDB0
:102B0000006AF7EE007A37EEC77A37EE466A3E4B38
:102B100083ED006A2C4B93ED001AB7EEC11AB2EEAA
:102B2000000B14F0DDFF30EE488BB7EEC88B374B4F
:102B300083ED008A2F4B93ED007AC8EE077A2E4B77
:102B400093ED007A67EE877AB6EE087AF4EEC77AEC
:102B5000F1EE10FA58BFF0EE477A2D4BC3ED007A34
:102B60002C4BC3ED007AB7EE007A77EE677A2A4BEA
:102B7000C3ED007A002F00F0CE80002461E000BF9A
:102B8000666666666666E63F333333333333D33F78
:102B9000B81E85EB51B89E3F1904560E2DB29D3FCD
:102BA00048E17A14AE47F93FA805002418500224E2
:102BB0000000C642CC710624D4710624C8710624D4
:102BC000D8710624DC710624D07106240C00002480
:102BD0001000002414000024180000241C0000240D
:102BE0000400002408000024305002245C50022419
:102BF000E85004242800002414500224E450042443
:102C000064710624A87106246C710624E004002473
:102C1000DC040024D8040024E4040024336803EB1B
:102C200084031A682B6803EB84031A60736803EB50
:102C300084031A686B6803EB84031A600134A742AB
:102C400069D0374814F0E8FB364B83ED000A36486C
:102C500014F0E2FB354B83ED000A354814F0DCFB41
:102C6000344B83ED000A344814F0D6FB334B83ED2C
:102C7000000A334B1B78002BD0D14FEA840833680D
:102C800003EB840393ED000A2E4B1868FFF7BEFB9D
:102C90002D4B1B683BB3012B30D0022B33D09FED63
:102CA0002B0A2B4BD3ED007A2B6843443268424405
:102CB00092ED005AB7EEC55AB7EEE74AB7EE006B91
:102CC00036EE446B27EE800AB7EEC00A05EE060B1F
:102CD000B7EEC00B83ED000A2B6843441A686B689B
:102CE00043441A60AAE7174B1868FEF765FF1948B6
:102CF00014F03AFB184814F059FDD2E7114B18684C
:102D0000FEF75AFFCDE70F4B1868FEF755FF114845
:102D100014F02AFBC5E706B0BDEC028BBDE8F081DC
:102D2000F8040024100000242405002414000024CA
:102D300050050024180000247C0500241C000024F9
:102D40002C040024AC710624147106240000000039
:102D5000D471062418710624885002242DE9F0410C
:102D60002DED028B88B0564D2846FEF7E5F8554C00
:102D700022465549284614F05DFD544D2246294609
:102D8000534814F057FD22462946524814F052FD8C
:102D900022462946504814F04DFD224629464F4808
:102DA00014F048FD224629464D4814F043FD2246C2
:102DB00029464C4814F03EFD224629464A4814F064
:102DC00039FD4A484FF00B0880F81880FF274776F6
:102DD0000025C56105624562454E2246314614F024
:102DE00029FD444880F818804776C5610562456230
:102DF0002246314614F01EFD22463F493F4814F05A
:102E000019FD22463E493F4814F014FD22463E4932
:102E10003E4814F00FFD3E4B07933E4B06939FED4B
:102E20003E8A3E4D0122F7EE000AB0EE480A04A9A0
:102E30002846FEF785FF04A8FEF774F8384E2246B0
:102E40003146284614F0F6FC364B0393364B02937A
:102E5000364D0122F7EE000AB0EE480A69462846D0
:102E6000FEF76EFF6846FEF75DF8224631462846BB
:102E700014F0E0FC2E4BD3ED007AB5EE007A67EE4D
:102E8000877AFAFE677A2B4BC3ED007A2A4D2246E9
:102E900029462A4814F0CEFC22462946284814F038
:102EA000C9FC22462946274814F0C4FC224629467C
:102EB000254814F0BFFC08B0BDEC028BBDE8F081E2
:102EC0007046002400000024610A00085D0A000822
:102ED00068040024AC500424300400242C7106241F
:102EE00070710624A0040024EC0500243050022454
:102EF0005F0A00085C500224770A0008A805002435
:102F0000730A000818710624750A00088850022404
:102F1000A90E0008790A00080000000050260024CD
:102F2000090F0008E10E0008830A0008300600249B
:102F30002C00002414500224710A0008F804002414
:102F400024050024500500247C05002410B590F8C9
:102F5000243082B0044601335BB280F8243090F80C
:102F600024305BB2012B04DDFF2380F8243002B053
:102F700010BD90F82430826859B240FA83F3019072
:102F800001EB81110A44197B094B41F04001009388
:102F9000412303F0C1FB0028E9D0204603F092FB57
:102FA0000146204602B0BDE8104003F0F3BA00BF6E
:102FB0004D2F000800F03ABCF8B5054600F05AFC69
:102FC00005F1D00405F5C876284600F06FFC2046D0
:102FD000203401F035FFB442F6D105F2DC6405F28D
:102FE0008C77284600F062FC23462C3483ED000ADF
:102FF000BC42F6D1284600F059FC3046BDE8F84006
:1030000001F01EBFF8B5054600F014FC05F1D00430
:1030100005F5C876284600F049FC2046203401F02A
:103020000FFFB442F6D105F2DC6405F28C77284636
:1030300000F03CFC23462C3483ED000ABC42F6D160
:10304000284600F033FC3046BDE8F84001F0F8BEF9
:1030500000F00CBC183002F0C3BA00BF38B500F164
:10306000D00400F5C8752046203401F0C5FEAC42FE
:10307000F9D12046BDE8384001F0BEBE38B500F5B4
:10308000D87400F52B75743001F034FF20462434D9
:1030900002F064F8AC42F9D138BD00BF2DE9F04F21
:1030A00089B08446D0F8804704270DF10F060DF152
:1030B00007050DF117090DF11808B24640F6FE7E1E
:1030C00001965E4B04AEBCF8A2B793E8030002ABD6
:1030D000F34583E8030015F8012F4FEA221102F0AF
:1030E0000F0301EB811117FB03132344B3F80120F5
:1030F000C2F30B020BEB020188BF42F48052C1F312
:103100000B01A3F80120A3F803104D49019B03C94B
:1031100086E803004B4913F8012F03C9019302F01D
:103120000F0388E803001011BCF8A21700EB801011
:10313000714517FB03032344B3F80120C2F30B02CC
:1031400001EB020088BF42F48052C0F30B00A3F8E9
:103150000120A3F8030019F8013FBCF8A2171A11C7
:1031600003F00F03714502EB821202EB8303234449
:10317000B3F80120C2F30B0201EB020042F4805BC2
:10318000C0F30B00A3F8030052D9AA45A3F801B07D
:1031900097D1B4F83D2040F6FE70BCF8A217C2F3F8
:1031A0000B028B18C3F30B03A4F83F3040F6FE73F9
:1031B0009942B4F8663088BF42F48052C3F30B03DF
:1031C000A4F83D20BCF8A2175A18C2F30B02A4F8C9
:1031D000682040F6FE729142B4F86A2088BF43F43A
:1031E0008053C2F30B02A4F86630BCF8A2178B1808
:1031F000C3F30B03A4F86C3040F6FE739942B4F8A5
:103200006E3088BF42F48052C3F30B03A4F86A20E7
:10321000BCF8A2175A188142C2F30B0288BF43F4CC
:103220008053A4F87020A4F86E3009B0BDE8F08F88
:10323000AA45A3F801207FF444AFAAE740A70108FC
:103240009CA80108A8A801082DE9F04387B0002731
:103250000446A84905A8A84E059703F09BF9059BCD
:1032600006F18402A54904F27C75C4F87C37FF237B
:10327000C4F888174FF0060E3946C4F88427C4F8FE
:10328000806784F8A03701E0D4F880670A1101F064
:103290000F008B00013102EB82129BB2202906F84D
:1032A00002E002EB8000D4F88077D4F8846707EB63
:1032B000000CACF80130ACF8033006F802E0D4F8AA
:1032C00084270244A2F80130A2F80330DCD194F83C
:1032D0008A370B2B0DD0002604F28C700122009649
:1032E0003346E989039002F083FC3146039802F0EB
:1032F00071FD04F5F16704F28A794FF0000817F8C0
:10330000011B0126022304AA41F040012846009631
:103310000391ADF8108003F0D7F9142004F068FB96
:10332000022304AA039928460096ADF8108003F002
:10333000CBF9142004F05CFB4FF4005202230399F4
:10334000ADF81020284604AA009603F0BDF9142019
:1033500004F04EFB052343F20162039900932846D3
:10336000ADF81020022304AA03F0AEF9B945C6D186
:103370002046FFF793FE94F8A0371B06FBD5D4F840
:103380008027D4F88437C4F88427C4F88037B2F88B
:103390000310A3F80310B2F80710A3F80710B2F84F
:1033A0000B10A3F80B10B2F80F10A3F80F10B2F81F
:1033B0001310A3F81310B2F81710A3F81710B2F8EF
:1033C0001B10A3F81B10B2F81F10A3F81F10B2F8BF
:1033D0002310A3F82310B2F82710A3F82710B2F88F
:1033E0002B10A3F82B10B2F82F10A3F82F10B2F85F
:1033F0003310A3F83310B2F83710A3F83710B2F82F
:103400003B10A3F83B10B2F83F10A3F83F10B2F8FE
:103410004410A3F84410B2F84810A3F84810B2F8CA
:103420004C10A3F84C10B2F85010A3F85010B2F89A
:103430005410A3F85410B2F85810A3F85810B2F86A
:103440005C10A3F85C10B2F86010A3F86010B2F83A
:103450006410A3F86410B2F86810A3F86810B2F80A
:103460006C10A3F86C10B2F87010A3F87010B2F8DA
:103470007410A3F87410B2F87810A3F87810B2F8AA
:103480007C10A3F87C10B2F88010A3F88010FF2104
:1034900084F8A01794F8A03701335BB284F8A03702
:1034A00094F8A0375BB2012B04DD84F8A01707B0B5
:1034B000BDE8F08394F8A01701954BB244FA81F16E
:1034C0000F4C03EB831091F88817412300940244BA
:1034D00041F04001284603F01FF90028E7D02846B4
:1034E00003F0F0F80146284603F054F807B0BDE8B1
:1034F000F08300BFD4A801080000003000010B00D9
:103500004D2F0008F0B54FF60B72ADF5177D002476
:10351000002106460020ADF80820ADF81C2006F179
:103520001807ADF8302006F1D005ADF84420ADF80D
:103530005C20ADF87020ADF88420ADF89820ADF88F
:10354000B02005940A940F9414941A941F94249410
:1035500029942F94CDE90801CDE91201CDE9180194
:10356000CDE90344CDE90D44CDE91D44CDE927441F
:10357000CDE92D44CDE92201CDE93201CDE93C016F
:10358000CDE94201CDE94C01CDE95C01ADF8C420A3
:10359000ADF8D820ADF8EC20ADF80421ADF8182135
:1035A000ADF82C21ADF84021ADF85821ADF86C21D3
:1035B000ADF88021349439943E94449449944E94C7
:1035C000539459945E94CDE93744CDE94744CDE90D
:1035D0005144CDE95744CDE96144CDE96601CDE9D7
:1035E0006C01CDE97601CDE98601CDE990013F4935
:1035F00002A8ADF89421ADF8AC21ADF8C021ADF82A
:10360000D421ADF8E821ADF80022ADF81422ADF8D0
:103610002822ADF83C220222639468946E9473943D
:1036200078947D94839488948D94CDE97144CDE908
:103630007B44CDE98144CDE98B449294096801F043
:10364000B7FD2B4B022217A8196801F0B1FD294BD9
:1036500002222CA8196801F0ABFD274B022241A8D9
:10366000196801F0A5FD254B022256A8196801F042
:103670009FFD234B02226BA8196801F099FD214B95
:10368000022280A8196801F093FD042302A90722F1
:10369000384601F09DFDE1B2384601F0B7FF014622
:1036A00030460134019100F001F900232846DFED96
:1036B000160A203501991A4601F06CFB062CEAD156
:1036C0002146384601F0A2FF01463046019100F044
:1036D000EDF80023DFED0C0A019906F5C8701A46D3
:1036E00001F058FB0DF5177DF0BD00BFB4A801082F
:1036F000B8A80108BCA80108C0A80108C4A801080E
:10370000C8A80108D0A801086F12033BF0B5054610
:1037100000242DED028B87B005F5D8769FED2C8A1D
:10372000019100F06BF80199284600F081F9294BCE
:103730000DF1080C0FCBACE80700ACF8003006AB7D
:103740003046B0EE480A243603EB4403013433F824
:10375000101C01F0EBFC072CF1D11F4B05F174009C
:103760001E4A05F1D0041E4905F5C8769FED180ADA
:1037700009681B68126801F08FFB2846FFF764FD9B
:103780002846FFF7BFFE3021284600F073F8284690
:1037900000F08CF82046203401F052FBB442F6D100
:1037A00005F2DC6405F28C77284600F07FF82346AA
:1037B0002C3483ED000AA742F6D1284600F076F8B3
:1037C000304607B0BDEC028BBDE8F04001F038BBDD
:1037D0000000000048A70108CCA80108ECA80108D7
:1037E000E8A80108044B06221A7083F8412083F8E8
:1037F000842083F8C520704700000030704700BF68
:10380000202882B009D8084B03EB400213F810308F
:10381000507843EA002002B0704701230C2043EAAD
:10382000002002B0704700BFF0A80108143001F07A
:103830007DBA00BF38B500F1140504462DED028BAA
:10384000284601F01FFA284601F018FA2846B0EE83
:10385000408A01F001FAD0ED007AF8EE677A88EE3E
:10386000277ABDEC028B84ED1B7A38BD143001F051
:1038700005BA00BF38B500F1140504462DED028BE2
:10388000284601F0EDF9284601F0F8F92846B0EE97
:10389000408A01F0E1F9D0ED007AF8EE677A88EE1F
:1038A000277ABDEC028B84ED1B7A38BD90ED1B0AA4
:1038B000704700BF10B540F203338EB000244FF6BE
:1038C0000B7240F20341ADF8083009A80123ADF8AE
:1038D0001020ADF824202246ADF80C100094029977
:1038E00007940C94CDE90544CDE90A4402F080F92F
:1038F00004A8012322460399009402F079F909A84B
:1039000002F05CFA10B901200EB010BD04A802F05C
:1039100055FAA0420CBF022020460EB010BD00BFD9
:103920002DE9F04103239AB04FF0010800254FF62E
:103930000B740746CDE91438394BADF84C40CDE94E
:103940001053A3F19F63A3F57D43CDE9165812935D
:10395000FFF7B0FF4045064623D0022842D040F68C
:103960000132304B07F158000BACADF82C200B990D
:103970001895CDF86480CDF84A3000F0DBF810A936
:1039800007F1700003F004FE274B0FCB84E80F0013
:103990003A6F214607F1140001F026F91AB0BDE88C
:1039A000F08110231F4A06A906908DF828300BAC31
:1039B0001E4BCDF84A2007930295CDE91805CDE9B5
:1039C000080502A802F0E6FD0823029A03A9204692
:1039D000ADF80C608DF80E50049605930B9500F031
:1039E000E9F8CCE740F60133ADF82C4000200BACF1
:1039F000ADF8183001210B4B42460095CDF84A3006
:103A00002B460E95CDE9180106992046CDE90C55B7
:103A100002F0EEF82946204602F0DCF9AFE700BFDD
:103A2000040204040406040358A701080704010B58
:103A30002DE9F04704462DED028B82B0002949D0D4
:103A4000012140F2011200230091ADF804208DF80D
:103A50000630354A0127354B04F10409344904F195
:103A60003C08626040F20272A36040F60663E160C7
:103A700004F1280A2285A3872782E762276404F0DD
:103A800069F9054603F0BCFF6946064650BB4DB3D5
:103A900004F150008DF8067004F0DEF8072D3ED1D9
:103AA00004F114052046FFF73BFF284601F0E6F835
:103AB0002846B0EE408A01F0CFF8D0ED007AF8EE5B
:103AC000677A88EE277A84ED1B7A02B0BDEC028B10
:103AD000BDE8F08740F2011300918DF80610ADF8B3
:103AE0000430B6E704F1500004F0B6F8072D13D007
:103AF0004946204603F058F90EB9002DD0D1514661
:103B0000504601F0B1FE4046414601F0ADFE04F1E1
:103B1000120000F079F9C3E7002EF0D1C0E7494662
:103B2000204603F041F9BBE705080509050705062E
:103B3000050A060630B585B0002504460122ADF819
:103B40000C102B460399009502F052F801212046F3
:103B500002F040F9012003F04BFF2946204602F015
:103B600039F9012003F044FF0121204605B0BDE8EA
:103B7000304002F02FB900BF10B5C2F3002384B06B
:103B80000C46017C8DF80D2043EA4402FA240223FE
:103B90008DF80C2003AA009402F096FD18B10124C0
:103BA000204604B010BD04460A2003F021FF204641
:103BB00004B010BD034670B543F8042B044684B02E
:103BC00007C983E80700A37983B91A210B461E228F
:103BD000FA2523742046ADF80C20022303AA009591
:103BE00002F072FD28B1012004B070BD1B210B460C
:103BF000EDE70A2003F0FCFE4FF4B85200950223D3
:103C0000ADF80C20204603AA217C02F05DFD0028BF
:103C1000E9D10A2003F0ECFE41F202720095022382
:103C2000ADF80C20204603AA217C02F04DFD0028AF
:103C3000D9D10A2003F0DCFE042200950223ADF85E
:103C40000C20204603AA217C02F03EFD0028CAD1A8
:103C50000A2003F0CDFE062200950223ADF80C20C9
:103C6000204603AA217C02F02FFD0028BBD10A20A8
:103C700003F0BEFE41F2082200950223ADF80C20AD
:103C8000204603AA217C02F01FFD0028ABD10A20A8
:103C9000064603F0ADFE0095022303AA217C2046D0
:103CA000ADF80C6002F010FD00289CD1304603F006
:103CB0009FFE009522790C232046002A8DF80C30B7
:103CC00003AA4FF0020314BF622142218DF80D10A8
:103CD000217C02F0F9FC002885D1304603F088FEF3
:103CE0002279D4E902310B43DBB20AB943F0400335
:103CF00062790AB143F020030E22FA258DF80D30C7
:103D00002046009502238DF80C2003AA217C02F0A6
:103D1000DBFC00287FF467AF0A2003F069FE102265
:103D200000950223ADF80C20204603AA217C02F066
:103D3000CBFC00287FF457AF0A2003F059FE122174
:103D400000950223ADF80C1003AA217C204602F056
:103D5000BBFC00287FF447AF0A2003F049FE012294
:103D600009212046FFF708FF003818BF01203BE774
:103D7000F0B5102387B0234C01220025012600272F
:103D800002A920460195CDE902234FF48052CDE9E6
:103D900004670DF0B5FA642004F0CAF902A94FF4E3
:103DA00080522046CDE9046702261027CDE902673C
:103DB0000DF0A6FA0322102302A92046CDE9022322
:103DC00000230422CDE904234FF480520DF098FA29
:103DD00040F23223042202A9019310232046CDE9A8
:103DE0000223019A012305924FF4805204930DF0AF
:103DF00087FA40F6060120460DF0A2FA284607B0E1
:103E0000F0BD00BFE87106241C4B00221C494FF096
:103E1000400C30B5054689B00220596007219A60F0
:103E20001A620124DA620A224FF4006EDC60069204
:103E30002022CDE9000104200821CDE90201032060
:103E40001021CDE9040108206946C3E904024FF4BA
:103E5000C072181DC3E906C24FF48052C3E909E2DB
:103E60000DF024FA38B92846FFF782FF003818BF52
:103E7000012009B030BD204609B030BDE4710624F0
:103E800040410052614A0021D0B513688EB00A91BA
:103E9000002B40F0B9805E4B01214FF683700C245B
:103EA00011600221D3F8D4200026032742F4805267
:103EB000C3F8D420D3F8D42002F480520092009AA0
:103EC000D3F8E02042F01002C3F8E020D3F8E0205D
:103ED00002F010020192019AD3F8E02042F0400271
:103EE000C3F8E020D3F8E02002F040020292029AE8
:103EF000D3F8E02042F00802C3F8E020D3F8E02035
:103F000002F008020392039AD3F8E02042F4807290
:103F1000C3F8E020D3F8E02002F480720492049AFF
:103F2000D3F8E02042F08002C3F8E020D3F8E0208C
:103F300002F080020592059AD3F8E02042F02002B8
:103F4000C3F8E020D3F8E02002F020020692069A9F
:103F5000D3F8E02042F00402C3F8E020D3F8E030C8
:103F60000C9403F0040307930323079A0B93CDE902
:103F7000080108A9274806F073FA48F2371202230D
:103F800008A925480C94CDE90823CDE90A6706F075
:103F900067FA4CF20372022308A920480C94CDE979
:103FA0000823CDE90A6706F05BFA40F2FF620223BC
:103FB00008A91B480C94CDE90823CDE90A6706F04F
:103FC0004FFA4FF60C72022308A916480C94CDE95B
:103FD0000823CDE90A6706F043FA4FF63F020223B1
:103FE00008A911480C94CDE90823CDE90A6706F029
:103FF00037FA2022022308A90A480C94CDE90A675F
:10400000CDE9082306F02CFA0EB0D0BDE0710624ED
:10401000004402580010025800180258000C0258C0
:1040200000200258001C0258001402582DE9F04FDD
:10403000DFF8108406460D46144608F118002DEDF1
:10404000028B89B000AF03F09BFBD8F8183073B334
:10405000D8F81C30D8F80490002B43690BBF4FF000
:10406000080A4FF0100A4FF0020B4FF0040BB9F1A1
:10407000000F2AD0A200EA46012B02F1070222F02B
:104080000702ADEB020D6846ADEB020D694600F08C
:104090003F81022B00F0D680002B6FD02246C8470C
:1040A000D5462437BD46BDEC028BBDE8F08FD8F86D
:1040B0001C30002BF5D0D8F804904FF0080A4FF0D0
:1040C000020B4369B9F1000FD4D1FB61D8F800307D
:1040D000BB61002BE5D0D54803F0C4FB6B46BBF1B8
:1040E000020F786108EE103AFB6900F083816A469E
:1040F0005146A2EBC40295466200EA46B2FBFBF2CF
:10410000AAEBC40085460AEB8200EE46F861ADEBEF
:10411000010DF8690EEB820CC7F810C0EC46ADEB50
:10412000010D00EB8201CCF80400CCF8081001EB83
:1041300082013869E946CCF80C1000EB8201CCF81A
:1041400000A001EB8202C9E900E0C9E90212012BDB
:1041500000F06483022B00F06C82002B00F0808161
:10416000620849466046BB69984718EE103A243702
:104170009D46BD46BDEC028BBDE8F08F002C8DD076
:104180001A46D8ED0C6A9FEDB27A8446331D36F993
:1041900022E00CF1080C07EE90EA33F922E002323B
:1041A000F8EEE77A944267EE877A67EEA67A4CEDEE
:1041B000027A07EE90EAF8EEE77A67EE877A67EE22
:1041C000A67A4CED017AE2D8F9612246C847984EAA
:1041D000D8ED0D6A0020F9692B1D9FED9E7A9FEDA9
:1041E0009E6ADFED9E5A22E0F4EEC67AF1EE10FAF6
:1041F000C0F2C88447F6FE72D1ED017A45F820205E
:1042000066EEA77AF4EEC77AF1EE10FA40F2F0808B
:10421000F4EEC67AF1EE10FAC0F2D58447F6FE72DB
:1042200043F820200230083184427FF639AFD1EDC7
:10423000007A66EEA77AF4EEC77AF1EE10FAD3D8D8
:104240003246D9E7002C3FF429AFD8ED0C6A8446FA
:104250009FED787A0022331D8E4656F822100CF11D
:10426000080C07EE901A53F822100232F8EEE77AA3
:10427000944267EE877A67EEA67A4CED027A07EEF3
:10428000901AF8EEE77A67EE877A67EEA67A4CED39
:10429000017AE2D871462246C7F81CE0C847664E4C
:1042A000D8ED0D6A0020F9692B1D9FED6A7A9FED0C
:1042B0006A6ADFF894C120E0F4EEC67AF1EE10FAF3
:1042C000C0F279843246D1ED017A45F8202066EEBD
:1042D000A77AF4EEC77AF1EE10FA40F28780F4EE96
:1042E000C67AF1EE10FAC0F25E84324643F820201E
:1042F0000230083184427FF6D3AED1ED007A66EE0B
:10430000A77AF4EEC77AF1EE10FAD5D86246DAE76A
:10431000002C3FF4C3AED8ED0C6A86469FED477A79
:104320004FF0000C331D56F82C200EF1080E82F4CD
:104330000002A2F5000207EE902A53F82C200CF19F
:10434000020CF8EEE77A82F400026445A2F500025E
:1043500067EE877A67EEA67A4EED027A07EE902A2C
:10436000F8EEE77A67EE877A67EEA67A4EED017A85
:10437000D9D8F9612246C847314ED8ED0D6A0020E0
:10438000F9692B1D9FED337A9FED336ADFF8BCC0CE
:104390001FE0F4EEC67AF1EE10FAC0F2FC8332466A
:1043A000D1ED017A45F8202066EEA77AF4EEC77ABF
:1043B000F1EE10FA18D9F4EEC67AF1EE10FAC0F266
:1043C000DA83324643F820200230083184427FF6F7
:1043D00067AED1ED007A66EEA77AF4EEC77AF1EE19
:1043E00010FAD6D86246DBE76246EBE762467DE725
:1043F000324615E7A100D6466208073121F00701D1
:10440000ADEB010DEA46ADEB010D6946ADEB0E0DCE
:104410000AEB8200EC46ADEB0E0D01EB8202F86177
:10442000E946CCE900A0C9E9001290E638720624FA
:104430000280FFFF000000300082FF7F0000003498
:1044400082FF7F001C720624007E00807E0080FFB9
:104450000000003804FF7FBF04FF7F3F00FEFF46DF
:10446000002C00F0C982BBF1020FD8F8242000F024
:10447000FA827969C7F8049002EB810E5FED0C5A5D
:104480008A00DCF808100EF104007A611A46DCF8A4
:104490000C303B61331DD7F810903D61FD69C7E9D1
:1044A00002CB8C46834636F92210D8ED0C7A06EE04
:1044B000101A33F9221006EE901A3EF92210B8EEC7
:1044C000C66A07EE101AF8EEE66A3BF92210B8EE5B
:1044D000C77A26EE256A66EEA56A27EE257A26EECD
:1044E000276A66EEA76A27EE277A07EE901A510828
:1044F0000232F8EEE77A0AEB8100944280ED006A1E
:1045000005EB810067EEA57AC0ED006A0CEB810037
:1045100009EB810180ED007A98ED0C7A67EE877ADD
:10452000C1ED007ABFD8D7F804903D69D7E902CB36
:1045300060466208BB6949469847D8F82C307A69CA
:10454000D8ED0D6A1A441FED3D7A1FED3D6A2B1D13
:10455000904602F1040A5FED3F5A0022A84ED9E9C5
:1045600000EC51E0F4EEC67AF1EE10FAC0F2C78228
:1045700047F6FE7045F822000CEB0100D0ED007A02
:1045800066EEA77AF4EEC77AF1EE10FA4BD9F4EEA4
:10459000C67AF1EE10FAC0F2BA8247F6FE70BBF1AD
:1045A000020F43F822002BD0D9F808000844D0EDC0
:1045B000007A66EEA77AF4EEC77AF1EE10FA36D9F1
:1045C000F4EEC67AF1EE10FAC0F2CD8247F6FE7034
:1045D00048F82200D9F80C000144D1ED007A66EECB
:1045E000A77AF4EEC77AF1EE10FA1ED9F4EEC67A85
:1045F000F1EE10FAC0F2AF8247F6FE714AF82210CF
:10460000023294427FF6B1AD51080EEB8100890071
:10461000D0ED007A66EEA77AF4EEC77AF1EE10FAE2
:10462000A0D83046A6E73046B9E73146E6E730463F
:10463000CEE7002C00F0E081BBF1020FD8F8243067
:1046400000F0E1817A69DCF8081003EB820EC7F80C
:1046500004909300DFED6B5A0EF1040000227B61A1
:10466000DCF80C303B61331DD7F810903D61FD69DB
:10467000C7E902CB8C46834656F82210D8ED0C7A57
:1046800007EE101A53F82210B8EEC76A07EE101A98
:104690005EF82210F8EEC76A07EE101A26EE256AB9
:1046A0005BF82210B8EEC77A66EEA56A26EE276A96
:1046B00027EE257A66EEA76A27EE277A07EE901A8C
:1046C00051080232F8EEE77A0AEB8100944280ED5D
:1046D000006A05EB810067EEA57AC0ED006A0CEB7D
:1046E000810009EB810180ED007A98ED0C7A67EE8C
:1046F000877AC1ED007ABFD8D7F804903D69D7E931
:1047000002CB60466208BB6949469847D8F82C300E
:104710007A69D8ED0D6A1A449FED3E7A9FED3E6AA4
:10472000131D9246DFF8E4C00022FB612B1D364EBC
:10473000D9E9008E4EE0F4EEC67AF1EE10FAC0F23E
:10474000FC81304645F822000EEB0100D0ED007AE6
:1047500066EEA77AF4EEC77AF1EE10FA49D9F4EED4
:10476000C67AF1EE10FAC0F2EF813046BBF1020FCB
:1047700043F822002AD0D9F808000844D0ED007A86
:1047800066EEA77AF4EEC77AF1EE10FA35D9F4EEB8
:10479000C67AF1EE10FAC0F2C98130464AF822001A
:1047A000D9F80C000144D1ED007A66EEA77AF4EE58
:1047B000C77AF1EE10FA1ED9F4EEC67AF1EE10FACD
:1047C000C0F2AD813146F86940F8221002329442BD
:1047D0007FF6CBAC510808EB81008900D0ED007A60
:1047E00066EEA77AF4EEC77AF1EE10FAA3D8604627
:1047F000A8E76046BAE76146E5E76046CEE700BF56
:104800000280FFFF000000300082FF7F007E0080FA
:104810000000003404FF7FBF04FF7F3F002C00F046
:10482000EB807A690021D8F82430C7F8109003EBA8
:10483000820ED7F81C909300FD610EF104021FED6B
:104840000C6A7B61331D154656F821204808D8EDC7
:104850000C6ABBF1020F82F40002A2F5000207EE1F
:10486000902A53F8212082F40002B8EEE77AA2F5EC
:10487000000227EE067A07EE902A0AEB8002F8EE95
:10488000E77A27EE267A67EE867A82ED007A09EBE0
:1048900080024FEA800067EEA67AC2ED007A27D048
:1048A0005EF8212082F40002A2F5000207EE902AB1
:1048B00055F8212082F40002B8EEE77AA2F5000252
:1048C00027EE067A07EE902ADCF80820F8EEE77A61
:1048D000024427EE267A67EE867A82ED007A98ED1A
:1048E0000C7ADCF80C2067EE877A0244C2ED007A7D
:1048F00002318C42A8D8D7F8109060466208BB6994
:104900004946FD699847D8F82C307A69D8ED0D6A88
:104910001A441FED407A1FED406A131D9246DFF8DE
:10492000C4C20022FB612B1DAB4ED9E9008E4EE0C4
:10493000F4EEC67AF1EE10FAC0F2C580304645F8C2
:1049400022000EEB0100D0ED007A66EEA77AF4EEBD
:10495000C77AF1EE10FA49D9F4EEC67AF1EE10FA00
:10496000C0F2BF803046BBF1020F43F822002AD0CC
:10497000D9F808000844D0ED007A66EEA77AF4EE84
:10498000C77AF1EE10FA35D9F4EEC67AF1EE10FAE4
:10499000C0F2AE8030464AF82200D9F80C0001443B
:1049A000D1ED007A66EEA77AF4EEC77AF1EE10FA4E
:1049B0001ED9F4EEC67AF1EE10FAC0F28B803146C1
:1049C000F86940F82210023294427FF6CEAB5108CB
:1049D00008EB81008900D0ED007A66EEA77AF4EE4C
:1049E000C77AF1EE10FAA3D86046A8E76046BAE7A6
:1049F0006146E5E76046CEE7224649466046BB6928
:104A00009847FFF7B2BBC7F810B0002298ED0C6AC8
:104A1000331DDFED726AD7F81CB0786956F82210A2
:104A200007EE901A53F82210B8EEE77A07EE901AC4
:104A300051080232F8EEE77A27EE267A0AEB810E69
:104A400094420BEB810167EEA67A27EE067A67EEB9
:104A5000867A8EED007AC1ED007ADFD88300D7F830
:104A600010B07B614DE61A46C7F810B098ED0C6A9D
:104A7000331DDFED5B6AD7F81CB0786936F9221078
:104A800007EE101A33F9221007EE901AB8EEC77A23
:104A900051080232F8EEE77A27EE267A0AEB810E09
:104AA00094420BEB810167EEA67A27EE067A67EE59
:104AB000867A8EED007AC1ED007ADFD88300D7F8D0
:104AC00010B07B6134E5F0EE675AFEEEE45A15EE65
:104AD000900A34E7F0EE675AFEEEE45A15EE901AAB
:104AE0006EE7F0EE675AFEEEE45A15EE900A3AE7EA
:104AF000F0EE675AFEEEE45A15EE900A4BE767EEC9
:104B0000A57AFDEEE77A17EE900A00B232E567EE7D
:104B1000A57AFDEEE77A17EE900A00B23FE5F0EED7
:104B2000675AFEEEE05A15EE901A4CE6F0EE675A20
:104B3000FEEEE05A15EE900A30E6F0EE675AFEEE11
:104B4000E05A15EE900AFDE5F0EE675AFEEEE05AE7
:104B500015EE900A0AE667EEA57AFDEEE77A17EE03
:104B6000901A09B24AE567EEA57AFDEEE77A17EEEC
:104B7000900A00B22CE5F0EE675AFEEEE45A15EE0C
:104B8000902A1FE467EEA57AFDEEE77A17EE902AE9
:104B900012B2FFF731BBF0EE675AFEEEE45A15EEA3
:104BA000902AFFF7FDBBF0EE675AFEEEE05A15EED5
:104BB000902AFFF79BBBF0EE675AFEEEE05A15EE27
:104BC000902AFFF780BB67EEA57AFDEEE77A17EE35
:104BD000902A12B2FFF724BB82FF7F000000003052
:104BE000000000387E0080FF30B5184C154685B0B7
:104BF000046004F1080EEC460FC98EE80F00D4EDF6
:104C0000047AF5EEC07A8CE80F00F1EE10FA1ADDA6
:104C1000B7EE006A94ED057A27EE277AC6EE276A8A
:104C200084ED0D7AC4ED0C6A6DB1204640F8185F32
:104C300002F0A6FD064903690020064A2162A2622D
:104C4000E36005B030BD012005B030BD1C72062404
:104C5000082100300801003000680830704700BFAC
:104C6000B1F5807F03680A4628BF4FF48072B1F522
:104C7000807F9A6094BF0020012070470068183040
:104C800002F0DEBD70B504688AB0A369E1600BB3C1
:104C900004F118056FF0F4134FF60B722846ADF8C7
:104CA0000C20CDE9013302F06BFD8446EE46E66848
:104CB000BCE80F00AEE80F00BCE80F00AEE80F0044
:104CC0009CE803008EE8030069462846049602F03B
:104CD0005FFC38BBE06918B304F11C056FF0F413F6
:104CE0004FF60B722846ADF80C20CDE9013302F0E7
:104CF00047FD8446EE46E468BCE80F00AEE80F00CE
:104D0000BCE80F00AEE80F009CE803008EE803004B
:104D100069462846049402F03BFC003818BF012085
:104D20000AB070BD01200AB070BD00BF30B5046884
:104D300083B00D46E3694BB1A3680020E26A616A63
:104D40009B00009004F11C0002F01CFDA3680748C2
:104D5000A26A9B00216A009004F1180002F012FD83
:104D60000020C4E9005003B030BD00BF2D40000852
:104D700010B4074B4FF07E513024002203201961FC
:104D80009C60D8605DF8044B5961C3E90622704706
:104D90001C720624F6EE007A9FED166A20EE207A49
:104DA0000160F7EE006A80ED036A80ED020A27EEEB
:104DB000277AC6EE877AF4EEE67AF1EE10FA11DD84
:104DC000F0EE667A4FF07E514FF0000C0276002232
:104DD000C0ED017AC0F814C0016143768276C0ED5F
:104DE000070A7047F4EEC67AF1EE10FAEAD5F0EE53
:104DF000467AE7E7000000000268037E128807EEAB
:104E0000902AFBEEC87A1BB1B7EE007A77EE677A8C
:104E1000D0ED056A90ED047A77EEE67A437E67EE90
:104E2000877A0BB1F1EE677A90ED030A90ED017A83
:104E300077EEC07AA7EE270A80ED030A704700BF1D
:104E4000837E80ED020AABB9D0ED077A27EE800AA7
:104E5000F6EE007AB7EE007A20EE270AC7EE007A67
:104E6000F4EEC77AF1EE10FA07DDF0EE477AC0ED06
:104E7000017A7047DFED067AE8E7F5EEC07AF1EEE9
:104E800010FAF4D5DFED037AC0ED017A704700BF68
:104E90006F12033B0000000030B5044687B00025C8
:104EA000ADF81410ADF81020ADF80C3002F09EFDF6
:104EB0002A462060059904F12C00257101230095F4
:104EC00000F096FE01232A46049904F14000009563
:104ED00000F08EFE9FED060A039904F1080000F031
:104EE00025F94FF6FF73A565A4F8543007B030BD1F
:104EF00000000000F8B5044602F078FD00262368A3
:104F00002671834205D104F10800BDE8F84000F0A5
:104F100025B9012794F85450206004F12C00BD40BD
:104F2000277100F04BFF6DB2284394F85550BD40F7
:104F300084F8540004F1400000F040FF94F854302D
:104F40006DB2A66503F003032843022BC0B284F8B8
:104F5000550009D000F003000228D4D1002BD2D193
:104F60004FF0FF33A365CEE78307CCD1A765CAE72F
:104F700070B52DED028B84B0002615460446ADF8C1
:104F80000C1033460122039918300096B0EE408A87
:104F900000F02EFEB5FA85F3002226605B096660FC
:104FA000A260257584ED048AA575637504B0BDEC17
:104FB000028B70BD20EE007ADFED067A27EE000A44
:104FC00060EE277A80ED020AFCEEE77AC0ED017A06
:104FD000704700BF00FF7F4790ED046AB7EE007A8C
:104FE000DFED0E5A0346D0ED036A1830C5EE867A1F
:104FF00077EEA67AF4EEC77AF1EE10FAC8BF77EE34
:10500000C77A10ED047AB4EEE77A40ED037AF1EE58
:1050100010FACCBF597D997D00F0DCBE0000F04253
:10502000DFED167A8C46B4EE670A10B50446864664
:10503000F1EE10FA2DED028B80ED080A48BFB0EEBC
:10504000670AC0ED090AB0EE608A80F83420BCE837
:105050000F00AEE80F009CE80F008EE80F0013F081
:10506000FDF8F0EE407AB0EE480AC4ED0A7A13F08B
:10507000F5F884ED0B0ABDEC028B10BD95BFD6335D
:1050800090F8343010B50446032B4BD8DFE803F01A
:105090003B2A1502FFF7B0FE60EE006AD4ED087AF5
:1050A00094ED097A26EE800A37EE677AE0EE077A09
:1050B000C4ED0C7AB0EE670A10BDFFF79DFE94EDCB
:1050C0000A7AD4ED0B7A77EEC77AA0EE277AB0EEA3
:1050D000470A13F051F8F0EE407A84ED0C0AB0EE76
:1050E000670A10BDFFF788FED4ED087A94ED097ABF
:1050F00020EE000A37EE677AE0EE077AB0EE670A34
:10510000C4ED0C7A10BDFFF777FED4ED087A94ED6C
:10511000097A37EE677AE0EE077AB0EE670AC4EDF7
:105120000C7A10BDD0ED0C7AC4E700BF10B586B084
:105130000446ADF80C10ADF8141002F057FC4FF413
:105140008071002220600123A18004F10800A18366
:105150000599009200F04CFD06B010BD10B5044654
:1051600002F044FC002122682171824200D110BD6E
:105170000346012204F108002360227100F01EFEA4
:10518000227F617F53005BB281B180F0010252B295
:105190001343DBB27F2B2377E9D102F027FC07EE24
:1051A000900AF8EE677AC4ED087A10BD42B2EFE7D4
:1051B00010B4002383B00324018080F8503080F8BD
:1051C0005120C0E9014303B05DF8044B704700BFB4
:1051D0002DE9F04FBE4F0024BE4D8DB0037007F196
:1051E00040034260804616468946202221463846C2
:1051F000C5F88835C5F88475CDE90244CDE9044485
:10520000CDE90644CDE90844CDE90A4414F052F949
:105210002022214605F26250C5F85145C5F8554592
:10522000C5F85945C5F85D4514F044F985F8506551
:10523000D8F8043085F86846002B62D005F5AA6AD4
:1052400009F1500B264609EB0401281952220136B8
:1052500014F008F94FF0000327F8023B1BF8043064
:105260000AF8013F002B70D0D8F804304FF001024B
:1052700054349E4285F86826E5D3974A082195F86C
:1052800050350026C5F88C254FF48022934800271E
:10529000C5F8A4350023C5F890250122C5F89C1552
:1052A00095F86816C5F8943585F8A035C5F89825A1
:1052B000C0E9006700293ED0C5F8B82585F8A135BA
:1052C00085F8A835002298F80030C5F8BC25C5F847
:1052D000C025002B40D0012200200121013B85F890
:1052E000C4257F4AC2E90001082B37D8DFE813F054
:1052F000BD00C200C700CC00D100D600DB00E10039
:10530000E800C5F89435F6B285F8A0350020724B58
:105310000021C5F8A465C5F88C354FF48023C5F885
:1053200090350123C5F898350823C5F89C3505F557
:10533000B663C3E90001012385F8A135002385F890
:10534000A8350323C5F8B835BCE7D8F80430543481
:10535000B3423FF678AF90E785F8C435614803F073
:105360004BFB034608B1FFBEFEE702A95D4802936E
:1053700003F0A2FC0446002875D1042340F2FF721A
:105380000A90CDE9082395F85035002B00F0F58000
:1053900006234FF05409019309FB045393F851304D
:1053A000072B07D8DFE803F0595C5653504D4A04E9
:1053B0000723079326B206EB4606C6EBC60605EBA7
:1053C0008608B700404600F035FB09FB045393F80C
:1053D0005030042B00F3AD80022B00F3C08000F0AE
:1053E000BC802B19002283F8402515F8262098F858
:1053F0000130002A7CD0022A00F08D80012A40F082
:10540000B480012B00F0B380002B374B18BF002372
:10541000059305A9019B3348069302F0EDFE002891
:1054200040F0AE80013495F85035E4B2A34240F22A
:10543000A4802E4B53F824300193ADE70623079345
:10544000B8E705230793B5E704230793B2E70323DF
:105450000793AFE702230793ACE700230793A9E77D
:1054600001230793A6E7FFBEFEE70320402142E9A0
:10547000020173E70720602142E902016EE70F2075
:10548000802142E9020169E71F20A02142E90201CF
:1054900064E73F20C02142E902015FE77F20E0216D
:1054A00042E902015AE7FF204FF4807142E902010C
:1054B00054E740F2FF104FF4907142E902014DE7CA
:1054C00040F2FF304FF4A07142E9020146E700BF0D
:1054D0000841003058720624002002400878062453
:1054E00028780624E47706240002B02534A90108B0
:1054F000062B36D0072B3CD0022B49D0032B49D0AA
:10550000002B4BD0012B47D0042B49D0052B254B2A
:1055100018BF00237CE7042B25D0052B2BD08BB3A1
:10552000012B31D0022B31D0032B1F4B18BF00238E
:105530006EE70323143705EB040B4FF0000A2F44EA
:105540008BF8403538460AF1010A00F073FA9BF8EF
:10555000403514375345F5DC47E70123EAE70223DA
:10556000E8E7124B54E7124B52E7002350E7114B88
:105570004EE7114B4CE7114B4AE70DB0BDE8F08FF9
:10558000FFBEFEE70E4B43E70E4B41E70E4B3FE7F6
:105590000E4B3DE70E4B3BE70E4B39E70E4B37E723
:1055A0000E4B35E70000B84F002090360800900CF5
:1055B0001000C0102000F0148000501D0001802158
:1055C0000004002A0008302E001060320040C03A6B
:1055D0000080F03E00005247000021430000844B51
:1055E00038B5094C40F2FF724FF0011104F28C55AE
:1055F000284603F00FFB94F85025D4F8841528466C
:10560000BDE8384003F06EB858720624034B0F29EA
:10561000D3F8840598BF00EB410070475872062408
:10562000244B02689A4200D07047234A0023234843
:10563000D2F8D81030B5224C41F0200183B0C4F824
:10564000F0050920C4F8F83504F5BE65C4F8F40582
:105650004FF48060C2F8D8104FF40061D2F8D8201F
:10566000C4F8000694F8680602F02002C4F8FC357D
:1056700098420192C4F804164FF40051C4F8103651
:105680002846C4F81436019B14BF00234FF48073DE
:10569000C4F80816C4F80C3603F03AFD08B1FFBE92
:1056A000FEE704F28C53C4F8D855C4F8283603B08A
:1056B00030BD00BF002002400044025840000240BC
:1056C00058720624014804F075BB00BF48780624D0
:1056D00002682DE9F84F504B9A4201D0BDE8F88F8F
:1056E0004E4D95F86836002BF8D095F85035002BC4
:1056F0007BD0002405F13C0905F2625605F5AA6746
:10570000A04613E003F0010117F811BCA9F128002D
:1057100000F060FBBBF1010F25D895F8503501343E
:1057200009F154090236A2B293422BD917F8012F7E
:10573000002AF4D0D5F884350021327833F81400EB
:10574000D5F8883503EB041323F8120033880133AE
:105750009BB233805FFA83FA3A789A42D2D88A466B
:10576000A6F80080D0E7CAF34001A9F1140000F0C8
:1057700031FBBBF1020FCAF38001CED0484600F0E6
:1057800029FBCAE7002395F86806254909229842B3
:10579000C5F8F8354FF48060C5F8F015C5F8F42564
:1057A0004FF400614FF40052C5F8FC3508BF4FF4C8
:1057B0008073C5F80006C5F80416C5F8082600224F
:1057C0001848C5F80C36C5F81026C5F8142603F09D
:1057D0009FFC08B1FFBEFEE795F85025D5F884156B
:1057E0001148BDE8F84F02F07DBF0D4909224FF482
:1057F0008060C5F8F835C5F8F0154FF40061C5F8BC
:10580000F4254FF40052C5F8FC35C5F80006C5F87C
:105810000416C5F80826D2E7002002405872062474
:105820004000024048780624E4770624704700BF11
:105830000C4B4FF60B71002203F5A8601980DA605B
:1058400099821A6219855A6399879A64C3E9012279
:10585000C3E90622C3E90B22C3E91022543398425C
:10586000ECD170475872062484460FC98CE80F00AB
:105870009CF800300B2B30D09CF801200F2A2CD83C
:10588000022900B591B041D0032902D0012900D0EE
:1058900000210C91DCF80810012902D0022918BF60
:1058A00000210D91DCF80C10022904D0032902D04C
:1058B000012918BF00210A2B0E910FD85B4800EB7D
:1058C0008320CCF810000A2B17D8DFE803F0A09251
:1058D0008476685A4C3E3022090070470020F0E779
:1058E000534BD3F8E01041F48061C3F8E010D3F8D3
:1058F000E03003F480630A930A9B01230BA99340D1
:105900000B9304F0ADFD11B05DF804FB11210C9177
:10591000C0E7474BD3F8E01041F40071C3F8E01042
:10592000D3F8E03003F400730993099BE5E7404B9B
:10593000D3F8E01041F48071C3F8E010D3F8E03000
:1059400003F480730893089BD7E7394BD3F8E01032
:1059500041F08001C3F8E010D3F8E03003F0800399
:105960000793079BC9E7324BD3F8E01041F04001A1
:10597000C3F8E010D3F8E03003F040030693069B31
:10598000BBE72B4BD3F8E01041F02001C3F8E01047
:10599000D3F8E03003F020030593059BADE7244BDB
:1059A000D3F8E01041F01001C3F8E010D3F8E03074
:1059B00003F010030493049B9FE71D4BD3F8E01002
:1059C00041F00801C3F8E010D3F8E03003F0080319
:1059D0000393039B91E7164BD3F8E01041F00401C9
:1059E000C3F8E010D3F8E03003F004030293029B05
:1059F00083E70F4BD3F8E01041F00201C3F8E01049
:105A0000D3F8E03003F002030193019B75E7084BE4
:105A1000D3F8E01041F00101C3F8E010D3F8E03012
:105A200003F001030093009B67E700BF00000258EA
:105A30000044025803780B2B2DD042780F2A2AD825
:105A40004168022910B590B03ED0032902D0012947
:105A500000D000210C918168012902D0022918BFD1
:105A600000210D91C168022904D0032902D0012927
:105A700018BF00210A2B0E910ED85B4C04EB832437
:105A800004610A2B17D8DFE803F009A09284766836
:105A90005A4C3E30220070470024F1E7534BD3F8B4
:105AA000E01041F00101C3F8E010D3F8E03003F05A
:105AB00001030093009B01230BA9204693400B9305
:105AC00004F0CEFC10B010BD11210C91C3E7474B80
:105AD000D3F8E01041F48061C3F8E010D3F8E0306F
:105AE00003F480630A930A9BE5E7404BD3F8E01088
:105AF00041F40071C3F8E010D3F8E03003F4007310
:105B00000993099BD7E7394BD3F8E01041F4807132
:105B1000C3F8E010D3F8E03003F480730893089BD7
:105B2000C9E7324BD3F8E01041F08001C3F8E01030
:105B3000D3F8E03003F080030793079BBBE72B4BC0
:105B4000D3F8E01041F04001C3F8E010D3F8E030A2
:105B500003F040030693069BADE7244BD3F8E01017
:105B600041F02001C3F8E010D3F8E03003F0200347
:105B70000593059B9FE71D4BD3F8E01041F0100102
:105B8000C3F8E010D3F8E03003F010030493049B53
:105B900091E7164BD3F8E01041F00801C3F8E0108C
:105BA000D3F8E03003F008030393039B83E70F4B24
:105BB000D3F8E01041F00401C3F8E010D3F8E0306E
:105BC00003F004030293029B75E7084BD3F8E0103F
:105BD00041F00201C3F8E010D3F8E03003F0020313
:105BE0000193019B67E700BF000002580044025880
:105BF00010B592B0ADF804100180C9B2149C0B2905
:105C0000C460C0E901233FD090F801C0BCF10F0F80
:105C10003AD8022A3FD0032A02D0012A00D000221B
:105C20000E92012B02D0022B18BF0023022C0F93DF
:105C30002CD0032C2AD0012C28D000230A29109321
:105C400027D85C4A02EB812202610A2914D8DFE8D6
:105C500001F0A39587796B5D4F4133250600564BC4
:105C6000D3F8E01041F48061C3F8E010D3F8E030DD
:105C700003F480630C930C9B01230DA9104603FAD7
:105C80000CF30D9304F0ECFB12B010BD0A29109434
:105C9000D7D90022D8E711220E92C2E7464BD3F89B
:105CA000E01041F40071C3F8E010D3F8E03003F4E1
:105CB00000730B930B9BDFE73F4BD3F8E01041F4ED
:105CC0008071C3F8E010D3F8E03003F480730A93D6
:105CD0000A9BD1E7384BD3F8E01041F08001C3F8BC
:105CE000E010D3F8E03003F080030993099BC3E789
:105CF000314BD3F8E01041F04001C3F8E010D3F885
:105D0000E03003F040030893089BB5E72A4BD3F833
:105D1000E01041F02001C3F8E010D3F8E03003F0C8
:105D200020030793079BA7E7234BD3F8E01041F02C
:105D30001001C3F8E010D3F8E03003F0100306932D
:105D4000069B99E71C4BD3F8E01041F00801C3F81B
:105D5000E010D3F8E03003F008030593059B8BE7D0
:105D6000154BD3F8E01041F00401C3F8E010D3F86C
:105D7000E03003F004030493049B7DE70E4BD3F85B
:105D8000E01041F00201C3F8E010D3F8E03003F076
:105D900002030393039B6FE7074BD3F8E01041F036
:105DA0000101C3F8E010D3F8E03003F001030293DF
:105DB000029B61E7000002580044025808B5012127
:105DC00043780069994089B204F04CFD003818BF4F
:105DD000012008BD01230A464178006903FA01F158
:105DE00089B204F045BD00BF2DE9F84F04460E46C8
:105DF0001746984600F18C05284607F015F920282B
:105E0000FAD120682E4B0128636106D0022843D0C6
:105E100000283ED00120BDE8F88F2423A361402351
:105E2000002004F11409E3614FF480632062A06351
:105E30006362C4E90A00C4E90C00C4E910004846E2
:105E400003F066F908B1FFBEFEE7C4F8C490E5644C
:105E5000EFF3108A72B6DFF8709094F900300A9A66
:105E6000DFF868B089F80030CBF80020E3680B9ABF
:105E7000144C22609BB9710043463A46284689B2C9
:105E800005F030FE90B9BAF1000FC4D162B6BDE89A
:105E9000F88F2223A361C2E74A23A361BFE74246EA
:105EA0003946284605F080FF0028ECD0FF2301206A
:105EB00089F800300023CBF800302360E3E700BF0F
:105EC000A0000240CC780624C8780624C4780624B2
:105ED0002DE9F84F04460E461746984600F18C050A
:105EE000284607F0A1F82028FAD120682D4B012878
:105EF000636106D0022842D000283DD00120BDE8D1
:105F0000F88F2323A36100204FF4806304F1140968
:105F1000A0636362C4E90700C4E90A00C4E90C0095
:105F2000C4E91000484603F0F3F808B1FFBEFEE7ED
:105F3000C4F8C890E564EFF3108A72B6DFF86C908D
:105F400094F900300A9ADFF868B089F80030CBF88D
:105F50000020E3680B9A144C22609BB97100434601
:105F60003A46284689B205F07DFE90B9BAF1000F95
:105F7000C5D162B6BDE8F88F2123A361C3E74923E9
:105F8000A361C0E742463946284605F09DFF002838
:105F9000ECD0FF23012089F800300023CBF800303B
:105FA0002360E3E7A0000240CC780624C8780624EA
:105FB000C478062410B5002386B012220446049348
:105FC000CDE902230368022B1FDC002B01DB042335
:105FD000059323790A2B1FD8114800EB832062799F
:105FE000012301A99340019304F03AFAA3790A2B03
:105FF00014D80B4800EB8320E279012301A99340D8
:10600000019304F02DFA06B010BD032BE1D1062355
:10601000059323790A2BDFD90020E0E70020EBE786
:1060200000000258634A0368934210B58CB028D030
:10603000614A934258D0614A934200F09480604A8A
:10604000934201D00CB010BD5E4C5F48D4F8E030F4
:1060500043F00203C4F8E030D4F8E03003F0020368
:106060000A930A9BFFF7A6FFD4F8F43043F08003AD
:10607000C4F8F430D4F8F43003F080030B930B9B96
:10608000E0E7504C5148D4F8E03043F00203C4F844
:10609000E030D4F8E03003F002030193019BFFF7F6
:1060A00089FFD4F8E83000221F2043F40013114682
:1060B000C4F8E830D4F8E83003F400130293029BEC
:1060C000D4F8D83043F00103C4F8D830D4F8D8302D
:1060D00003F001030393039B02F068FE1F200CB042
:1060E000BDE8104002F0A0BE364C3948D4F8E0308C
:1060F00043F08003C4F8E030D4F8E03003F08003CC
:106100000493049BD4F8E03043F00203C4F8E03079
:10611000D4F8E03003F002030593059BFFF74AFF34
:10612000D4F8E8300022212043F480031146C4F85B
:10613000E830D4F8E83003F480030693069BD4F8E3
:10614000D83043F00103C4F8D830D4F8D83003F085
:1061500001030793079B02F029FE21200CB0BDE844
:10616000104002F061BE1B48FFF724FF154B0022D0
:106170004820D3F8E840114644F40004C3F8E8404E
:10618000D3F8E84004F400040894089CD3F8D840FD
:1061900044F00104C3F8D840D3F8D83003F0010329
:1061A0000993099B02F002FE48200CB0BDE81040A4
:1061B00002F03ABE0054004000580040005C00402D
:1061C000001C005800440258707B0624D078062436
:1061D000B0790624907A06242DE9F0431A4B87B053
:1061E00000254FF010099E46EC46184BFF22E04672
:1061F00067461A700EF118060EF13004CDE900550D
:10620000CDE90255ADF80090BCE80F00CDE904558A
:10621000AEE80F009CE803000095ADF800908EE812
:106220000300B8E80F000FC69CE803000095ADF826
:10623000009086E803000FCF0FC49CE8030084E8B9
:10624000030007B0BDE8F08330000024C8780624BE
:1062500010B5EFF3108472B6084B1A78120602D507
:1062600004B962B610BD1878054B40B2C0EBC0004F
:1062700003EB4010143003F09DFDF1E7C8780624CD
:10628000D0780624014805F08DBE00BF5C79062455
:10629000014805F087BE00BF3C7A0624014805F09E
:1062A00081BE00BF1C7B06242DE9F04182B0EFF3D4
:1062B000108772B61C4AFF211C4C1368217023B151
:1062C000002111601A4A1068984723781B0617D5D9
:1062D000DFF864800025174E444662685AB163694E
:1062E000304693B923690193E36800932389218899
:1062F000FFF77AFD90B101351834E036032DECD16B
:1063000007B962B602B0BDE8F081D4E90331CDE946
:10631000003123892188FFF7DBFDEBE705EB45051D
:1063200008EBC5056860EBE7C4780624C878062446
:10633000CC780624D0780624300000242DE9F041E2
:1063400082B0EFF3108772B61C4AFF211C4C136811
:10635000217023B1002111601A4A106898472378F0
:106360001B0617D5DFF864800025174E4446626887
:106370005AB16369304693B923690193E368009386
:1063800023892188FFF730FD90B101351834E036BC
:10639000032DECD107B962B602B0BDE8F081D4E9B3
:1063A0000331CDE9003123892188FFF791FDEBE727
:1063B00005EB450508EBC5056860EBE7C4780624E6
:1063C000C8780624CC780624D0780624300000242F
:1063D0002DE9F04182B0EFF3108772B61C4AFF211D
:1063E0001C4C1368217023B1002111601A4A1068F7
:1063F000984723781B0617D5DFF864800025174ED1
:10640000444662685AB16369304693B9236901937F
:10641000E368009323892188FFF7E6FC90B10135FA
:106420001834E036032DECD107B962B602B0BDE8EE
:10643000F081D4E90331CDE9003123892188FFF7C8
:1064400047FDEBE705EB450508EBC5056860EBE7A5
:10645000C4780624C8780624CC780624D07806248C
:10646000300000242DE9F04182B0EFF3108772B6BE
:106470001C4AFF211C4C1368217023B100211160BC
:106480001A4A1068984723781B0617D5DFF86480EE
:106490000025174E444662685AB16369304693B985
:1064A00023690193E368009323892188FFF79CFC0B
:1064B00090B101351834E036032DECD107B962B63E
:1064C00002B0BDE8F081D4E90331CDE90031238980
:1064D0002188FFF7FDFCEBE705EB450508EBC5055B
:1064E0006860EBE7C4780624C8780624CC780624D4
:1064F000D0780624300000242DE9F04182B0EFF37B
:10650000108772B604F0B0FF1D4A1E4CFF211368BD
:1065100021702BB10021116001211B4A106898479E
:1065200023781B0617D5DFF868800025174E4446F0
:1065300062685AB16369304693B923690193E3688D
:10654000009323892188FFF74FFC90B1013518345F
:10655000E036032DECD107B962B602B0BDE8F08198
:10656000D4E90331CDE9003123892188FFF7B0FC5C
:10657000EBE705EB450508EBC5056860EBE700BFF9
:10658000C4780624C8780624CC780624D07806245B
:10659000300000242DE9F0430D6885B0404EC5EB76
:1065A000C503032D4FEA431706EB4313036041DC99
:1065B000CA680C46012A3DD84FEAC5084CD020686D
:1065C0009C466168A8EB0509A2680DF1100EE3680E
:1065D00006EB4919ACE80F00324B227C8CF8002006
:1065E000D9F808C00FCB0EE90F000EEB8503BCF104
:1065F000010F53F8103CC9F88C3032D0BCF1020FB7
:1066000043D0BCF1000F36D0227C8C37A8EB0505B7
:1066100000233744520006EB451601213846C6F8E0
:10662000AC30C6E92521C6E92733C6E9293304F091
:106630001BFF18B1012005B0BDE8F08301463846C4
:1066400006F0F6FC0028F5D10146384606F01AFDA2
:10665000003818BF0120EEE70A7C103A672AAED94D
:10666000E8E701F075FB104B98420CBF0F4B104B45
:10667000C9F89030C8E701F06BFB0B4B98420CBF98
:106680000C4B0D4BC9F89030BEE701F061FB064B97
:1066900098420CBF094B0A4BC9F89030B4E700BFD1
:1066A000D078062468A70108000E27072D0FB03008
:1066B0003211D0205F4390608A62E030200BA0103E
:1066C0001A098010006870472DE9F041D0F8008069
:1066D00082B00D4617461E4608F18C04204606F08F
:1066E000A3FC2028FAD1D8F80C3073B96D002046ED
:1066F000089C33463A46A9B2009404F00BFF0038D8
:1067000018BF012002B0BDE8F081089B324639462F
:10671000204605F0BDF8F2E700682DE9F041046875
:10672000032CDDE9067821D0124D2D782D0617D4E3
:106730008E469C46EFF3108372B60F4D04EB440473
:10674000002025F8341005EBC4046260A4F808C0EA
:106750006061C4E903780BB962B61846BDE8F08100
:10676000CDE90678BDE8F041FFF73EBB0120BDE86A
:10677000F08100BFC878062430000024094B6FF078
:10678000F41110225960C3F8E4101A7483F8F02051
:10679000C3F8C41183F8D021C3F8A41283F8B0223F
:1067A000704700BFD078062430B5002395B04FF471
:1067B0008071062204460B9306921393CDE90C13C5
:1067C000CDE90E33CDE9113301F0C4FA07282BD0FF
:1067D00004F1100541F2883206A9284607F090FC22
:1067E00028B10123184684F85C3015B030BD022270
:1067F000022306A92846CDE9002310220123CDE972
:10680000022300224FF48003CDE9042305224FF038
:10681000807306926A460F9341F2883307F0DCFDDD
:106820000028DED115B030BD0323012084F85C3090
:1068300015B030BD0000000070B50023A4B04FF0CB
:1068400080724FF480750446ADF806300D93CDE9A3
:1068500010320122CDE90E53CDE91223CDE91433D4
:10686000002943D0F02300F1100508AEADF8063042
:10687000C02341F2883231462846089307F040FC95
:1068800028B10123184684F85C3024B070BD41F271
:1068900088320DF10601284607F09CFC03460028CB
:1068A000EFD105224FF480711E93284616924FF0C7
:1068B00080721B9321931F9202AA9FED1F7BCDE94B
:1068C0001C13CDE922338DED027B9FED1D7B41F240
:1068D000883316A98DED047B9FED1B7B8DED067B28
:1068E00007F07AFD0028CCD124B070BD00F110056E
:1068F00008AE612341F2883231462846089307F0FA
:10690000FFFB0028BDD141F288320DF10601284677
:1069100007F0DEFC0028B4D1BDF80630204623F095
:10692000780343F04003ADF80630FFF73DFF002841
:106930009ED0A6E7AFF30080000000000100000039
:1069400010000000010000000000000000004000F6
:106950002DE9F04F00234FF4807501264FF0807829
:1069600004462DED028BABB08DF8073013932193C5
:10697000299314950E96CDF85C80CDE91533CDE9B9
:106980001863CDE91A33CDE92253CDE92433CDE99B
:10699000273306231C9301F0DDF9072808D004F102
:1069A000100741F288321CA9384607F0A9FB40B114
:1069B0000123184684F85C302BB0BDEC028BBDE897
:1069C000F08F4FF0020A4FF0020B4FF0050941F231
:1069D000883308AA1CA93846CDF89480CDF8709069
:1069E0009FED2F8BCDE908AB4FF0000A4FF4800BE1
:1069F0008DED0A8BCDE90CAB07F0EEFC0028D7D16A
:106A000041F2883238460EA907F07AFB0028CFD130
:106A1000402341F288320DF1070138468DF80730E6
:106A200007F0D8FB0028C3D141F288330EA902AA8F
:106A30003846CDF83890CDF85C809FED1B7BCDE9D2
:106A400006AB8DED027B9FED1A7B8DED047B07F08D
:106A5000C3FC03460028ABD1CDF870904FF001097C
:106A6000CDF894804FF00008219308AA29931CA91F
:106A700038462295CDE92333CDE9273341F28833D7
:106A80008DED0A8BCDE90CABCDE9088907F0A4FCAC
:106A9000002891D0304684F85C608DE7AFF3008029
:106AA0001000000001000000400000004300000052
:106AB00000800000010000002DE9F04F00234FF49A
:106AC000807601254FF0807804462DED028BABB027
:106AD000CDE9153313932193299314960E95CDF890
:106AE0005C80CDE91853CDE91A33CDE92263CDE9B5
:106AF0002433CDE9273306231C9301F02BF9072813
:106B000008D004F1100741F288321CA9384607F07A
:106B1000F7FA40B10123184684F85C302BB0BDEC85
:106B2000028BBDE8F08F4FF0020A4FF0020B4FF0DE
:106B3000050941F2883308AA1CA93846CDF894808B
:106B4000CDF870909FED308BCDE908AB4FF0000A87
:106B50004FF4800B8DED0A8BCDE90CAB07F03CFCBC
:106B60000028D7D141F2883238460EA907F0C8FA7A
:106B70000028CFD1402341F288320DF10701384679
:106B80008DF8073007F026FB0028C3D19DF80730A9
:106B900008AA0C90FF2008934FF400430EA90B9510
:106BA000CDF83890CDF85C80CDE909034FF480032F
:106BB00038460D9341F2883307F00EFC0346002857
:106BC000A8D10022219329931CA938462296CDF8FA
:106BD0007090CDF89480CDE92333CDE9273301239C
:106BE000CDE9022341F2883302AA8DED048BCDE971
:106BF00006AB07F0F1FB002890D0284684F85C50E3
:106C00008CE700BFAFF3008010000000010000001F
:106C100070B50122AAB004460D465F48C02103F0BA
:106C200027FE00265D4B06965B4895FAA5F5CDE953
:106C30000466D3F8E02042F02002C3F8E020C0222E
:106C4000D3F8E03003F0200301930123019902A956
:106C5000CDE9022303F004FC142001F069FA324666
:106C6000C0214D4803F004FE142001F061FA012216
:106C7000C021494803F0FCFD142001F059FA01231A
:106C8000474AE6612261C4E90533002D77D0B5FAA1
:106C900085F1013900234FF4807604F11005C4E931
:106CA00008162846C4E90B3307F0BCF930B10123BC
:106CB0001D4684F85C3028462AB070BD66231690C5
:106CC000179041F2883213900EA91B900E93CDE9D4
:106CD0001460CDE91900284607F012FA0028E6D121
:106CE00099230EA941F2883228460E9307F008FA3C
:106CF0000028DCD105230121249008AA21902790A7
:106D00001C934FF08073CDE92260CDE9280010205C
:106D1000259341F28833CDE90A019FED1D7B0020C8
:106D20004FF48001CDE90C011CA928468DED087BAC
:106D300007F052FB0028BAD12046FFF7BDFE00281D
:106D4000B5D1284607F0CAF905460028AFD1237906
:106D50000A2B18D963790121994003F0BBFCA37970
:106D60000A2B0ED80F4800EB83200126E17906FAA2
:106D700001F103F0AFFC266684F864609BE71F21F5
:106D800088E70020F1E7074800EB8320E2E700BF37
:106D900000000000010000000014025800440258E6
:106DA00000500052000002582DE9F041684CA2B09A
:106DB0000D46046000F0CEFF07284BD0286823461C
:106DC000AA68696807C3AA89184620F8042B267B9D
:106DD000677B07F083F9002834D1012E94F86430E2
:106DE00014BF4FF480154FF400052366002B39D0F3
:106DF000584B95FAA5F523610123C4E90533002317
:106E0000E361002D6ED0B5FA85F1013900234FF40E
:106E100080785148C4E90818C4E90B3307F002F937
:106E200080B966230B90139041F2883206A906932D
:106E3000CDE90C80CDE90E00CDE91100464807F000
:106E40005FF9A0B101231D4684F85C30284622B0CA
:106E5000BDE8F08101250323284684F85C3022B088
:106E6000BDE8F08129462046FFF7D2FEC0E799230E
:106E700041F2883206A93848069307F041F9002804
:106E8000E0D105231C9019906A4614934FF080734B
:106E9000219014A91D9341F288339FED277BCDE902
:106EA0001A80CDE91F008DED007B9FED257B2A48E0
:106EB0008DED027B9FED247B8DED047B07F08CFA3A
:106EC0000028BFD131462248FFF7B6FC0028B9D1CF
:106ED0001F48FFF73DFD05460028B3D127B1022327
:106EE0002366B3E71F2191E7EB23002600271890C4
:106EF00014934FF440631F9006AA1B934FF4005362
:106F0000209014A917934FF4404313481C93A023D7
:106F1000CDF868801693062319934FF08053219380
:106F20004FF04073CDE906671D9307F0CDFA0028B6
:106F3000D5D087E7AFF3008000000000010000001B
:106F400010000000010000000000000000004000F0
:106F5000507C062400500052607C06245E4B026880
:106F60002DE9F0419A428CB04FF00004CDE907447E
:106F7000CDE909440B9402D00CB0BDE8F081574B29
:106F8000574DD3F8D420574F42F48042564EDFF885
:106F90005C81C3F8D420D3F8D42002F4804200925C
:106FA000009ADA6F42F48042DA67DA6F22F48042A4
:106FB000DA67D3F8E02042F04002C3F8E020D3F8CB
:106FC000E02002F040020192019AD3F8E02042F062
:106FD0002002C3F8E020D3F8E02002F02002029261
:106FE000029AD3F8E02042F01002C3F8E020D3F870
:106FF000E02002F010020392039AD3F8E02042F05E
:107000000202C3F8E020D3F8E03003F00203049357
:10701000049B22E014F0FC0252D103F1200155F848
:10702000211008780A2839D891F801C00121099265
:1070300007EB802201FA0CF107910221CDF81480B0
:10704000089103210A910CA90B4413F81C3C07A9D1
:10705000104601340B9303F003FA2A6EE3B2002AC0
:10706000D8D0052B2CD803F11A0255F822100A7833
:107070000A2A18D9497801228A400221079200225F
:10708000CDE9081203210A910CA90B4496E80300EC
:107090000590ADF8181013F81C3CD8E7487801218A
:1070A00009928140C8E74878012107EB822281409C
:1070B000022007910021CDE9080103210A91E3E7AD
:1070C00000225C20114601F071FE5C2001F0ACFE54
:1070D0000CB0BDE8F08100BF0050005200440258DF
:1070E000507C06240000025874A901080A0A090A03
:1070F0000268F8B5194B9A4200D0F8BD184A00242E
:10710000184F0125D2F8D430174E23F48043C2F82B
:10711000D43011E014F0FC0F1BD157F821301A784D
:107120000020597801340A2A05FA01F198BF06EBCC
:10713000822089B203F0CEFAE3B23A6E03F1200165
:10714000002AE7D0052B03F11A0202D857F82230A3
:10715000E5E75C20BDE8F84001F074BE0050005245
:1071600000440258507C062400000258014807F0F1
:1071700037BA00BF607C06240E4B6FF0F41200217A
:10718000981C30B41C1D9D1D9A605D671C67C3E987
:107190000022C3E9181103F10A0203F1080130BC0F
:1071A000C3E91A30C3E91E12C3E92030C3E9221231
:1071B000704700BF507C062438B5036871B9026A75
:1071C00000F1280500F5AC74012A0CBF0021402114
:1071D0008BBB1D4B5722C0F858310DE0426A00F1BD
:1071E000C00500F5E874012A0CBF00214021EBB175
:1071F000164B5A22C0F8D03100232046C4E90121A1
:107200004FF480524FF48061636262614FF48042B8
:10721000C4E903314FF48073C4E906234FF400330B
:10722000236201F075FF58B1FFBEFEE7084B5822FC
:10723000C0F8D031E0E7074B5922C0F85831DBE7FE
:10724000C5E92044A56338BD10000240700002402B
:1072500028000240580002402DE9F043C28889B05E
:1072600081468388ADF800200089B9F80A10B9F882
:107270000C20ADF80230D9F81830ADF80400ADF8A4
:107280000610ADF80820002B3FD0D9F81C70B7FAD3
:1072900087F77F09012502236C460DF10A06DFF806
:1072A00070800695CDE9043599F804202078824253
:1072B000627818D0D9F80010F9B1012902D1F8B1DB
:1072C0000A2107910A2805FA02F203A994BF08EBE4
:1072D00080200020039203F0C3F80234A642E3D1D9
:1072E00009B0BDE8F08399F805109142E2D1002F72
:1072F000F3D0D9F800100029DFD106210791E1E78A
:10730000022A0CBF08210A21DBE70127C2E700BFE0
:1073100000000258534A0368934230B505468BB0CB
:1073200055D02032934252D04F4A934204D020325B
:10733000934201D00BB030BD4C4C4D48D4F8E030F6
:1073400043F00103C4F8E030D4F8E03003F0010367
:107350000593059BD4F8E03043F00803C4F8E0300F
:10736000D4F8E03003F008030693069BD4F8E0302D
:1073700043F04003C4F8E030D4F8E03003F04003B9
:107380000793079BD4F8F03043F40003C4F8F030BF
:10739000D4F8F03003F400030893089BFFF75CFF78
:1073A000D4F8D830296843F001032F4A3048C4F894
:1073B000D830891AD4F8D83018BF012103F001035E
:1073C0000993099B0BB0BDE83040FFF7F5BE274C91
:1073D0002848D4F8E03043F00103C4F8E030D4F892
:1073E000E03003F001030093009BD4F8E03043F059
:1073F0001003C4F8E030D4F8E03003F01003019338
:10740000019BD4F8E03043F04003C4F8E030D4F8F6
:10741000E03003F040030293029BD4F8F03043F4D1
:107420008003C4F8F030D4F8F03003F48003039301
:10743000039BFFF711FFD4F8D830296843F001030C
:10744000084A0C48C4F8D830891AD4F8D83018BF84
:10745000012103F001030493049B0BB0BDE830400D
:10746000FFF7AABE04580140045C014000440258E2
:107470003C7F0624E07C0624014802F09BBC00BF50
:10748000387E0624014802F095BC00BFB07E062479
:10749000014802F08FBC00BF94800624014802F02E
:1074A00089BC00BF0C8106241A4A0368934210B4B9
:1074B0000BD02032934208D0174A934216D0203284
:1074C000934213D05DF8044B7047144B0022D3F85D
:1074D0005442C3F85822002CF4D0D3F84802D3E920
:1074E000931223465DF8044B520818470B4B0022B9
:1074F000D3F8B044C3F8B424002CE3D0D3F8AC24C0
:10750000D3F8A814D3F8A404520823465DF8044B1A
:10751000184700BF04580140045C0140E07C062489
:10752000184A0368934210B40BD02032934208D01B
:10753000154A934217D02032934214D05DF8044B81
:107540007047124BD3E994245208C3F85822002CF8
:10755000F4D0D3E99201234601EB820100EB8200D3
:107560005DF8044B1847094BD3F8AC24D3F8B0446A
:107570005208C3F8B424002CE0D0D3F8A814D3F8F0
:10758000A404E8E704580140045C0140E07C0624C0
:107590002DE9F0470C684FF41776774F86B004FB5F
:1075A00006F6012C07EB0608C0F8008000F39F8068
:1075B00000230D468E46C446C8F85032C8E99233BF
:1075C00069A3D3E900236AA1D1E90001CDE902232F
:1075D00006AB03EB8403CDE9040153F810AC53F878
:1075E000089CBEE80F00ACE80F00BEE80F00ACE856
:1075F0000F009EE80300C8F828A0C8F8C0908CE8E7
:1076000003002B69042B0CD8DFE803F078828C96FA
:1076100003004FF41773594A03FB04739A64C3F8C9
:10762000E020AA692B6A002A42D0002B4FF417737E
:1076300008BF022203FB047318BF0322DA6201228F
:107640001A63EA696B6A002A3FD1191E4FF4177357
:1076500018BF012103FB0473C3E9311269690129D1
:1076600043D0022947D1032500214FF4177306F1B7
:1076700028002A46019103FB0473002438445C640B
:107680005C63DC65C3F8DC40C3F8CC40C3F8F4406D
:10769000C3E90F44C3E91544C3E93544C3E93B4496
:1076A000022309F0A3FB019900284FD0FFBEFEE79B
:1076B000191E4FF4177318BF012103FB0473C3E9AC
:1076C0000B12EA696B6A002ABFD0002B4FF41773C4
:1076D0000CBF0222032203FB0473C3F8C42001225F
:1076E000C3F8C82069690129BBD10225BDE7012083
:1076F00006B0BDE8F08700252946B6E74FF41773BA
:107700004FF4FA5203FB04739A64C3F8E02088E74D
:107710004FF417734FF47A5203FB04739A64C3F85F
:10772000E0207EE74FF417734FF4FA4203FB047333
:107730009A64C3F8E02074E74FF417734BF6803275
:1077400003FB04739A64C3F8E0206AE706F1C00003
:1077500002232A46384409F049FB0028C8D0FFBE5E
:10776000FEE700BFAFF3008004580140045C014015
:1077700024580140245C0140E07C0624007701008D
:107780000068704770B5046882B015460E46C4F8AC
:107790005032C4E99212069AC4F85422A269012A0E
:1077A00026D0626A012A9AB211D0294604F1C0009B
:1077B000019209F0D5FB236A019A012B10D02946CA
:1077C00004F1280009F0CCFB002002B070BD04F1E8
:1077D000C000019209F056FC236A019A012BEED1F8
:1077E000314604F1280009F04DFC002002B070BDC4
:1077F000226A012A9AB211D0294604F12800019286
:1078000009F0AEFB636A019A012B10D0294604F1FE
:10781000C00009F0A5FB002002B070BD04F12800F3
:10782000019209F02FFC636A019A012BEED13146D7
:1078300004F1C00009F026FC002002B070BD00BFBA
:1078400003681B69042B05D8044A02EB830393EDFC
:10785000000A70479FED020A704700BF7CA901082B
:1078600000803B470368D3F858027047064B6FF01F
:10787000F4124FF60B71C3E901229981A3F8681243
:10788000C3E99822704700BFE07C0624704700BF20
:1078900008B500F03BFCBDE8084001F04FBB00BF5D
:1078A000064808B503680BB102F0E6FF0448036818
:1078B0001BB1BDE8084005F011BC08BDB086062428
:1078C000A0810624064808B503680BB102F0D4FF76
:1078D000044803681BB1BDE8084005F0FFBB08BDC4
:1078E000B0860624A0810624064808B503680BB1BB
:1078F00002F0C2FF044803681BB1BDE8084005F070
:10790000EDBB08BDB0860624A0810624364BDA6A9A
:10791000520062D59A6A9A6A9A6A9B6A180600D5DA
:1079200000BE314B9B6A990600D500BE2E4B9B6A68
:10793000DA0600D500BE2C4B9B6A1B0700D500BEA3
:10794000294B9B6A980700D500BE274B9B6AD90735
:1079500000D500BE244B9B6A1A0400D500BE224B02
:107960009B6A9B0400D500BE1F4B9B6AD80400D5C0
:1079700000BE1D4B9B6A190500D500BE1A4B9B6AC1
:107980005A0500D500BE184B9B6A9B0500D500BE6A
:10799000154B9B6AD80500D500BE134B9B6A990115
:1079A00000D500BE104B9B6ADA0100D500BE0E4B1D
:1079B0009B6A1B0300D500BE0B4B9B6A580300D586
:1079C00000BE094B9B6A990300D500BE064B9B6A1B
:1079D000DA0306D400BE00BEFEE7DB6A9B07FAD5D9
:1079E000F8E700BEF6E700BF00ED00E000F09ABB4C
:1079F00000F09EBB014601480CF084BA9881062431
:107A00000A4B9B6803F17843B3F5003F0BD3084B57
:107A1000986848B19868012806D09868022803D071
:107A20009B68032070470120704700BF00ED00E015
:107A300000008038000000002DE9F041CEB004467F
:107A40004C2200210AA811F035FD2022002102A8B5
:107A500011F030FDC02200211EA811F02BFD0220E4
:107A600006F0FAF92368012B4FF0000354D0584A6E
:107A700002250193C820D16A564B21F00101D16241
:107A8000D26A02F0010201929A6942F440429A617C
:107A90009B6903F440430193019B4E4A93699B0405
:107AA000FCD54D490224002201268B6A04274FF0A1
:107AB000080823F0030323438B62052316900AA8CA
:107AC00018934FF480331096179419941597CDF8A6
:107AD0006880CDE91B222122CDE91344CDE90A2398
:107AE00006F01EFF00B1FEE73F220323294602A84D
:107AF000CDE9022300220823CDE9042340224023BC
:107B0000CDE9062340234FF48062CDE9082307F036
:107B1000A1FA0346B8B1FEE72E4A04250093F020EF
:107B200091692B4B41F440419161926902F44042CA
:107B30000092DA6A42F00102DA62DB6A03F00103C2
:107B40000093009BA9E7202226932E9380212C925C
:107B50004FF48052319306253F931EA82792369208
:107B60004FF4803225914FF4401132924792002217
:107B70002895802540911021CDF888802B9720965C
:107B80002A91CDE92F3440F2271329934FF48063D3
:107B90002D930023CDE92346CDE93C234FF4807497
:107BA0000C2344940224219307A3D3E90023CDE9B5
:107BB0003445CDE91E2307F039FD00B1FEE706F09C
:107BC0006FF94EB0BDE8F0810F130F030000000005
:107BD00000040058004802580044025830B585B0EF
:107BE000012401F059F94FF480754FF04052194BC0
:107BF0006846ADF800400395CDE9012301F06AF92C
:107C000019224FF0404368468DF8082001938DF803
:107C10000F40ADF80D508DF801408DF80A4001F08D
:107C200059F9022300210B2268468DF801304FF0EC
:107C300062538DF80F108DF808200193ADF80D40B8
:107C40008DF80A4001F046F9042001F033F905B03F
:107C500030BD00BF0E00010330B50D46044685B0AF
:107C6000D1E9000184E8030000F020FAAB79002B91
:107C700063D00DF0FDF9FEF7AFFA0BF095FC0CF0B8
:107C80009BFE2B795BB3304C636913F4803326D1B0
:107C9000C4F88430BFF34F8FD4F8801043F6E07EF1
:107CA000C1F34E3CC1F3C9014FEA4C1C0CEA0E0073
:107CB0000B4640EA8372013BC4F860225A1CF8D19B
:107CC000ACF1200C1CF1200FF0D1BFF34F8F636992
:107CD00043F480336361BFF34F8FBFF36F8F6B79D2
:107CE000B3B1194A536913F4003311D1BFF34F8F65
:107CF000BFF36F8FC2F85032BFF34F8FBFF36F8F58
:107D0000536943F400335361BFF34F8FBFF36F8F59
:107D10004FF0FF3200230024002569460B480292F1
:107D20008DF80C30CDE900450CF072F807480CF0E6
:107D3000D7F80AF0D5FD05B030BD2046FFF77CFE30
:107D40002046FFF74BFF94E700ED00E09881062402
:107D500007F0E8BA1C4B9B6803F17842B2F5003F8C
:107D600025D3B3F5803F20D303F16042B2F5003F45
:107D70001FD303F15C42B2F5002F1CD303F1704214
:107D8000B2F5902F19D303F14842B2F5803F16D3D4
:107D900003F18042B2F1806F13D303F1E043B3F5F6
:107DA000000F2CBF082007207047012070470020DB
:107DB0007047022070470320704704207047052059
:107DC00070470620704700BF00ED00E00348002325
:107DD000034A044903600FF02DBD00BF98810624BB
:107DE000000000248D78000810B4204C0022204BA5
:107DF00083B0D4F888101F4841F47001C4F888108B
:107E000019681D4C41F0010119601A611968084098
:107E10001A4918609A61DA611A629A62DA621A6320
:107E20005A639A63DA631A645A64186820F48020EB
:107E300018601A66D3F8DC2042F06042C3F8DC20F8
:107E4000D3F8DC300193019B23681940B1F1005F46
:107E500003D20B4B0122C3F80821044B4FF0006200
:107E60009A6003B05DF8044B704700BF00ED00E07E
:107E7000004402587FEDF6EA0010005C0000FFFFAE
:107E80000080005100F2C441D0F808050AF08EB815
:107E900001EBC10300EB8303D0F80805D3F8882277
:107EA0000AF0B4B801EBC10300EB8303D0F8080576
:107EB0009A6C0AF0E5B800BFD0F808050AF08EB950
:107EC000016910B5044619B1022900D0FEE701216D
:107ED000D4F808050AF062F9D4F80805BDE81040A6
:107EE0000AF02EB910B50446D0F808050AF05AF980
:107EF0002268D2F8003E43F00103C2F8003E236A34
:107F000023B1034A136943F00603136110BD00BF98
:107F100000ED00E0D0F808050AF054B9D0F80805E3
:107F20000AF082B9D0F808050AF068B9D0F8080557
:107F30000AF090B9D0F808050AF08EB99446D0F846
:107F4000C8021A4608B5634605F082FE032802D827
:107F5000024B185C08BD032008BD00BFA0A90108A2
:107F6000D0F8C80208B505F0F5FE032802D8024B88
:107F7000185C08BD032008BDA0A90108D0F8C802FC
:107F800008B505F02BFF032802D8024B185C08BD8A
:107F9000032008BDA0A901080A06D0F8C83206D4FB
:107FA00001EBC10103EB810191F87E02704701F002
:107FB0007F0101EBC10103EB810191F83E007047A5
:107FC000D0F8C80208B505F02DFE032802D8024BF0
:107FD000185C08BD032008BDA0A90108D0F8C8029C
:107FE00008B505F095FE032802D8024B185C08BDC1
:107FF000032008BDA0A90108D0F8C80208B505F003
:1080000065FE032802D8024B185C08BD032008BD9A
:10801000A0A90108D0F800030AF01CBCD0F80003A6
:108020000AF030BCD0F800030AF038BC704700BF3B
:10803000D0F800030AF01EBCD0F800030AF01EBC02
:10804000D0F8D40308B503F091F8032802D8024B06
:10805000185C08BD022008BDA4A90108704700BF34
:108060000F4B1B780BB90120704710B504464FF435
:108070007A700C4AB0FBF3F31068B0FBF3F000F039
:10808000F5FE0F2C00D808B1012010BD00222146BA
:108090004FF0FF3000F08AFE034B00201C6010BD43
:1080A00080000024780000248400002410B5032000
:1080B000124C00F069FE06F02DFF114B11499A6930
:1080C0009B69C2F3032203F00F038A5CCB5C02F0CE
:1080D0001F020D4903F01F03D04020FA03F308608C
:1080E0000E202360FFF7BCFF10B10124204610BD15
:1080F0000446FFF7B3FF204610BD00BF7C000024FC
:108100000044025890A9010878000024034A044B57
:1081100011681B780B441360704700BFB4890624B4
:1081200080000024014B1868704700BFB489062402
:1081300038B50446FFF7F6FF0546631C02D0044B32
:108140001B781C44FFF7EEFF431BA342FAD338BD54
:1081500080000024014B1868000C70470010005C80
:10816000704700BF806B08B5FFF7FAFF08BD00BF7E
:10817000836B5A6D12F0500F5A6D10B51DD11968EE
:1081800042F400725A650A6812F0080FCA681BD0E0
:1081900012F4406F0DD1CA6894040AD45A6D22F4C7
:1081A00080725A655A6DD10403D45A6D42F00102AF
:1081B0005A651846FDF78CFA10BDD2060AD4DB6C5E
:1081C000BDE81040DB6C18479007E7D01846FDF774
:1081D0007FFAF1E71846FDF729FB10BD806B08B563
:1081E000436D43F040034365836D43F004038365AF
:1081F000FDF71CFB08BD00BFF0B5002283B0019263
:1082000090F85020012A00F0B880034601201A6837
:1082100083F850009468640708D55A6D42F0200234
:108220005A65002283F8502003B0F0BD0C68002C82
:10823000C0F2A180C4F31305002D00F0978094FADA
:10824000A4F515B1B5FA85F5A840A40ED569284363
:10825000D0614D681F2002F1300E04F01F04AE09FA
:1082600005EA000C06F00C0600FA0CF704FA0CF410
:1082700056F80E0020EA0700044346F80E409068C6
:10828000400776D4956815F0080555D10C6802F1C1
:10829000140607208F684FEAD45CC4F304540CF032
:1082A000040C00FA04FE07FA04F4B64F5CF806006A
:1082B00020EA0E0020434CF80600386800F07040B9
:1082C000B0F1805F00F0E880D068D668C70600F1A2
:1082D000EB80C6F382064869760000FA06F60F695D
:1082E000042F7BD002F16004086854F827C000F026
:1082F000F8400CF0004C40EA0C00304344F82700F2
:10830000487E0E69012854F826000CBF4FF0004744
:10831000002720F00040384344F826000C7E08690E
:10832000012C04D100F01F004FF400658540106956
:1083300020F4F040054315619068C40714D4CE685A
:108340000C6806F018079048D2F8C050F840C4F303
:108350001307204025EA07052843C2F8C0008B48D0
:10836000864257D0002C0BDB00205AE7A40EA04019
:108370006CE79068E0E7A40E6BE7022003B0F0BD65
:1083800083498A4200F0B68001F580718A4200F08C
:10839000B180804D8048A968806801F0E076C043D4
:1083A00000F00100002800F0B4807C48844200F016
:1083B000FD807B48844200F01C817A488442D3D1FE
:1083C0004902D1D474498A42CED1AA68002022F051
:1083D000E072324342F48002AA6022E7106E0C6819
:1083E00000F0F840A506B0EB846F79D0506E00F035
:1083F000F84085426FD0906E00F0F840854274D00E
:10840000D06E00F0F840854296D1D06E20F000404A
:10841000D06691E7002F4ED094FAA4F5002D00F01D
:108420008C80B5FA85F0013000F01F06092E40F26D
:108430008480B5FA85F580060126013500F0F84004
:1084400094FAA4F405F01F0506FA05F50543002C7F
:1084500000F0DF80B4FA84F4A0196FF01D0600F07C
:108460001F04032010FB0460000540F00070284347
:10847000072402F11405C60DC0F3045006F00406EB
:1084800004FA00F7745924EA07048F6807FA00F029
:10849000204370510C6865E7D6684869C6F38206C8
:1084A000760000FA06F61AE77608486906F008062C
:1084B00000FA06F613E7A40E013404F01F06092E95
:1084C0002DD8A506012005F0F845B040054306EB80
:1084D00046000005CBE7506E20F0004050668AE76A
:1084E000106E20F00040106680E7906E20F0004093
:1084F000906685E726482C4D00F58070A96850F8F5
:10850000F86C8068304301F0E076C04300F0010071
:1085100048E75A6D012042F020025A6581E606EBD9
:108520004600A50601241E3805F0F84504FA06F6B3
:108530000005354340F0007099E794FAA4F0002854
:108540006ED0B0FA80F00130800600F0F84094FA66
:10855000A4F5002D62D0B5FA85F50126013505F0A8
:108560001F0506FA05F5054394FAA4F4002C52D031
:10857000B4FA84F4013404F01F0404EB440420052D
:1085800075E700BF0010005CFFFF0F000000FF4711
:10859000002002400063025800600258000084CBB3
:1085A000000052C70000B8CF0023024008023FF588
:1085B000DBAE1D498A427FF4D7AE1C4A1C481268C4
:1085C000A968920921F0E071A0FB020231439209EF
:1085D00041F400010132A96052000192019A002A7F
:1085E0003FF4C2AE019A013A0192019A002AF9D1F0
:1085F000BAE611F080707FF4B7AE0B498A427FF47F
:10860000B3AEAA6822F0E072324342F08072AA60F0
:1086100007E608482BE74FF4401028E70225A2E7B9
:108620004FF0806093E700BF00600258780000249C
:10863000632D3E05000050FE03689A68D10701D5FE
:10864000002070479968214A114270B504462CD128
:1086500099681F4A0A4042F001029A60FFF762FDE2
:1086600023681C4A0546934228D002F58072934243
:1086700024D0194A92681A68D60714D4144E9A68FE
:10868000D00704D49A68324042F001029A60FFF7A2
:1086900049FD431B022B236802D91A68D10704D570
:1086A0001A68D207EBD5002070BD636D012043F03E
:1086B00010036365A36D0343A36570BD074A926809
:1086C000D206D8D0064A9342D5D1ECE73F000080CD
:1086D000C0FFFF7F002002400063025800230240D9
:1086E000002102402DE9F0413E4D044600680F464E
:1086F0001646A84219D03C4B984216D03B4DAB6869
:108700008068420716D494F85020012A12D003F052
:108710001F080122B8F1090F84F850200DD9002359
:10872000012084F85030BDE8F081314DAB6880689D
:108730004207E8D50220BDE8F08140F2212323FA68
:1087400008F3DB4313EA0205E9D12046FFF774FF83
:10875000002841D1626D274B2168134043F4807398
:108760006365B8F1000F02D01F4B994203D0636DCF
:1087700023F480136365636D13F4805330D0A36DCD
:1087800023F00603A365E06C33461B4D3A46E66AC8
:108790004031C563194D0564194DC5641C2541F868
:1087A000405C002584F8505051F83C5C45F01005C1
:1087B00041F83C5C51F8345C25F00305354341F841
:1087C000345C00F013FF22680E4B91680B4043F0BD
:1087D00004039360BDE8F08184F85050BDE8F08157
:1087E000A365D0E700200240002102400063025848
:1087F00000230240FEF0FFFF718100086581000840
:10880000DD810008C0FFFF7F38B503689A689507CF
:1088100002D59B68002038BD9A68D40729D59A688C
:10882000044602F00D02012A08D0636D012043F0D6
:1088300010036365A36D0343A36538BD98680321E6
:108840000D4A024042F002029A601960FFF76AFC8A
:10885000236805469B68D9070BD5FFF763FC401BCF
:108860002368022802D99A68D207DED49B68DB0706
:10887000F3D4002038BD00BFC0FFFF7F38B5574A92
:1088800004460368934226D002F58072934222D0B8
:10889000534B9B6813F4403F22D006F003FD6368FE
:1088A0000546B3F5003F00F08880B3F5403F6CD03B
:1088B000B3F5803F00F08180FFF74CFC41F20303E9
:1088C00098424BD8474B9D422AD92268936843F47B
:1088D0008073936038BD444B9B6813F4403FDCD1F8
:1088E0004FF40020002107F0F1FE63680546B3F560
:1088F000101F6CD008D8B3F5E01F50D016D9B3F5CF
:10890000001FD9D14509D7E7B3F5201F45D0B3F5EE
:10891000301FD1D1FFF71EFC41F20303984240D82B
:108920002268936823F48073936038BDB3F5801F89
:1089300006D00AD9B3F5A01F02D0B3F5C01FBBD132
:108940009B0C5B00B5FBF3F5B6E7B3F5002FF7D052
:1089500023F40022B2F5802FF2D0ADE7234B9D42E5
:1089600005D82268936823F44073936038BD204B88
:108970009D421AD91F4B22689D42936829D823F43F
:10898000407343F40073936038BD8508FFF7E2FB42
:1089900041F203039842E1D894E7C5098CE7050941
:1089A0008AE7124BB3EB152FDBD22268936823F4CE
:1089B000407343F48073936038BD1B0CB5FBF3F533
:1089C000FFF7C8FB41F203039842C7D87AE785094D
:1089D00072E743F44073936038BD00BF002002404B
:1089E00000630258002D31010023024021BCBE006B
:1089F00041787D0181F0FA0270B5002382B00193C5
:108A0000002800F0D180456D0446002D00F0BB80A9
:108A1000226893689D0003D59168724B0B40936068
:108A20009368D80016D4704B70491B6890689B09F6
:108A3000A1FB03136E499B090140013341F08051B2
:108A400091600193019B2BB1019B013B0193019B21
:108A5000002BF9D19368D90024D4636D012543F02C
:108A600010036365A36D2B43A365936813F0040F94
:108A7000636D1DD1DB061BD4636D23F4817343F05A
:108A8000020363659368DE0728D45A4B9A4217D0D5
:108A900003F580739A4213D0574B9B68D9071DD4B6
:108AA000564A15E09368002513F0040F636DE1D07A
:108AB000636D012543F010032846636502B070BD65
:108AC0004C4A4F4B92689B681343D80706D44D4AD3
:108AD0009368616823F47C130B439360FFF73AFBC0
:108AE00041F20303A1689842237F52D894F815C03D
:108AF0001A04206B42EA4C3202430A43012B03D191
:108B0000236A013B42EA4342636A23B103F4787368
:108B1000A16A0B431A4323683B49D86801400A43C2
:108B2000DA609A6812F0040F9A681CD112071AD4FE
:108B3000D868364A217D024042EA8132E16A0A431E
:108B4000DA6094F83820012A3AD01A6922F001023A
:108B50001A611A692046616B22F070420A431A6159
:108B6000FFF78CFE2368E268012A21D01A6B22F0FD
:108B70000F021A63636D284623F0030343F00103D9
:108B8000636502B070BDFCF74BFDA56584F85050DD
:108B90003EE71029AAD1617D1A0442EA4132216BD5
:108BA0000A4342F01C02A9E70125284602B070BD25
:108BB000196BA26921F00F01013A0A431A63D9E740
:108BC000D4E90F12666C01391869324342EA014256
:108BD000A16C0A430E4901400A4342F001021A61A6
:108BE000B7E700BFC0FFFF5F78000024632D3E059C
:108BF000C0FFFF6F0020024000600258006302586F
:108C0000002102400023024003C0F0FFFCBFFFFF31
:108C10001EF800FCF0B5002383B0019390F85030AB
:108C2000012B40D0012304460E46154680F85030F3
:108C3000FFF7EAFDE8B9676D05F080421B4B06F4CB
:108C400080311B4D3B401B4F43F00203636523689B
:108C50009E68354015430D4345F000459D609A6878
:108C6000002A0FDB636D23F0030343F00103636508
:108C700003E0636D43F010036365002384F8503014
:108C800003B0F0BD019A01320192019ABA42E6D3D3
:108C9000636D0022012023F0120384F8502043F07A
:108CA00010036365ECE7022003B0F0BDFDEEFFFFAB
:108CB000C0FFFE3F00F8C325F0B490F850209AB0F2
:108CC0000E68012A4DD003462B4C002201201D685E
:108CD0001692A54283F85000179208D0596D83F878
:108CE000502041F0200159651AB0F0BC7047234C68
:108CF000A26852070BD5AA685A6D012042F02002E3
:108D00005A65002283F850201AB0F0BC7047A8685A
:108D100010F00400F0D1C6B1DFF868C04F68DCF88D
:108D2000082022F440423A43CCF80820AD68A268FB
:108D30002A43D40713D48A68DCF808101643104A73
:108D40000A401643CCF80860DBE70E498A6822F433
:108D500040428A60A868A2680243D00705D5002077
:108D6000CFE702201AB0F0BC70478C683046044A46
:108D700022408A60C5E700BF002002400021024077
:108D8000E0F0FFFF0023024006494FF6FF0C00020F
:108D9000054BCA6800F4E06002EA0C02104303438A
:108DA000CB60704700ED00E00000FA051B4BDB686C
:108DB000C3F3022300B5C3F1070E03F1040CBEF1A7
:108DC000040F28BF4FF0040EBCF1060F1AD9033B65
:108DD0004FF0FF3C0CFA03FC22EA0C024FF0FF3C80
:108DE00000280CFA0EFC21EA0C0101FA03F141EA19
:108DF00002010ADB09010A4BC9B2034483F80013DC
:108E00005DF804FB00221346E8E700F00F000901BB
:108E1000044BC9B2034419765DF804FB00ED00E091
:108E200000E100E0FCEC00E0002807DB012300F09B
:108E30001F01034A40098B4042F82030704700BFB1
:108E400000E100E000280DDB4309012200F01F00D3
:108E50000549203302FA00F041F82300BFF34F8F99
:108E6000BFF36F8F704700BF00E100E0431EB3F116
:108E7000807F0CD24FF0E022002006494FF0F00C2A
:108E80005361072381F823C090611361704701206B
:108E9000704700BF00ED00E0BFF35F8F044B00217F
:108EA0005A6A22F480325A62C3F89410704700BFA5
:108EB00000ED00E0064B40F00100C3F894005A6A50
:108EC00042F480325A62BFF34F8FBFF36F8F704707
:108ED00000ED00E0174A4378C2F89830017821B3DA
:108EE000436800B5C2F89C30C37A90F80CC01B06EA
:108EF00090F80FE043EA0C7390F80AC00B43817BB3
:108F000043EACC4390F80DC043EA8C4390F809C083
:108F100043EA4143017A43EA0E4343EA0C2343EA1E
:108F20004103C2F8A0305DF804FBC2F89C10C2F8FF
:108F3000A010704700ED00E0704700BF08B5FFF7D4
:108F4000FBFF08BD0268344B344930B4344D354C16
:108F5000AA4218BF9A420CBF012300238A4208BFCD
:108F600043F001033031A24208BF43F00103303423
:108F70008A4208BF43F001033031A24208BF43F0E8
:108F8000010330348A4208BF43F0010301F55C71EC
:108F9000A24208BF43F0010304F55C748A4208BF93
:108FA00043F001033031A24208BF43F001033034E3
:108FB0008A4208BF43F001033031A24208BF43F0A8
:108FC000010330348A4208BF43F001033031A2422A
:108FD00008BF43F001038A4208BF43F0010313B9FD
:108FE000114B9A4213D1D3B21049114C103BA1FB43
:108FF00003515F2B0F4BC1F3021103EA0203615CC3
:1090000088BF0433C1658365184630BC704722F0C1
:10901000FF038365F8E700BF1000024040000240F4
:109020002800024058000240B8040240ABAAAAAA95
:10903000A8A9010800FCFFFF0368294A294930B4A8
:10904000294D2A4CAB4218BF93420CBF012200228B
:109050008B4208BF42F001022831A34208BF42F010
:10906000010228348B4208BF42F001022831A3429A
:1090700008BF42F001028B4208BF42F0010212B960
:109080001B4A934213D1DBB21A4C1B4A0121083B05
:109090001A4DA4FB0343456602EB1312C3F30413FA
:1090A000920001FA03F30266836630BC7047DAB2BD
:1090B0001349144C1944103AA829A4FB02234FEA7F
:1090C000131300D80833104A03F01F0501210F4C79
:1090D0001A44A9404466920081660266E5E700BF33
:1090E00008540258305402581C5402584454025830
:1090F00094540258CDCCCCCC00960016805802581F
:10910000F0FBFDBFABAAAAAA0082001080080240B3
:10911000F8B50446FFF706F8002C00F077812368C5
:109120000546924A934248D01832934245D0303295
:109130008F498B4218BF934201F130010CBF0122CD
:1091400000228B4208BF42F0010218318B4208BF57
:1091500042F0010218318B4208BF42F0010218317F
:109160008B4208BF42F0010201F556718B4208BFE5
:1091700042F0010218318B4208BF42F0010218315F
:109180008B4208BF42F0010218318B4208BF42F007
:10919000010218318B4208BF42F0010218318B42A4
:1091A00008BF42F0010218318B4208BF42F00102B1
:1091B0001AB9704A934240F098810022022184F843
:1091C000342084F835101A6822F001021A6006E093
:1091D000FEF7A8FF431B052B00F2FF8023681A68E7
:1091E000D607F5D4D4E9022520692A43A1691D6870
:1091F000024360690243E0690A4302435E48284033
:10920000256A2A435D4D0243606A042800F000810C
:109210002E685B4D3540B5F1005F80F0BB801A6071
:109220005A6922F0070202435A612046FFF78AFE7C
:10923000E26D3F2302F01F029340836022684B4B94
:1092400050484B49824218BF9A4200F130000CBF8F
:10925000012300238A4208BF43F0010330318242D8
:1092600008BF43F0010330308A4208BF43F00103D6
:109270003031824208BF43F0010330308A4208BFD8
:1092800043F0010301F55C71824208BF43F0010322
:1092900000F55C708A4208BF43F00103303182421E
:1092A00008BF43F0010330308A4208BF43F0010396
:1092B0003031824208BF43F0010330308A4208BF98
:1092C00043F001033031824208BF43F001033030E4
:1092D0008A4208BF43F001032B49824208BF43F092
:1092E00001032A488A4208BF43F001032831824221
:1092F00008BF43F0010328308A4208BF43F001034E
:109300002831824208BF43F0010328308A4208BF57
:1093100043F001032831824208BF43F001038A422F
:1093200008BF43F0010313B9194B9A4218D12046E4
:10933000FFF782FEA368802B5CD06368A06EDAB270
:10934000013BD4E91851072B2A60486059D8501EB8
:1093500007286ED9626FD4E91B31002018604A607B
:1093600000200123606584F83530F8BD100002400C
:1093700040000240B80402403F8010FE0010005C34
:109380000000FFFF28000240085402581C540258F5
:10939000945402586568A5F129061F2E24D94F3D23
:1093A000032D01D842F480121A6004285A6922F071
:1093B000070242EA00027FF437AFE56AA06A02437F
:1093C000002D3FF431AF002969D1012800F08880D9
:1093D00030F002017FF428AF69E02022032301204E
:1093E000626584F83530F8BD734D25FA06F6F50749
:1093F000DAD5D7E70023A16ED4E9180263600360D1
:1094000051600023C4E91B336367A9E70120F8BD5D
:109410002F68D4E90B562E433243684E3E40B6F1D6
:10942000005FB7D21A605A6922F0070242F00402C4
:10943000C4E72168624B634DA94218BF994205F108
:1094400014050CBF01230023A94208BF43F0010308
:109450001435A94208BF43F001031435A94208BFDF
:1094600043F001031435A94208BF43F0010314354A
:10947000A94208BF43F001033BB9534B994204D0C2
:10948000524B534913449B0003E0524B524913443F
:109490009B0001228240C4E91B3162675DE7B1F5A0
:1094A000005F0ED0022805D903287FF4BDAEE90184
:1094B0007FF5BAAE012340221846626584F8353044
:1094C000F8BD03283FF6B0AE01A151F820F000BF6F
:1094D000B5940008AF940008B5940008E194000822
:1094E000B5F1C07F7FF4A0AEE4E7354A35483B498B
:1094F000834218BF934200F128000CBF01220022D2
:109500008B4208BF42F001022831834208BF42F07B
:10951000010228308B4208BF42F001022831834209
:1095200008BF42F001028B4208BF42F0010212B9AB
:10953000254A934238D100220221294D84F8351062
:1095400084F834201A681540A268402A2AD0802A5C
:109550000CBF4FF480400020266AD4E90312D208E1
:1095600042EAD102616942EAD102A16942EAD1022A
:10957000E16942EAD1021B4942EA161219442A4320
:1095800002431948A0FB010120461A600B099B0009
:10959000E365FFF7D7FCE26D012302F01F02934061
:1095A00043604BE61020D7E7402203230120626589
:1095B00084F83530F8BD00BF3F00C0C30000FFFF96
:1095C000085402581C540258945402583F82001008
:1095D000400902403F960016405902583054025844
:1095E0000F00FEFFF8ABFDA7CDCCCCCC002800F0DF
:1095F0008281844690F83400012800F07E810120A9
:109600002DE9F0439CF835408CF83400844208D0B2
:109610004FF400620023CCF854208CF83430BDE8BD
:10962000F0830220DCF80040554D8CF83500002016
:10963000544ECCF854005448AC4218BF844205F153
:1096400018050CBF01200020AC4208BF40F001000B
:109650001835AC4208BF40F001001835AC4208BFD5
:1096600040F001001835AC4208BF40F0010005F59C
:109670005675AC4208BF40F001001835AC4208BF37
:1096800040F001001835AC4208BF40F00100183529
:10969000AC4208BF40F001001835AC4208BF40F0B2
:1096A00001001835AC4208BF40F001001835AC424B
:1096B00008BF40F001001835AC4208BF40F001007F
:1096C000A5F59265AC4218BFB4420CBF0125002538
:1096D00001D000285AD02668DCF8589026F0010600
:1096E0002660002D7ED0DCF864603746DCF86860C8
:1096F0007E60DCF86C7037B1DCF87060B646DCF880
:109700007460CEF80460DCF85C604FF03F0E06F049
:109710001F080EFA08FEC9F808E0266826F480261D
:1097200026606360DCF80830402B00F0E880A16020
:10973000E26015B9002800F0E880236823F01E03DA
:1097400043F016032360DCF840301BB1236843F07C
:1097500008032360DCF860301A68D20303D51A6866
:1097600042F480721A601FB13B6843F480733B601F
:109770002368002043F001032360BDE8F08300BFAD
:10978000580002401000024040000240644F654E05
:10979000DCF85890B44218BFBC4206F128060CBF52
:1097A00001270027B44208BF47F001071436B4422E
:1097B00008BF47F001071436B44208BF47F001075D
:1097C0001436B44208BF47F00107266826F00106A8
:1097D0002660554EB44208BF47F0010717B9534FF2
:1097E000BC4212D1DCF864603746DCF868607E6009
:1097F000DCF86C7037B1DCF87060B646DCF8746089
:10980000CEF8046000287FF47EAF464FDFF810E109
:10981000744518BFBC420EF1140E0CBF012700277F
:10982000744508BF47F001070EF1140E744508BFD8
:1098300047F001070EF1140E744508BF47F0010709
:109840000EF1140E744508BF47F001070EF1140E17
:10985000744508BF47F0010717B9344FBC4254D1D3
:10986000DCF85C60012706F01F0E07FA0EF7C9F856
:1098700004706360DCF80830402B43D0A160E260E4
:10988000236823F00E0343F00A032360DCF8403022
:10989000002B2DD0236843F004032360204B214A82
:1098A000944218BF9C4202F128020CBF01230023FE
:1098B000944208BF43F001031432944208BF43F0BE
:1098C00001031432944208BF43F00103143294425E
:1098D00008BF43F001031432944208BF43F0010370
:1098E0001432944208BF43F00103002B3FF440AF11
:1098F000DCF86C702EE70120704702207047A260F0
:10990000E16016E7A260E160BAE7236823F00E0386
:1099100043F00A032360DCF84030002BBAD1BDE7E6
:109920001C54025808540258805402589454025847
:1099300070B50546FEF7F6FB002D00F0248195F882
:109940003530022B40F0DD802C6806468F4B904866
:10995000904A844218BF9C4200F130008E490CBFEF
:1099600001230023844208BF43F0010318308442DE
:1099700008BF43F001031830844208BF43F00103DD
:109980001830844208BF43F0010300F5567084424A
:1099900008BF43F001031830844208BF43F00103BD
:1099A0001830844208BF43F001031830844208BFD6
:1099B00043F001031830844208BF43F0010318301C
:1099C000844208BF43F001031830844208BF43F0CB
:1099D00001031830844208BF43F001038C4218BFD2
:1099E00094420CBF0122002202D0002B00F0908094
:1099F000216821F01E012160616921F0800161610F
:109A0000002A00F0B0802A6E136823F4807313607C
:109A1000236823F00103236005E0FEF783FB831B2B
:109A2000052B00F2A6802368DB07F6D42A68574B83
:109A300057485A49824218BF9A4200F148000CBF69
:109A4000012300238A4208BF43F0010330318242E0
:109A500008BF43F0010330308A4208BF43F00103DE
:109A600001F55C71824208BF43F0010300F55C70B0
:109A70008A4208BF43F001033031824208BF43F0FD
:109A8000010330308A4208BF43F001033031824283
:109A900008BF43F0010330308A4208BF43F001039E
:109AA0003031824208BF43F001038A4208BF43F0CD
:109AB000010318318A4208BF43F0010333B9A1F50D
:109AC0009561354B9A4218BF8A426FD1EA6D3F23A8
:109AD000A96D02F01F0293408B60EB6ED5E919214E
:109AE000516033B11A68D5E91C1022F480721A60F3
:109AF000486000230122184685F8352085F8343067
:109B000070BD8022002301206A6585F8343070BD65
:109B10002268234922F00E022260224A8C4218BF9A
:109B2000944201F128010CBF012200228C4208BF9F
:109B300042F0010214318C4208BF42F0010214319C
:109B40008C4208BF42F0010214318C4208BF42F03F
:109B5000010214318C4208BF42F001021AB9124AC4
:109B600094427FF455AF296E0A6822F480720A602D
:109B70004EE72021032200230120696585F8343057
:109B800085F8352070BD012070BD00BF580002402F
:109B900040000240100002402800024070000240D5
:109BA000085402581C54025894540258E86D01217C
:109BB000164B00F01F00164C8140A24218BF9A427B
:109BC000A86D0CBF01230023416012481249824254
:109BD00008BF43F0010328308A4208BF43F0010365
:109BE0002831824208BF43F001038A4208BF43F094
:109BF000010314318A4208BF43F00103002B7FF4B4
:109C00006CAF064B9A423FF468AF72E71C5402589F
:109C1000085402583054025844540258945402587C
:109C200000285FD038B590F835200346022A55D178
:109C30000168574A914248D01832914245D030329B
:109C4000544C5548A14218BF914204F148040CBF3E
:109C500001220022814208BF42F001023030A142BD
:109C600008BF42F001023034814208BF42F00102D5
:109C700000F55C70A14208BF42F0010204F55C747B
:109C8000814208BF42F001023030A14208BF42F0D9
:109C900001023034814208BF42F001023030A1425B
:109CA00008BF42F001023034814208BF42F0010295
:109CB0003030A14208BF42F00102814208BF42F0A9
:109CC000010212B9354A91420ED10422002083F8D4
:109CD00035200B6823F001030B6038BD8022012082
:109CE0005A6538BD012070472D4A2E4D0868A9429B
:109CF00018BF91422C4C20F00E0005F13C050CBF22
:109D0000012200220860A14208BF42F00102086857
:109D10002834A94208BF42F0010220F00100A1420C
:109D200008BF42F0010214340860A14208BF42F0AB
:109D300001021E48814208BF42F0010212B91C4ACA
:109D4000914217D101229D6DD3E91704216800F0DB
:109D50001F0021F48071824021606A60DA6ED3E9CD
:109D60001910486032B11168D3E91C0421F48071E4
:109D700011604460012100241A6D83F8351083F8C6
:109D800034401AB118469047204638BD104638BDB9
:109D9000100002404000024070000240B80402403F
:109DA0001C54025808540258305402588054025827
:109DB000945402582DE9F04300229C4B83B09C4EF2
:109DC0001D688146019203689A4A846D934218BFC8
:109DD000B342276808BF0126216818BF002645D076
:109DE00018329548834218BF934200F118000CBF07
:109DF00001220022834208BF42F001021830834250
:109E000008BF42F001021830834208BF42F001024D
:109E10001830834208BF42F0010200F556708342B9
:109E200008BF42F001021830834208BF42F001022D
:109E30001830834208BF42F001021830834208BF45
:109E400042F001021830834208BF42F0010218308C
:109E5000834208BF42F001021830834208BF42F03B
:109E600001021AB9754A934240F05082D9F85C1049
:109E7000082201F01F0C02FA0CF2174240F0888110
:109E800027FA0CF2D2070CD55A69100609D501221F
:109E900002FA0CF2A260D9F8542042F00202C9F88A
:109EA00054204FF0040E0EFA0CF038425BD0002E16
:109EB0004FD1614ADFF88881434518BF934208F1CA
:109EC00030080CBF01220022434508BF42F00102C6
:109ED00008F11808434508BF42F0010208F11808CC
:109EE000434508BF42F0010208F11808434508BF86
:109EF00042F0010208F55678434508BF42F00102DE
:109F000008F11808434508BF42F0010208F118089B
:109F1000434508BF42F0010208F11808434508BF55
:109F200042F0010208F11808434508BF42F001025F
:109F300008F11808434508BF42F0010208F118086B
:109F4000434508BF42F001021AB93C4A934240F02F
:109F500019821A68920706D5A060D9F8542042F0F9
:109F60000402C9F85420102202FA0CFC1CEA070F64
:109F70006CD0002E45D1304A314EB34218BF9342C7
:109F800006F130060CBF01220022B34208BF42F0A6
:109F900001021836B34208BF42F001021836B3423C
:109FA00008BF42F001021836B34208BF42F0010276
:109FB00006F55676B34208BF42F001021836B342A6
:109FC00008BF42F001021836B34208BF42F0010256
:109FD0001836B34208BF42F001021836B34208BF38
:109FE00042F001021836B34208BF42F001021836AF
:109FF000B34208BF42F001021AB9104A934240F03E
:10A00000C9811A68100721D5C4F808C01A68560318
:10A0100000F14C811A68D20503D41A6822F00802B4
:10A020001A60D9F840308BB10CE000BF78000024F2
:10A03000100002402800024058000240B8040240CC
:10A040004000024048469847D9F85C1001F01F01D3
:10A0500020268E403E4268D0D9F80020A54BA64F5E
:10A06000BA4218BF9A4207F118070CBF0123002318
:10A07000BA4208BF43F001031837BA4208BF43F0A1
:10A0800001031837BA4208BF43F001031837BA4238
:10A0900008BF43F001031837BA4208BF43F0010379
:10A0A0001837BA4208BF43F0010307F55677BA42A2
:10A0B00008BF43F001031837BA4208BF43F0010359
:10A0C0001837BA4208BF43F001031837BA4208BF35
:10A0D00043F001031837BA4208BF43F001031837B1
:10A0E000BA4208BF43F001031837BA4208BF43F031
:10A0F00001031BB9814B9A4240F062811368DB0671
:10A1000013D5A66099F83530042B136800F0AE80A3
:10A1100013F4802F136800F0D3801C0340F1DE801D
:10A12000D9F83C300BB148469847D9F85430002B49
:10A1300000F0B980D9F85430D8071FD5D9F80020DD
:10A14000042189F83510136823F0010313606C4B68
:10A15000A3FB0535AD0A02E01368D90704D5019BBE
:10A160000133AB420193F7D91368DB074CBF0323DC
:10A17000012389F83530002389F83430D9F84C3080
:10A18000002B00F09080484603B0BDE8F04318472C
:10A19000186840070AD5186820F004001860A2600B
:10A1A000D9F8542042F00102C9F8542027FA0CF2E1
:10A1B000D2077FF576AE534A5348834218BF934285
:10A1C00000F130000CBF01220022834208BF42F0A0
:10A1D00001021830834208BF42F001021830834266
:10A1E00008BF42F001021830834208BF42F001026A
:10A1F00000F55670834208BF42F0010218308342D6
:10A2000008BF42F001021830834208BF42F0010249
:10A210001830834208BF42F001021830834208BF61
:10A2200042F001021830834208BF42F001021830A8
:10A23000834208BF42F001021830834208BF42F057
:10A240000102002A7FF420AE002E7FF41DAE1A68B2
:10A25000042202FA0CF23A4240F09480102202FAF0
:10A260000CFC17EA0C0F3FF4F1AE84E623F0160362
:10A270001360536923F080035361D9F840309BB3D6
:10A28000136823F0080313603F230125002203FA1B
:10A2900001F1D9F85030A16089F8355089F834209F
:10A2A000002B7FF470AF03B0BDE8F0831B68180388
:10A2B0007FF5B7AED9F84830002B7FF4C3AEC5E6C2
:10A2C00013F480737FF42CAF116821F0100111603A
:10A2D000012289F8343089F8352021E7D9F8443053
:10A2E000002B7FF420AF20E7D9F84830002BC7D1EE
:10A2F000CAE700BF1000024028000240B804024034
:10A30000B5814E1B58000240400002404E4A4F4D5E
:10A31000AB4218BF934205F114050CBF0122002285
:10A32000AB4208BF42F001021435AB4208BF42F015
:10A3300001021435AB4208BF42F001021435AB42B2
:10A3400008BF42F001021435AB4208BF42F00102DF
:10A3500012B93F4A9342A6D1D9F85C5004261A6834
:10A3600005F01F05AE400E4219D0570717D510044F
:10A3700066604BD5D1034FD4D9F84830002B7FF419
:10A3800002AF90E71A68102202FA0CFC17EA0C0FD1
:10A390003FF45CAE1A6852077FF558AE34E60226E9
:10A3A000AE400E4211D097070FD56660140439D520
:10A3B000D00343D4D9F84430002B7FF4E4AE72E7E5
:10A3C00013689F077FF5B1AE9BE60826AE400E42AC
:10A3D0003FF469AF11077FF566AF1A68002122F0DC
:10A3E0000E021A600123D9F84C2003FA05F56560C6
:10A3F000C9F8543089F8341089F83530002A3FF410
:10A4000052AF484603B0BDE8F0431047920603D46C
:10A410001A6822F004021A60D9F84030002B7FF449
:10A42000B2AE40E712F0200208D11968012421F0F1
:10A430000A01196089F8354089F83420D9F83C3090
:10A44000002B7FF4A0AE2EE7085402581C5402588B
:10A450009454025890F83500704700BF406D704723
:10A460002DE9F04F0C6883B0002C00F0A6804FF06F
:10A47000000C8E4F634601229A4012EA040E00F04F
:10A4800095804D6805F0030909F1FF36012E40F271
:10A490009780B9F1030F40F0D18009FA0CF26FEA0E
:10A4A0000208066815F4403F06EA080842EA080276
:10A4B00002607BD0D7F8F42023F0030803F00309EF
:10A4C00042F0020208F1B0484FEA8909C7F8F420C7
:10A4D00008F58068D7F8F42002F002020192019A90
:10A4E0000F22D8F8086002FA09F226EA0202704E3A
:10A4F000B04229D006F58066B04200F0AC806D4EC7
:10A50000B04200F0AE806C4EB04200F09E806B4EC8
:10A51000B04200F0B2806A4EB04200F0B480694EA2
:10A52000B04200F0A480684EB04200F0B280674EA6
:10A53000B04200F0B480664EB0420CBF09260A2635
:10A5400006FA09F942EA0902C8F808204FF0B042B9
:10A55000EE026FEA0E0812684FF0B04654BF08EAE8
:10A5600002024EEA02023260AA0276684FF0B0425E
:10A5700054BF08EA06064EEA06065660D2F8846022
:10A58000AA034FF0B04254BF08EA06064EEA060698
:10A59000ED034FF0B045C2F88460D2F8802054BF7C
:10A5A00008EA02024EEA0202C5F8802001330CF1EB
:10A5B000020C34FA03F27FF45EAF03B0BDE8F08F13
:10A5C0004FF00308866808FA0CF826EA080ACE68F5
:10A5D0006FEA080806FA0CF646EA0A068660C5F332
:10A5E0000016D0F804A09E402AEA020232434260DC
:10A5F000C268B9F1020F8E6802EA080206FA0CF688
:10A6000046EA020609FA0CF2C6607FF44AAF03F08C
:10A6100007064FEAD3094FEA860B0F2600EB89099C
:10A6200006FA0BF6D9F820A02AEA060A0E6906FAFD
:10A630000BF646EA0A06C9F8206032E74FF0030835
:10A6400008FA0CF86FEA0808D2E7032606FA09F9B7
:10A6500042EA090278E7012606FA09F942EA090204
:10A6600072E7022606FA09F942EA09026CE70626B1
:10A6700006FA09F942EA090266E7042606FA09F928
:10A6800042EA090260E7052606FA09F942EA0902E8
:10A690005AE7072606FA09F942EA090254E70826AA
:10A6A00006FA09F942EA09024EE700BF00440258DF
:10A6B0000000025800080258000C0258001002580E
:10A6C0000014025800180258001C025800200258BA
:10A6D00000240258002900F0A88000232DE9F04F43
:10A6E000DFF8689183B0DFF86881DFF868A1DFF8F0
:10A6F00068B14FF0010E0EFA03F212EA010C6FD0AE
:10A7000023F0030503F003040F2640454D444FEAB0
:10A710008404AF6806FA04F607EA0607019721D019
:10A72000504566D0584567D0434FB8426ED0434F2E
:10A73000B84270D0424FB84263D0424FB84256D070
:10A74000414FB84272D0DFF814E1704568D0DFF8AD
:10A7500010E1704514BF4FF00A0E4FF0090E0EFACB
:10A7600004F400E00024019FA74219D14FF0B04447
:10A77000D4F8807027EA0C07C4F88070D4F884708D
:10A7800027EA0C07C4F88470676827EA0C0767603B
:10A79000276827EA0C072760AC6824EA0606AE6043
:10A7A00003255C0003F007070F2605FA04F405688B
:10A7B000BF00254306FA07F70560DD0800EB8505B5
:10A7C0002E6A26EA07062E62C56825EA0405C560DA
:10A7D000456825EA02024260826822EA0404846035
:10A7E000013331FA03F284D103B0BDE8F08F4FF0AA
:10A7F000060E0EFA04F4B6E74FF0020E0EFA04F459
:10A80000B1E74FF0050E0EFA04F4ACE74FF0030E7B
:10A810000EFA04F4A7E74FF0040E0EFA04F4A2E7D0
:10A820004FF0080E0EFA04F49DE770474FF0070E44
:10A830000EFA04F497E700BF000C0258001002580B
:10A840000014025800180258001C02580004005856
:10A850000000025800040258000802580020025864
:10A86000002402580369194214BF012000207047D8
:10A8700002B90904816170472DE9F04F056885B080
:10A880000446284607F0B0F9012802D005B0BDE81B
:10A89000F08F206807F072F90028F7D0206807F0E1
:10A8A0006DF910F4001F206802D04FF400134361CB
:10A8B00007F064F910F4801F206802D04FF4801371
:10A8C000436107F05BF910F0806F206802D04FF011
:10A8D0008063436107F052F910F0020F206801D045
:10A8E0000223436107F04AF910F0005F206875D138
:10A8F00007F044F9C20100F11081206807F03EF929
:10A90000030700F10381206807F038F9C7062668BD
:10A9100000F1E980304607F031F98001B6D52068B2
:10A9200007F0CAF9A2688146002A00F0D780002605
:10A9300005F5A0654FF02C0A2BE007F023F941073D
:10A9400063D508F5A063042203EB47139A6007223E
:10A950000AFB0743394683F86120206807F0B0F905
:10A960003946206807F00EF910F4007F3946206858
:10A970007BD008F5A06807F0A3F94FF4007308EB4B
:10A980004718C8F80830A26801362035964280F092
:10A99000A58006F00F0329FA03F3D907F4D52B6835
:10A9A000F7B2D4F800801B0439464046C5D407F0FE
:10A9B000E9F810F0040B40D008F5A0680423072242
:10A9C000394608EB4718C8F808300AFB074383F8F4
:10A9D0006120206807F074F9A268D5E74FF00053B2
:10A9E0004361D5F84034D90782D41021284606F0B7
:10A9F000E9FD284606F010FEA369022B00F0E08175
:10AA00002046FDF70FFB206872E73946206807F003
:10AA1000B9F8C20540F1BB8008F5A0634FF480721D
:10AA2000394603EB47139A6008220AFB074383F871
:10AA30006120206807F044F992E73946206807F062
:10AA4000A1F8810640F1B98008F5A06820220AFB30
:10AA500007F308EB4718C8F80820E21892F83D10F1
:10AA6000012900F05181A2688EE707F08BF8C20738
:10AA700040F1B78008F5A0682023E168780108EB71
:10AA8000471BCBF8083051B1DBF810200AFB074C0C
:10AA9000C2F31202DCF848309B1ACCF850300AFBA3
:10AAA00007430022DA65012283F86120CBF80820F1
:10AAB00093F83F2012F0FD0200F0C680012A00F05A
:10AAC000158101290AFB074700F0B38097F854303D
:10AAD00083F0010387F85430A26855E723684FF0EC
:10AAE00000725A61D2E6B36923F01003B361376A8A
:10AAF000C7F34341C7F30A12022902D1002A40F0EA
:10AB0000AC80B36943F01003B36103E72046FDF75F
:10AB100081FA206808234361F6E62668D6F84034B7
:10AB20000293D6F840340393039B23F02E03039340
:10AB3000029B9B0707D5029BDF0700F1A580039BC3
:10AB400043F002030393029B180715D5039B43F0C0
:10AB500008030393029B590740F19A80A1690229D7
:10AB600000F0EB802369012B03D14EF66022C6F87A
:10AB700004242046FDF75CFA029B9A0603D5039B4A
:10AB800043F020030393039BC6F84034B5E63946EF
:10AB9000206806F0F7FF030733D508F5A063082205
:10ABA000394603EB47139A6006220AFB074383F8F2
:10ABB0006120206807F084F8D2E63946206806F064
:10ABC000E1FF10F4007B67D008F5A0634FF400723A
:10ABD0003946206803EB47139A6007F071F8A268C2
:10ABE000D2E63946206806F0CDFF800640F1B080FD
:10ABF00008F5A068202308EB4718C8F80830A268B9
:10AC0000C2E63946206806F0BDFF400540F1888065
:10AC100008F5A0634FF48062394603EB47139A604E
:10AC200009220AFB074383F86120206807F048F8EF
:10AC300096E63B6DB7F84020013B1344B3FBF2F3BB
:10AC4000DB073FF543AF0EE73946206807F038F8D9
:10AC50001023E168CBF8083033E707F00F074FF017
:10AC60002C0808FB0748D8F8441000293FF449AFE6
:10AC7000D8F85030D8F84C001344834240F2DB80BF
:10AC8000042388F860303CE72046FDF7C7F956E713
:10AC90002046FDF7D1F96FE73946206806F072FFCC
:10ACA00010F0010300F091800AFB0742394620684A
:10ACB000C2F85CB0019206F065FF08F5A06310F0E1
:10ACC000400F019A03EB471304D0012182F83D1095
:10ACD00040229A60012239469A600AFB074383F8B2
:10ACE0006120206806F0ECFFA2684DE658F80010DD
:10ACF00041F0005148F800103946204683F86020A2
:10AD0000FDF794F9E168DCE682F83DB0603340F28B
:10AD100002323946E252206806F0D2FFA26833E6DA
:10AD20003946206806F02EFF01067FF519AE08F5BA
:10AD3000A063802203EB471308E6029B206803F41C
:10AD4000C023B3F5802F18BF012106F093FF10E751
:10AD50003946206806F016FF10F0020B00F08A80DA
:10AD600008F5A06802200AFB07F2790108EB4713F7
:10AD70009860A01890F86130012B00F09580062BA8
:10AD800000F0E980072B00F0D580092B00F0D2807D
:10AD9000052B00F01C81032B00F01E81042B00F01A
:10ADA0002D81082B00F01F81022B3FF45CAE0AFBC3
:10ADB00007433946204693F86020FDF737F952E6FD
:10ADC0000121206806F056FF1AE6394620680193F3
:10ADD00006F0D8FE420616D50AFB0742019B08F58D
:10ADE000A0683946D365052308EB471882F861301F
:10ADF000012382F83D30206806F062FF4023C8F846
:10AE00000830A268C0E53946206806F0BBFE10F0A5
:10AE1000080B4ED008F5A0630822394603EB471310
:10AE20009A6006220AFB074383F86120206806F037
:10AE300047FFA268A8E5304606F5A066019206F035
:10AE400005FE06EB4711D8F84430019A0969D8F895
:10AE500050001344C1F3C9411044C8F844307B0189
:10AE6000C8F8500021B1B8F84010914200F0A2801B
:10AE7000266846E63946206806F084FE10F0400257
:10AE80003CD008F5A06340200AFB0742394603EB9B
:10AE9000471398600523C2F85CB082F861302068DF
:10AEA00006F00EFFA2686FE5603240F20123A35264
:10AEB0007DE73946206806F065FEC3065DD50AFBCE
:10AEC00007430422C3F85CB083F8612093F83D3057
:10AED0003BB90AFB074393F83C2012B9012283F8DF
:10AEE0003D203946206806F0EBFE08F5A0681023E7
:10AEF00008EB4718C8F80830A26845E539462068CD
:10AF0000019206F03FFE10F0100F019A3FF4ABAD36
:10AF10000AFB074393F83F10032900F0868011F0E5
:10AF2000FD01E2D1E268D965002ADED1042283F86E
:10AF30006120D6E70AFB07424FF0020382F8613036
:10AF4000D36D0133022BD3650AD90023D3650423C3
:10AF500082F860302BE7603240F20523A35226E7E7
:10AF60004FF0020382F8603058F8013023F080433C
:10AF700043F0004348F8013019E73946206806F0ED
:10AF800001FE000653D5E368002B73D00AFB07438C
:10AF9000DA6D0132022ADA6562D84FF0020283F8D4
:10AFA000602008F5A068802308EB4718C8F808302F
:10AFB000A268E9E49A5922F0804242F000429A5194
:10AFC00098F8543083F0010388F8543050E74FF07C
:10AFD000020380F86130EAE60AFB07434FF0020201
:10AFE00083F86120E3E60AFB07F34FF40170E118F0
:10AFF0006033CA6D0132CA65E052D8E60AFB07F336
:10B0000040F2022003F160022344A05293F83F3043
:10B0100013F0FD0F7FF4CBAE58F8013023F08043DE
:10B0200043F0004348F80130C1E6DA657EE739466F
:10B03000206806F0A7FD410526D50AFB0743092233
:10B0400008F5A068394683F86120206808EB4718A6
:10B0500006F036FE4FF48063C8F80830A26893E427
:10B06000002239462046DA65042283F86020FCF786
:10B07000DDFF96E70AFB07430722394683F8612084
:10B08000206806F01DFE8CE73946206806F07AFD40
:10B0900082077FF5E8AC08F5A06802210AFB07F3F8
:10B0A000780108EB47129160E21892F861100129CB
:10B0B00027D0032920D0042946D0052944D00629C9
:10B0C00015D0072902D009297FF4CDAC0AFB07432C
:10B0D0004FF0020283F86120DA6D0132022ADA654C
:10B0E00037D90022DA65042283F860205FE66033F6
:10B0F00040F20522E2525AE64FF0020382F8613034
:10B1000055E6603340F20121E15292F83F30023BB4
:10B11000012B3FF64CAEE3687BB1012B7FF447AEC9
:10B12000D36C002B3FF443AEB2F84010013B0B440C
:10B13000B3FBF1F3DB077FF53AAE92F8553083F0BD
:10B14000010382F8553032E6603340F20222E252C7
:10B150002DE64FF0020283F8602058F8003023F00B
:10B16000804343F0004348F8003020E690F8F8327E
:10B17000012B0CD0012310B50446006884F8F83286
:10B1800006F010FE0023184684F8F83210BD0220A5
:10B19000704700BF2DE9F04703684FF020080546CF
:10B1A0000E461746986910F0020940F09E809C698F
:10B1B00014F0100468D010223C46CA46DA61711CB3
:10B1C0009A6963D1900600F19380BAF1000F04D11F
:10B1D0009C69A106FCD5C3F81C8049F00404012138
:10B1E0009A69D00530D54FF48071560544F00104BA
:10B1F000D96104D54FF4806144F00804D961910508
:10B2000004D54FF4007244F00204DA619A699007A1
:10B2100001D500229A629A69D10703D49A6942F053
:10B2200001029A615A680021344820260240012018
:10B230005A606B6C85F840101C436C6485F8416063
:10B2400085F84210BDE8F0875005D3D49205D8D4D4
:10B250000029DBD1721CA5D0FCF764FFC01B2B6852
:10B26000B04201D8002E9DD19A6912F0020299D104
:10B270006B6C2021012085F840200B436B6485F81E
:10B28000411085F84220DDE72146A9E792062FD438
:10B29000BAF1000FA1D1FCF745FF001B2B688642D5
:10B2A00001D3002E8BD1586895F842209969D2B20B
:10B2B00009040BD5410409D4202A07D05A6842F466
:10B2C00080425A60FCF72EFF2B6804469A6990066C
:10B2D0003FF575AFFCF726FF001B2B681928F5D941
:10B2E0004FF020094FF0010A69E70020BDE8F08720
:10B2F000BAF1000F3FF46FAF6FE700BF00E800FE48
:10B3000003682DE9F04790469A69940665D406468D
:10B310000F464FF010099C6914F0100460D000250E
:10B320004446C3F81C90AA46791C9A695AD19006E3
:10B330007DD4BAF1000F04D19C69A106FCD520226E
:10B34000DA6145F0040401219A69D00530D54FF443
:10B350008071550544F00104D96104D54FF4806132
:10B3600044F00804D961970504D54FF4007244F005
:10B370000204DA619A69900701D500229A629A69FB
:10B38000D10703D49A6942F001029A615A680021F8
:10B3900034482025024001205A60736C86F8401022
:10B3A0001C43746486F8415086F84210BDE8F0876B
:10B3B0005005D3D49505D8D40029DBD1FCF7B2FED3
:10B3C000A0EB08003368B84200D81FB99A6912F0A0
:10B3D000200230D09A6992069DD50020BDE8F08702
:10B3E0002146B1E7920622D4BAF1000FA9D1FCF7A9
:10B3F00099FE001B3368874201D3002F94D158680F
:10B4000096F842209969D2B2090403D5410401D4C7
:10B41000202A1DD19A69900686D4FCF783FE001B72
:10B4200033681928F6D920254FF0010A7CE7BAF1D4
:10B43000000F84D085E7736C2021012086F840201E
:10B440000B43736486F8411086F84220BDE8F0870C
:10B450005A6842F480425A60FCF764FE336804463E
:10B46000D8E700BF00E800FE00284ED010B590F8E5
:10B470004130044603F0FF02002B41D02368242111
:10B48000626884F84110196822F07062E06821F067
:10B490000101012819601A619A6822F400429A6039
:10B4A000A26829D042F4044202289A6002D14FF4E3
:10B4B00000625A6058684FF0200C15492269014318
:10B4C0005960D96821F40041D960D4E905010243EB
:10B4D00042EA0122D4E90710DA6000220143104653
:10B4E0001960196841F001011960626484F841C073
:10B4F000226384F8422010BD42F400429A60D9E7EA
:10B5000080F84020FAF78EFDB8E70120704700BFB1
:10B51000008000022DE9F84F1E4690F841300A9D48
:10B52000202B2CD190F840308346012B27D00123CB
:10B530008A46144680F84030FCF7F4FDDBF8003012
:10B5400080469A6917041DD5FCF7ECFDA0EB0800B6
:10B55000DBF800301928F4D99A691004F1D5DBF82A
:10B5600044302021002201200B438BF84020CBF8EF
:10B5700044308BF841108BF84220BDE8F88F022050
:10B58000BDE8F88F21210022CBF824408BF8411030
:10B590001021CBF834208BF84210CBF84420ABF8C4
:10B5A0002A60BBF82A2092B2FF2A6ED8BBF82A2064
:10B5B00092B2ABF82820002A40F058815A68AF496F
:10B5C0000A40CAF30901CAF3090A1143AC4A0A4303
:10B5D0005A604FF02009BBF82A2092B2002A00F0EE
:10B5E00006819C6914F0020440F0CA809A6912F046
:10B5F000100200F09280102246462746DA61691C4C
:10B600009A6940F08C80900600F1078127B99A6909
:10B610009106FCD5C3F81C9044F0040201209969FE
:10B62000CE0554D54FF480704D0542F00102D8612B
:10B6300004D54FF4806042F00802D861890504D532
:10B640004FF4007142F00202D96199698E0701D569
:10B65000002199629969CD0703D4996941F00101EC
:10B6600099615968002487482025014001205960CC
:10B67000DBF844308BF840401A43CBF844208BF879
:10B6800041508BF84240BDE8F88FFF22FE214FF079
:10B690008070ABF828204FF47F02CAF309063243CA
:10B6A000B24614F8016B9E62ABF82810BBF82A1062
:10B6B000CBF824400139714C89B2ABF82A10596893
:10B6C00021400A43024342F400525A6081E74C058C
:10B6D000AFD48F05B4D40028B7D16A1C81D0FCF751
:10B6E00021FDA0EB0800DBF80030854202D3002DDD
:10B6F0007FF477AF9A6912F002027FF472AFDBF841
:10B700004430202101208BF840200B43CBF84430FB
:10B710008BF841108BF8422032E710467FE7920603
:10B720007BD4002F7FF478AFFCF7FCFC801BDBF8A8
:10B730000030854202D3002D7FF461AF58689BF83A
:10B7400042209969D2B209040CD541040AD4202AB6
:10B7500008D05A6842F480425A60FCF7E3FCDBF8F8
:10B76000003006469A6990063FF549AFFCF7DAFCCF
:10B77000801BDBF800301928F4D9202401273EE78C
:10B78000DBF82400BBF8282010F8011B013A99626D
:10B79000BBF82A1092B2CBF824000139ABF828206C
:10B7A00089B2ABF82A10BBF82A1089B200293FF4FD
:10B7B00012AF002A7FF40FAF6C1C32D19A691006C9
:10B7C000FCD5BBF82A2092B2FF2A3CD95A682E49F0
:10B7D0000A402E494AEA02021143FF22ABF8282010
:10B7E0005960BBF82A2092B2002A7FF4FAAE424692
:10B7F00029465846FFF784FD002835D1DBF8003094
:10B800002021204CD9615A6822405A608BF841109F
:10B810008BF840008BF84200B2E6002F3FF4FAAEFE
:10B82000FAE69A691106CCD4FCF77CFCA0EB080080
:10B83000DBF80030854201D3002DBDD19A6912F0AA
:10B840008002B9D15BE7BBF82A200F4892B2D1B28F
:10B85000ABF828205A6802404AEA020242EA014252
:10B8600042F000725A60B6E6012089E6013A4FF0D4
:10B87000007091B24A1CD2B212040EE7009800FC8C
:10B880000020000200E800FE009C00FC0000FF0118
:10B890002DE9F0471F4690F84130202B62D1044635
:10B8A0000D46002957D0B2FA82F916464FEA5919C7
:10B8B000002A50D05FFA83FA90F84030012B51D023
:10B8C000012380F84030FCF72DFC2123656280467F
:10B8D000256884F8413084F842A0C4F84490668515
:10B8E0006B68C4F8349023F400436B60791C3DD13D
:10B8F000AE693207FCD5236AB3F5003F00F0B18092
:10B900000823EB61E368022B61D07A1C40F095803C
:10B91000AB69DB03FCD5638D9BB273B96EE0626AE1
:10B92000256812F8013BAB62638D6262013B9BB2FA
:10B930006385638D9BB2002B60D04246394620461A
:10B94000FFF728FC0028EAD022680126536843F458
:10B950000043536003E04FF40073012663643046F4
:10B96000BDE8F08702263046BDE8F087AB691B07CB
:10B97000C1D4FCF7D7FBA0EB08002568874201D3B0
:10B98000002FB3D1AB6913F00803AFD1626C202153
:10B9900084F8403001260A433046626484F841103E
:10B9A00084F842306B6843F400436B60BDE8F08775
:10B9B000AB69190710D4FCF7B5FBA0EB08002568AC
:10B9C000874200D31FB9AB6913F00803DED07E1C99
:10B9D000EED1AB691807FCD50823EB6195E7AB699D
:10B9E000DA0610D4FCF79EFBA0EB0800256887421E
:10B9F00000D31FB9AB6913F01003C7D0781CEED188
:10BA0000AB69D906FCD5AB699B0734D4AB69DE07BB
:10BA100003D4AB6943F00103AB61102342463946BE
:10BA20002046EB61FFF76CFC2268064630B3536892
:10BA3000012643F40043536091E7AB69DE033FF511
:10BA40006AAFFCF76FFBA0EB08002568874202D3C2
:10BA5000002F7FF45AAFAB6913F480337FF455AFF6
:10BA600094E7636A13F8012BAA626362638D013B5A
:10BA70009BB2638544E70023AB62C7E72023D36111
:10BA8000781C0FD193691904FCD45368002120203D
:10BA900043F40043536084F8410084F8401084F874
:10BAA00042105CE793691B04EFD5FCF73BFBA0EB6E
:10BAB00008002268874201D3002FE1D193691D0459
:10BAC000DED5636C202000210126034384F840105A
:10BAD000636484F8410084F84210536843F40043DF
:10BAE00053603CE72DE9F041044690F841002028DE
:10BAF00037D126680D46B16911F4004131D194F86F
:10BB0000400001282DD02120626284F841001020DD
:10BB100084F842000120616463854B4B84F8400047
:10BB2000E362638D49489BB26063FF2B1CD8608D34
:10BB300080B22085002872D1C5F30905444B454ADF
:10BB400000202943756862631D40434B29430B4322
:10BB5000736084F84000336843F0F2033360BDE85B
:10BB6000F0810220BDE8F0811146FF234FF080787C
:10BB7000238511F8013BB362638D6162013B9BB287
:10BB80006385FE232385A76B002F3BD0334806F146
:10BB900028020026F86332483E64F86438463E6561
:10BBA000FDF724FD00BB2268C5F30903268D556807
:10BBB00043EA0803264F711C3D40C9B22B4343EAB8
:10BBC000014343F400535360638D84F840009B1B92
:10BBD0009BB26385136843F090031360136843F4CA
:10BBE00080431360BDE8F0812023012084F8406089
:10BBF00084F8413084F84260636C43F0100363645E
:10BC0000BDE8F0812023012084F8407084F84130A1
:10BC100084F84270636C43F080036364A2E71146CA
:10BC2000431E11F8012B9BB2B262628D6162013A30
:10BC3000238592B2628513B14FF00078A3E7010427
:10BC400001F47F0178E700BF0000FFFF81CC00080E
:10BC5000009800FCB1C8000800200002F9CE0008DE
:10BC6000B1CE00082DE9F0410D4690F84110202991
:10BC700036D101680446886910F4004030D194F848
:10BC80004060012E2CD02226626284F8416010268A
:10BC900084F842606064012063853C4B84F8400076
:10BCA000E3623B4B6363638D9BB2FF2B1BD8638DB9
:10BCB0009BB22385002B59D1364AC5F30905364876
:10BCC00062634A68024018461543344A2A434A6070
:10BCD00084F840300B6843F0F4030B60BDE8F0815A
:10BCE0000220BDE8F081FF234FF080772385E66BCB
:10BCF000002E3ED02A484FF000082431F063294836
:10BD0000C6F84080F0643046C6F85080FDF76EFCFF
:10BD1000F0B92268C5F30903218D55683B431E4FD6
:10BD2000CEB23D402B4343EA064343F410535360E5
:10BD3000638D84F840005B1A9BB26385136843F0FF
:10BD400090031360136843F400431360BDE8F0816F
:10BD50002023012084F8408084F8413084F8428018
:10BD6000636C43F010036364BDE8F0814FF000772B
:10BD7000BDE72023012084F8406084F8413084F836
:10BD80004260636C43F080036364AAE70000FFFF36
:10BD900081CC0008B1C80008009800FC0024000213
:10BDA00091CF0008B1CE000838B590F84130202B73
:10BDB00058D10446002950D0D8B2B2FA82F35B09B8
:10BDC000002A4AD094F840C0BCF1010F4AD04FF08D
:10BDD000210C616284F841C084F84200636462858A
:10BDE000354A638D354862639BB2226AE062012066
:10BDF000B2F5003F238584F840000BD111F8010B08
:10BE0000013B22689BB29062628D6162013A238598
:10BE100092B26285628D92B2002A32D0A26B1AB3BE
:10BE200027480025D06327481564D064104615655F
:10BE300022682832FDF7DAFB80BB23685A6822F4B7
:10BE400000425A6084F840001A6842F0B8021A6052
:10BE50001A6842F480421A6038BD4FF40073012022
:10BE6000636438BD022038BD2823012084F84020B7
:10BE700084F8413084F84220636C43F080036364AB
:10BE800038BD23681046596821F40041596084F890
:10BE900040201A6842F0B8021A6038BD28230120F9
:10BEA00084F8405084F8413084F84250636C43F089
:10BEB0001003636438BD00BFF5CA00080000FFFF2F
:10BEC00081C00008B1CE0008F8B590F84130202BB1
:10BED00043D1044600293BD0B2FA82F67609002A03
:10BEE00036D0D8B294F84030012B36D02223012727
:10BEF000E56B84F8413084F8420066646285254A27
:10BF0000638DE2629BB2244A61622385626384F896
:10BF10004070002D30D021480A462168E86320484F
:10BF200024312E64E86428462E65FDF75FFBB0B926
:10BF300023685A6822F400425A6084F840001A6864
:10BF400042F0B8021A601A6842F400421A60F8BD62
:10BF50004FF4007301206364F8BD0220F8BD28236C
:10BF6000384684F8406084F8413084F84260636C5D
:10BF700043F010036364F8BD2823384684F840502A
:10BF800084F8413084F84250636C43F0800363646A
:10BF9000F8BD00BF0000FFFFF5CA000859C0000847
:10BFA000B1CE00080268436B9169126803B118476B
:10BFB000704700BF0168002208B50B6880F8422076
:10BFC0005A0425D50B6823F480430B6090F8413068
:10BFD000292B27D090F841302A2B00D008BD2822E9
:10BFE00022234FF0000C80F84120036390F8412099
:10BFF0000B6802F02802282A0CBF6FF044026FF091
:10C00000F40213400B6080F840C0FAF72BFA08BD29
:10C010001B04DBD50B6823F400430B6090F8413020
:10C02000292BD7D1282221234FF0000C80F8412062
:10C03000036390F841200B6802F02802282A0CBF05
:10C040006FF042026FF0F20213400B6080F840C0C4
:10C05000FAF7BEF908BD00BF806BC26BC16A1268F7
:10C06000536870B413B911F5803F01D170BC7047AB
:10C070000268136823F4004370BC1360FFF79ABF93
:10C08000806B38B5C36A33F0807300D038BD026866
:10C09000116821F480411160116880F842304C042D
:10C0A00025D40B0403D5136823F40043136090F8E0
:10C0B0004130292B23D090F841302A2BE6D122237E
:10C0C0002821002480F84110036390F8411015687E
:10C0D00001F0280128290CBF6FF044036FF0F4032E
:10C0E0002B40136080F84040FAF7BCF938BD136864
:10C0F00023F48043136090F84130292BDBD12123B6
:10C1000028214FF0000C80F84110036390F8411093
:10C11000146801F0280128290CBF6FF042036FF06A
:10C12000F2032340136080F840C0FAF751F938BD9C
:10C13000704700BF70B504688446C368A169A269EE
:10C14000022BA568C1F300414FEA1242E66802F0F3
:10C15000FE020FD182EAD513C5F3090213F00603DC
:10C1600006D1856C01358564856C022D0CD070BDBF
:10C1700006F0FE02236823F0B803236000238CF846
:10C180004030FFF7D5FF70BD08258364E56180F876
:10C190004030FFF7CDFF70BD704700BF704700BF54
:10C1A000704700BF704700BF806B08B5836B0BB151
:10C1B00000221A65C36B0BB100221A6590F841305A
:10C1C000602B4FF0000305D0036380F84030FAF78E
:10C1D00093F908BD202280F8403080F841200363A5
:10C1E000FFF7E0FF08BD00BF70B5584A002590F882
:10C1F0004130044680F84250283BC2624585426C7B
:10C20000022B41EA020141646FD890F8411090F886
:10C21000410001F02801236800F0280028291A684D
:10C2200014BF6FF0F6016FF0460128284FF0280088
:10C2300018BF6FF0F6010A401A60454A84F84100C1
:10C240006263A06B226B18B1112A1ED0212A1CD068
:10C25000E06B18B1122A2ED0222A2CD094F841304B
:10C26000602B4FF0000306D02046236384F8403053
:10C27000FAF742F970BD2022204684F8403084F855
:10C2800041202363FFF78EFF70BD1A68510458D414
:10C29000FEF7E0F80128E1D0A06B00232D4A0265EB
:10C2A00084F84030FDF7BCFC0028E3D0A06BBDE86B
:10C2B0007040036D18471A68120403D51A6822F4F7
:10C2C00000421A60FEF7C6F80128C7D0E06B0023D1
:10C2D000204A026584F84030FDF7A2FC0028C9D04E
:10C2E000E06BBDE87040036D1847036890F841208B
:10C2F00090F841201A6822F0FE021A609A699207AB
:10C3000000D59D629A69D60703D49A6942F001026A
:10C310009A6194F84120602A10D0202284F84120AC
:10C320009A6995060AD59A69D00605D51022DA6170
:10C33000626C42F0040262642022DA6100226263CD
:10C340007FE71A6822F480421A60A1E70000FFFF2D
:10C35000D5C50008A9C10008F8B5044603680D4614
:10C3600020211868E66A94F84120D961A2F12801D9
:10C37000012902D9D2B2212A5BD194F841201A684E
:10C3800022F0FA021A60212222635A688F4942F48D
:10C3900000425A605A680A405A609A69910701D56A
:10C3A00000229A629A69D20703D49A6942F0010284
:10C3B0009A61470440F184801A6822F480421A602E
:10C3C000A26B1AB111684A6892B262856A070AD5EF
:10C3D0005A6A25F00405636A1A70636A013363625E
:10C3E000238D002B65D1638D9BB21BB1636C43F031
:10C3F00004036364EB0601D5C70634D4002784F830
:10C400004270666C6763002E65D1E36A704DAB4283
:10C410001BD194F84130204684F84060222B4FF025
:10C42000200384F84130266300F09D80F9F7D0FFA7
:10C43000F8BD02F0F702222AA7D194F8411019683A
:10C4400021F0FC01196022639FE72046FFF7B2FD4F
:10C450002023E562204684F8413084F8406026635A
:10C46000FFF79AFEF8BD638D9BB2002B6BD194F859
:10C470004120B6F1007FD2B201D1282A76D094F8BB
:10C4800041301022292B2368DA61B7D116F5803F9D
:10C49000B4D09A69910701D500229A629A69D207AD
:10C4A00003D49A6942F001029A612046FFF782FDA7
:10C4B000A4E7013B2385638D013B9BB2638592E733
:10C4C000010483D51A6822F400421A60E26B002A44
:10C4D0007FF478AF7AE7616C2046FFF785FE94F829
:10C4E0004130282BA4D12023394A6763E2622763B5
:10C4F00084F841306B0784F8427012D52268636A71
:10C50000526A1A70636A228D013363624AB1638D85
:10C51000013A013B22859BB26385636C43F00403BF
:10C5200063642368102094F84120002194F841208E
:10C530001A6822F0FE021A60D861204684F8401082
:10C54000FFF72AFEF8BD23681022DA61636C43F01E
:10C550000403636436F080737FF450AF616C20464F
:10C56000FFF742FE4AE7F9F77DFFF8BD18492022A0
:10C5700068076363E162236384F8412084F84230F2
:10C5800012D52268636A526A1A70636A228D013377
:10C5900063624AB1638D013A013B22859BB2638598
:10C5A000636C43F0040363642368102194F8412012
:10C5B000204694F841201A6822F0FE021A600022F8
:10C5C000D96184F84020FFF7E7FD17E700E800FE97
:10C5D0000000FFFF38B590F840C0C56ABCF1010FFC
:10C5E00000F0B5804FF0010C11F0200F04460B460F
:10C5F00080F840C003D012F0200F40F08A80D806A7
:10C6000043D5D10641D5628D92B2002A40F0A18077
:10C6100094F84110B5F1007FC9B240F0818028291B
:10C620007ED1574820215B076263E062226384F871
:10C63000411084F8422012D52268636A526A1A7047
:10C64000636A228D013363624AB1638D013A013B13
:10C6500022859BB26385636C43F0040363642368A3
:10C66000102094F84120002194F841201A6822F00B
:10C67000FE021A60D861204684F84010FFF78CFD56
:10C680000023184684F8403038BD59070DD41907E7
:10C6900029D5100727D594F8413003F02803282B1B
:10C6A0006AD023680822DA61EAE75007EFD5638D84
:10C6B0009BB26BB12268636A526A1A70638D616AB9
:10C6C000228D013B0131013A9BB261622285638573
:10C6D000638D9BB2002BD3D115F5803FD0D020467F
:10C6E000FFF768FCCCE79907CAD59307C8D5638DD7
:10C6F0009BB2002B3CD0616A236811F8010B228D9C
:10C700009862638D013A6162013B22859BB2638529
:10C71000B6E7FFF721FE0023184684F84030B3E760
:10C7200094F841301022292B2368DA61A8D115F53D
:10C73000803FA5D09A69950701D500229A629A692F
:10C74000D007CCD49A6942F001029A61C7E702206F
:10C7500038BD23681022DA61636C43F0040363641C
:10C7600035F080738CD1616C2046FFF73DFD87E783
:10C7700035F0807384D1B2E72046FFF7DBFC7FE71A
:10C780000000FFFF2022036810B5DA6182B090F844
:10C790004120212A53D090F84120222A38D05A68CB
:10C7A000414C224000245A60404A4463C262CA0697
:10C7B00005D51022DA61426C42F00402426490F81E
:10C7C0004120602A34D09A69910701D500229A62EB
:10C7D0009A69D20703D49A6942F001029A61436CC4
:10C7E00090F84120602A0DD01A1E18BF01224BB9C3
:10C7F00090F84130212B41D090F84130222B2ED09F
:10C8000002B010BD416C02B0BDE81040FFF7ECBCB7
:10C8100090F841401A6804F02804282C0CBF6FF0EF
:10C8200044046FF0F404224012241A600463B6E753
:10C830004C07C8D55A6AD2B20192019AC3E790F860
:10C8400041401A6804F02804282C0CBF6FF0420401
:10C850006FF0F204224011241A6004639FE7202342
:10C8600080F8402080F84130026390F8423080F830
:10C870004220402B14D0F9F761FDC1E7202380F856
:10C88000402080F84130026390F8423080F8422026
:10C89000402B02D0F9F708FDB2E7FFF77FFCAFE7C6
:10C8A000FFF77EFCACE700BF00E800FE0000FFFFE2
:10C8B00090F84030012B00F0C48001232DE9F041B5
:10C8C00080F84030CB0604460D4690461DD512F048
:10C8D000100F1AD003681021D961416C41F0040196
:10C8E00041649969880701D5002199629969C9074E
:10C8F0006ED5A90603D518F0200F40F098800023CC
:10C90000184684F84030BDE8F0816A0718D46B06F9
:10C910002AD4A80740D518F0020F3DD0638D9BB2F2
:10C92000002BE6D0616A238D11F8016B013B206872
:10C9300086622385638D6162013B9BB26385D8E784
:10C9400018F0040FE3D0216825F00405636A496AF2
:10C950001970638D616A013B01319BB26162218D67
:10C9600063854B1E2385C4E72B0617D418F0400FB0
:10C97000BFD0638D9BB2002B54D121684B6813F05C
:10C980000073B6D1E06A10F5803F40F085804B68B7
:10C9900043F480434B60ACE72A06AAD518F0400F59
:10C9A000A7D0638D9BB2C3B1238DB3B92068416812
:10C9B000638DC1F309019BB2FF2B59D943684B4EDC
:10C9C000334019434A4B0B43FF212185436090E7D5
:10C9D000996941F0010199618BE721684B6813F077
:10C9E00000731FD184F8423094F84100636321281A
:10C9F0004FF0200084F8410025D01220206394F8E5
:10CA000041000F6800F02800282820460CBF6FF076
:10CA100044066FF0F4063E400E6084F84030F9F7AB
:10CA20008DFC66E740212046FFF7DEFB61E72046EC
:10CA30002946FFF7A7FE0023184684F84030BDE8DA
:10CA4000F081022070471120206394F841000E68A5
:10CA500000F02800282820460CBF6FF042076FF036
:10CA6000F2073E400E6084F84030F9F71DFC40E7C5
:10CA7000638DE66A9BB216F5803F2385DBB22BD02F
:10CA8000E66A46EA0343194E0B43416823F000432C
:10CA900031400B4343602CE784F8423094F8410066
:10CAA000636321284FF0200084F84100A5D11120B4
:10CAB000206394F841000F6800F0280028282046E1
:10CAC0000CBF6FF042066FF0F2063E400E6084F835
:10CAD0004030F9F7E9FB0CE74668044F3E4031432C
:10CAE00041EA034343F00073436002E7009C00FC0B
:10CAF0000000FF01F8B590F840C0C56ABCF1010F15
:10CB000000F081804FF0010C8F0604460B4680F840
:10CB100040C001D5960651D4D80641D5D1063FD59F
:10CB2000D10B960B41EA923212F001026DD0E06B0C
:10CB300006F00106002848D0CF0746D500684168B6
:10CB4000002942D1A16B29B126B10868416809B119
:10CB5000002A3FD094F84120282A02D1B5F1007F65
:10CB60005BD094F8413015F5803FDBB24DD0292BD6
:10CB70004BD123681022DA619A69950701D500220A
:10CB80009A629A69D00703D49A6942F001029A61C5
:10CB90002046FFF70FFA0023184684F84030F8BD0E
:10CBA0001907F8D51307F6D594F8413003F0280398
:10CBB000282B2ED023680822DA61ECE7FFF7CCFBA4
:10CBC0000023184684F84030E9E7A16B11B10EB19B
:10CBD0000022BAE723681022DA6135F08072636CB4
:10CBE00043F00403636494F84130DBB2D3D103F023
:10CBF000F703212B01D0222B00D12363616C204647
:10CC0000FFF7F2FAC7E70220F8BD23681022DA61C5
:10CC1000C1E72046FFF78EFABDE700221748202122
:10CC20005E07E0626263226384F8411084F8422068
:10CC300012D52268636A526A1A70636A228D0133C0
:10CC400063624AB1638D013A013B22859BB26385E1
:10CC5000636C43F0040363642368102094F841205C
:10CC6000002194F841201A6822F0FE021A60D8616F
:10CC7000204684F84010FFF78FFA8CE70000FFFF92
:10CC800038B590F84030012B00F085800123CD06A7
:10CC9000044680F8403024D5D00622D510222368DF
:10CCA000616B8048DA61626C814242F00402626426
:10CCB0006FD07D4A91426CD020211A680A431A60D5
:10CCC0009A69920701D500229A629A69D50703D41E
:10CCD0009A6942F001029A610023184684F84030B4
:10CCE00038BD080637D553064BD523681A6822F09D
:10CCF00040021A60628D92B2002A4ED05868618D4F
:10CD0000C0F3090089B2FF296FD8628DE56A91B23C
:10CD100015F5803F218500F08F805FFA81FCE26A83
:10CD20004FEA0C4C42EA0C02604D0243586822F074
:10CD30000042284002435A60628D521A92B26285C4
:10CD400094F84120222A1A680CBF42F4004242F4AF
:10CD500080421A60C0E74D0613D5500611D5638D89
:10CD60009BB2002B3CD12268536813F00073B3D1FF
:10CD7000E16A11F5803F40D1536843F4804353602A
:10CD8000AAE78B06A8D59206A6D52046FFF7FAFC9F
:10CD9000A2E7602191E7022038BD5A6812F00072C4
:10CDA0001ED184F84220202094F84110212949D036
:10CDB000122184F841006263216394F841001968EC
:10CDC00000F0280028280CBF6FF044006FF0F4003A
:10CDD00001402046196084F84020F9F7AFFA7BE75C
:10CDE00040212046FFF700FA76E7FF224FF47F0C40
:10CDF000114622854FF0807294E784F8423020205B
:10CE000094F84110212935D0122184F84100636340
:10CE1000216394F84100116800F0280028280CBF15
:10CE20006FF044006FF0F40001402046116084F878
:10CE30004030F9F783FA4FE7CAB24FEA024C4FF09D
:10CE400000726FE7112184F841006263216394F856
:10CE50004100196800F0280028280CBF6FF042003C
:10CE60006FF0F20001402046196084F84020F9F785
:10CE70001BFA31E7112184F841006363216394F8C0
:10CE80004100116800F0280028280CBF6FF0420014
:10CE90006FF0F20001402046116084F84030F9F74D
:10CEA00003FA19E7F5CA000881CC0008009C00FCD1
:10CEB00038B5846BA56B25B12A685568B5FA85F538
:10CEC0006D09E36B8BB11A68536873B9FDF7C6FA45
:10CED000022810D0226820461021536843F40043F2
:10CEE0005360BDE83840FFF77FB9FDF7B7FA022875
:10CEF00001D0002DEED138BD10B5846B22681368C7
:10CF000023F480431360638D9BB25BB9636B1E494E
:10CF10008B422AD01D498B4227D0202113680B4316
:10CF2000136010BD638D616A208D9BB20144FF2B9D
:10CF3000616217D8608D80B2034620852832A06BCD
:10CF4000FCF754FBC8B9636B0F4A93420FD00F4AEA
:10CF50009B1AB3FA83F35B094BB921680A68134340
:10CF60000B6010BDFF231846E7E76021D6E7216874
:10CF700040230A6813430B60F3E720461021BDE805
:10CF80001040FFF731B900BFF5CA000881CC000896
:10CF900010B5846B21680B6823F400430B60638D2C
:10CFA0009BB25BB9636B1E4A93422AD01D4A9342DF
:10CFB00027D020220B6813430B6010BD638D626A7B
:10CFC000208D9BB20244FF2B626217D8608D80B225
:10CFD000034620852431E06BFCF708FBC8B9636B7E
:10CFE0000F4A93420FD00F4A9B1AB3FA83F35B099F
:10CFF0004BB921680A6813430B6010BDFF23184624
:10D00000E7E76022D6E7216840230A6813430B60F4
:10D01000F3E720461021BDE81040FFF7E5B800BF58
:10D02000F5CA000881CC000890F84100704700BFA5
:10D0300090F84120202A23D15FFA82FC90F840200A
:10D040000346012A1CD00268242000B583F8410061
:10D050004FF0000E106820F001001060106820F4FE
:10D06000805010601068014370461160116841F0F3
:10D070000101116083F841C083F840E05DF804FBD2
:10D080000220704790F84120202A22D1034600B5A3
:10D090005FFA82FE90F84020012A1CD0026824200A
:10D0A0004FF0000C83F84100106820F00100106080
:10D0B000106820F4706040EA012160461160116838
:10D0C00041F00101116083F841E083F840C05DF850
:10D0D00004FB0220704702205DF804FB2DE9F04FAD
:10D0E000056889B00446284604F07EFD10B109B0F9
:10D0F000BDE8F08F8346206804F040FD0028F6D09C
:10D10000D5F8083805F500622068C3F30D230292B4
:10D11000C4F8FC3404F032FD10F0020F206803D094
:10D12000436903F00203436104F028FD10F0100F7F
:10D13000206812D0836923F0100383612E6AC6F33E
:10D14000434306F00F07022B00F0E383062B00F0A9
:10D150002283836943F01003836104F00FFD07030A
:10D1600000F18082206804F009FD460300F1288266
:10D17000206804F003FD0028C0F29A81206804F0C2
:10D18000FDFC030500F15781206804F0F7FC06015F
:10D1900014D52268536903F00063536194F8F434A2
:10D1A000002B40F0AB820121204684F8F414536D2B
:10D1B000C3F38303C4F8F83400F04CFE206804F095
:10D1C000DDFCC00400F19E81206804F0D7FC10F45F
:10D1D000005F206840F07F8104F0D0FC010700F17F
:10D1E000E681206804F0CAFC020671D5AA6963686A
:10D1F00022F08002012BAA616AD994F8A322012AA5
:10D2000000F0E883022B63D994F8C722012A00F0CA
:10D21000FC83032B5CD994F8EB22012A00F0B48242
:10D22000042B55D994F80F23012A00F0C782052B4F
:10D230004ED994F83323012A00F02484062B47D9D1
:10D2400094F85723012A00F03184072B40D994F831
:10D250007B23012A00F04884082B39D994F89F23B6
:10D26000012A00F05584092B32D994F8C323012AEE
:10D2700000F062840A2B2BD994F8E723012A00F0EE
:10D280006F840B2B24D994F80B24012A00F07C84A2
:10D290000C2B1DD994F82F24012A00F07D840D2B2E
:10D2A00016D994F85324012A00F09D840E2B0FD92F
:10D2B00094F87724012A00F0A4840F2B08D994F85D
:10D2C0009B34012B04D104F59361206804F064FBC6
:10D2D000206804F053FCC30240F1AB806368012B6B
:10D2E00040F2898094F86420D5F82019012A00F0D2
:10D2F0001482022B7FD994F88820D5F84019012A8E
:10D3000000F01E82032B76D994F8AC20D5F8601972
:10D31000012A00F02182042B6DD994F8D020D5F891
:10D320008019012A00F02482052B64D994F8F42096
:10D33000D5F8A019012A00F04183062B5BD994F897
:10D340001821D5F8C019012A00F05383072B52D9B0
:10D3500094F83C21D5F8E019012A00F05E83082BEF
:10D3600049D994F86021D5F8001A012A00F06183A8
:10D37000092B40D994F88421D5F8201A012A00F00D
:10D380006C830A2B37D994F8A821D5F8401A012AC2
:10D3900000F080830B2B2ED994F8CC21D5F8601A9D
:10D3A000012A00F095830C2B25D994F8F021D5F8AB
:10D3B000801A012A00F0A0830D2B1CD994F81422A6
:10D3C000D5F8A01A012A00F0AB830E2B13D994F8DC
:10D3D0003822D5F8C01A012A00F0B6830F2B0AD9DB
:10D3E00094F85C22D5F8E01A012A00F0C183102BD2
:10D3F00001D9D5F8003B2068436903F480134361E9
:10D4000004F0BCFB870221D4206804F0B7FB400085
:10D4100000F1C480206804F0B1FB41077FF567AEDE
:10D4200023685D686A0700F195825A682A435A604A
:10D430005DE62068E4E7029B9B68DF0700F18682D7
:10D440002068436903F4006343619EE6D4F804C096
:10D45000BCF1010F26D905F532622346012104E013
:10D4600001312032243361451CD093F8A4021668A0
:10D470000128F5D1002EF3DAD4F8FC7406F48036D6
:10D4800007F00107BE42EBD183F8A302A86940F080
:10D490008000A86168690606E2D4029A536843F4E2
:10D4A000007353602068436903F400134361ACE7E1
:10D4B000029A536823F00103536094F8F434012B6B
:10D4C00000F037812046FAF725FD2068436903F014
:10D4D0000043436153E604F08BFB206804F0C4F87A
:10D4E0002668206101F0DEFE227C0146304603F012
:10D4F000EFFF2046FAF7E4FC2068436903F4005389
:10D50000436169E6029A10212068536823F0010301
:10D51000536004F057F86068E0B105F510634FF60A
:10D520007F3199600BF1010B1A682033834522F497
:10D53000001243F8202CC3F8E811D3F8E02122F4BC
:10D540000012C3F8E021D3F8E02142F00062C3F8F2
:10D55000E021E6D10299226BCB6943F00113CB6144
:10D56000002A40F0CF804A6942F22B0313434B61FB
:10D570000B6943F00B030B61D5F8003804F2C44289
:10D58000217B23F4FE632068C5F8003804F046FBD5
:10D590002068436903F48053436116E62046FAF796
:10D5A000C5FC2068436903F08043436133E72046AC
:10D5B000FAF782FC2068436903F00803436111E62F
:10D5C000206804F0EFFA804600283FF4D1AD4FF018
:10D5D000000A2068274605F5106956460395CDF8E0
:10D5E00010B009E05FEA580806F1010607F12407C8
:10D5F00009F1200900F0EC8018F0010FF2D05FFA79
:10D6000086FA514604F0E0FAC107054613D502999F
:10D6100006F00F0301229A404B6B23EA02034B638F
:10D620000123E168C9F80830994200F09881514619
:10D630002046FAF737FC2A0702D50823C9F8083034
:10D64000EB0602D51023C9F80830680602D540233E
:10D65000C9F80830A90700F14F812A0600F1F980C6
:10D660002068BFE7206804F095FA064600283FF4DA
:10D6700079AD05F53067A2464FF00009CDF80CB042
:10D6800008E0760809F1010907F120070AF1240AE8
:10D6900000F09B80F007F4D55FFA89FB20685946BB
:10D6A00004F088FA10F0010F804640F0B38018F0C3
:10D6B000080F40F0908018F0100F01D01022BA60CF
:10D6C00018F0020F0ED06A69100604D5029B5A6842
:10D6D00042F480625A609AF87F22012A00F0818128
:10D6E0000223BB6018F0200F01D02023BB6018F488
:10D6F000005FC6D04FF40053BB60C2E72046FAF784
:10D70000F1FB5BE5D1F8843043F00B03C1F88430C2
:10D710004B6C43F00B034B642EE70029BFF6E9ADD9
:10D72000214684F8632051F8600B04F035F96368F2
:10D73000DFE50021204684F8F41400F08BFBC4E6FA
:10D740000029BFF6DFAD214684F8872051F8840B0D
:10D7500004F022F96368D5E50029BFF6DCAD214667
:10D7600084F8AB2051F8A80B04F016F96368D2E5F1
:10D770000029BFF6D9AD214684F8CF2051F8CC0B53
:10D7800004F00AF96368CFE504F53A71206804F003
:10D7900003F9636844E507EBC707082204F2C441B4
:10D7A000284604F053F9C6F30A1304EB87022068F5
:10D7B000D2F890120B44C2F89032CAE404F54371D7
:10D7C000206804F0E9F8636831E5DDF80CB0C9E4DD
:10D7D000DDE9035BCDE421680822BB4BBA6001F5AB
:10D7E0003062096C02EB49129942906840F2C8809D
:10D7F000030402D54FF4004191602046FAF742FB42
:10D80000E16801297FF457AF04F2C442206804F0B4
:10D8100005FA50E720680122E168BA6000F530623D
:10D820000129D0F840C002EB4912936800F0AC80A7
:10D83000A6498C4500F00981B9F1000F04D1D4F854
:10D840008C22002A00F0D78159462046FAF720FBA7
:10D850002DE7D7E91353D4F800B0AB4258463FF652
:10D86000C1AE0BF51062796CCDF81CB002EB46121C
:10D870000592EA1A8A4228BF0A4605998969033245
:10D8800089B2B1EB920FC0F0958052460696CA4617
:10D890002646C146059C904619E0ED1A7B6CB96C92
:10D8A00042469D42584628BF1D46337B0093ABB28B
:10D8B00004F0B6F8BB6CA1692B4489B2BB643B6D24
:10D8C0002B440335B1EB950F3B656BD3FD6C9D424B
:10D8D000E3D83446C846069ED146D4F800B0079B2C
:10D8E0000122584603F5006106F00F039A404B6B86
:10D8F00023EA02034B6375E63146039803F062FEA8
:10D9000097F83F30012B00F0B4800223C9F80830AB
:10D91000A3E647F6F0731E423FF41BAC07EBC707C4
:10D92000C6F30A12284604EB87071646D7F8881272
:10D9300004F08CF8D7F8883220683344C7F888326E
:10D94000D7F890323344C7F8903202E42046FAF711
:10D95000C9FA75E52046FAF7EDFA236865E5D7E9D7
:10D9600011231344BB64002E7FF461AEE36C002BE3
:10D970007FF45DAE04F2C442206804F04FF956E62D
:10D980002046FAF77FFA96E6190740F197804E494C
:10D990008C457FF68CAE18047FF589AE4FF40041BC
:10D9A000916084E63446C846069ED146D4F800B05D
:10D9B000FD6C58469D423FF615AE90E70029BFF634
:10D9C000BCAC214684F8F32051F8F00B03F0E4FFDF
:10D9D0006368B2E404F52871206803F0DDFF636832
:10D9E00010E40023594620468AF87F32FAF796FA67
:10D9F00076E60029BFF6AAAC04F58A71206884F89F
:10DA0000172103F0C9FF6368A0E404F531712068B1
:10DA100003F0C2FF6368FFF7FCBB0029BFF69FACB1
:10DA200004F59C71206884F83B2103F0B5FF63681E
:10DA300095E40029BFF69CAC04F5AE71206884F82B
:10DA40005F2103F0A9FF636892E41804A6D4990645
:10DA50007FF5FAAE20219160F6E60029BFF691AC81
:10DA600004F5C071206884F8832103F095FF636892
:10DA700087E44FF000035146204687F83F30FAF71D
:10DA800051FA42E704F54C71206803F085FF6368A2
:10DA9000FFF7D4BB0029BFF67DAC04F5D271206836
:10DAA00084F8A72103F078FF636873E404F55571E7
:10DAB000206803F071FF6368FFF7C7BB990673D551
:10DAC00020219160F3E500BF0A30544F0A31544FD2
:10DAD0000029BFF668AC04F5E471206884F8CB2116
:10DAE00003F05AFF63685EE404F55E71206803F09A
:10DAF00053FF6368FFF7B0BB0029BFF65DAC04F5C8
:10DB0000F671206884F8EF2103F046FF636853E460
:10DB100004F56771206803F03FFF6368FFF7A3BB5C
:10DB20000029BFF652AC04F50471206884F8132272
:10DB300003F032FF636848E404F57071206803F075
:10DB40002BFF6368FFF796BB0029BFF647AC04F5CF
:10DB50000D71206884F8372203F01EFF63683DE4EE
:10DB600004F57971206803F017FF6368FFF789BB3C
:10DB70000029BFF63CAC04F51671206884F85B22DE
:10DB800003F00AFF636832E404F58161206803F062
:10DB900003FF6368FFF77CBB04F22C41206803F0AD
:10DBA000FBFE6368FFF77BBB13F0280F7FF47FADAC
:10DBB0001B498C4502D91B043FF5F0AE1169DAF818
:10DBC0009C22C1F31201521ACAF89022B9F1000F37
:10DBD0007FF43AAED4F88C12D9B1D4F888120A4442
:10DBE000C4F8882230E604F58A61206803F0D4FE88
:10DBF0006368FFF75BBB04F2C442494604F00EF8C9
:10DC000022E604F27441206803F0C6FE6368FFF761
:10DC100054BB04F2C442012104F000F814E600BF32
:10DC20000A30544F90F8BC24012A0ED0012210B5BE
:10DC30000446006884F8381084F8BC2403F08CFF94
:10DC40000023184684F8BC3410BD0220704700BF82
:10DC500010B501F00F0E0906044627D44FF0240C2E
:10DC60000CFB0E0C0CF51F710EEBCE0C00EB8C0CAC
:10DC700000208CF87D028A604A7881F800E00B7100
:10DC80000AB1A1F81AE0022B01D100234B7194F8DC
:10DC9000BC34012B18D00123206884F8BC3403F075
:10DCA000EFFC0023184684F8BC3410BD24204FF04C
:10DCB000010C00FB0E4000F13C010EEBCE0004EB2A
:10DCC000800080F83DC0D6E7022010BD08B501F005
:10DCD0000F0E24210EEBCE0C01FB0E0100EB8C0C81
:10DCE00001F51F71CCF88C320023CCF888228CF817
:10DCF0007CE2CCF890328CF87D32C3680068012B4E
:10DD000008BFCCF89822DAB203F002FD002008BD6B
:10DD100008B501F00F0E24210EEBCE0C01FB0E0115
:10DD200000EB8C0C3C31CCF84C300023CCF8482074
:10DD3000CCF8503001238CF83CE08CF83D30C368BF
:10DD40000068012B08BFCCF85820DAB203F0E0FCE1
:10DD5000002008BD38B5436801F00F059D4234D856
:10DD60000B0604461DD4242201EBC10302FB010172
:10DD700000EB8303002201F51F7183F87D2201234C
:10DD80000D708B7094F8BC249A421CD0206884F8E3
:10DD9000BC3403F081FED5B10023184684F8BC34AE
:10DDA00038BD242105EBC503012201FB050100EB71
:10DDB00083033C3183F83D2001230D708B7094F870
:10DDC000BC249A42E2D1022038BD012038BD04F2C1
:10DDD000C442217B206803F021FFDDE7426838B5AB
:10DDE00001F00F03934232D811F0800F04464FF038
:10DDF000240103EBC30219D101FB0341002004EB12
:10DE00008202002501F51F7182F87D020B708D7072
:10DE100094F8BC34012B18D00123206884F8BC345A
:10DE200003F06EFE284684F8BC5438BD01FB034164
:10DE3000012004EB820200253C3182F83D000B708A
:10DE40008D7094F8BC34012BE6D1022038BD01203E
:10DE500038BD00BF704700BF38B5104CE36813F001
:10DE6000040FE36805D103F00703181A18BF012057
:10DE700038BD23F007031843E060FAF753F905466D
:10DE800005E0FAF74FF9401BB0F57A7F04D86368D4
:10DE90009B04F6D5002038BD012038BD004802584B
:10DEA000024AD36843F08073D36070470048025839
:10DEB00070B44D6A15B1B2F1406F3AD18B691BB3A2
:10DEC0000C6A002C4CD08E680068C661CE69002EAA
:10DED00069D02B4313432343CC6A334323430C6B56
:10DEE00023434C6B23430C692343CC6823430C68C6
:10DEF00023434C69B2F1406F43EA8443436165D0E8
:10DF00004B6870BC836170470B6ABBB100682B43E0
:10DF10008C68CE69C461002E6BD01343CC6A334346
:10DF200023430C6B23434C6B23430C692343CC6882
:10DF3000DEE78B6A0468013B2361BFE7CB69002BF6
:10DF400066D1002D42D0CB6A0C6B2B430068134383
:10DF50004A6923434C6B234343EA8243436135E0E0
:10DF6000CC6945EA030C002C32D003684CEA02006D
:10DF7000B2F1406F40EA0400CC6A40EA04000C6B46
:10DF800040EA04004C6B40EA0400CC6840EA04001C
:10DF90000C6840EA04004C6940EA8440586115D09E
:10DFA0004A689A6112E045EA030C0D694CEA0203E3
:10DFB000CA6A23431343D1E90C4223430C68134339
:10DFC0004A692B43234343EA8243436170BC704751
:10DFD000CC6A4CEA020300682343D1E90C42234394
:10DFE0000C6813434A69234343EA824370BC43618C
:10DFF0007047CC6A13432343D1E90C4223431343B4
:10E00000D1E90442234343EA824370BC4361704731
:10E010002B43CD6A0C6B134300682B4323434C6B9B
:10E0200084E700BF70B50546FAF77CF8002D46D0AE
:10E0300095F841300646002B39D0AC6C2A68A968A7
:10E040001368013923F4F85343EA0123136001E014
:10E05000631C24D1936813F02003F9D1E869E968BF
:10E0600014680143286A0143686841EA006119485D
:10E070002040014368691160A96954680143286917
:10E0800041EA0041144820400124014318465160F0
:10E090001168214311606B6485F8414070BDFAF747
:10E0A00041F8801BA0420CD85CB12A68D2E7284610
:10E0B000F8F754FF41F288331C46AB64BEE70120F9
:10E0C00070BD0423012085F841306B6C03436B6401
:10E0D00070BD00BF2FFFFF00FEF8E0FF70B10268C7
:10E0E000136823F0010310B513600446F9F700F834
:10E0F00000236364184684F8413010BD0120704746
:10E100002DE9F04104460E461546FAF70BF894F84F
:10E110004030012B3AD0012384F8403094F841304C
:10E12000012BDFB206D002270023384684F84030A6
:10E13000BDE8F081002380466364022384F8413007
:10E14000681C23680ED19A6812F02002FBD1314678
:10E150002046FFF7ADFE736AE3B10123002784F880
:10E160004130E1E79A6812F020021ED0F9F7DAFF99
:10E17000A0EB0800854201D3002DE1D1042384F8EF
:10E180004130636C43F001036364CDE702273846F6
:10E19000BDE8F081226893689B07FCD5022101232A
:10E1A0000027D16084F84130BEE731462046FFF7B2
:10E1B0007FFE736A43B1D0E7F9F7B4FFA0EB080024
:10E1C0008542DBD3002DD9D0226893689907F3D517
:10E1D000E4E700BF2DE9F843044689461546F9F700
:10E1E000A1FF94F840302768012B67D0012384F801
:10E1F000403094F84130012B5FFA83F807D04FF09C
:10E2000002080023404684F84030BDE8F88300232C
:10E210006364B9F1000F56D01223064684F84130EA
:10E220003B690133E3623B69C4F824900133A36284
:10E230007B6923F040637B61E36A002B31D06A1C69
:10E24000394611D18B685B07FCD5636A1B7887F868
:10E250002030E26A636A013A0133E262E26A636291
:10E26000F2B16A1C2168EDD08B685807EDD4F9F73C
:10E2700059FF801B854201D3002DF2D1042384F87D
:10E280004130636C43F00103636413E0BB689B0798
:10E290000CD4F9F747FF801B8542EFD3002DEDD05A
:10E2A0002768691CF2D1BB689A07FCD502234FF09E
:10E2B0000008FB60012384F84130A2E74FF0020818
:10E2C0004046BDE8F883636C43F00803636498E755
:10E2D0002DE9F843044615468946F9F723FF2768D8
:10E2E000BA6994F84030012B6CD0012384F8403097
:10E2F00094F84130012B5FFA83F807D04FF0020801
:10E300000023404684F84030BDE8F883002363646E
:10E31000B9F1000F5BD02223064684F841303B69F7
:10E320000133A3633B69C4F83090013363637B69B5
:10E3300023F0406343F080637B61BA61A36B002BE1
:10E3400033D0681C394612D18B6813F0060FFBD00E
:10E3500097F82020236B1A70A26B236B013A0133CC
:10E36000A263A26B2363FAB1681C2168ECD08B68AE
:10E3700013F0060FECD1F9F7D5FE801B854201D3CF
:10E38000002DF1D1042384F84130636C43F0010384
:10E39000636413E0BB689B070CD4F9F7C3FE801BD2
:10E3A0008542EFD3002DEDD02768691CF2D1BB6800
:10E3B0009A07FCD502234FF00008FB60012384F884
:10E3C00041309DE74FF002084046BDE8F883636C9A
:10E3D00043F00803636493E72DE9F84F04461F46B2
:10E3E00089469046F9F79EFE94F84030012B52D0B2
:10E3F000012384F8403094F84130012B5FFA83FB0D
:10E4000007D04FF0020B0023584684F84030BDE897
:10E41000F88F002382466364422384F841307A1CDB
:10E4200026682CD1B568AB06FCD4D8F80030494634
:10E430002046B362D8F804307362D8F80830F3622B
:10E440003268D8F8103022F440021343D8F80C2078
:10E4500043F480033360C9F828204FF00062FFF7CF
:10E4600027FD781C22681BD193681907FCD5082169
:10E4700001234FF0000BD16084F84130C3E7B3684B
:10E480009D06D2D5F9F74EFEA0EB0A00874212D3C3
:10E49000002FC4D10FE04FF0020B5846BDE8F88FB3
:10E4A00093681B07E3D4F9F73DFEA0EB0A0087420F
:10E4B00001D3002FD5D1042384F84130636C43F09D
:10E4C000010363649FE700BF2DE9F04704460F4650
:10E4D0001646F9F727FE94F84030012B45D001236A
:10E4E00084F8403094F84130012B5FFA83F907D06B
:10E4F0004FF002090023484684F84030BDE8F08719
:10E5000000238046D4F848A06364822384F8413015
:10E51000BAF1FF3F256814D1AB689A06FCD42B688A
:10E52000726823F00803082A43EA02032B6021D013
:10E530004FF04062394620464FF00009FFF7B8FC23
:10E54000D8E7AB689B06EAD5F9F7ECFDA0EB08002D
:10E55000824502D3BAF1000FDAD1042384F84130A6
:10E56000636C43F001036364C4E74FF0020948465B
:10E57000BDE8F087326810232A63EB602B6843F410
:10E5800080132B60D4E700BF704700BF08B5006C54
:10E5900000238363C36290F84130082B0BD10368DA
:10E5A0000222DA601A6842F400321A601A6842F0F5
:10E5B00002021A6008BD012380F84130FFF7E4FF32
:10E5C00008BD00BF704700BF704700BF704700BF65
:10E5D000704700BF704700BF704700BF704700BF63
:10E5E00038B5036804469A68196855070ED548037C
:10E5F0000CD594F84120122A75D094F84120222A93
:10E6000000F0A1802046FFF7E5FF38BD950726D52D
:10E61000880324D50222DA601A6822F4E0221A6004
:10E6200094F84120122A7AD094F84120222A00F04E
:10E63000A98094F84120022A00F0D08094F841206B
:10E64000082AE2D15A690121204622F040625A612B
:10E6500084F84110636C3BBBFFF7B4FF38BD15076E
:10E6600025D4D50735D5C80333D50125DD601A6813
:10E6700022F470221A60626C42F0020262641A682C
:10E68000520779D51A68E06B22F004021A60574BE2
:10E69000836506F083FD0028B7D0636C204643F005
:10E6A0000403636484F84150FFF76EFF38BD08032C
:10E6B000D7D50822DA601A68520206D51A680121F5
:10E6C00022F410221A6084F841102046FFF784FFDC
:10E6D00038BDD00699D5CA0297D510222046DA60F7
:10E6E000FFF77CFF38BD9A6850078BD518460EE0BF
:10E6F000626A127883F82020E16A20680139626A30
:10E70000E1620132816862624D077FF57BAFE26AA8
:10E71000002AEDD1036823F48023036072E71A68AE
:10E72000510709D51A68E16B22F0040209681A60E2
:10E73000CB6823F00103CB600123204684F84130ED
:10E74000FFF746FF38BD9A6852077FF55BAF184662
:10E750000EE093F82010226B1170A16B2068013934
:10E76000226BA16301328168226349077FF54AAFBA
:10E77000A26B002AEDD1CDE7204684F84150FFF787
:10E7800003FF38BD1A6852071DD49A6812F47C5FE3
:10E790000FD111E093F82010226B1170A16B20684B
:10E7A0000139226BA16301328168226311F47C5F1D
:10E7B00002D0A26B002AEDD10123204684F841301B
:10E7C000FFF704FF38BD1A68E16B22F00402096804
:10E7D0001A60CB6823F00103CB60EDE701232046EC
:10E7E00084F84130FFF7F0FE38BD00BF8DE500082A
:10E7F000454B30B49A6A9C6ADD6A14F47C7F596B8D
:10E80000C4F3051038D0C1F3CC0105F0010502F0C6
:10E81000030205FB01F1012A07EE901AB8EEE77A30
:10E8200002D0022A4ED04AB307EE900ADFED376AD3
:10E83000F8EEE77A1B6B86EEA76A9FED355AC3F3B5
:10E84000080306EE903AF7EE005AF8EEE66AE7EEB5
:10E85000056A76EEA56A66EE266A2B4B1B6BC3F340
:10E860004623013307EE903AB8EEE77AC6EE877A90
:10E87000FCEEE77A17EE900A30BC70471A689206F1
:10E8800027D5196807EE900A224AF7EE005A1B6B4B
:10E89000C1F3C101F8EEE77A9FED1D5AC3F30803F7
:10E8A000CA4006EE903A06EE102AF8EEE66AB8EE96
:10E8B000C66AE7EE056A86EE277A76EEA56A66EE08
:10E8C000876ACAE707EE900ADFED136AF8EEE77A87
:10E8D000B0E707EE900A9FED115A1B6BB7EE006A86
:10E8E000F8EEE77ADFED0A5AC3F30803C5EE276AAC
:10E8F00007EE903AF8EEE77AE7EE257A77EE867A39
:10E9000066EEA76AA9E700BF004402580024744AD3
:10E91000000000390090D0030024744B0024744C94
:10E92000002800F0EC81F8B503680446D80730D51C
:10E93000A5490A69896A02F03802102A00F00981A3
:10E94000182A00F001816368B3F5803F00F02C8144
:10E95000002B00F06A81B3F5A02F9B4B1A6800F0E2
:10E960008E8222F480321A601A6822F480221A60A1
:10E97000F9F7D8FB944E41F28837054605E0F9F7E0
:10E98000D1FB401BB84200F24E8133689A03F6D5A2
:10E9900023689D0700F18A80D90633D58A4A136916
:10E9A000926A03F03803082B00F0E380182B00F084
:10E9B000DB80E369844D002B00F071812B6843F00C
:10E9C00080032B60F9F7AEFB064605E0F9F7AAFBDA
:10E9D000801B022800F227812B68DB05F6D5F9F7AA
:10E9E000B9FB41F20303984200F27182226A6B681C
:10E9F000202A23F0F8430CBF43F0804343EA8263AC
:10EA00006B6023681D0716D563696F4D002B00F0FE
:10EA100024816B6F43F001036B67F9F783FB0646B4
:10EA200005E0F9F77FFB801B022800F2FC806B6F8A
:10EA30009807F6D523689A0616D5A369624D002B70
:10EA400000F01C812B6843F480532B60F9F76AFBBC
:10EA5000064605E0F9F766FB801B022800F2E3801A
:10EA60002B689F04F6D52368590700F1A380606ADC
:10EA7000D0B1554D2B6903F03803182B00F0B1814C
:10EA80002B68022823F080732B6000F04481F9F793
:10EA900049FB044605E0F9F745FB001B022800F29C
:10EAA000C2802B689B01F6D40020F8BD464A13694A
:10EAB000926A13F038032DD1434BE2681B68590763
:10EAC00001D5002A4ED0404D2B6823F01903134383
:10EAD0002B60F9F727FB064605E0F9F723FB801BBF
:10EAE000022800F2A0802B685B07F6D5F9F732FB0D
:10EAF00041F20303984200F2F98022696B68402AD0
:10EB000023F47C330CBF43F4003343EA02336B60DD
:10EB1000236841E7182B00F0E5802B4DE2682B6855
:10EB2000002A00F0CE8023F0190313432B60F9F77D
:10EB3000F9FA064604E0F9F7F5FA801B022872D8C4
:10EB40002B685F07F7D5D1E701F0030102297FF4B5
:10EB5000FAAE1D4A126891037FF51BAF6268002A66
:10EB60007FF417AF0120F8BD02F00302012A7FF401
:10EB700020AF154B1B68DA0502D5E369802BF1D174
:10EB8000F9F7E8FA41F20303984200F2BA80226AE8
:10EB9000202A00F0AB810C494B6823F0F84343EA8C
:10EBA00082634B6023682DE7074A136843F4803380
:10EBB0001360DDE6054D2B6843F480732B60F9F795
:10EBC000B1FA064609E000BF004402580048025866
:10EBD000F9F7A8FA801B642825D82B68DA05F7D541
:10EBE000A368012B00F07C81002B00F05781052BDE
:10EBF000A74B1A6F00F0838122F001021A671A6F87
:10EC000022F004021A67F9F78DFAA14E41F2883713
:10EC1000054604E0F9F786FA401BB84203D8336F83
:10EC20009B07F7D523E70320F8BD994D41F28837BC
:10EC30002B6823F480332B602B6823F480232B6014
:10EC4000F9F770FA064604E0F9F76CFA801BB8424F
:10EC5000E9D82B689B03F7D49AE66B6F23F0010386
:10EC60006B67F9F75FFA064604E0F9F75BFA801B79
:10EC70000228D8D86B6F9907F7D4DBE62B6823F40A
:10EC800080532B60F9F74EFA064604E0F9F74AFA8A
:10EC9000801B0228C7D82B689804F7D4E3E62B68BA
:10ECA00023F080032B60F9F73DFA064604E0F9F7FC
:10ECB00039FA801B0228B6D82B68DF05F7D4236801
:10ECC000A0E623F001032B60F9F72CFA064604E0D6
:10ECD000F9F728FA801B0228A5D82B685807F7D423
:10ECE000236859E690077FF418AFE5E66B68226960
:10ECF00023F0FE4343EA02636B6023684CE6012085
:10ED00007047634A216AD36823F07C5343EA016366
:10ED1000D360236876E6F9F705FA064605E0F9F7C9
:10ED200001FA801B02283FF67EAF2B689901F6D4CA
:10ED3000A96A584BA26A0B405749554E1343E26AE1
:10ED400043EA0213AB62D4E90D32013B013A5B02A4
:10ED500012049BB202F4FE021343226B013AC2F387
:10ED600008021343E26B013A120602F0FE4213431B
:10ED70002B63EB6A23F00103EB626A6BA36C114017
:10ED800041EAC3016963EB6A226C23F00C0313436D
:10ED9000EB62EB6A626C23F002031343EB62EB6AF3
:10EDA00043F48033EB62EB6A43F40033EB62EB6ACB
:10EDB00043F48023EB62EB6A43F00103EB622B68C0
:10EDC00043F080732B60F9F7ADF9044605E0F9F7DD
:10EDD000A9F9001B02283FF626AF33689A01F6D541
:10EDE00062E60128AA6A2E6B3FF45FAE02F00303CD
:10EDF000A16A8B427FF4B6AEC2F30512E36A9A426F
:10EE00007FF4B0AE236BC6F30802013B9A427FF455
:10EE1000A9AE636BC6F34622013B9A427FF4A2AED1
:10EE2000A36BC6F30642013B9A427FF49BAEE36BB1
:10EE3000C6F30666013B9E427FF494AE6B6BA26CF8
:10EE4000C3F3CC039A423FF42FAE114AD36A23F0A6
:10EE50000103D362F9F766F90546F9F763F9A842A9
:10EE6000FBD00B4A0020A16C0B4B546B234043EAB0
:10EE7000C1035363D36A43F00103D362F8BD42F484
:10EE800080221A601A6842F480321A6070E500BF6E
:10EE9000004402580CFCFFFF0700FFFF1C4D41F22D
:10EEA00088372B6F23F001032B672B6F23F00403AC
:10EEB0002B67F9F737F9064605E0F9F733F9801BB8
:10EEC000B8423FF6B0AE2B6F9807F6D4CFE5EB68AB
:10EED000226A23F07C5343EA0263EB60236891E5E6
:10EEE0000B4A136F43F0010313678CE6084A53681B
:10EEF00023F0F84343F080435360236882E542F0F7
:10EF000004021A671A6F42F001021A677BE600BF1B
:10EF100000440258474A136903F03803102B04D009
:10EF2000182B0DD01BB144487047444870471368F4
:10EF300099064AD513684248C3F3C103D8407047C5
:10EF4000936A30B4946AD56A14F47C7F516BC4F32D
:10EF5000051038D0C1F3CC0105F0010503F003031F
:10EF600005FB01F1012B07EE901AB8EEE77A02D00B
:10EF7000022B2CD093B307EE900A9FED325AF8EE95
:10EF8000E77A136BC5EE276ADFED2F5AC3F3080348
:10EF900007EE903AB7EE006AF8EEE77AE7EE257AE8
:10EFA00077EE867A66EEA76A224B1B6BC3F3462385
:10EFB000013307EE903AB8EEE77AC6EE877AFCEEB8
:10EFC000E77A17EE900A30BC70471D48704707EE8D
:10EFD000900A9FED1E5AF8EEE77AD2E713689B0677
:10EFE00020D5146807EE900A1549F7EE005A136B06
:10EFF000C4F3C104F8EEE77A9FED135AC3F3080394
:10F00000E14006EE903A06EE101AF8EEE66AB8EE27
:10F01000C66AE7EE056A86EE277A76EEA56A66EEA0
:10F02000876AC1E707EE900A9FED095AF8EEE77A82
:10F03000A7E700BF0044025800093D000024F40087
:10F040000090D0030024744A000000390024744B5F
:10F050000024744C002800F00C818C4A136803F0E3
:10F060000F038B422DE9F04104460D460CD2136884
:10F0700023F00F030B431360136803F00F038B425D
:10F0800002D00120BDE8F08123685F070BD58049DD
:10F0900020698A6902F07002904204D98A6922F0DC
:10F0A000700202438A611E070BD579496069CA69FB
:10F0B00002F07002904204D9CA6922F07002024341
:10F0C000CA61D8060BD57249A069CA6902F4E06228
:10F0D000904204D9CA6922F4E0620243CA619906E7
:10F0E0000BD56B49E0690A6A02F07002904204D9BC
:10F0F0000A6A22F0700202430A629A0740F1AB806A
:10F100006348E168826902F00F02914204D9826982
:10F1100022F00F020A438261D80730D55C4AA16809
:10F12000936923F470630B43936161681368022948
:10F1300000F0A180032900F09880012900F0A1804F
:10F1400058079ED5524E41F28838336923F00703A1
:10F150000B433361F8F7E6FF074605E0F8F7E2FFF7
:10F16000C01B404500F28B803369626803F03803AE
:10F17000B3EBC20FF2D12368990706D5E168444882
:10F18000826902F00F028A4269D840490A6802F097
:10F190000F02AA420AD90A6822F00F022A430A6023
:10F1A0000A6802F00F02AA427FF46BAF5A070BD530
:10F1B000374920698A6902F07002904204D28A6954
:10F1C00022F0700202438A611F070BD53049606943
:10F1D000CA6902F07002904204D2CA6922F0700239
:10F1E0000243CA61DE060BD52949A069CA6902F447
:10F1F000E062904204D2CA6922F4E0620243CA612A
:10F200009D060BD5224AE169136A03F07003994207
:10F2100004D2136A23F070030B431362FFF77AFEE4
:10F220001B4A03461B4891699269C1F303211A4D99
:10F2300002F00F02194C415C825C01F01F0118487A
:10F2400002F01F02CB4000682B60D3402360BDE872
:10F25000F041F8F705BFDA073FF560AF95E782693F
:10F2600022F00F02114381618FE79F013FF56AAFE2
:10F2700007E7012070479B033FF564AF01E70320D8
:10F2800000E7DE053FF55EAFFBE600BF0020005261
:10F290000044025890A90108780000247C00002452
:10F2A00084000024184A38B5136903F03803102B82
:10F2B0001AD0182B23D0CBB11448134B14499A6998
:10F2C0009B69C2F30322134C03F00F03124D8A5CB7
:10F2D000CB5C02F01F0220FA02F203F01F0022FAB8
:10F2E00000F02A60206038BD0C48E6E713689B06F2
:10F2F00008D512680A48C2F3C102D040DDE7FFF723
:10F3000077FADAE70648D8E70044025800093D00DA
:10F3100090A901087C000024780000240024F40057
:10F320000090D0031C4A38B5136903F03803102B42
:10F3300021D0182B2BD003B31848174A18499369CA
:10F34000184DC3F30323184CCB5C03F01F0320FAC2
:10F3500003F3906900F00F002B60085C00F01F00C1
:10F36000C3402360D269C2F30212885C00F01F0020
:10F3700023FA00F038BD0D48DFE713689B0609D576
:10F3800010680B4BC0F3C10023FA00F0D5E7FFF77C
:10F390002FFAD2E70648D0E70044025800093D00A2
:10F3A00090A90108780000247C0000240024F400C7
:10F3B0000090D0031C4A38B5136903F03803102BB2
:10F3C00021D0182B2BD003B31848174A184993693A
:10F3D000184DC3F30323184CCB5C03F01F0320FA32
:10F3E00003F3906900F00F002B60085C00F01F0031
:10F3F000C3402360D269C2F30222885C00F01F0080
:10F4000023FA00F038BD0D48DFE713689B0609D5E5
:10F4100010680B4BC0F3C10023FA00F0D5E7FFF7EB
:10F42000E7F9D2E70648D0E70044025800093D005A
:10F4300090A90108780000247C0000240024F40036
:10F440000090D003F8B53A4CA36A03F00303032BF2
:10F4500067D0236806460F4623F080632360F8F7E1
:10F4600061FE054604E0F8F75DFE431B022B56D80B
:10F4700023681A01F7D4A36A326823F47C3343EA81
:10F480000233A362D6E90232013B013A5B02120465
:10F490009BB202F4FE0213437268013AC2F30802FF
:10F4A00013433269013A120602F0FE421343A3638A
:10F4B000E36A726923F0C0031343E362E26AB3694B
:10F4C00022F020021A431B4BE262E26A22F0100291
:10F4D000E262E16BF2690B4043EAC203E363E36A71
:10F4E00043F01003E362E36AEFB1012F0CBF43F472
:10F4F000801343F40013E3620D4C236843F08063F0
:10F500002360F8F70FFE054604E0F8F70BFE401BFA
:10F51000022804D823681B01F7D50020F8BD03207A
:10F52000F8BD0120F8BD43F40023E362E4E700BF27
:10F53000004402580700FFFFF8B53A4CA36A03F0F5
:10F540000303032B67D0236806460F4623F080533E
:10F550002360F8F7E7FD054604E0F8F7E3FD431BF9
:10F56000022B56D823689A00F7D4A36A326823F096
:10F570007C7343EA0253A362D6E90232013B013AAB
:10F580005B0212049BB202F4FE0213437268013A5A
:10F59000C2F3080213433269013A120602F0FE4236
:10F5A00013432364E36A726923F440631343E36201
:10F5B000E26AB36922F400721A431B4BE262E26A08
:10F5C00022F48072E262616CF2690B4043EAC2038A
:10F5D0006364E36A43F48073E362E36AEFB1012F8B
:10F5E0000CBF43F4000343F08073E3620D4C2368C7
:10F5F00043F080532360F8F795FD054604E0F8F7E3
:10F6000091FD401B022804D823689B00F7D50020F9
:10F61000F8BD0320F8BD0120F8BD43F48003E36288
:10F62000E4E700BF004402580700FFFF2DE9F8435C
:10F63000D0E9003204461D0103F0006623D5816E37
:10F64000B1F5001F00F04F8512D8002900F0A58504
:10F65000B1F5801F40F09E8502210830FFF7F2FED1
:10F660000646002E40F01E85A16ED4E9003203E06C
:10F67000B1F5401F40F08E85AE4D0026286D20F478
:10F68000401001432965D8050AD5A16D042906D883
:10F69000DFE811F0320539051605100310030126C5
:10F6A000354699051DD5E16D802900F0128500F2DF
:10F6B000F980002900F02084402940F0FA800021E0
:10F6C00004F10800FFF7BEFE0546D4E90032002D24
:10F6D00040F0EB83974FE06D396D21F4E071014309
:10F6E00039655F0521D5D4F8A810B1F5800F00F079
:10F6F0001D8500F2E180002900F00584B1F5001FAE
:10F7000040F0E280002104F10800FFF79BFE05466F
:10F71000D4E90032002D40F0CF83864FD4F8A80002
:10F72000B96D21F460010143B965180521D5D4F8FC
:10F73000AC10B1F1007F00F0B98400F2C88000295C
:10F7400000F0D483B1F1807F40F0C980002104F142
:10F750000800FFF777FE0546D4E90032002D40F09F
:10F76000A283744FD4F8AC00B96D21F0E06101437D
:10F77000B965990118D5E16C202900F01E8400F2CA
:10F78000B18039B1102940F0B0806A48C16A41F4B3
:10F790000031C162002D40F0D383664FE06CF96CFC
:10F7A00021F030010143F964DF041FD5216EB1F56A
:10F7B000005F00F0B18400F29B80002900F090838C
:10F7C000B1F5805F40F09C80002104F10800FFF754
:10F7D00039FE0546D4E90032002D40F06883554FCC
:10F7E000206E396D21F4E0410143396598041DD53F
:10F7F000616EB1F5003F00F00F8400F2848059B1D2
:10F80000B1F5803F40F08780012104F10800FFF747
:10F8100019FE0546D4E90032002D40F09B83454F88
:10F82000606E396D21F4E0210143396559041DD51D
:10F83000D4F8B010B1F1005F00F0FA836ED851B186
:10F84000B1F1805F72D1012104F10800FFF7FAFDE8
:10F850000546D4E90032002D40F08083354FD4F8BE
:10F86000B000B96D21F0E0410143B9651F040DD529
:10F87000216FB1F1805F00F0C783B1F1005F00F04C
:10F880002582002900F02A8201263546D8015FD55D
:10F89000A16C032900F2BB84DFE811F05600E103FC
:10F8A0004E005600C0293FF412AFB1F5807F3FF4FF
:10F8B0000EAF0126354614E7B1F5C00F3FF42AAF6D
:10F8C000B1F5000F3FF426AF012635462DE7B1F123
:10F8D000407F3FF443AFB1F1806F3FF43FAF01266B
:10F8E000354646E730293FF455AF012635465BE7FC
:10F8F000B1F5405F3FF470AFB1F5804F3FF46CAFAE
:10F900000126354672E721F48030B0F5802F83D090
:10F91000B1F5403F80D00126354687E721F0805081
:10F92000B0F1804F97D0B1F1405F94D001263546B9
:10F930009CE700BF00440258022104F10800FFF7D1
:10F9400081FD0546D4E90032002D00F0FB822E46F1
:10F95000590200F15A82D8072FD5E16F28292AD8F9
:10F96000DFE811F0FA012900290029002900290007
:10F97000290029000604290029002900290029005E
:10F9800029002900F2012900290029002900290065
:10F9900029002900FA01290029002900290029004D
:10F9A00029002900FA01290029002900290029003D
:10F9B00029002900FA0101263546990717D5A16FBC
:10F9C000052900F22084DFE811F00E00BB030600D9
:10F9D0000E000E000E00012104F12800FFF7ACFD1F
:10F9E0000546D4E90032002D00F099822E465F07CB
:10F9F00018D5D4F89410052900F20D84DFE811F031
:10FA00000E00AC0306000E000E000E00012104F1F2
:10FA10002800FFF791FD0546D4E90032002D00F0E3
:10FA200086822E4698061FD5D4F89010B1F1005F5B
:10FA300000F0098300F20B8159B1B1F1805F40F011
:10FA40001081002104F10800FFF7FCFC0546D4E911
:10FA50000032002D40F05F82A64FD4F89000796DFF
:10FA600021F0E0410143796559061FD5D4F89C1077
:10FA7000B1F5006F00F0B28200F2F68059B1B1F535
:10FA8000806F40F0FB80002104F10800FFF7DAFCF2
:10FA90000546D4E90032002D40F06282954FD4F83B
:10FAA0009C00B96D21F4E0510143B9651F061FD5D3
:10FAB000D4F8A010B1F5804F00F09B8200F2E180F5
:10FAC00059B1B1F5005F40F0E680002104F1080073
:10FAD000FFF7B8FC0546D4E90032002D40F03C8227
:10FAE000844FD4F8A000B96D21F460410143B96599
:10FAF00018070BD5D4F88400B0F5805F00F0B88209
:10FB00007C4F796D21F4405101437965D9060BD5BD
:10FB1000D4F89800B0F5807F00F0B782754FB96DCA
:10FB200021F440710143B9651F030ED5D4F8A41028
:10FB3000B1F5803F00F0F480B1F5003F00F0F880AF
:10FB4000002900F02E820126354658030FD5D4F83F
:10FB50008810B1F5001F00F0CF80B1F5401F00F014
:10FB6000D380B1F5801F00F0148201263546D903F9
:10FB700009D5216D002900F00382B1F5803F00F026
:10FB80009D81012635469F0000F1F18098030CD538
:10FB9000D4F88010B1F5807F00F0EA817ED921F49D
:10FBA0008070B0F5007F7BD00126D90206D5514880
:10FBB000656F016D21F0004129430165DF0007D524
:10FBC0004C48D4F8B850016921F4804129430161BF
:10FBD0009D0206D54748E56E016D21F080712943ED
:10FBE0000165580009D54349086920F400400861BF
:10FBF0000869D4F8BC5028430861002B06DA3D4858
:10FC0000656DC16C21F040512943C164190207D5CB
:10FC10003849D4F88C004B6D23F4400303434B6503
:10FC2000D30700F1B080970700F1BA80550700F1C3
:10FC3000C480100700F1CE80D10600F1D880920672
:10FC400000F12581301E18BF0120BDE8F88321F0A6
:10FC50008050B0F1804F3FF4FCAEB1F1405F3FF413
:10FC6000F8AE01263546FFE621F48060B0F5805FEE
:10FC70003FF411AFB1F5406F3FF40DAF01263546AB
:10FC800014E721F40050B0F5004F3FF426AFB1F572
:10FC9000C04F3FF422AF0126354629E7002983D122
:10FCA000002D40F06381134D686D20F440700143D6
:10FCB00069657AE73546002D40F0FB800D4FA06D59
:10FCC000396D21F0070101433965EAE4012104F1AE
:10FCD0000800FFF7B7FB0546D4E90032002D40F0DD
:10FCE0001C81044F206F396D21F04051014339656B
:10FCF000CCE500BF00440258012104F12800FFF7C1
:10FD00001BFC0546D4E90032002D40F02D81B14F97
:10FD1000D4F88800796D21F440110143796526E714
:10FD2000022104F12800FFF707FC0546D4E9003260
:10FD3000002D40F01781A74FD4F8A400B96D21F42D
:10FD400040310143B96500E7012104F12800FFF7C4
:10FD5000F3FB0546D4E90032002D40F0DA809D4FD8
:10FD6000E06F796D21F038010143796525E60221C4
:10FD700004F12800FFF7E0FBD4E9003200283FF44B
:10FD800005AF012602E7002104F10800FFF75AFB46
:10FD9000626800283FF447AF970706467FF546AFF5
:10FDA000012104F10800FFF74DFB626800283FF4D1
:10FDB0003DAF550706467FF53CAF022104F1080030
:10FDC000FFF740FB626800283FF433AF0646100798
:10FDD0007FF532AF002104F12800FFF7ADFB626828
:10FDE00000283FF429AFD10606467FF528AF04F17D
:10FDF000280501212846FFF79FFB002800F0DB8043
:10FE000063689B064CD5064643E0734F3B6843F45A
:10FE100080733B60F8F786F9804606E0F8F782F9D0
:10FE2000A0EB0800642800F2AF813B68DA05F5D545
:10FE3000002D40F0E381674AD4F8B430116F594087
:10FE400011F4407F0BD0116F106F21F4407140F41A
:10FE500080301067106F20F4803010671167B3F5A1
:10FE6000807F00F0AD8103F44072B2F5407F00F076
:10FE7000BB8158490A6922F47C520A615548C3F390
:10FE80000B01076F3943D4E90032016763E504F1E0
:10FE9000280502212846FFF74FFB00283FF4D2AE89
:10FEA0000120BDE8F8832E4663E42E4619E42E4671
:10FEB0009CE42E46FFF7F5BB2E4636E4022104F102
:10FEC0000800FFF7BFFA0546D4E90032002D5ED1E5
:10FED000404F206DF96C21F480310143F96452E602
:10FEE0003C48C16A41F40031C16275E43948C16AD5
:10FEF00041F40031C16231E43648C16A41F4003155
:10FF0000C162FFF7E4BB3348C16A41F40031C1620A
:10FF100000E42E4651E52E46A6E52E46B6E42D4FCA
:10FF2000A06F796D21F00701014379655FE5294FE5
:10FF3000D4F89400B96D21F007010143B96571E56A
:10FF40002E4631E4234FA06CF96C21F003010143EC
:10FF5000F964FDE42E4669E42E46C9E52E4685E4A3
:10FF60002E46A3E52E46F0E52E4600E62E461CE67C
:10FF7000184FF86A40F40030F862002DF6D192E68E
:10FF80001448C16A41F40031C162002DA0D02E4650
:10FF9000F9E51048C16A41F40031C162002DE3D196
:10FFA000B5E604F10800FFF74DFA0546D4E9003242
:10FFB000002DD7D1BFE6626841E6022104F10800B6
:10FFC000FFF740FA0546D4E90032002DB8D1FFF71B
:10FFD000E4BB00BF0044025800480258022104F16B
:10FFE0002800FFF7A9FA0546D4E90032002DB7D161
:10FFF00054E5022104F12800FFF79EFA0546D4E9F2
:020000040801F1
:100000000032002DA8D16BE58448C16A41F400316B
:10001000C162002D81D164E6012104F12800FFF7BF
:100020008BFA0546D4E90032002D93D1FFF7F7BBD8
:10003000012104F12800FFF77FFA0546D4E90032D8
:10004000002D8BD10AE4022104F12800FFF774FA95
:100050000546D4E90032002D7FF45DAFFCE46F4823
:10006000C16A41F40031C162002D7FF470AC69E7D0
:10007000022104F12800FFF75FFA002840F0948085
:10008000D4F88400D4E900323AE5022104F12800D2
:10009000FFF752FA002840F08D80D4F89800D4E998
:1000A00000323BE5D4E90032FFF7EDBA002104F15C
:1000B0002800FFF741FA0546D4E90032FFF74EBBAE
:1000C000002104F12800FFF737FA0546D4E9003291
:1000D000F1E5002104F12800FFF72EFA0546D4E9E6
:1000E0000032FFF7F4BA02212830FFF725FA06465E
:1000F000002E3FF4B9AAD5E748483546C16A41F415
:100100000031C162D7E5002104F10800FFF79AF938
:100110000546D4E90032CEE5002104F12800FFF7BE
:100120000BFA0546D4E90032FFF756BB002104F173
:100130002800FFF701FA0546D4E90032FFF7EABAD2
:10014000012104F10800FFF77DF90546D4E90032EA
:10015000002D7FF44BACE2E6012104F10800FFF72B
:1001600071F90546D4E90032002D7FF45AACDEE681
:10017000012104F10800FFF765F90546D4E90032D2
:10018000002D7FF4C6AEEAE50326D4E900323546F9
:10019000FFF7E1BB0126FFF776BA204DE86A40F48D
:1001A0000030E862FFF768BAD4F884000126D4E989
:1001B0000032A5E4D4F898000126D4E90032ADE479
:1001C000F7F7B0FFDFF85480074641F2883904E0C2
:1001D000F7F7A8FFC01B4845D6D8D8F870309B0762
:1001E000F6D5D4F8B4303EE60C480D4A016902EA6F
:1001F000131221F47C510A4302613FE6D4E9003234
:100200002E46FFF7A8BB01263546FFF7F0BB0126B7
:100210003546FFF79DBB0126354603E400440258EE
:10022000CFFFFF0008B5FFF73DF8054B054A1B6AF5
:10023000C3F30213D35C03F01F03D84008BD00BF13
:100240000044025890A90108584B70B4996A9D6AFD
:10025000DE6A15F47C3FC5F30532DC6B5CD0C4F379
:10026000CC04C6F3001601F0030106FB04F40129D7
:1002700007EE904AB8EEE77A03D0022975D000293C
:100280004FD007EE902ADFED4A6AF8EEE77A9B6BD3
:1002900086EEA76A9FED475AC3F3080306EE903A2D
:1002A000F7EE005AF8EEE66AE7EE056A76EEA56A22
:1002B00066EE266A3D4AB7EE006A936BC3F34623A7
:1002C00007EE103AB8EEC77A70BC37EE067AC6EE83
:1002D000877AFCEEE77AC0ED007A936BC3F30643AE
:1002E00007EE103AB8EEC77A37EE067AC6EE877A8E
:1002F000FCEEE77AC0ED017A936BC3F3066307EE79
:10030000903AF8EEE77A77EE867A86EEA77ABCEE38
:10031000C77A80ED027A704770BCC0E90022826023
:1003200070471968890627D51C6807EE902A22496C
:10033000F7EE005A9B6BC4F3C102F8EEE77A9FED2B
:100340001D5AC3F30803D14006EE903A06EE101A88
:10035000F8EEE66AB8EEC66AE7EE056A86EE277A38
:1003600076EEA56A66EE876AA4E707EE902ADFEDCF
:10037000136AF8EEE77A8AE707EE902A9FED105AA3
:100380009B6BB7EE006AF8EEE77ADFED0A5AC3F32B
:100390000803C5EE276A07EE903AF8EEE77AE7EE33
:1003A000257A77EE867A66EEA76A83E700440258DC
:1003B0000024744A000000390090D0030024744BDC
:1003C0000024744C584B70B4996A9D6ADE6A15F02B
:1003D0007C7FC5F305525C6C5CD0C4F3CC04C6F3DF
:1003E000002601F0030106FB04F4012907EE904A00
:1003F000B8EEE77A03D0022975D000294FD007EE76
:10040000902ADFED4A6AF8EEE77A1B6C86EEA76A5F
:100410009FED475AC3F3080306EE903AF7EE005AF1
:10042000F8EEE66AE7EE056A76EEA56A66EE266AFB
:100430003D4AB7EE006A136CC3F3462307EE103A49
:10044000B8EEC77A70BC37EE067AC6EE877AFCEE55
:10045000E77AC0ED007A136CC3F3064307EE103A57
:10046000B8EEC77A37EE067AC6EE877AFCEEE77A00
:10047000C0ED017A136CC3F3066307EE903AF8EE11
:10048000E77A77EE867A86EEA77ABCEEC77A80EDB9
:10049000027A704770BCC0E9002282607047196818
:1004A000890627D51C6807EE902A2249F7EE005AE4
:1004B0001B6CC4F3C102F8EEE77A9FED1D5AC3F33B
:1004C0000803D14006EE903A06EE101AF8EEE66AFE
:1004D000B8EEC66AE7EE056A86EE277A76EEA56A7A
:1004E00066EE876AA4E707EE902ADFED136AF8EE5E
:1004F000E77A8AE707EE902A9FED105A1B6CB7EE59
:10050000006AF8EEE77ADFED0A5AC3F30803C5EE96
:10051000276A07EE903AF8EEE77AE7EE257A77EE6B
:10052000867A66EEA76A83E7004402580024744A7C
:10053000000000390090D0030024744B0024744C58
:100540005C4B70B4996A9D6ADE6A15F47C7FC5F3D2
:1005500005125C6B5CD0C4F3CC0406F0010601F01C
:10056000030106FB04F4012907EE904AB8EEE77A8E
:100570007ED0022975D000294FD007EE902ADFEDFA
:100580004E6AF8EEE77A1B6B86EEA76A9FED4B5A30
:10059000C3F3080306EE903AF7EE005AF8EEE66A67
:1005A000E7EE056A76EEA56A66EE266A414AB7EE80
:1005B000006A136BC3F3462307EE103AB8EEC77A0E
:1005C00070BC37EE067AC6EE877AFCEEE77AC0EDAD
:1005D000007A136BC3F3064307EE103AB8EEC77AFE
:1005E00037EE067AC6EE877AFCEEE77AC0ED017A3E
:1005F000136BC3F3066307EE903AF8EEE77A77EEF3
:10060000867A86EEA77ABCEEC77A80ED027A7047CA
:1006100070BCC0E9002282607047196889062ED537
:100620001C6807EE902A2649F7EE005A1B6BC4F3AC
:10063000C102F8EEE77A9FED215AC3F30803D140D7
:1006400006EE903A06EE101AF8EEE66AB8EEC66AC2
:10065000E7EE056A86EE277A76EEA56A66EE876A89
:10066000A4E707EE902ADFED176AF8EEE77A8AE74B
:1006700007EE902ADFED146AF8EEE77A83E707EEDB
:10068000902A9FED0D5A1B6BB7EE006AF8EEE77AE1
:10069000DFED0A5AC3F30803C5EE276A07EE903A66
:1006A000F8EEE77AE7EE257A77EE867A66EEA76AC5
:1006B0007CE700BF004402580024744C000000395D
:1006C0000090D0030024744B0024744AA0F580737A
:1006D0000B4300B585B000F08480A0F500730B4398
:1006E00039D0A0F580630B4300F0E680A0F50063ED
:1006F0000B4300F08980A0F580530B4361D0A0F537
:1007000000530B4300F01281A0F500230B4300F0CF
:10071000A380A0F580330B4300F0FA80A0F580435E
:100720000B4300F04381A0F5004050EA010337D1AC
:10073000994A136D03F04053B3F1805F00F083805A
:10074000B3F1005F00F0568153BB106810F4003025
:1007500044D0924842E0904A136D03F4E073802B3A
:1007600000F0A58020D9C02B37D0B3F5807F17D1FA
:10077000D36C116803F04053490702D5002B00F0F9
:10078000C180854A1268D00503D5B3F1805F00F0BF
:100790000181814A1268910302D5B3F1005FD8D07C
:1007A000002005B05DF804FB002B4CD0402BF7D1A6
:1007B000106810F0006011D001A8FFF745FD019806
:1007C0000CE0754A136D03F4E043B3F5005F6ED09F
:1007D00037D9B3F5405F40F08780714805B05DF8C8
:1007E00004FB6D4B1B6D03F00703042BD8D801A24B
:1007F00052F823F0970801087308010883080108DC
:10080000DB0701087F080108634A936D03F0E0638A
:10081000B3F1007F4BD044D9B3F1407FDDD0B3F1C9
:10082000806FBDD1D36C126803F040535207A8D536
:10083000002BA6D1584B5B481B68C3F3C103D840BB
:10084000CCE7002B54D1106810F00070C6D001A87E
:10085000FFF776FE0298C1E74F4A936D03F44033E9
:10086000B3F5803F00F0D080B3F5003FDAD0002B25
:1008700096D1494B186810F00060AFD09CE7464A0B
:1008800076E7454B186810F00050A7D001A8FFF795
:1008900099FD0198A2E7404B186810F000709DD0B8
:1008A000D5E7002BCFD0B3F1807F81D078E71068F7
:1008B00010F0005092D0E9E7374A936D03F46003DB
:1008C000B3F5800FF3D006D8002BBCD0B3F5001FD2
:1008D0003FF46EAF64E7B3F5C00F3FF47EAFB3F5FE
:1008E000000F3FF445AF5BE7B3F5804F9AD057E771
:1008F000B3F5805F3FF45CAF52E7106810F004007E
:100900003FF46CAF13682748C3F3C103D84065E7D1
:10091000214BDA6CD203BFD5186810F000603FF4A9
:100920005DAF01A8FFF790FC039857E71A4A136DD3
:1009300003F4E023B3F5403FDFD010D8B3F5803F98
:1009400058D0B3F5003F18D1134B186810F0005081
:100950003FF444AF01A8FFF735FD02983EE7B3F539
:10096000802F12D0B3F5A02F7FF41AAF0A4B18686E
:1009700010F400303FF432AFEBE6002B7FF410AF01
:1009800005B05DF804EBFEF7CDBC106810F4807084
:100990003FF424AF044821E7004402580024F40047
:1009A0000080BB000090D00300093D00284B9B6DE8
:1009B00003F0E043B3F1405F37D014D8B3F1805F68
:1009C0003FD0B3F1005FBFD0002B7FF4E9AEFEF75C
:1009D00069FC1F4B1F4A1B6AC3F30213D35C03F06D
:1009E0001F03D840FAE6B3F1804F17D0B3F1A04F00
:1009F000BCD0D5E6106810F000603FF4EFAE01A85F
:100A0000FFF722FC0298E9E6106810F000503FF46E
:100A1000E5AE01A8FFF7D6FC0398DFE60C4B18689B
:100A200010F480703FF4DAAEB4E7094B186810F0A8
:100A300004003FF4D3AE1B680748C3F3C103D8409A
:100A4000CCE6034B186810F000603FF4C7AED6E761
:100A50000044025890A901080090D003F8B501683D
:100A60000546AB4B99421CD02033994219D003F56F
:100A7000787399424ED0203399424BD003F5787366
:100A8000994200F02E812033994200F02A81A14B37
:100A9000994200F028812033994200F024810120FE
:100AA000F8BD9D4E95F8913003F0FF02002B38D031
:100AB0009A4B9B4A1B68A2FB03230A681B0B22F478
:100AC00080329B000A60002B32D00C68013B14F48A
:100AD0008034F8D1022385F89130EB68012B00F0C7
:100AE0004481022B15BF032023200227222715BF94
:100AF0004FF0010C4FF0210C00222022AB68013B8B
:100B0000042B00F26E81DFE813F0E1001C00E80026
:100B10001B00E40095F89130824E03F0FF02002B99
:100B2000C6D1284685F89020F6F7F4FB2968BFE780
:100B3000D5F89430012043F04003C5F89430F8BD57
:100B40003A464FF400672B6A3260002B49D0704B55
:100B5000994200F01F817448081AB0FA80F04009E9
:100B6000002840F01781714B994200F02181203319
:100B7000994200F01D816E4B994200F012812033A2
:100B8000994200F00E81634B994200F02181694B3C
:100B9000994200F01781AB69B3F5002F00F0EB80AC
:100BA000AA6A00EB8000696CB2F1806F4FEA4003E3
:100BB000286A0CBF0222012200FB02F21202B3FBE0
:100BC000F2F35D4AA2FB0302D20802EB8200A3EB20
:100BD0004003092B08BF013204296A6201D152087F
:100BE0006A626B6833F002032B6D40F0B980012B11
:100BF00014BF4FF400740024F7F7ACFA696CB0F539
:100C0000005FD5E9003242EA0102A96C42EA010222
:100C1000E96C42EA0102E96A42EA0102696942EAD0
:100C20000102C0F09580A96918680A43A96A0A43BD
:100C300042490140196029690A4319680A43696AEF
:100C400042EA01523E493A4322431A605A68286BED
:100C50001140EA690243686B5960024359680A43CC
:100C600038495A609A6811406A6E9960E96D9868CF
:100C70000A43296E0A43696D01390A43A96D013996
:100C800042EA012202434FF220009A60D968AA6E1C
:100C90000140D960E96ED8680A43696F42EA0142AF
:100CA000296F013942EA0122194902438B42DA6075
:100CB0001BD0184A934218D000230122C5F8943063
:100CC000184685F8912085F89030F8BD4FF480677C
:100CD00039E702464FF4006735E762464FF4006794
:100CE00031E7194EDEE6194EDCE6736C23F00103A2
:100CF000736495F83830012BDED1D5E90F23013A22
:100D000043EA02137364736C43F001037364D3E723
:100D10000458014004540058005801407800002451
:100D20001BECCB95005C014024580140045C014061
:100D30000460014024540058CDCCCCCC10C005F048
:100D4000F01FFFFF0080F8FF0060014000540058D2
:100D5000A96918680A43244901401960A96A6BE728
:100D6000012B08BF4FF4007446E7132012274FF001
:100D7000110C1022C2E6696C042930D008291ED05B
:100D80006A6D00EB80004300286A00FB02F2B3FBAF
:100D9000F2F316E700214FF48070FFF797FC296803
:100DA000E1E600214FF40070FFF790FC2968EAE6C5
:100DB00000214FF40070FFF789FC2968DBE64FF44F
:100DC0008072DEE700214FF40060FFF77FFCE2E66F
:100DD00000214FF48060FFF779FC2968D7E64022B4
:100DE000CFE70027AFE600BF10C005F8022938B5ED
:100DF000044635D9C81E012830D800202367606416
:100E0000E064E065A0664FF6FF706067606830F0F0
:100E100002000CBF0125002504294FF4003125658F
:100E20000CBF01200D2021664FF48021A065616672
:100E3000032A13D8DFE802F03E4F555C2368474A87
:100E4000934205D002F1C052A2F58232934205D1FD
:100E50006368012B02D1636C002B37D0012038BDB1
:100E6000002023676064E064A066606830F00200E0
:100E700014BF0120002020654FF48030E0654FF65C
:100E8000FF70606713F00100E8D149B94FF480208A
:100E9000C4E91810032AE1D8DFE802F05546362CE1
:100EA00060664FF400302066032AD7D8DFE802F0EE
:100EB0004B3C2C2280211B014022A1646365E26629
:100EC000F7F748F994F83830012BB7D02046BDE841
:100ED0003840FFF7C3BD80225B01A2646365E26610
:100EE000EEE7C0215B018022A1646365E266E7E76B
:100EF000E021F7E75B08E02080219A01A0645B0114
:100F0000E166C4E91523DBE75B08C02280250229DE
:100F10004FEA8310A2644FEA4313E5666065A36558
:100F2000CED10823A366CBE75B08802202294FEAD3
:100F30008310A2644FEA4313E266C4E91503BFD1EC
:100F40001023A366BCE75B08802040215A01A064FF
:100F50001B01E166C4E91523B2E700BF0458014054
:100F60002DE9F8430F4604461546F7F7DBF8002F46
:100F700061D0B5FA85F84FEA5818002D5BD094F887
:100F80009130012B5FFA83F950D194F89030012B06
:100F90004CD04346C4F894800646D4F8800065F3EC
:100FA0000F03226884F89090394665F31F43A767C2
:100FB0001C32E3672B46122584F891502E4DC0F861
:100FC000508005642D4DC5632D4DC564F8F70EFBAB
:100FD00000283ED1636C082B636831D00521612263
:100FE000023B012B98BF1146226813690B43136122
:100FF000136843F40033136006E0F7F793F8831B9C
:10100000B3F57A7F2AD82268556915F4E025F4D023
:101010001368DB0303D4136843F4803313600023A5
:10102000994684F890304846BDE8F8834FF00209AD
:101030004846BDE8F8834FF001094846BDE8F8830B
:1010400023F00202012A0BBF152105217122612222
:10105000C6E7484684F89080BDE8F883D4F8943019
:101060004FF0030984F8905043F040034846C4F819
:101070009430BDE8F88300BFC1110108591101087F
:1010800041120108F8B500294ED0B2FA82F5134694
:101090006D09002A48D090F891200446012AD6B262
:1010A0003FD190F89020012A3BD081670A4629461B
:1010B000222780F8906063F30F01C0F8945063F327
:1010C0001F41C167D0F8840084F891701E4F2168D9
:1010D00007641E4F1C310565C7631D4FC764F8F7D1
:1010E00085FA20BB636C6268082B24D0052161203F
:1010F0002368023A012A98BF01461A690A431A6115
:101100001A6842F400321A601A68D20303D41A68CB
:1011100042F480321A6000231E4684F89030304634
:10112000F8BD02263046F8BD01263046F8BD3046EF
:1011300084F89050F8BD22F00203012B0BBF15215B
:10114000052171206120D3E731120108CD1101087A
:1011500041120108704700BF08B5C369806BB3F541
:10116000807F1BD003684FF0000C416C1A6808297F
:10117000A0F87EC022F400321A60426811D06FF0ED
:10118000610C6FF00501023A012A98BF61461A69A5
:101190004FF0010C0A401A6180F891C0FFF7DAFFA6
:1011A00008BD22F0020101290BBF6FF0710C6FF036
:1011B000610C6FF015016FF00501E4E7704700BFA7
:1011C000806B08B5FFF7FAFF08BD00BF08B5C3691B
:1011D000806BB3F5807F1BD003684FF0000C416C2F
:1011E0001A68082922F400321A604268A0F87EC00A
:1011F00011D06FF0610C6FF00501023A012A98BF1F
:1012000061461A694FF0010C0A401A6180F891C0DA
:10121000F6F786F908BD22F0020101290BBF6FF035
:10122000710C6FF0610C6FF015016FF00501E4E7D0
:10123000806B08B5F6F738F908BD00BF704700BFEE
:1012400010B5846BF9F70AF9022823D0D4F894205A
:10125000216842F08002134B1348C4F894201B68A5
:101260000A68A0FB030322F400321B0B0A600A6821
:101270009B0022F480320A606BB10A68013BD20302
:10128000FAD401220023204684F89120A4F87E306D
:10129000FFF7D4FF10BDD4F8943043F04003C4F8F6
:1012A0009430EEE7780000241BECCB9518B338B5EA
:1012B00090F82C3004460D4603F0FF02B3B12146EE
:1012C000022384F82C3051F8040B00F051F86268C6
:1012D0002946206800F08AF8084A01210020136896
:1012E00043F00043136084F82C1038BD80F82D20A3
:1012F000F2F7C8FDE3E70120704700BF004000524D
:1013000070B590F82C300446022BD8B204D000F00F
:10131000FB06012E01D0012070BD02230D4620687E
:1013200084F82C3000F0AEF82B68022B03D000209C
:1013300084F82C6070BD0523002084F82C3070BD2B
:1013400038B590F82C300446022BD8B205D094F86A
:101350002C30012BDDB201D0012038BD02232068E2
:1013600084F82C3000F0A6F8002084F82C5038BD0A
:101370000B6810B4D3B90468A3F500434A6823404E
:101380001343D1E9024223431343D1E904422343E7
:101390001343D1E9064223431343D1E908422343CF
:1013A0005DF8044B13430360002070470268D1E9E5
:1013B000074322F4F84222434C6A1A430A4B224361
:1013C000026042681340D1E9014223431343D1E94B
:1013D000034223431343D1E9054223435DF8044B01
:1013E00013434360002070470080FFFF30B40ABB06
:1013F0008368D1E9002403F07043013C013A43EAD9
:1014000004131343D1E90224013A013C43EA0223C5
:1014100043EA0432D1E904348969013B013C0139D2
:1014200042EA034343EA045343EA016330BC836066
:10143000002070478268CC68114B013C13404A6918
:1014400043EA0433541E43EA0454D1E9002584607E
:10145000C3686C1E013A03F0704343EA04130C693D
:101460001A438B68013C8969013B013942EA032335
:1014700043EA044343EA016330BCC3600020704781
:10148000FF0F0FFF10B4D1E9003402460069234377
:10149000D1E9021443EA4423054C013904400020F9
:1014A00023435DF8044B43EA41131361704700BFC7
:1014B0000000C0FF0246054B002010B454692340D1
:1014C0005DF8044B43EA41015161704701C0FFFFE1
:1014D000022A03460BD04FF4105CD968002021F497
:1014E0007051D960DA6842EA0C02DA607047234A28
:1014F00023480A4482422CD9224A23480A44824281
:101500002AD9224A22480A44824228D9214A22481A
:101510000A44824226D3214A21480A44824224D9DD
:10152000204A21480A44824222D3204A20480A44C1
:101530008242D0D31F4A20480A4482421BD31F4A0A
:101540001F480A44824234BF4FF4E05C4FF4C05C51
:10155000C3E74FF4705CC0E74FF4605CBDE74FF445
:10156000505CBAE74FF4405CB7E74FF4305CB4E747
:101570004FF4205CB1E74FF4005CAEE7405327FF27
:10158000FF340C00401E1BFF3F420F0000DC0BFF2E
:101590007F4F1200808CF9FE20D6130060B6E5FE66
:1015A0005FE3160000D3CEFE40771B00C05BB3FEA6
:1015B000C091210000CA91FE20753800E05459FE08
:1015C000E09C410082B00023124A019302E00369CB
:1015D000002B08DB019B01330193019B9342F6D959
:1015E000032002B07047890100230A4A41F020011C
:1015F0000193016103E0036913F0200306D0019B0E
:1016000001330193019B9342F5D9E9E7184602B0F3
:10161000704700BF400D030082B00023114A0193C0
:1016200002E00369002B08DB019B01330193019B5E
:101630009342F6D9032002B0704700211023094AD3
:101640000191036103E0036913F0100306D0019BCD
:1016500001330193019B9342F5D9EBE7184602B0A1
:10166000704700BF400D0300D0F8083813F00600A3
:1016700004D013F0020F14BF02200F20704700BFE8
:1016800030B44B780A78012B20D002F00F0C4FF4C5
:101690008033D0F81C4800EB421203FA0CF32343CA
:1016A000C0F81C38D2F8003B1B040CD48B68D2F86D
:1016B000004BC3F30A0308791449234343EA8043E8
:1016C0001943C2F8001B002030BC704700F50064CD
:1016D00002F00F0500EB4210AB40E5692B43E361DC
:1016E000D0F800391C04EED48B68D0F80059C3F34D
:1016F0000A030C7905492B4343EA844343EA8252A7
:10170000114330BCC0F80019002070470080001061
:101710002DE9F0414B780C78012B45D000EB4413B8
:101720009A4E9B4DD3F8107B03F5306C3E40C3F8C6
:10173000106BD3F8106B3540C3F8105B7CBB0C69A1
:10174000002C40F093808C680C62DCF81050C4F3DD
:101750001204012A44EA0504CCF81040DCF81040D9
:1017600044F40024CCF8104000F0A1800A79012A4A
:101770000CD1D0F8082812F4807FD3F8002B0CBFCE
:1017800042F0005242F08052C3F8002BD3F8002BF5
:10179000002042F00442C3F8002BBDE8F0810C6940
:1017A000002C66D18C68D0E70B6900EB44162BBB8C
:1017B000D6F810C9012A764F744D0CEA0707C6F80F
:1017C0001079D6F8107947F40027C6F81079D6F8C2
:1017D000107905EA0705C6F8105906F510650F7966
:1017E00000F0B180D6F800C9012F4CF0044CC6F8C7
:1017F00000C900F088800020BDE8F081D6F810C94B
:10180000624F634D0CEA0707C6F81079D6F81079D5
:101810003D40C6F8105906F51065002C4ED18F6872
:10182000BB4200F2A0802F6947F400272F61D5F852
:1018300010C0C3F3120747EA0C072F610F79012F7D
:101840004DD0012A00F08A80D6F8002942F00442E7
:10185000C6F80029002BCED004F00F020124D0F8E6
:10186000343894401C43C0F83448C4E78C680C6199
:101870006AE78D68012A474E2C4404F1FF34B4FB1B
:10188000F5F4A4B204FB05F506EAC444DCF81060E4
:101890000D62C5F3120544EA0604CCF81040DCF8EA
:1018A000104045EA0405CCF810507FF45FAFCA68D9
:1018B000002A3FF45BAFCCF8142057E7D1F808E0DA
:1018C000344F03EB0E0CD5F810800CF1FF3CBCFB41
:1018D000FEFC07EACC4747EA08072F61A7E7D5F8DF
:1018E00010C0012A2CF0C04CC5F810C0D5F810C0AB
:1018F0004CF0005CC5F810C038D0D6F8007947F03D
:101900000447C6F80079D0F8086816F4807F2E687E
:101910000CBF46F0005646F080562E60002A7FF439
:101920006AAF9BB203339A083FF465AFCB6800EB14
:10193000043003EB820100F5805053F8042B8B42F6
:101940000260FAD157E7CB695BB9012F11D02B6840
:10195000002043F004432B60BDE8F081CB69002BED
:10196000F5D06B61F1E73B460F615CE7CB69002B7B
:10197000F7D1D0F8083813F4807F2B680CBF43F000
:10198000005343F080532B60E1E700BF0000F8FFF5
:10199000FFFF07E00000F81F002382B001934B789F
:1019A000012B0B7820D000F5306000EB431003686A
:1019B000002B02DB002002B07047036842F2107275
:1019C00043F000630360036843F08043036002E078
:1019D0000368002BEEDA019B01330193019B9342D4
:1019E000F6D9012002B0704700F5106000EB4313F8
:1019F0001A68002ADEDA1A6842F2107142F00062B8
:101A00001A601A6842F080421A6002E01A68002ADE
:101A1000D0DA019A01320192019A8A42F6D9E0E7BE
:101A200010B49DF8044064B903339B0809D0013217
:101A300001EB830300EB023051F8042B8B42026070
:101A4000FAD100205DF8044B704700BF5FEA920CAA
:101A500070B5054602F003061CD000F5805E0A460C
:101A600000230133DEF800409C4542F8044BF8D1D6
:101A700001EB8C006EB105F58055731E2A689BB290
:101A800002702BB1110A012B417001D0120C82702F
:101A9000304470BD0846EDE74A780B78012A00EB28
:101AA00043100CD0D0F8002B0BB1002A14DAD0F878
:101AB000003B43F40013C0F8003B00207047D0F80F
:101AC0000029002A00DB73B9D0F8003943F4001371
:101AD000C0F8003900207047D0F8003B23F0804365
:101AE000C0F8003BE3E7D0F8003923F08043C0F8AA
:101AF0000039D0F8003943F40013C0F80039E9E7A1
:101B00004A780B78012A00EB431013D0D0F8003B41
:101B100023F40013C0F8003B0B79023B012B01D9E1
:101B200000207047D0F8003B43F08053C0F8003BE2
:101B300000207047D0F8003923F40013C0F80039B2
:101B40000B79023B012BEBD8D0F8003943F08053DE
:101B5000C0F8003900207047034609010020D3F87F
:101B6000002801F4FE6122F4FE62C3F80028D3F8D5
:101B700000281143C3F80018704700BF426980690C
:101B80001040704700EB4111D1F80805D1F80C3531
:101B900018407047D0F81838D0F81C081840000CCE
:101BA000704700BFD0F81838D0F81C08184080B231
:101BB000704700BF00EB411100F50060D1F8082B21
:101BC00040691040704700BFD0F81028D0F8343872
:101BD00000EB411001F00F01D0F80809CB40DB0108
:101BE000DBB2134318407047406900F001007047B2
:101BF0000346094A002003F5006110B4D3F80049F8
:101C000022405DF8044BC3F80029D3F8043843F4AC
:101C100080734B60704700BF00F8FFFF144B10B497
:101C2000046C9C421AD800F530600023012903613E
:101C3000036943F400230361036943F0180303615C
:101C4000036943F0C043036104D14261036843F078
:101C50008023036000205DF8044B7047D0F8003B00
:101C600000F53060002BE0DA00205DF8044B70478F
:101C70000A30544FD0F8002401F00303012900F585
:101C8000806C22F00302C0F80024D0F8002443EA5C
:101C90000203C0F8003409D0022905D141F2707363
:101CA0000020CCF804307047012070474BF6803399
:101CB0000020CCF804307047D0F8140480B270478C
:101CC00000EB4111002310B483B001F5A06C019327
:101CD000D1F80035D1F8004582689B0C920601D5F9
:101CE000002C25DA13F0010FD1F8003543F08043C2
:101CF000C1F8003521D0D0F8103413F47F0FD1F89B
:101D000000353AD123F00043C1F80035D1F8003551
:101D100043F00043C1F8003503E0DCF80030002B4D
:101D200006DA019B01330193019BB3F57A7FF4D965
:101D3000002003B05DF8044B704783689B0625D4F0
:101D4000C36A13F47F0FD1F8003516D123F0004396
:101D5000C1F80035D1F8003543F00043C1F8003533
:101D600003E0DCF80030002BE2DA019B0133019341
:101D7000019BB3F57A7FF4D9DAE743F00043002002
:101D8000C1F8003503B05DF8044B7047D1F8003559
:101D9000002043F00043C1F8003503B05DF8044B68
:101DA000704700BF10B4002485B0764A0146019404
:101DB000836823F001038360029403E00B69002B26
:101DC000C0F2BB80029B01330293029B9342F5D980
:101DD000012000236B4A039303E00B69002BC0F240
:101DE000BF80039B01330393039B9342F5D90120EA
:101DF000D1F8003501F5A06201F5E06C23F08023F5
:101E000043F08043C1F80035D1F8203523F080231A
:101E100043F08043C1F82035D1F8403523F08023CA
:101E200043F08043C1F84035D1F8603523F080237A
:101E300043F08043C1F86035D1F8803523F080232A
:101E400043F08043C1F88035D1F8A03523F08023DA
:101E500043F08043C1F8A035D1F8C03523F080238A
:101E600043F08043C1F8C035D1F8E03523F080233A
:101E700043F08043C1F8E035D1F8003623F08023E9
:101E800043F08043C1F80036D1F8203623F0802398
:101E900043F08043C1F82036D1F8403623F0802348
:101EA00043F08043C1F84036D1F8603623F08023F8
:101EB00043F08043C1F86036D1F8803623F08023A8
:101EC00043F08043C1F88036D1F8A03623F0802358
:101ED00043F08043C1F8A036D1F8C03623F0802308
:101EE00043F08043C1F8C036D1F8E03623F08023B8
:101EF00043F08043C1F8E036136823F4004343F015
:101F00004043136002E01368002B06DA019B0133A3
:101F10000193019BB3F57A7FF5D920326245EBD16D
:101F20004FF0FF33C1F814344B618B6843F0010369
:101F30008B6005B05DF8044B704700204FF484635C
:101F4000104A02900B6104E0086910F020003FF491
:101F500040AF029B01330293029B9342F4D937E7CF
:101F600000241023074A03940B6103E00B69DB068E
:101F70007FF53EAF039B01330393039B9342F5D957
:101F800035E700BF400D0300D0F8B8320BB11B6835
:101F900018471846704700BF08B5D0F8B8325B68DC
:101FA0009847002818BF032008BD00BF38B500F2CD
:101FB000AA250446284600F007FCB4F8B03294F88D
:101FC000AA120122C4F8983201F01F03C4F8942227
:101FD000934209D0022B13D063B1204601F0800157
:101FE000BDE83840F5F7BCBF29462046BDE838407B
:101FF00000F0F8BA29462046BDE8384000F042B962
:1020000029462046BDE8384000F02EBB70B5044696
:1020100031B90B46D0F89412032910D0002070BDBE
:1020200090F89C32032BF9D1D0F8B8329B69002B81
:10203000F4D00022BDE87040C0F8D4221847D0E99F
:102040005715A94208D890F89C22032A0FD02046A1
:1020500000F0E8FB002070BD4B1B11462A469D4254
:10206000C0F85C3128BF1A4600F0D2FBD6E7D0F8A2
:10207000B8221269002AEAD0C0F8D4329047E6E7C5
:1020800070B5044659B9D0F89432022B16D094F8A2
:10209000A03213B1002384F8A032002070BD90F864
:1020A0009C32032BF9D1D0F8B8325B69002BF4D005
:1020B0000022BDE87040C0F8D4221847D0E90736A6
:1020C0000D46B34210D81CD094F89C32032B2BD071
:1020D00080212046F5F744FF204600F0AFFB94F83E
:1020E000A032002BD9D0D5E79B1B1146C3611A46FD
:1020F00000F084FB2B462A4629462046F5F77CFF54
:10210000C5E782699342DFD8D0F898329A42DBD291
:102110000A4600F073FB2B462A4629462046C4F89F
:102120009852F5F769FFB2E7D4F8B832DB68002BB4
:10213000CED000222046C4F8D4229847C8E700BF7A
:10214000F8B500210122D0F8B832044680F89C226C
:102150004160C0F89412C0F8A41280F8A0121BB11C
:102160005B680BB19847B0B90027402300220126D5
:1021700020461D461146F5F7E1FE00222B46802140
:102180002046A4F86461C4F86051F5F7D7FE3846DC
:10219000A6842562F8BD0327E7E700BF03460020B9
:1021A0001974704790F89C220346042A04D090F8D2
:1021B0009C22D2B280F89D220422002083F89C2227
:1021C000704700BF90F89C32042B04D190F89D32E8
:1021D000DBB280F89C320020704700BF90F89C2250
:1021E000032A01D00020704708B5D0F8B83213B1E7
:1021F000DB6903B19847002008BD00BFD0F8D422A6
:10220000AE3250F822205AB108B590F89C32032B18
:1022100001D0002008BD136A23B19847002008BDF3
:1022200003207047184608BDD0F8D422AE3250F8CB
:1022300022205AB108B590F89C32032B01D000201F
:1022400008BD536A23B19847002008BD032070479A
:10225000184608BD002070470121D0F8B82280F848
:102260009C1242B15268017908B5904708B9002024
:1022700008BD032008BD0020704700BF0020704744
:1022800000207047F0B50C7883B00E46054604F088
:102290006004202C0ED0402C0CD0BCB180212846EC
:1022A000F5F75EFE002128460C46F5F759FE20465C
:1022B00003B0F0BDD5F8D43231462846AE3355F8D8
:1022C00023309B6803B0BDE8F04018474B78092BDA
:1022D000E4D801A252F823F039230108672301084A
:1022E0009D220108852301089D220108A7230108DA
:1022F000DF2301089D2201081124010801230108A0
:102300008978B34E0129317000F2508190F89C32E7
:10231000022BDFB200F00E81032F00F01F8180211D
:102320000324F5F71DFE00212846F5F719FE317844
:102330002846FFF731FEBAE790F89C22013A022ABC
:1023400026D8CA88022A23D10121D0F8A422C1604C
:102350000AB10322C260022205F10C0128461C4684
:1023600000F03EFAA3E790F89C32013B022B0FD815
:102370004B88012B9BD100232846C5F8A43200F0DE
:1023800051FA94E74B88012BF6D0022B00F007811D
:1023900080212846F5F7E4FD00212846F5F7E0FD09
:1023A000204603B0F0BD8B88002BF1D1CB88002BE9
:1023B000EED14E887F2EEBD890F89C32032BE7D0DD
:1023C000F1B280F89E12F5F7FBFD284600F02AFADC
:1023D000002E40F0E080012385F89C3267E700235F
:1023E0004A88ADF80630130A013B062BD0D801A16C
:1023F00051F823F09D24010883240108AD2401082D
:1024000091230108912301086F2401083724010852
:10241000CA88012ABCD190F89C120229CBB200F2E2
:102420008280002B3FF43AAF0146002341F8083F79
:1024300000F0D6F93BE7037C002BA9D1D0F8B832E5
:102440000DF106001B6B984707234370F288002AA2
:1024500065D0BDF80630002B9AD09A420146284636
:1024600028BF1A46ADF8062000F0BAF91FE7037C32
:10247000002B8DD1D0F8B8320DF106005B6B984778
:10248000E4E7037C002B40F09A80D0F8B8320DF1DD
:1024900006009B6A984702234370D7E7D0F8B4320E
:1024A0000DF10601007C1B689847CFE7D2B2052AE0
:1024B0003FF66EAFDFE802F026201A140E03D0F8C4
:1024C000B4329B69002B3FF463AF0DF10601287C09
:1024D0009847BBE7D0F8B4325B69002BF5D157E7DA
:1024E000D0F8B4321B69002BEFD151E7D0F8B432E9
:1024F000DB68002BE9D14BE7D0F8B4329B68002BA6
:10250000E3D145E7D0F8B4325B68002BDDD13FE77B
:10251000022341600C4680F89C32FFF73DFD2846BF
:1025200000F080F9C3E6032B7FF4B8AE011D00F084
:1025300057F9BCE60029F2D001214160FFF724FDE4
:102540000446002846D080212846F5F709FD0021E1
:102550002846F5F705FD85F89C72A8E60029D7D036
:1025600041680129DBD0C9B2FFF716FD3178284652
:102570006960FFF709FD06460028D0D08021284673
:10258000F5F7EEFC002128463446F5F7E9FC2979F9
:102590002846FFF701FD022385F89C3287E68B88E9
:1025A0001B0A80F8A03200F03DF980E68021032468
:1025B000F5F7D6FC00212846F5F7D2FC77E6D0F8EF
:1025C000B8320DF10600DB6A9847022343703DE7FD
:1025D000B8890624284600F025F9032385F89C32A3
:1025E00065E600BF38B50B780D46044603F060027F
:1025F000402A0BD05B0609D500258021F5F7B0FCF9
:1026000020462946F5F7ACFC284638BD94F89C32A4
:10261000013B022B02D8297901290AD980212046C1
:10262000F5F79EFC002120460D46F5F799FC28465B
:1026300038BD2046FFF722FE90B9D4F8B8329B6827
:1026400073B12946C4F8D40220469847EB88054662
:10265000002BD9D10028D7D1204600F0E3F8D3E7EA
:102660000325284638BD00BF30B50C468A8883B0A4
:1026700005462378D1B203F06003202B1ED0402BF7
:102680001CD06BB380212846F5F76AFC0021284650
:10269000F5F766FC002003B030BD90F89C32022BA9
:1026A000DAB259D0032AEDD16388002BF2D14B0660
:1026B0007ED12846019100F0B5F801992846FFF730
:1026C000DFFD0028E6D1D5F8B832C5F8D4029B6802
:1026D000002BDFD02146284603B0BDE83040184724
:1026E0006378012BD9D0032B24D0002BCAD190F8CA
:1026F0009C32022BD8B238D00328C3D101F00F038B
:10270000120603EB830305EB83033FD4B3F8643174
:10271000002BB7D001F07F03142404FB035404F50D
:10272000AA74002B3ED1236002222146284600F0E5
:1027300057F8AFE790F89C32022BDAB20CD0032A9C
:10274000A0D1638823B9480602D0E388002B36D095
:10275000284600F067F89DE74A0693D0F5F700FC9D
:1027600080212846F5F7FCFB94E748068AD111063C
:102770004FF000034FF0020228464CBF05F1140150
:1027800005F5AA710B6000F02BF883E79B8C002BFA
:102790003FF478AF01F07F035C1C04EB840405EB8D
:1027A0008404BEE72846F5F7F7FB30B10123BAE70A
:1027B0000191F5F7E3FB01997BE72060B4E7284638
:1027C000F5F7CEFBC4E700BF0B7803704B7843707E
:1027D0004B8843808B888380CB88C380704700BF41
:1027E00010B5134602240A460021C0F89442C0E9FD
:1027F0000633F5F7F3FB002010BD00BF8C46002127
:1028000008B513466246F5F7E9FB002008BD00BF96
:102810008C46002108B513466246F5F7EDFB002013
:1028200008BD00BF002310B504241A461946C0F89D
:102830009442F5F7D3FB002010BD00BF002310B574
:1028400005241A461946C0F89442F5F7D5FB002036
:1028500010BD00BFD0F8C8230132C0F8C8230278E9
:102860000B2A00D07047D0F88033002BFAD09B6938
:10287000184700BF012380F823337047002380F8F6
:1028800023337047034600220121104683F82013AA
:1028900083F8212383F82223704700BF38B5012332
:1028A0000025044680F8213380F8235380F8205314
:1028B000F5F7C6FB2179204600F006F8617920463D
:1028C00000F002F8284638BD0A2907D800EB81003D
:1028D000D0F88833C3F30E03C0F888330020704764
:1028E0000C4A82B00C4BD2F8DC1041F04001C2F827
:1028F000DC10D2F8DC2002F040020192019A1A6842
:1029000022F020021A601A6842F004021A6002B033
:10291000704700BF004402580018024870B50023F9
:1029200004464FF4806204214FF440353448C4F823
:102930003821C4F8D410C4F83431C4F84C113149EA
:10294000C4F8B000C4F82811C4E92F32C4E9313307
:10295000C4E93335C4E93733C4E94F33C4E95135E9
:10296000C4E95533A2680323C4F8D830C4F8503101
:10297000042A0AD8DFE802F01F262D34030055226E
:102980005623C4F8B420C4F82C310022402304F1AB
:10299000B005C4F8B8202846C4F83031F6F7B8FBC3
:1029A00008B1FFBEFEE704F594763046F6F7B0FBBB
:1029B000E8B1FFBEFEE725222623C4F8B420C4F800
:1029C0002C31E2E727222823C4F8B420C4F82C31A4
:1029D000DBE73D223E23C4F8B420C4F82C31D4E711
:1029E00053225423C4F8B420C4F82C31CDE704F1A9
:1029F0002803C4E92865C4F8E830C4F8603170BD24
:102A000040040240580402402DE9F04F814683B053
:102A10000E4617461D4600F12804204603F072F9C1
:102A200001288246F9D14846FFF778FF8046002802
:102A300035D1EFF31083019372B6DFF888B00C9BA9
:102A400099F90820DFF880A0DFF88090CBF80030FB
:102A50000D9B89F80020CAF800300DB11846A84730
:102A6000BAB23146204602F0DFFC30B9019B03B90F
:102A700062B6404603B0BDE8F08F0023CBF80030CB
:102A8000CAF80030FF2389F800300C9B8BB101217C
:102A90000D9888469847019B002BEAD1E8E70C9BEC
:102AA00053B1D0460D9851469847404603B0BDE813
:102AB000F08F4FF00108D9E7D046404603B0BDE89B
:102AC000F08F00BFDC930624E4930624E0930624F1
:102AD0002DE9F04F814683B00E4617461D4600F1A2
:102AE0002804204603F00EF901288246F9D1484611
:102AF000FFF714FF8046002835D1EFF310830193D0
:102B000072B6DFF888B00C9B99F90820DFF880A036
:102B1000DFF88090CBF800300D9B89F80020CAF8D0
:102B200000300DB11846A847BAB23146204602F02F
:102B30003BFD30B9019B03B962B6404603B0BDE826
:102B4000F08F0023CBF80030CAF80030FF2389F85B
:102B500000300C9B8BB101210D9888469847019B52
:102B6000002BEAD1E8E70C9B53B1D0460D985146B3
:102B70009847404603B0BDE8F08F4FF00108D9E711
:102B8000D046404603B0BDE8F08F00BFDC9306247A
:102B9000E4930624E09306242DE9F04F814683B0A8
:102BA0000F461646984600F12804204603F0AAF87E
:102BB0000128FAD182464846FFF7B0FE05460028B4
:102BC00038D1EFF31083019372B699F90830DFF82A
:102BD0008890DFF888B089F800300D9BDFF880A07E
:102BE000CBF800300E9BCAF800300C9B0BB10E984E
:102BF00098471FFA88F33A463146204602F09EFD78
:102C000030B9019B03B962B6284603B0BDE8F08F26
:102C10000023CBF80030CAF80030FF2389F80030D9
:102C20000D9B8BB101210E980D469847019B002BFF
:102C3000EAD1E8E70D9B4BB155460E9851469847AF
:102C4000284603B0BDE8F08F0125DAE7554628464F
:102C500003B0BDE8F08F00BFE0930624DC930624A8
:102C6000E49306242DE9F041022286B000260446B2
:102C700005690496CDE90226D0E90272BF000AB3C5
:102C8000022D00F0C8802078B5FA85F50126D4F829
:102C900020800B284FEA551521D1A0780B2801D0B0
:102CA000002E3AD120790B2801D0002D5ED1A079D9
:102CB000B8F1000F02D00B2840F08480002006B04D
:102CC000BDE8F08135F002032078D4F820800CBFF5
:102CD00001260026023D18BF01250B28DDD0764BCA
:102CE000617853F827301A780B2A02D0904200F00E
:102CF0009A80DA7803F1030C0B2A02D0824200F0AA
:102D0000A2809A7903F1060C824202D10B2A40F08C
:102D1000A080012006B0BDE8F0817A1C664BE17806
:102D200053F822301A780B2A02D0904200F09A8091
:102D3000DA78DE1C0B2A02D0904200F0AC809A793F
:102D40009E1D9042E5D10B2AE3D0DB798B42E0D186
:102D500033469B780A28059340F28980002001239E
:102D60008B4001A90193F7F77BFB9BE7BA1C524B01
:102D7000617953F822301A780B2A01D090427AD028
:102D8000DA78DD1C0B2A02D0904200F08A809A7912
:102D90009D1D9042BDD10B2ABBD0DB798B42B8D1AF
:102DA0002B469B780A28059369D9002001238B4084
:102DB00001A90193F7F754FBA079B8F1000F7FF454
:102DC0007AAF7BE73C4B0337E47953F827301A7826
:102DD0000B2A01D0904256D0DA78D91C0B2A01D0A8
:102DE000904264D09A79991D904292D10B2A90D04A
:102DF000DB79A3428DD10B469B780A28059346D9EF
:102E00000020012301A9A3400193F7F729FB00202B
:102E100006B0BDE8F08100780125D4F820800B28A9
:102E20003FF440AF5BE75A788A427FF462AF9B7809
:102E30000A28059312D9002001238B4001A9019390
:102E4000F7F70EFB29E71A798A427FF45AAF6346F7
:102E5000EDE7DB798B427FF45CAFF8E7174B03EBD0
:102E60008020E9E75A788A427FF462AF71E7134B1A
:102E700003EB802073E75A788A4281D191E70F4BA8
:102E800003EB802092E75A78A242A5D1B4E70B4B1E
:102E900003EB8020B5E71A798A427FF450AF3346BE
:102EA00057E71A798A427FF472AF2B4679E71A798D
:102EB000A24297D10B469FE7B4A90108000002582F
:102EC000B04A0368934200F05F83A2F578429342D0
:102ED00000F05C8302F58062934200F0598302F5B2
:102EE0007842934200F0568302F5E052934200F09C
:102EF0005383A54A934240F051830521A34B10B55B
:102F00004FF4D074B2B001FB04F41A5D1C440A2AD9
:102F100019D8DFE812F02B03AB02B902C902D702BD
:102F2000E502F30201030F031D030B00984AD2F8D8
:102F3000E00040F48060C2F8E000D2F8E02002F443
:102F400080623192319AA2780A2A19D8DFE812F009
:102F5000E200F000FE000C0122013001CA01D8019C
:102F6000E601F4010B008A4AD2F8E00040F48060E8
:102F7000C2F8E000D2F8E02002F480622692269A9D
:102F800022790A2A19D8DFE812F0E501F3010102DB
:102F90000F021D022B0239024702550263020B0089
:102FA0007B4AD2F8E00040F48060C2F8E000D2F83A
:102FB000E02002F480621B921B9AA2790A2A19D897
:102FC000DFE812F020012E013C014A0158016601A0
:102FD00074018201040112010B006D4AD2F8E00075
:102FE00040F48060C2F8E000D2F8E02002F4806291
:102FF0001092109A4FF4D07202FB01339B68052B9C
:1030000011D8DFE803F0192F455B7103604BD3F84B
:10301000F42042F02002C3F8F420D3F8F43003F097
:1030200020030593059B2046FFF71CFE012801D0D5
:1030300032B010BDFFBEFEE7554B00222320D3F86F
:10304000F01041F48051C3F8F0101146D3F8F0307D
:1030500003F480530093009BF5F7A8FE2320F5F7B7
:10306000E3FEE0E74A4B00222420D3F8E81041F4C5
:103070008041C3F8E8101146D3F8E83003F48043E8
:103080000193019BF5F792FE2420F5F7CDFECAE7E8
:103090003F4B00223320D3F8E81041F40041C3F83D
:1030A000E8101146D3F8E83003F400430293029B82
:1030B000F5F77CFE3320F5F7B7FEB4E7344B00227A
:1030C0005420D3F8F01041F40051C3F8F010114629
:1030D000D3F8F03003F400530393039BF5F766FE37
:1030E0005420F5F7A1FE9EE7294B00225520D3F886
:1030F000F01041F48011C3F8F0101146D3F8F0300D
:1031000003F480130493049BF5F750FE5520F5F764
:103110008BFE88E71E4AD2F8E00040F00100C2F8BA
:10312000E000D2F8E02002F001021C921C9A27E78E
:10313000174AD2F8E00040F00200C2F8E000D2F8EE
:10314000E02002F002021D921D9A19E7104AD2F8FF
:10315000E00040F00400C2F8E000D2F8E02002F005
:1031600004021E921E9A0BE7094AD2F8E00040F0D2
:103170000800C2F8E000D2F8E02002F008021F9236
:103180001F9AFDE60030014000140058BC89062457
:1031900000440258C34AD2F8E00040F01000C2F8E0
:1031A000E000D2F8E02002F010022092209AE7E638
:1031B000BC4AD2F8E00040F02000C2F8E000D2F8AB
:1031C000E02002F020022192219AD9E6B54AD2F8F5
:1031D000E00040F48070C2F8E000D2F8E02002F491
:1031E00080720E920E9A05E7AE4AD2F8E00040F4E3
:1031F0000070C2F8E000D2F8E02002F400720F92F2
:103200000F9AF7E6A74AD2F8E00040F00100C2F8B2
:10321000E000D2F8E02002F001020692069AE9E608
:10322000A04AD2F8E00040F00200C2F8E000D2F874
:10323000E02002F002020792079ADBE6994AD2F8F0
:10324000E00040F00400C2F8E000D2F8E02002F014
:1032500004020892089ACDE6924AD2F8E00040F0C3
:103260000800C2F8E000D2F8E02002F0080209925B
:10327000099ABFE68B4AD2F8E00040F01000C2F88D
:10328000E000D2F8E02002F010020A920A9AB1E6B9
:10329000844AD2F8E00040F02000C2F8E000D2F802
:1032A000E02002F020020B920B9AA3E67D4AD2F8AE
:1032B000E00040F04000C2F8E000D2F8E02002F068
:1032C00040020C920C9A95E6764AD2F8E00040F063
:1032D0008000C2F8E000D2F8E02002F080020D92F7
:1032E0000D9A87E66F4AD2F8E00040F04000C2F83D
:1032F000E000D2F8E02002F040022292229A3FE65B
:10330000684AD2F8E00040F08000C2F8E000D2F84D
:10331000E02002F080022392239A31E6614AD2F83B
:10332000E00040F48070C2F8E000D2F8E02002F43F
:1033300080722492249A23E65A4AD2F8E00040F49C
:103340000070C2F8E000D2F8E02002F4007225928A
:10335000259A15E6534AD2F8E00040F00100C2F881
:10336000E000D2F8E02002F001021192119A24E666
:103370004C4AD2F8E00040F00200C2F8E000D2F877
:10338000E02002F002021292129A16E6454AD2F8A2
:10339000E00040F00400C2F8E000D2F8E02002F0C3
:1033A00004021392139A08E63E4AD2F8E00040F075
:1033B0000800C2F8E000D2F8E02002F008021492FF
:1033C000149AFAE5374AD2F8E00040F01000C2F84B
:1033D000E000D2F8E02002F010021592159AECE518
:1033E000304AD2F8E00040F02000C2F8E000D2F805
:1033F000E02002F020021692169ADEE5294AD2F861
:10340000E00040F04000C2F8E000D2F8E02002F016
:1034100040021792179AD0E5224AD2F8E00040F015
:103420008000C2F8E000D2F8E02002F0800218929A
:10343000189AC2E51B4AD2F8E00040F48070C2F846
:10344000E000D2F8E02002F480721992199AB4E5F3
:10345000144AD2F8E00040F40070C2F8E000D2F85C
:10346000E02002F400721A921A9AA6E50D4AD2F8E8
:10347000E00040F00200C2F8E000D2F8E02002F0E4
:1034800002022892289A5EE5064AD2F8E00040F04F
:103490000400C2F8E000D2F8E02002F00402299211
:1034A000299A50E5004402583E4AD2F8E00040F024
:1034B0000800C2F8E000D2F8E02002F008022A92E8
:1034C0002A9A40E5374AD2F8E00040F01000C2F8EE
:1034D000E000D2F8E02002F010022B922B9A32E5A5
:1034E000304AD2F8E00040F02000C2F8E000D2F804
:1034F000E02002F020022C922C9A24E5294AD2F8EE
:10350000E00040F04000C2F8E000D2F8E02002F015
:1035100040022D922D9A16E5224AD2F8E00040F0A2
:103520008000C2F8E000D2F8E02002F080022E9283
:103530002E9A08E51B4AD2F8E00040F48070C2F8E9
:10354000E000D2F8E02002F480722F922F9AFAE481
:10355000144AD2F8E00040F40070C2F8E000D2F85B
:10356000E02002F400723092309AECE40D4AD2F876
:10357000E00040F00100C2F8E000D2F8E02002F0E4
:1035800001022792279ADEE40021B7E40121B5E485
:103590000221B3E40321B1E40421AFE400231B784A
:1035A000FFDE00BF004402582DE9F043002289B03D
:1035B0001B4B01210DF1040C9E461A4B0791E1466D
:1035C000E04667460EF11C060EF138050EF1540474
:1035D000CDE90122CDE90322CDE90522FF221A70AF
:1035E000BCE80F00AEE80F009CE807008EE807007B
:1035F000B9E80F000FC69CE8070086E80700B8E8A6
:103600000F000FC59CE8070085E807000FCF0FC427
:103610009CE8070084E8070009B0BDE8F08300BF1C
:1036200048010024E0930624014802F061BA00BF7B
:10363000E4890624014802F05BBA00BF848B0624AB
:10364000014802F055BA00BF248D0624014802F05B
:103650004FBA00BFC48E0624014802F049BA00BF29
:103660006490062410B5EFF3108472B6084B1A78F4
:10367000120602D504B962B610BD1B784FF4D072A1
:1036800004485BB202FB0300B030F6F793FBF1E7AE
:10369000E0930624BC89062410B5EFF3108472B6BB
:1036A000094B1A78120602D504B962B610BD1B7810
:1036B0004FF4D07205485BB202FB030000F5947032
:1036C000F6F778FBF0E700BFE0930624BC890624F8
:1036D0002DE9F04184B0EFF3108772B6284AFF213C
:1036E000284C1368217023B100211160264A10680C
:1036F000984723781B061CD5DFF894800025234EBD
:103700004446216879B162686AB1A369012B22D06D
:10371000A3B963693046019323690093E368228962
:10372000FFF7D6F918B301351C3406F5D076042D11
:10373000E7D107B962B604B0BDE8F081D4E904303E
:10374000CDE90130E068238900903046FFF724FA84
:103750000028E8D10BE0D4E904301146CDE900306F
:103760003046E3682289FFF74FF90028DBD1C5EB2B
:10377000C50508EB850348F825005860D9E700BF68
:10378000DC930624E0930624E4930624BC890624F3
:10379000480100242DE9F04184B0EFF3108772B6A0
:1037A000284AFF21284C1368217023B100211160A1
:1037B000264A1068984723781B061CD5DFF89480AA
:1037C0000025234E4446216879B162686AB1A36935
:1037D000012B22D0A3B9636930460193236900937A
:1037E000E3682289FFF774F918B301351C3406F534
:1037F000D076042DE7D107B962B604B0BDE8F081F8
:10380000D4E90430CDE90130E068238900903046E6
:10381000FFF7C2F90028E8D10BE0D4E904301146E3
:10382000CDE900303046E3682289FFF7EDF8002843
:10383000DBD1C5EBC50508EB850348F825005860CA
:10384000D9E700BFDC930624E0930624E493062422
:10385000BC890624480100242DE9F04184B0EFF32F
:10386000108772B6284AFF21284C1368217023B1B3
:1038700000211160264A1068984723781B061CD542
:10388000DFF894800025234E4446216879B16268B0
:103890006AB1A369012B22D0A3B9636930460193B1
:1038A00023690093E3682289FFF712F918B3013501
:1038B0001C3406F5D076042DE7D107B962B604B002
:1038C000BDE8F081D4E90430CDE90130E068238916
:1038D00000903046FFF760F90028E8D10BE0D4E90A
:1038E00004301146CDE900303046E3682289FFF705
:1038F0008BF80028DBD1C5EBC50508EB850348F83C
:1039000025005860D9E700BFDC930624E093062425
:10391000E4930624BC890624480100242DE9F041E3
:1039200084B0EFF3108772B601F0AAFC284A294C44
:10393000FF21136821702BB1002111600121264A5B
:103940001068984723781B061CD5DFF89480002563
:10395000224E4446216879B162686AB1A369012B9D
:1039600022D0A3B963693046019323690093E368C9
:103970002289FFF7ADF818B301351C3406F5D0766F
:10398000042DE7D107B962B604B0BDE8F081D4E9EF
:103990000430CDE90130E068238900903046FFF71C
:1039A000FBF80028E8D10BE0D4E904301146CDE95A
:1039B00000303046E3682289FFF726F80028DBD183
:1039C000C5EBC50508EB850348F825005860D9E725
:1039D000DC930624E0930624E4930624BC890624A1
:1039E000480100245E4B00226FF0F411022030B435
:1039F0000824DA615862C3F8BC21C3F8C401C3F8D3
:103A00005C23C3F86403C3F8E014C3F8E414C3F8F8
:103A1000F444C3F8F824C3F8FC24C3F80405C3F83D
:103A20008016C3F88416C3F89446C3F89826C3F8E2
:103A30009C26C3F8A406C3F820184A4DC3E90542E2
:103A4000C3E96D42C3E9D542C3E90011C3E9681176
:103A5000C3E9D011C3F824184349C3F83448C3F864
:103A60003828424CC3F83C28C3F844080A888B78AD
:103A70003F482372E280C28003723E4C3E48E2809F
:103A8000A0F8032023724371C28003723B4C3C4870
:103A90000968E2802372A0F803203A4C4371C28087
:103AA00003723948E2802372A0F80320374C437137
:103AB000C2800372080C2180EA802B72A070A4F8E7
:103AC00003206371E2802372314C2180A070A4F83E
:103AD00003206371E28023722E4C2180A070A4F831
:103AE00003206371E28023722B4C2180A070A4F824
:103AF00003206371E2802372284C2180A070A4F817
:103B000003206371E2802372254C2180A070A4F809
:103B100003206371E2802372224C2180A070E28036
:103B20002372A4F8032063711F4C21801F49A070E9
:103B3000E2801F482372A1F803204B71CA800B72E8
:103B4000A4F803201B4963711B4CC280E2802372DE
:103B50000372A1F803204B71CA800B7230BC70470E
:103B6000BC8906240C010024B0A90108D00000245F
:103B7000C400002488000024F4000024DC00002499
:103B80001801002400010024A0000024AC930624A6
:103B900094930624A09306247C930624D0930624B1
:103BA000B8930624C4930624889306243C01002479
:103BB00030010024AC00002424010024714A036871
:103BC00011698B4200B587B04BD0516F8B4200F02A
:103BD000B680D2F8D8108B4200F0B380D2F83C11F6
:103BE0008B4200F0B080B3F1804F1ED0664A934202
:103BF0000DD0664A934200F0A880654A934200F0D7
:103C0000B280644A93421ED007B05DF804FB624B59
:103C1000D3F8E82042F00202C3F8E820D3F8E830F5
:103C200003F002030293029BEEE75B4BD3F8E8201C
:103C300042F00102C3F8E820D3F8E83003F00103B2
:103C40000193019BE0E7544BD3F8E82042F01002C7
:103C5000C3F8E820D3F8E83003F010030593059B80
:103C6000D2E700206421B3F1804F01FB0022127BD8
:103C70001ED045498B4235D044498B4248D04449F7
:103C80008B42BED1444BD3F8E81041F00801C3F891
:103C9000E810D3F8E83003F008030493049B002AEB
:103CA000B2D0322000220F21F5F780F8322014E044
:103CB000394BD3F8E81041F00101C3F8E810D3F80C
:103CC000E83003F001030193019B002A9CD01C20E3
:103CD00000220F21F5F76AF81C2007B05DF804EB0D
:103CE000F5F7A2B82C4BD3F8E81041F00201C3F865
:103CF000E810D3F8E83003F002030293029B002A95
:103D000082D01D2000220F21F5F750F81D20E4E796
:103D1000214BD3F8E81041F00401C3F8E810D3F8C0
:103D2000E83003F004030393039B002A3FF46CAFD5
:103D30001E2000220F21F5F739F81E20CDE70120C3
:103D400090E702208EE703208CE7134BD3F8E8209E
:103D500042F00402C3F8E820D3F8E83003F004038B
:103D60000393039B50E70C4BD3F8E82042F0080282
:103D7000C3F8E820D3F8E83003F008030493049B69
:103D800042E700BFE893062400040040000800401A
:103D9000000C004000100040004402580F4B026825
:103DA00019698A420BD0596F8A4211D0D3F8D810C2
:103DB0008A420FD0D3F83C118A420DD070470021BF
:103DC000642202FB0133DA6D002AF7D0186E104727
:103DD0000121F5E70221F3E70321F1E7E893062447
:103DE000014802F0D1B900BFF8930624014802F05F
:103DF000CBB900BF5C940624014802F0C5B900BFEE
:103E0000C0940624014802F0BFB900BF24950624DF
:103E1000F0B54FF0640C0F682E4D8DB00CFB07FC15
:103E2000032F05EB0C06066047DC0B46086834469A
:103E300049689A6807C41B7B237004AC7268264BE0
:103E4000002A4FF00002726118BF1022B2610FCB3E
:103E500084E80F000CAB03EB870353F8203CB3F16D
:103E6000804F336124D01D4A934221D030890CF118
:103E7000100464230021802203FB07532C44C3E970
:103E800007019A62204601F041FF034600B1FEE7B8
:103E90004FF4805208A92046099301930892CDE976
:103EA0000A33CDE9023302F09BF8034640B1FEE746
:103EB000642303FB07539868D9E701200DB0F0BDD8
:103EC00001A920460193039302F008FA0028F5D0D7
:103ED000FEE700BFE893062478A70108000C004025
:103EE000006808B5037B10302BB102F01DF80038D4
:103EF00018BF012008BD01F0BFFF003818BF012026
:103F000008BD00BF38B505680C46F3F721FF094925
:103F10002A694000936A0133B0FBF3F3A1FB03135A
:103F2000506A9B0C04FB03F1536A1B1A9942FBD89D
:103F300038BD00BF83DE1B430C4B00224FF0FF3126
:103F40001A739960D96683F87020C3F8D01083F88B
:103F5000D420C3F8341183F83821C3E90022C3E91F
:103F60001922C3E93222C3E94B227047E8930624A1
:103F70001F4BC1680268F0B5D3F88C5083B0036959
:103F8000ADB24D1BA2B1AB4212D00446866811D22D
:103F9000F018E91ACDE9001001F0EAF80023DDE994
:103FA0000010D4E90062B047E3682561AB421BD042
:103FB00003B0F0BDF018C91ACDE9000101F0D8F83E
:103FC0000023DDE90001D4E90072B84730462946F4
:103FD00001F0CEF800233046626829462668B047D3
:103FE000E3682561AB42E3D10023236103B0F0BD58
:103FF000000002402DE9F84F04460F4690461E4649
:1040000000F13405284602F0CDFC2028FAD14FF407
:1040100080630020C4F8D830C4F850314FF44033E6
:10402000C4F8D400C4F8E830C4F860314E4BC4F88A
:10403000E400C4F8C83003F57A73C4F8EC00C4F89F
:1040400040314023C4F8D000C4F84831E369C4F8D3
:104050004C01C4F85C01C4F86401C4E93700C4E948
:104060005500072B0BD8DFE803F061535A373E4564
:104070004C045123C4F8CC305223C4F8443104F525
:10408000A0794846F5F744F808B1FFBEFEE7C4F84A
:10409000B090C4F87851EFF3108972B6DFF8D0B061
:1040A00094F91C30DFF8CCA08BF800300A9B2F4C21
:1040B000CAF800300B9B23600EB11846B0471FFAB8
:1040C00088F23946284602F069F9B0BBB9F1000F11
:1040D00000D162B6BDE8F88F3F23C4F8CC3040234E
:1040E000C4F84431CBE74123C4F8CC304223C4F8B0
:1040F0004431C4E74723C4F8CC304823C4F84431E2
:10410000BDE74F23C4F8CC305023C4F84431B6E7A0
:104110002B23C4F8CC302C23C4F84431AFE72D2333
:10412000C4F8CC302E23C4F84431A8E72923C4F8BE
:10413000CC302A23C4F84431A1E7FF238BF80030A8
:104140000023CAF8003023600A9B3BB10B98012181
:1041500098470120B9F1000FBCD1BAE70120B9F1AD
:10416000000FB7D1B5E700BF88000240F8A40624CD
:10417000F4A40624F0A406242DE9F84F04460F46C3
:1041800090461E4600F13405284602F00BFC20281C
:10419000FAD14FF480630020C4F8D830C4F850310D
:1041A0004FF44033C4F8D400C4F8E830C4F86031A8
:1041B0004E4BC4F8E400C4F8C83003F57A73C4F871
:1041C000EC00C4F840314023C4F8D000C4F84831B2
:1041D000E369C4F84C01C4F85C01C4F86401C4E9A3
:1041E0003700C4E95500072B0BD8DFE803F0615313
:1041F0005A373E454C045123C4F8CC305223C4F8FE
:10420000443104F1C8094846F4F782FF08B1FFBE03
:10421000FEE7C4F8B490C4F80051EFF3108972B609
:10422000DFF8D0B094F91C30DFF8CCA08BF8003068
:104230000A9B2F4CCAF800300B9B23600EB1184626
:10424000B0471FFA88F23946284603F059F8B0BB48
:10425000B9F1000F00D162B6BDE8F88F3F23C4F872
:10426000CC304023C4F84431CBE74123C4F8CC30F0
:104270004223C4F84431C4E74723C4F8CC30482370
:10428000C4F84431BDE74F23C4F8CC305023C4F800
:104290004431B6E72B23C4F8CC302C23C4F8443186
:1042A000AFE72D23C4F8CC302E23C4F84431A8E75F
:1042B0002923C4F8CC302A23C4F84431A1E7FF23D2
:1042C0008BF800300023CAF8003023600A9B3BB112
:1042D0000B98012198470120B9F1000FBCD1BAE732
:1042E0000120B9F1000FB7D1B5E700BF8800024047
:1042F000F8A40624F4A40624F0A406242DE9F04131
:104300000D4682B0EFF3108772B6002948D1FF2323
:10431000254A264C237013682BB1002029461060D3
:10432000234A1068984723781B0625D5DFF8888034
:104330000025204E444605E001351C3406F5DC76A8
:10434000092D19D0A369012B1BD0002BF4D12168B2
:1043500030460029F0D06369019323690093E36834
:104360002289FFF709FF0028E6D1C5EBC50508EB58
:10437000850348F82500586007B962B602B0BDE869
:10438000F08161680029D7D06369304601932369C1
:104390000093E3682289FFF72DFE0028CCD1E4E7E3
:1043A00002F028FFB3E700BFF0A40624F4A406241B
:1043B000F8A4062478950624B8010024F0B500235B
:1043C00087B0022204460493CDE90223C369007E2C
:1043D0005D000B2821D1A07E0B2802D1002007B060
:1043E000F0BD454A6B1C454952F823304D780A7898
:1043F0001978E47E8A424CD088425AD0D978DE1CA3
:1044000091424ED088426DD099799E1D8A4265D0E6
:1044100088426CD0012007B0F0BD374B374953F8C4
:1044200025300A7891F801E0197894F819C08A4289
:1044300022D0884225D0D978DE1C8A4225D08842F5
:1044400033D099799E1D8A4227D08842E2D1DB7908
:104450006345DFD133469B780A28059308D90020AD
:10446000012301A903FA0CF30193F5F7F9FFB2E771
:10447000234B03EB8020F3E75E787645DBD0884260
:10448000D9D159786145D6D1E5E71F797745D6D19D
:10449000D7E75E78AE42AFD1B0E7DA797245D4D1D2
:1044A000B8E71F79AF42ADD1AEE719796145C8D100
:1044B000D0E75978A142A1D19B780A28059309D960
:1044C0000020012301A9A3400193F5F7C9FF0020B3
:1044D00007B0F0BD0A4B03EB8020F2E7DA79AA427D
:1044E00096D197E71979A1428ED13346E4E7DB797B
:1044F000A3428FD13346DFE7D0020024CC02002450
:1045000000000258B34A0368934270B5A4B000F0AB
:104510003D82A2F54C42934200F03A8202F580625D
:10452000934200F0378202F58062934200F03482B9
:1045300002F58062934200F0338202F544429342D6
:1045400000F02C82A2F51C42934200F02B8202F56F
:104550008062934200F028829F4A934240F0268274
:1045600008259E4C4FF4DC7000FB0540837E0A2B2F
:1045700019D8DFE813F0B701C501D301E101EF015C
:10458000FD017F018D019B01A9010B00944BD3F824
:10459000E02042F48062C3F8E020D3F8E03003F476
:1045A00080631E931E9B037E0A2B19D8DFE813F04D
:1045B000380146015401CB00D900E700F5000301A2
:1045C0001C012A010B00864BD3F8E02042F48062E4
:1045D000C3F8E020D3F8E03003F480631393139B17
:1045E0004FF4DC7303FB0543DB69082B13D8DFE8CA
:1045F00003F03A48566472808E9C0500784BD3F8DD
:10460000F42042F00802C3F8F420D3F8F43003F0A9
:1046100008030893089BFFF7D1FE012801D1FFBED4
:10462000FEE74FF4DC7324AA6E4E0DF17C0C03FB05
:104630000544E36902EB43050FCEACE80F00336895
:104640000022ACF80030114635F9140CF4F7AEFB3B
:10465000E36924AA02EB430333F9140C24B0BDE848
:104660007040F4F7E1BB5E4BD3F8F02042F010024B
:10467000C3F8F020D3F8F03003F010030093009B50
:10468000C9E7574BD3F8E82042F40032C3F8E820DA
:10469000D3F8E83003F400330193019BBBE7504BA0
:1046A000D3F8E82042F48022C3F8E820D3F8E830B9
:1046B00003F480230293029BADE7494BD3F8E82033
:1046C00042F40022C3F8E820D3F8E83003F40023D2
:1046D0000393039B9FE7424BD3F8E82042F48012F8
:1046E000C3F8E820D3F8E83003F480130493049B64
:1046F00091E73B4BD3F8F02042F02002C3F8F020C2
:10470000D3F8F03003F020030593059B83E7344B87
:10471000D3F8E82042F08042C3F8E820D3F8E8302C
:1047200003F080430693069B75E72D4BD3F8E820F2
:1047300042F00042C3F8E820D3F8E83003F0004329
:104740000793079B67E7264BD3F8E02042F0080267
:10475000C3F8E020D3F8E03003F008030C930C9B7F
:104760003EE71F4BD3F8E02042F01002C3F8E020F0
:10477000D3F8E03003F010030D930D9B30E7184B96
:10478000D3F8E02042F02002C3F8E020D3F8E03074
:1047900003F020030E930E9B22E7114BD3F8E02089
:1047A00042F04002C3F8E020D3F8E03003F04003C9
:1047B0000F930F9B14E70A4BD3F8E02042F08002DE
:1047C000C3F8E020D3F8E03003F080031093109B8F
:1047D00006E700BF00100140000C00587895062441
:1047E0000044025888A70108724BD3F8E02042F435
:1047F0008072C3F8E020D3F8E03003F480731193A3
:10480000119BEDE66B4BD3F8E02042F40072C3F845
:10481000E020D3F8E03003F400731293129BDFE63C
:10482000644BD3F8E02042F00102C3F8E020D3F853
:10483000E03003F001030993099BD1E65D4BD3F807
:10484000E02042F00202C3F8E020D3F8E03003F0A9
:1048500002030A930A9BC3E6564BD3F8E02042F0CA
:104860000402C3F8E020D3F8E03003F004030B9314
:104870000B9BB5E64F4BD3F8E02042F04002C3F863
:10488000E020D3F8E03003F040031A931A9B8AE645
:10489000484BD3F8E02042F08002C3F8E020D3F880
:1048A000E03003F080031B931B9B7CE6414BD3F865
:1048B000E02042F48072C3F8E020D3F8E03003F443
:1048C00080731C931C9B6EE63A4BD3F8E02042F4B5
:1048D0000072C3F8E020D3F8E03003F400731D93B6
:1048E0001D9B60E6334BD3F8E02042F00102C3F891
:1048F000E020D3F8E03003F001031493149B52E658
:104900002C4BD3F8E02042F00202C3F8E020D3F8A9
:10491000E03003F002031593159B44E6254BD3F8D2
:10492000E02042F00402C3F8E020D3F8E03003F0C6
:1049300004031693169B36E61E4BD3F8E02042F094
:104940000802C3F8E020D3F8E03003F0080317931F
:10495000179B28E6174BD3F8E02042F01002C3F86B
:10496000E020D3F8E03003F010031893189B1AE608
:10497000104BD3F8E02042F02002C3F8E020D3F837
:10498000E03003F020031993199B0CE60025E8E5BD
:104990000125E6E50225E4E50325E2E50525E0E558
:1049A0000425DEE50625DCE50725DAE500239B7E08
:1049B000FFDE00BF004402582DE9F04F91B0002304
:1049C00001223F490DF1240A09938B4601F11C098C
:1049D000CAF8143001F13808CDF800A001F15407ED
:1049E000CDF804A001F17006CDF808A001F18C0506
:1049F000CDF80CA001F1A804CDF810A001F1C40E6F
:104A0000CDF814A001F1E00CCAE90133CAE903337F
:104A10000F92FF222B4BCDE906AA1A70BAE80F00BD
:104A2000ABE80F009AE80700009B8BE807009B4665
:104A3000BBE80F00A9E80F009AE80700019B89E88E
:104A400007009946B9E80F00A8E80F009AE80700A8
:104A5000029B88E807009846B8E80F000FC79AE85D
:104A60000700039B87E807001F460FCF0FC69AE891
:104A70000700049B86E807001E460FCE0FC59AE884
:104A80000700059B85E807001D460FCD0FC49AE877
:104A90000700069B84E807001C460FCCAEE80F0019
:104AA000079B9AE807001C468EE807000FCCACE88D
:104AB0000F009AE807008CE8070011B0BDE8F08FFE
:104AC000B8010024F4A4062410B5094C04F1340004
:104AD00001F04AFD237D1BB1636BDB69DB0600D46B
:104AE00010BD2046FFF744FA636B10221A6210BD16
:104AF0007895062410B50B4C04F5F67001F034FDE2
:104B000094F8CC3123B1D4F8EC31DB69DB0600D466
:104B100010BD04F5DC70FFF72BFAD4F8EC3110224D
:104B20001A6210BD7895062410B50B4C04F5697017
:104B300001F01AFD94F8843323B1D4F8A433DB696F
:104B4000DB0600D410BD04F55C70FFF711FAD4F851
:104B5000A43310221A6210BD7895062410B50B4CB0
:104B600004F25C5001F000FD94F83C3523B1D4F818
:104B70005C35DB69DB0600D410BD04F5A560FFF7EA
:104B8000F7F9D4F85C3510221A6210BD7895062426
:104B900010B50B4C04F2147001F0E6FC94F8F436F6
:104BA00023B1D4F81437DB69DB0600D410BD04F55B
:104BB000DC60FFF7DDF9D4F8143710221A6210BD5B
:104BC0007895062410B50B4C04F6CC0001F0CCFC13
:104BD00094F8AC3823B1D4F8CC38DB69DB0600D4C8
:104BE00010BD04F69800FFF7C3F9D4F8CC381022B2
:104BF0001A6210BD7895062410B50B4C04F684207B
:104C000001F0B2FC94F8643A23B1D4F8843ADB6939
:104C1000DB0600D410BD04F52560FFF7A9F9D4F830
:104C2000843A10221A6210BD7895062410B50B4CF8
:104C300004F63C4001F098FC94F81C3C23B1D4F8F5
:104C40003C3CDB69DB0600D410BD04F60840FFF7EE
:104C50008FF9D4F83C3C10221A6210BD78950624D6
:104C600010B50B4C04F6F45001F07EFC94F8D43DE2
:104C700023B1D4F8F43DDB69DB0600D410BD04F5A4
:104C80005C60FFF775F9D4F8F43D10221A6210BD8C
:104C90007895062410B5EFF3108472B6084B1A7895
:104CA000120602D504B962B610BD1B784FF4DC724F
:104CB00004485BB202FB0300C830F5F77BF8F1E76C
:104CC000F4A406247895062410B5EFF3108472B688
:104CD000094B1A78120602D504B962B610BD1B78CA
:104CE0004FF4DC7205485BB202FB030000F5A070D4
:104CF000F5F760F8F0E700BFF4A4062478950624E1
:104D00000021FFF7FBBA00BF214A036893422BD072
:104D1000A2F54C42934229D002F58062934227D0FB
:104D200002F58062934225D002F58062934223D03F
:104D300002F54442934221D0A2F51C4293421FD077
:104D400002F5806293421DD0124A93421CD1082280
:104D50004FF4DC71104B01FB0233197D11B1184681
:104D6000FFF706B9FFF7CABA0022F1E70122EFE721
:104D70000222EDE70322EBE70422E9E70522E7E759
:104D80000622E5E70722E3E700231B7DFFDE00BFE5
:104D900000100140000C005878950624204A036852
:104DA000934229D0A2F54C42934227D002F580626B
:104DB000934225D002F58062934223D002F58062AF
:104DC000934221D002F5444293421FD0A2F51C42E7
:104DD00093421DD002F5806293421BD0114A934248
:104DE0001AD1082310484FF4DC7202FB0300037D44
:104DF00003B97047FFF7BCB80023F3E70123F1E7DD
:104E00000223EFE70323EDE70423EBE70523E9E7BC
:104E10000623E7E70723E5E700231B7DFFDE00BF4E
:104E200000100140000C005878950624214A0368C0
:104E300093422BD0A2F54C42934229D002F58062D6
:104E4000934227D002F58062934225D002F580621A
:104E5000934223D002F54442934221D0A2F51C4252
:104E600093421FD002F5806293421DD0124A9342B2
:104E70001CD108224FF4DC71104B4FF0000C01FBE9
:104E80000233012183F814C0FFF738BA0022F1E79A
:104E90000122EFE70222EDE70322EBE70422E9E734
:104EA0000522E7E70622E5E70722E3E700231B7573
:104EB000FFDE00BF00100140000C0058789506246A
:104EC0005A4B0122002147F6122030B46FF0F4143F
:104ED0001A6259629C61C3F8D041C3F88843C3F891
:104EE0004045C3F84825C3F84C15C3F85425C3F80A
:104EF0005805C3F8F846C3F80027C3F80417C3F8E9
:104F00000C27C3F81007C3F8B048C3F8B828C3F893
:104F1000BC18C3F8C428C3F8C808C3F8684A444D8D
:104F2000C3E90B20C3E97621C3E97920C3E9E42171
:104F3000C3E9E720C3F8702AC3F8204CC3F8D84D62
:104F40003C4CC3F8741AC3F87C2AC3F8800AC3F82F
:104F5000282CC3F82C1CC3F8342CC3F8380CC3F825
:104F6000E02DC3F8E41DC3F8EC2D2188A278C3F826
:104F7000F00D314B3148A3F803105A71D9801A72E1
:104F80002F4B2A72E980A3F803102E4D5A71D98055
:104F90001A722D4BE9802A72A0F803104271C18069
:104FA0000272A3F803105A71D98020681A72040C97
:104FB000264B274D1880A3F803105A71D9801A7216
:104FC0009C70244BE980A3F803105A71D9801A729F
:104FD000214B2A72A3F803105A71D9801A721F4B01
:104FE00018809C70A3F803105A71D9801A721C4B58
:104FF00018809C70A3F803105A71D9801A72194B4B
:1050000018809C701848A3F803105A71D9801A723E
:10501000164BA0F803104271C1800272A3F803106E
:105020005A71D9801A7230BC704700BF7895062437
:1050300060030024CC020024780300246C030024C5
:1050400090030024540300248403002420A5062494
:105050003C0300249C03002448030024FCA40624F1
:1050600014A5062408A50624C0020024B4020024C6
:105070003E4B00220B20114610B5D3F8D84082B029
:1050800044F00104C3F8D840D3F8D84004F0010438
:105090000094009CD3F8D84044F00204C3F8D840F0
:1050A000D3F8D83003F002030193019BF3F77EFE9F
:1050B0000B20F3F7B9FE00220C201146F3F776FE21
:1050C0000C20F3F7B1FE00220D201146F3F76EFE1F
:1050D0000D20F3F7A9FE00220E201146F3F766FE1D
:1050E0000E20F3F7A1FE00220F201146F3F75EFE1B
:1050F0000F20F3F799FE002210201146F3F756FE19
:105100001020F3F791FE00223C201146F3F74EFEEB
:105110003C20F3F789FE002211201146F3F746FEEA
:105120001120F3F781FE002238201146F3F73EFEEE
:105130003820F3F779FE002239201146F3F736FEC6
:105140003920F3F771FE00223A201146F3F72EFEC4
:105150003A20F3F769FE00223B201146F3F726FEC2
:105160003B2002B0BDE81040F3F75EBE0044025899
:10517000203100290FDD20F01F00BFF34F8F064ABA
:105180000144C2F85C0220300B1A002BF9DCBFF39B
:105190004F8FBFF36F8F704700ED00E0034688B17B
:1051A00090F83D20022A03D0802201209A667047A1
:1051B00002680421002083F83D10D36823F0010326
:1051C000D36070470120704703682C495A6910B4B6
:1051D0009C6944F008049C619C6944F010049C6143
:1051E0001C6824F001041C601C6921401961996845
:1051F00021F44041996090F88110042901D0910672
:1052000030D490F88110032901D054061FD49105A1
:1052100009D5D0F8841041F00101C0F884109969D3
:1052200041F400719961D20509D5D0F8842042F08B
:105230000802C0F884209A6942F480729A610023BF
:105240005DF8044BA0F86230A0F86A307047D0F8DF
:10525000841041F00401C0F88410996941F04001C4
:105260009961D4E7D0F8841041F08001C0F884102F
:10527000996941F020019961C3E700BF90FCFFFFED
:10528000002800F0C980664A00212DE9F843036830
:1052900004468162934217D0A2F57842934213D01C
:1052A00002F580629342C26800F0AE800F2A08D8EF
:1052B000C06B02F108014509C90805FB0111082965
:1052C00016D90120BDE8F883E268E06B02F108011D
:1052D000534E4509C90805FB0111524DAB4218BF99
:1052E000B34203D005F58065AB4201D11029E8D85F
:1052F00094F8811001F0FF0500297AD04FF00008E2
:105300000221A769A56B84F88110B7F1806F196835
:1053100021F001011960996801F4F81C616858D006
:1053200011F4800901D0062A49D8D3F800E02EF400
:10533000807EC3F800E0666B42EA08023743666A83
:1053400037432669374366693743266A3743E66C35
:105350003743A6683743A66C3743E66932431043A8
:10536000A26D3A4340EA0C000A4398601543DD60A1
:10537000B9B99A6822F4C05242F400629A609A68FD
:1053800022F4C06242F480629A601A6D22F0010237
:105390001A6500200123C4F8840084F88130BDE838
:1053A000F8831A6D22F001021A65B9F1000FF0D0EE
:1053B000DA68616D22F000420A43DA60E9E7D3F867
:1053C00000E0266D2EF4807E4EEA060EC3F800E063
:1053D000B1E7B1F5800F06D00029A1D1B5F1805F0A
:1053E00002D08946A1E7CDB91E6846F480561E60FA
:1053F00096E7204684F88050FDF762FD2368E26856
:10540000D4F82880E06B7BE7C06B02F10801450906
:10541000C90805FB011169E701207047894682E749
:105420000030014000380040F8B590F88030012B82
:1054300000F0928090F88130154601220446DEB2D9
:10544000934280F880206BD1002964D0B5FA85F3AF
:105450005B09002D5FD003224366A0F8683080F816
:105460008120C0F88430A0F86250A0F86A30026849
:10547000C165A0F86050C0E91C338368B3F5C02F44
:1054800065D0D36823F4C02343F40033D360E368CA
:10549000A06F0F2B4AD98369B3F5804F3BD13E4FA4
:1054A000203252F8183C07643C4F23F40043C76392
:1054B0003B4FC7640027076542F8183CB4F86230D8
:1054C0009BB2F4F793F8002849D1A36F354ADB6902
:1054D000B3F5807F2368596802EA010218BF2A43A6
:1054E0005A609A68616842F40042B1F5800F9A6090
:1054F0001A6942F448721A611A6842F001021A608D
:1055000003D11A6842F400721A6000231E4684F820
:1055100080303046F8BD002384F880303046F8BD36
:105520000023022680F880303046F8BD072B8369BF
:1055300021D8B3F5005F27D0B3F5804FAFD1B4F8D1
:1055400062309BB203339B08A4F86230A7E713686C
:1055500043F4006313609AE702263046F8BDD4F89E
:105560008430012284F8807043F01003C4F8843042
:1055700084F88120D2E7B3F5804F05D0B3F5005F02
:10558000C9D1B3F5804F8AD1B4F862309BB20133F0
:105590005B08A4F8623082E7CD590108515901082F
:1055A000F95901080000FFFFF8B590F88030012B91
:1055B00000F0968090F88130154601220446DEB254
:1055C000934280F880206AD1002963D0B5FA85F330
:1055D0005B09002D5ED00422A0F86030416680F89F
:1055E0008120C0F88430A0F86A50A0F86230A0F89A
:1055F0006850C0E91C338368B3F5C02F03686AD0D4
:10560000DA6822F4C02242F48022DA60E2680F2ACB
:105610004BD9E06F8269B2F5804F3BD19A6822F492
:1056200080429A60414F0A4603F13001B4F86A3073
:1056300007643F4F9BB2C7633E4FC76400270765AF
:10564000F3F7D4FF00284ED1E36F3B4ADB69B3F593
:10565000807F2368596802EA010218BF2A435A6012
:105660009A68616842F48042B1F5800F9A601A69C5
:1056700042F450721A611A6842F001021A6003D1B2
:105680001A6842F400721A6000231E4684F88030C3
:105690003046F8BD002384F880303046F8BD002342
:1056A000022680F880303046F8BD072A27D89A684D
:1056B000E06F22F480429A608269B2F5005F2DD0DB
:1056C000B2F5804FAED1B4F86A2092B2033292089C
:1056D000A4F86A20A6E71A6822F400621A6095E727
:1056E00002263046F8BDD4F88430012284F8807058
:1056F00043F01003C4F8843084F88120CDE7E06FD4
:105700008769B7F5804F02D0B7F5005FC2D19A68BC
:10571000B7F5804F22F480429A6083D1B4F86A20B2
:1057200092B201325208A4F86A207BE7DD590108E1
:1057300079590108F95901080000FFFF2DE9F843E4
:105740001D4690F88030012B00F083800123044631
:1057500080F8803090F88130012BDEB251D1002DDD
:1057600018BF002A47D0B1FA81F35B09002942D063
:10577000C165A0F8605001684266A0F86850C0E9B1
:105780001C33052084F88100C4F88430A4F86250EA
:10579000A4F86A50CB6823F4C023CB608B6823F451
:1057A00040438B60E3680F2B32D9E06F8369B3F518
:1057B000804F20D1624F4FF00008B4F86A3030318A
:1057C0000764DFF888919BB25E4FC0F84C90C763C6
:1057D000C0F85080F3F70AFF074600283DD0D4F800
:1057E0008430012284F8808043F01003C4F88430B0
:1057F00084F8812002E0002384F880303046BDE840
:10580000F8830023022680F880303046BDE8F88314
:10581000072B5DD8A36F9B69B3F5005F78D0B3F514
:10582000804F06D1B4F862309BB203339B08A4F8D2
:105830006230E06F8369B3F5005F61D0B3F5804FEC
:10584000B8D1B4F86A309BB203339B08A4F86A302D
:10585000B0E702263046BDE8F8832268A06F93685F
:105860002032E16D43F4804342F8183CB4F86230D2
:10587000C0F84C909BB20765C0E90F77F3F7B6FE0E
:1058800000284DD1A36F304ADB69B3F5807F2368D0
:10589000596802EA010218BF2A435A609A6861688F
:1058A00042F40042B1F5800F9A601A6942F45872CE
:1058B0001A611A6842F001021A6004D000231E46E1
:1058C00084F880309AE71A6842F400721A60F5E7AB
:1058D000E06F8369B3F5804F02D0B3F5005F8AD1E2
:1058E000A76FBF69B7F5804F06D1B4F86270BFB239
:1058F00001377F08A4F86270B3F5804F7FF45AAF88
:10590000B4F86A309BB201335B08A4F86A3051E7FF
:10591000B4F862309BB201335B08A4F8623088E7C8
:10592000E06FF4F705F8D4F88430012284F8807031
:1059300043F01003C4F8843084F881205EE700BF90
:10594000ED590108A15901080000FFFFF9590108AC
:10595000806B08B590F88130072B09D0836FDB6925
:10596000B3F5807F05D00268136943F00803136123
:1059700008BDFDF7ADFE08BD806B08B590F881301D
:10598000072B09D0C36FDB69B3F5807F05D00268B0
:10599000136943F00803136108BDFDF7FBFE08BD62
:1059A000806B08B590F88130072B09D0836FDB69D5
:1059B000B3F5807F05D00268136943F008031361D3
:1059C00008BDFDF749FF08BD704700BF806B08B5F3
:1059D000FFF7FAFF08BD00BF704700BF806B08B536
:1059E000FFF7FAFF08BD00BF704700BF806B08B526
:1059F000FFF7FAFF08BD00BF10B5846BF4F72EFD6A
:105A0000022800D110BD236830495A69986940F0D6
:105A100008009861986940F010009861186820F0BB
:105A200001001860186901401961996821F440412A
:105A3000996094F88110042901D091063AD494F821
:105A40008110032901D0500629D4910509D5D4F835
:105A5000841041F00101C4F88410996941F4007187
:105A60009961D20509D5D4F8842042F00802C4F81F
:105A700084209A6942F480729A61002301222046B0
:105A8000A4F86230A4F86A30D4F8843043F01003EC
:105A9000C4F8843084F88120FDF740FF10BDD4F8AD
:105AA000841041F00401C4F88410996941F0400168
:105AB0009961CAE7D4F8841041F08001C4F88410D9
:105AC000996941F020019961B9E700BF90FCFFFF9F
:105AD00008B5806B00230122A0F86A30A0F862307C
:105AE00080F88120FDF71AFF08BD00BF704700BF96
:105AF000036819695A692DE9F0419F6801EA0205B6
:105B000090F8816012050446F6B202D5090700F14B
:105B1000D28005F06402042A3ED005F04502012A35
:105B200044D005F02602022A00F0DC802A075CD56A
:105B30009A6942F008029A619A6942F010029A61E9
:105B40009A6942F400629A611A6922F008021A61A5
:105B50009A6812F4404F33D1B4F86A2092B27AB303
:105B6000616E0EE02268126B41F8042B6166B4F896
:105B70006A20013A92B2A4F86A20B4F86A2092B27C
:105B8000F2B1E2680F2AEDD8072A40F2A3801A8EFC
:105B900021F8022B6166EAE72046636F9847236F7E
:105BA0002046984705F04503012B02D1236F20467C
:105BB000984705F02605022D00F09480BDE8F0819D
:105BC0002046FFF701FB012384F88130D4F88430AC
:105BD000002B7CD1052E00F08A80042E00F08A80F4
:105BE000032EEBD1FDF774FDE8E715F4587FE5D0FF
:105BF0006E0609D5D4F8842042F00402C4F884204B
:105C00009A6942F040029A61A80509D5D4F8842027
:105C100042F00102C4F884209A6942F400729A6149
:105C2000E90509D5D4F8842042F00802C4F884209C
:105C30009A6942F480729A61AA0609D5D4F8842040
:105C400042F08002C4F884209A6942F020029A61EE
:105C5000D4F88420002AB1D0196807F44047274AB5
:105C600021F00101B7F5404F1960196902EA0102FC
:105C70001A6128D19A68E06F22F440429A6050B1CC
:105C80001F4B0365F3F7CCFF28B1D4F8843043F001
:105C90004003C4F88430A06F00288FD0184B0365F0
:105CA000F3F7BEFF002889D0D4F8843043F04003D6
:105CB000C4F8843082E79A6942F400629A61FFF77F
:105CC00015FFBDE8F0810123204684F88130FDF7FF
:105CD00025FE73E7226892F830200A70616E013168
:105CE000616644E7636F2046BDE8F0411847FDF761
:105CF000B3FD63E7FDF74EFD60E700BF94FCFFFFD7
:105D0000D15A010890F88100704700BF002800F0C8
:105D1000A58038B590F83D30044603F0FF02002B13
:105D200076D0226802234E49B2F1804F84F83D308C
:105D3000A2EB01011368B1FA81F14FEA511127D0AA
:105D400031BB4848484D824267D000F580608242AE
:105D500063D0551B00F58060B5FA85F582424FEAA5
:105D6000551563D0002D61D1404841498A4218BF82
:105D7000824265D001F580618A4261D0A06923F03A
:105D80008003E168034313606368D162936223E098
:105D9000354D23F07003A068551B0343B5FA85F514
:105DA0006D09206923F440730343A06923F0800345
:105DB00003431360E368D3626368936251B94DB9DA
:105DC0002A492B4B9A4218BF8A4203D003F58063BD
:105DD0009A4201D16369136301230020536184F85F
:105DE000483084F83E3084F83F3084F8403084F8FE
:105DF000413084F8423084F8433084F8443084F8E9
:105E0000453084F8463084F8473084F83D3038BD5A
:105E100080F83C20FDF7D2FE83E7551B23F070038A
:105E2000A068B5FA85F503436D09BAE7A06823F0C9
:105E3000700303430F488242B3D0002DB1D193E7E2
:105E4000206923F44073A1690343E06823F08003D1
:105E50000B4361681360D0629162B1E70120704723
:105E600000000140000400400004014000400140E7
:105E700000440140000C004090F83D30012B3DD122
:105E80000268234B2349B2F1804F18BF9A4230B4C5
:105E90000CBF01230023204D0224AA4208BF43F077
:105EA000010380F83D401D4C8A4208BF43F00103C6
:105EB0001B4801F58051A24208BF43F00103824212
:105EC00008BF43F001038A4208BF43F0010333B91E
:105ED00000F57050101AB0FA80F0400998B191683E
:105EE000104B0B40062B0BD0B3F5803F08D0136846
:105EF000002043F00103136030BC7047012070475D
:105F0000002030BC7047136843F001031360F3E7CF
:105F1000000001400008004000040040000C004068
:105F2000000401400700010090F83D30012B41D1F1
:105F300002680221244BB2F1804F18BF9A4230B45C
:105F40000CBF01230023214D214CAA4208BF43F07E
:105F5000010380F83D10D168A24208BF43F001035D
:105F600004F5806441F001011A48A24208BF43F0E1
:105F70000103D160824208BF43F0010316498A42FF
:105F800008BF43F0010333B900F57050101AB0FA9E
:105F900080F0400998B19168104B0B40062B0BD054
:105FA000B3F5803F08D01368002043F0010313606D
:105FB00030BC704701207047002030BC7047136828
:105FC00043F001031360F3E70000014000040040C8
:105FD00000080040000401400018004007000100D4
:105FE00090F83C30012B00F081800246022370B40F
:105FF0000468012082F83D3082F83C005A4BA568C5
:106000002B40A3600B68702B00F09C8025D8502B90
:106010006ED039D9602B18D1206A4D6820F010005D
:10602000C96820620020A36923F4704343EA013366
:10603000216A21F0A001A3614C4B41EA05112162C4
:10604000A1680B4043F06703A3600121002382F89D
:106050003D1082F83C3070BC7047B3F5005F60D0F3
:1060600033D943498B4206D029D942498B4202D0C9
:1060700010318B42E9D1A0683C49014000200B431C
:1060800043F00703A360E0E7402B23D1236A256A8E
:10609000486823F00A0325F00105CE681843334B06
:1060A0002562A16921F0F00141EA0611A161206297
:1060B0000020A1680B4043F04703A360C5E723F02D
:1060C0001001B1F5801FC0D1D5E7B3F5805018BFDE
:1060D0000120BAE7B9D8202BCDD003D9302BCAD0B4
:1060E0000120B2E733F01001AFD1C4E702207047BE
:1060F000236A256A486823F00A0325F00105CE6863
:1061000018431A4B2562A16921F0F00141EA0611FA
:10611000A16120620020A1680B4043F05703A360F7
:1061200093E7D1E90153A0682B43CD6820F47F4168
:10613000002043EA05230B43A360A36843F4804394
:10614000A36082E7D1E90153A0682B43CD6820F416
:106150007F41002043EA05230B43A360A36843F07B
:106160007703A36071E700BF8800CEFF8FFFCFFFEA
:106170002000100030001000704700BF704700BFC3
:10618000704700BF704700BF036870B5DE68054602
:106190001C69A10701D5B20754D4620701D5730762
:1061A0003DD4200701D5310727D4E30601D5F006F9
:1061B00010D4E10701D5F20762D4230652D5300688
:1061C00066D4600601D5710673D4A20601D5B30664
:1061D0004DD470BD2B686FF0100228461A6108225A
:1061E0002A77DB6913F4407F74D1FFF7C5FF284697
:1061F000FFF7C6FF00232B77DBE72B686FF0080261
:1062000028461A6104222A77DB699A075FD1FFF7D3
:10621000B3FF2846FFF7B4FF00232B77C5E72B68B1
:106220006FF0040228461A6102222A779B6913F450
:10623000407F49D1FFF7A0FF2846FFF7A1FF0023C9
:106240002B77AEE76FF002021A61012202779B6999
:10625000990736D1FFF790FF2846FFF791FF0023FB
:106260002B779AE7E205ACD533061AD4A9E72B6859
:106270006FF0200228461A61BDE8704000F088B82F
:106280002B686FF0010228461A61FDF787FD94E73D
:106290002B686FF0800228461A6100F07BF8E10558
:1062A0008FD52B686FF4807228461A6100F074F85D
:1062B00087E72B686FF0400228461A61FFF762FFFC
:1062C00083E7FFF75BFFCAE7FFF758FFB7E7FFF782
:1062D00055FFA1E7FFF752FF8CE700BF90F83C3075
:1062E000012B4BD003680246022030B4244D82F8C3
:1062F0003D00AB4258689C6829D005F58065AB42EB
:1063000025D0204D20F07000AB4218BFB3F1804F74
:1063100005F580650CBF4FF0010C4FF0000CAB424F
:1063200008BF4CF0010C05F58065AB4208BF4CF08E
:10633000010C0D682843144D5860AB4214BF6046F1
:106340004CF0010060B91148834209D00DE04D685E
:1063500020F4700028430D6820F070002843586036
:10636000896824F080040C439C60002301211846B6
:1063700082F83D1082F83C3030BC704702207047F4
:1063800000000140000400400018004000400140AF
:10639000704700BF704700BF704700BF70B5D0F8AE
:1063A0008860202E31D171B3B2FA82F56D0952B3F3
:1063B0002123A0F856200446C0F890500165A0F8AB
:1063C0005420C0F88830C06F60B105651346134D86
:1063D0002268C563124D28320564124DC564F3F777
:1063E00005F9A0B922684023136202F1080353E8BB
:1063F000003F43F0800302F1080040E8003100292B
:10640000F3D1002070BD012070BD022070BD1023AB
:106410000120C4F89030C4F8886070BD2964010878
:10642000716401087D64010808B5C369806BB3F528
:10643000807F18D000230268A0F8563002F10803CC
:1064400053E8003F23F0800302F1080040E80031E8
:106450000029F3D152E8003F43F0400342E8003105
:106460000029F7D108BDFEF74BFC08BD704700BFFF
:10647000806B08B5FFF7FAFF08BD00BF806B0368AB
:10648000D0F8881010B5D0F88C409A68120601D563
:1064900021290DD09A68520601D5222C23D0D0F89C
:1064A000903043F01003C0F89030FEF7BFFC10BDF1
:1064B0000022A0F8562053E8002F22F0C00243E843
:1064C00000210029F7D103F1080252E8002F22F43D
:1064D000000203F1080C4CE800210029F3D120222E
:1064E000C0F88820D6E70022A0F85E2053E8002FED
:1064F00022F4907243E800210029F7D1134C03F1F4
:10650000080252E8002F224003F1080C4CE8002159
:106510000029F4D1C26E012A06D00023202243674D
:10652000C0F88C20C366BAE753E8002F22F01002AF
:1065300043E800210029F0D053E8002F22F0100298
:1065400043E800210029EFD1E7E700BFFEFFFFEF9E
:1065500008B5806B0023A0F85E30A0F85630FEF737
:1065600065FC08BD704700BF036840F60F0CDA6990
:1065700012EA0C0F70B51D680446996800F021817D
:10658000B14EB24805EA060C08405CEA000640F04D
:106590008980E06E012822D0D00202D54E0200F19F
:1065A0003981100606D501F4000105F08000014391
:1065B00040F02881510667D56E0665D553E8002F57
:1065C00022F0400243E800210029F7D120220023D5
:1065D0002046C4F88820A367FEF792FB70BDD00662
:1065E000DAD5EE06D8D510221A629A68550640F11F
:1065F0003C81D4F8800001684A6892B2002AEDD04C
:10660000B4F85C109142E9D9A4F85E20C269B2F5F1
:10661000807F2FD053E8002F22F4807243E80021BE
:106620000029F7D103F1080252E8002F22F00102FD
:1066300003F1080545E800210029F3D103F1080220
:1066400052E8002F22F0400203F1080545E800213E
:106650000029F3D12022C4F88C20E16653E8002FF2
:1066600022F0100243E800210029F7D1F3F760F986
:10667000B4F85C10022320462367B4F85E30C91AD0
:1066800089B2FFF76FFF70BD100202D5690000F1FB
:10669000E780D301A2D5002DA0DA2046BDE87040E6
:1066A00000F054BED60709D5EE0507D501261E62B7
:1066B000D4F8906046F00106C4F89060960740F167
:1066C0009280CE070AD502261E62D4F8906046F06A
:1066D0000406C4F89060560700F18B8016070BD5AE
:1066E00005F02006304307D008201862D4F8900047
:1066F00040F00800C4F8900016050AD5680108D5D6
:106700004FF400601862D4F8900040F02000C4F804
:106710009000D4F8900000283FF460AF96060BD5A7
:1067200005F0200501F0805155EA010204D0626FA6
:1067300012B1204690472368D4F890509A6805F02B
:10674000280502F04002154300F0C58053E8002FF1
:1067500022F4907243E800210029F7D13C4803F16C
:10676000080252E8002F024003F1080545E8002125
:106770000029F4D1E26E012A54D000222021C4F86D
:106780008C10E266996862674D0665D503F10802D0
:1067900052E8002F22F0400203F1080040E80021F7
:1067A0000029F3D1D4F88000002855D0294B036587
:1067B000F3F736FA00283FF411AFD4F88000036DE8
:1067C0000EE096067FF5E5AE05F0200601F0805C50
:1067D00056EA0C063FF4DDAE436F002B3FF4FEAEED
:1067E000BDE87040184756077FF578AFCE077FF5B4
:1067F00075AF04261E62D4F8906046F00206C4F815
:1068000090606BE7A36F002B3FF4E8AE2046BDE835
:10681000704018474FF4801220461A62BDE870405D
:1068200000F092BD53E8002F22F0100243E800214F
:106830000029A2D053E8002F22F0100243E80021E3
:106840000029EFD199E700BF2001000401000010EA
:10685000FEFFFFEF516501082046FEF7E7FA70BD25
:106860002046BDE8704000F073BDB4F85E00B4F897
:106870005C10B4F85E20091A92B289B2002A3FF483
:10688000ADAE00293FF4AAAE53E8002F22F4907277
:1068900043E800200028F7D1124D03F1080252E826
:1068A000002F2A4003F1080646E800200028F4D112
:1068B00020226067C4F88C20E06653E8002F22F0A5
:1068C000100243E800200028F7D102232046236766
:1068D000FFF748FE70BD2046FEF7A8FAC4F89050B6
:1068E00070BD00BFFEFFFFEF806B08B5012303679B
:1068F000C36E012B02D0FEF751FA08BDB0F85C1050
:106900004908FFF72FFE08BD08B5C369806BB3F5D2
:10691000807F29D000220368A0F85E2053E8002F72
:1069200022F4807243E800210029F7D103F1080224
:1069300052E8002F22F0010203F1080C4CE800217C
:106940000029F3D103F1080252E8002F22F040029F
:1069500003F1080C4CE800210029F3D12022C0F8F3
:106960008C20C26E012A07D000230367C36E012B5F
:1069700013D0FEF7C9F908BD53E8002F22F010022A
:1069800043E800210029EFD053E8002F22F0100245
:1069900043E800210029EFD1E6E7B0F85C10FFF7EB
:1069A000E1FD08BDD0F88820D0F88C001043704776
:1069B0000169826803680A43C04930B545690446E5
:1069C000C06987B02A431D6802432940BC4D0A4371
:1069D000E168AB421A605A6822F4405242EA01026E
:1069E000A1695A6000F0E080226A9D681143B54AAF
:1069F0002A40656A11439960DA6A22F00F022A433D
:106A0000DA62B14A934223D0B04A934276D0B04A78
:106A1000934200F08F81AF4A934200F0E181AE4A89
:106A2000934200F02181AD4A934200F0E381AC4AE9
:106A3000934200F03482AB4A934200F0E781012098
:106A400000234FF001126367A266A36707B030BD51
:106A5000A54B5B6D03F03803282BF0D8A34AD35C19
:106A6000B0F5004F55D0202B00F24A81202BE6D8FC
:106A700001A252F823F000BFB76C0108B16C010805
:106A80003F6A01083F6A0108A16C01083F6A0108DA
:106A90003F6A01083F6A0108936C01083F6A0108D8
:106AA0003F6A01083F6A01083F6A01083F6A01081E
:106AB0003F6A01083F6A01087D6C01083F6A0108CE
:106AC0003F6A01083F6A01083F6A01083F6A0108FE
:106AD0003F6A01083F6A01083F6A01083F6A0108EE
:106AE0003F6A01083F6A01083F6A01083F6A0108DE
:106AF0003F6A01083F6A0108216E01087A4B5B6D0D
:106B000003F00703052B9AD8794AB0F5004FD35C00
:106B1000A9D1202B00F24581202B90D801A252F858
:106B200023F000BF8B6E0108856E01083F6A0108E3
:106B30003F6A0108916E01083F6A01083F6A010837
:106B40003F6A0108736E01083F6A01083F6A010845
:106B50003F6A01083F6A01083F6A01083F6A01086D
:106B60003F6A01085F6E01083F6A01083F6A010839
:106B70003F6A01083F6A01083F6A01083F6A01084D
:106B80003F6A01083F6A01083F6A01083F6A01083D
:106B90003F6A01083F6A01083F6A01083F6A01082D
:106BA0003F6A01089B6E01089868464A02404E48B9
:106BB0000A439A60DA6A616A22F00F020A43DA62D3
:106BC000836D03F00703052B3FF639AF494AD35CC9
:106BD000202B00F2B980012B7FF631AF023B1E2B38
:106BE0003FF62DAF01A252F823F000BF556E010809
:106BF0003F6A01084B6E01083F6A01083F6A0108BD
:106C00003F6A0108396E01083F6A01083F6A0108BE
:106C10003F6A01083F6A01083F6A01083F6A0108AC
:106C20003F6A0108256E01083F6A01083F6A0108B2
:106C30003F6A01083F6A01083F6A01083F6A01088C
:106C40003F6A01083F6A01083F6A01083F6A01087C
:106C50003F6A01083F6A01083F6A01083F6A01086C
:106C60003F6A01085B6E01081F4B5B6D03F0070371
:106C7000052B3FF6E4AE204AD35CF1E61A4B1A68C6
:106C8000920640F1C1801B681C48C3F3C103D84081
:106C90003BE003A8F9F796FB049838B90020CFE64B
:106CA0006846F9F7D1FA01980028F7D0656A2CE018
:106CB000F8F780FBF1E7F8F735FBEEE7F369FFCF74
:106CC000000C0058FFF4FF11001001400044004088
:106CD00000480040004C00400050004000140140BB
:106CE00000780040007C00400044025814AA0108CB
:106CF00040AA010848AA010840AA01080090D00350
:106D0000402B7FF49CAE4FF400406C4B4FF6EF717C
:106D1000626833F81530B0FBF3F303EB5203B3FBB7
:106D2000F2F3A3F110028A423FF689AE22680020F6
:106D3000D36085E6624B5B6D03F00703052B3FF6DE
:106D40007EAE604AD35C8BE6402B7FF478AE4FF486
:106D500000405A4B656833F8112005EB4501B0FB44
:106D6000F2F399423FF66BAEB3EB053F3FF667AEE9
:106D700000231946E9F7C0FC2A460902030241EA4A
:106D80001061680818184FF0000341F10001E9F79D
:106D9000B3FC4D4AA0F54071034691423FF64FAE19
:106DA000C4E7402B7FF44BAE444B626833F81510B8
:106DB0005308B0FBF1F003EB40004FF6EF73B0FB6C
:106DC000F2F0A0F110029A423FF639AE20F00F0324
:106DD000C0F3420022689BB203430020D3602FE639
:106DE000374B5B6D03F00703052B3FF628AE374AA0
:106DF000D35C35E6324B5B6D03F03803282B3FF64E
:106E00001EAE334AD35C2BE632487EE72C4B5B6DDB
:106E100003F00703052B3FF612AE2F4AD35C1FE6A3
:106E20002E4872E7264B1A68900642D51B682948FF
:106E3000C3F3C103D8408CE703A8F9F7C3FA049859
:106E400000283FF42BAF616A83E76846F9F7FCF945
:106E50000198F5E7F9F7E6F9F2E7204879E7184BEA
:106E60001A68910627D51B681A48C3F3C103D84096
:106E70009AE703A8F9F7A6FA049800283FF40EAFA2
:106E8000656A91E7F8F796FAF7E7F8F74BFAF4E74F
:106E90006846F9F7D9F90198EFE7104884E7084BFD
:106EA0005B6D03F00703052B3FF6C9AD0C4AD35CBD
:106EB000D6E508484DE7074876E700BF50AA010825
:106EC0000044025840AA0108FFFC0F0040AA010834
:106ED00014AA01080090D00340AA010800093D004F
:106EE00040AA0108836A1A0710B406D50168846BAA
:106EF0004A6822F4004222434A60DC0706D5016852
:106F0000C46A4A6822F4003222434A60990706D5CF
:106F10000168046B4A6822F4803222434A605A07AF
:106F200006D50168446B4A6822F4802222434A60F5
:106F3000DC0606D50168C46B8A6822F480522243BD
:106F40008A60990606D50168046C8A6822F40052AA
:106F500022438A605A060AD50168446C4A68B4F52F
:106F6000801F22F4801242EA04024A600BD01B0602
:106F700006D50268C16C536823F400230B435360A9
:106F80005DF8044B70474A68846C22F4C0022243C7
:106F90004A60ECE738B500230446C0F89030F1F7BA
:106FA000C1F82268054613681B070ED413685907F9
:106FB00032D4002320221846C4F8882084F8843074
:106FC000C4F88C20E366236738BDD3699802EDD4FA
:106FD0000CE019681A46490705D5D96908074FD446
:106FE000D96909057AD4DB699802DFD4F1F79AF8F8
:106FF000431BB3F1007F2368EBD353E8002F22F04B
:10700000800243E800210029F7D12023032084F8DF
:107010008410C4F8883038BDD3695B02C9D40DE050
:107020001A68500707D5DA69110700F18580DA6917
:10703000120500F1AF80DB695B02BAD4F1F772F898
:10704000431BB3F1007F2368EAD353E8002F22F4F7
:10705000907243E800210029F7D103F1080252E8B9
:10706000002F22F0010203F1080040E8002100296E
:10707000F3D12023032084F88410C4F88C3038BD69
:1070800008221A6253E8002F22F4907243E800218C
:107090000029F7D1564803F1080252E8002F0240B8
:1070A00003F1080545E800210029F4D1E26E012A28
:1070B0000BD0002220200821C4F88C006267E26611
:1070C00084F88420C4F8901097E753E8002F22F04A
:1070D000100243E800210029F7D1EAE74FF40062EB
:1070E0001A6253E8002F22F4907243E8002100292D
:1070F000F7D13F4803F1080252E8002F024003F1A4
:10710000080545E800210029F4D1E26E012A0AD0E1
:10711000002220216267C4F88C1084F88420E26683
:10712000C4F8901069E753E8002F22F0100243E8FA
:1071300000210029F7D1EBE708221A6253E8002F5B
:1071400022F4907243E800210029F7D1284803F186
:10715000080252E8002F024003F1080545E800212B
:107160000029F4D1E26E012A0BD000222020082150
:10717000C4F88C006267E26684F88420C4F890103A
:1071800063E753E8002F22F0100243E800210029B2
:10719000F7D1EAE74FF400621A6253E8002F22F4B5
:1071A000907243E800210029F7D1114803F1080249
:1071B00052E8002F024003F1080545E800210029AC
:1071C000F4D1E26E012A0AD0002220216267C4F8BD
:1071D0008C1084F88420E266C4F8901035E753E8F8
:1071E000002F22F0100243E800210029F7D1EBE73D
:1071F000FEFFFFEF80B3D0F8883010B5044633B3FC
:1072000022682423A16AC4F88830136823F001039C
:107210001360C1B92046FFF7CBFB012811D02368CA
:1072200020465A6822F490425A609A6822F02A0254
:107230009A601A6842F00102BDE810401A60FFF738
:10724000A9BE012010BD2046FFF74CFEE2E780F802
:107250008430FDF757F9D3E70120704738B504466D
:1072600000232220C4F89030C4F88C00D4F88000A9
:10727000A165A4F85C2070B12568036513460A4631
:1072800005F124011B4DC5631B4D05641B4DC564F1
:10729000F2F7ACF928BB23694BB1236853E8002F00
:1072A00042F4807243E800210029F7D100E023680E
:1072B00003F1080252E8002F42F0010203F1080036
:1072C00040E800210029F3D103F1080252E8002F21
:1072D00042F0400203F1080141E800200028F3D108
:1072E00038BD102220230120C4F89020C4F88C302F
:1072F00038BD00BF09690108E96801087D6401081B
:10730000D0F88C30202B1AD1B9B1B2FA82F35B09D4
:107310009AB130B40468C3660A4B9C420AD06368D1
:107320001B0207D554E8003F43F0806344E8003572
:10733000002DF7D130BCFFF791BF0120704702202C
:10734000704700BF000C0058704700BF704700BF77
:10735000704700BF0023034A4360026083600361FB
:10736000C3607047CDCC4C3E90ED017AB7EE006A19
:1073700090ED004ADFED207A34EE077A90ED045A62
:10738000C0ED047AB4EEC67A80ED017AF1EE10FA1F
:107390002EDB77EE466AD0ED037AF6EE005AD0ED9A
:1073A000024A30EE673AC6EE843AC0ED016ABEEE9C
:1073B000007A36EE636A63EEA55AE3EE067A65EE6E
:1073C000A35AF0EE676A66EE077A36EEE47AC0ED0D
:1073D000026A67EE867AA7EE255A67EE877A77EE1D
:1073E000A67A80ED030AB0EE450AC0ED047A704734
:1073F000D0ED026AF3E700BF00000000F7EE007A6C
:107400009FED047A80FE070A80FE670A80ED000A7D
:10741000704700BF00000000037810B504462DED52
:10742000028B072B00F2A181DFE813F05000A000CF
:10743000B30085009000C0000D01080090ED068AA1
:10744000F7EE006AD0ED037ABFEE000A90ED077AFE
:10745000F4EEC87AF1EE10FAB4EEC87A36FE800A7D
:10746000F1EE10FA00F3748136EEC76AB4EEC68A04
:10747000F1EE10FA00F32581F7EE006A76EEE77A76
:1074800077EE887ABBFE676A77EEC67AB4EEE77A63
:10749000F1EE10FA00F3248136EEC76AF4EEC67AF4
:1074A000F1EE10FA0DDD77EEE67A87EE876AF0EE00
:1074B000467AE6EE067A36EE276A76EE266A30EEF1
:1074C000660ADFEDAD7A20EE270A09E090ED068A24
:1074D0009FEDAA0A28EE000A00F026FF94ED077A35
:1074E00077EE087AF7EE006AF4EEE67AF1EE10FA3B
:1074F00040F3D48077EEE67A0123C4ED067A37EEC6
:10750000C77A84F82930F6EE006AB4EEE67AF1EE36
:1075100010FA40F1C180F4EEE67AF1EE10FAACBF59
:1075200001230023D4ED017A84F8283020EE270AC5
:10753000BDEC028B10BDF0EE007A90ED068ABFEE36
:10754000000A90ED077AA8EE270AC9E790ED068AAF
:10755000D0ED037A90ED077AB4EEE78AF1EE10FAF7
:107560004CBFB7EE000ABFEE000AB9E7F0EE006AC2
:1075700090ED068ABFEE000A90ED077AF6EE007AEB
:10758000A8EE260AB0EEC00A30EE670A30EE000A16
:10759000A6E7F0EE007A90ED068ABFEE000A90EDC5
:1075A000077AA8EE270AB1EE400A99E7F6EE006ADC
:1075B00090ED068A90ED077AF7EE007ABFEE006A4A
:1075C000B4EEE68AF1EE10FAB4EEC87A48BFB0EE37
:1075D000676AF1EE10FA00F3AC8077EEC76AB4EE9A
:1075E000E68AF1EE10FA5DDCF6EE007A78EE277AA4
:1075F000FBFE675A77EEE57AB4EEE77AF1EE10FA21
:107600007BDCF4EEE67AF1EE10FA0FDDB7EE005A0D
:1076100077EEC57AC7EE875AF0EE657AE5EEA57A81
:1076200075EEA75A75EE855A36EE656AD4ED087A7E
:10763000B1EE000A66EEA76AE7EE066A26EE800A59
:10764000C4ED086A4CE790ED068AF0EE007A90ED02
:10765000077ABFEE000AB4EEC87AA8EE270AF1EE68
:1076600010FA59DCF7EE006A76EEC77AB4EEE78AD4
:10767000F1EE10FA0DDD38EE666AC6EE077AB0EE6E
:10768000676AA7EEA76A77EE867A77EEA67A30EE7B
:10769000670AB1EE400A23E7002343E70023C4ED65
:1076A000067A2CE738EE675AC5EE075AB0EE655AEF
:1076B000A5EEA55A75EE855A75EEA77A36EE276ABD
:1076C00092E778EE665A85EE876AF0EE465AE6EE65
:1076D000065A36EE256A76EE266A30EE260ACBE6A4
:1076E00087EE876AF0EE005A66EE467AE6EE257A75
:1076F00077EEE66A30EE660AE3E6C7EE875AF0EE0A
:10770000004AB7EE005A65EEE57AE5EEA47A77EE28
:10771000C57A36EE676A89E788EE076AF7EE005A9F
:1077200066EE466AE6EE276A76EEE57A30EE670A9E
:10773000AFE788EE075AF0EE004A77EEC76A65EECB
:10774000455AE5EE245A75EEE77A36EE276A4BE79E
:10775000C8EE075AB0EE005A25EEE56AA5EE856A36
:1077600076EE666A30EE260A86E690ED077A90EDB0
:10777000068A9FED030AB3E6F4FD343FDB0FC940F0
:1077800000000000D0ED057A20EE270A704700BF08
:107790004FF07C530021044A4160C26003614361A1
:1077A00080ED060A704700BF0000C842D0ED016AB4
:1077B000D0ED057A90ED047A67EEA67AE7EE007ACE
:1077C000B0EE670AC0ED017A704700BF9FED187AEE
:1077D000D0ED037A90ED060A67EE877A10B587EE52
:1077E000800A04462DED028B00F04AF8F0EE007A94
:1077F000BFEE007A37EEC08AA8EE087AB5EE407A7E
:10780000F1EE10FA0ED4B1EEC70A38EE408AF7EE68
:10781000007A84ED058A77EEC87ABDEC028BC4ED60
:10782000047A10BDB0EE470A00F084FEEDE700BF19
:10783000DB0FC9400B460146184601F0D3BD0128B5
:1078400038BF012010B50446204601F003FE30B9D0
:1078500000F00CF808B901F0BDFD8047F4E710BD59
:10786000FFF7EDBF08B501F0B5FD0000024B186849
:10787000BFF35B8F704700BF2CA5062400000000FB
:1078800038B510EE104AC4F30A53B3F57D7FB7EE56
:10789000C07A1ED227EE077BB3F5667F6FD327EE43
:1078A000071B634B93ED142B93ED125B93ED0E3B93
:1078B000A7EE025B93ED0C0B93ED104BA7EE030BC1
:1078C00027EE017BA1EE040BA5EE070BB7EEC00B74
:1078D00038BD40F22E42934254D8554991ED086B81
:1078E00027EE066BFDEEC66B91ED0A5B16EE903A45
:1078F00003F500031B1613F0020F06EE903A01F198
:10790000700208BF0A46D807B8EEE66BA6EE457BC4
:1079100027EE076B1AD503F0030301EBC30393EDC6
:10792000002B92ED1A4B92ED185B92ED163BA6EEF2
:10793000045B27EE027B27EE064B26EE046BA4EEDB
:10794000037BA5EE067BB7EEC70B38BD92ED142B7B
:1079500092ED127B92ED0E3B92ED0C0B92ED104BE3
:1079600026EE065BA6EE027BA6EE030B26EE056B6B
:10797000A5EE040BA7EE060BB7EEC00B38BDB7EEB5
:10798000000A38BDB3F5FF6F3DD22A4BC4F38362C2
:1079900003EB820153F822200D69C4F31603C4F3EC
:1079A000C25043F400038340086A03FB02F2A3FBC6
:1079B0000010E3FB050202F100518D0F01F0404180
:1079C000511AE8F76BFE1C4B9FED177B05EBD47447
:1079D00041EC160B14F0020FA3F1700208BF13461E
:1079E000E90726EE077B27EE076B10D504F00304AA
:1079F00002EBC40494ED002B93ED1A4B93ED185B4E
:107A000093ED163B93E7BDE8384000F057B893ED8F
:107A1000142B93ED127B93ED0E3B93ED0C0B93ED3A
:107A2000104B9DE7AFF30080182D4454FB21193C07
:107A300078BD010818BD0108E8BD010810B582B085
:107A40008DED010A044601F0DBFC9DED010A0460A6
:107A500002B010BD30B1F1EE407A27EE800A22204C
:107A6000FFF7ECBFF0EE407A27EE800A2220FFF706
:107A7000E5BF00BF9FED010AFFF7ECBF000000105B
:107A80009FED010AFFF7E6BF0000201A9FED010AF3
:107A9000FFF7E0BF000000709FED070AFFEE007ADD
:107AA000B7EE007A00284FF0220047FE277A87EED3
:107AB000800AFFF7C3BF00BF0000000070EE407AED
:107AC000B4EE400A87EEA77AF1EE10FAB0EE470A5C
:107AD00002D62120FFF7B2BF704700BF00000000B0
:107AE0002DE9F04F5BEC10AB5B46190D2DED0A8BC9
:107AF00011EE90CA4E1E40F2FD75AE4210EE102AF5
:107B000011EE100A89B00C464FEA1C5E00F2CA80E2
:107B1000CEF30A05A5F2BE357F2D98BF002000F2F6
:107B2000C180BFEE000BCE4CCE491C44C4F3463599
:107B300001EB451696ED128B91ED006B91ED027BFA
:107B400096ED189B96ED162B260D241505EE904A02
:107B50003605B8EEE55B141EA5EE062B9D1BA5EEC3
:107B6000079B91ED083B91ED105B91ED04AB91ED1E
:107B7000067B91ED0CBB91ED0A6B91ED0E4B45EC44
:107B80001C4BACEE080B20EE0A8BA0EE037BA0EEA4
:107B9000054B20EE083B30EE025BA0EE0B6B32EEA5
:107BA000452BA3EE046B32EE002BA3EE067B39EEE1
:107BB000029B35EE036BB0EE432B35EE465B98EE41
:107BC000002B35EE035B39EE029B20EE030B39EE02
:107BD000059BA0EE079B36EE097B21EE078B18EE86
:107BE000902AB0EE482BC2F30A556FF47273EB186B
:107BF0003E2B91EE072B36EE476B36EE099BA1EE3E
:107C0000092B00F29680B0EE480B974B93ED025B88
:107C100093ED006BB0EE451BA8EE061B11EE101A9B
:107C200031EE451B93ED043B93ED067BA1EE030B78
:107C300001F07F02921802F10F0403EBC202A1EEE1
:107C4000070B92ED1C7B32EE000B20EE003B03EBAA
:107C5000C40293ED0A9B23EE032B93ED086B93ED87
:107C60000E5BA0EE096B93ED0C4B53F83460576834
:107C7000A0EE054B4018002430EE070BA219A3EE2E
:107C8000060B07EB4033B0EE407BA2EE047B002DE9
:107C90005ED043EC102BA7EE000B09B0BDEC0A8BB5
:107CA000BDE8F08F05184CEB0C086FF001076E1E55
:107CB00048F1FF39B7426FF4001676EB0906C0F0C1
:107CC0002681951843EB03086E1E68F10009B74240
:107CD0006FF4001676EB0906C0F04081002B6BDBD9
:107CE0000020CEF30A05A5F2BE317F2940F2FF76CF
:107CF00050D95E4900208B4208BF824200F00481C7
:107D000040F2BD34A54240F29680012A8B4134BF37
:107D100001230023B6458CBF4FF0000E4FF0010E3B
:107D200073450ED109B0BDEC0A8BBDE8F04F01F0F0
:107D3000E3B9002BC0F2D380B5F5816F79D9002A61
:107D4000F0DB09B0BDEC0A8BBDE8F04F01F0DCB907
:107D5000A14280F21881B7EE003B03F17F5101F59B
:107D60000011104641EC150B27EE057B35EE076B35
:107D7000B0EEC64BB4EEC34BF1EE10FA78D49FEDE3
:107D8000340B26EE000B09B0BDEC0A8BBDE8F04FBA
:107D900001F0EAB9002C7FF4C4AE9FED2F7B4BECD1
:107DA00016AB26EE077B55EC174B25F0004317EE7C
:107DB000102AA3F15073B4E6CEF30A0540F2FE3464
:107DC000A54240F3838040F23344A54200F3FE8095
:107DD000641BA4F120074FF0FF364FF0FF39A64097
:107DE00009FA07F9C4F12008019746EA09074FF09C
:107DF000FF3626FA08F947EA0907A64020EA0606F0
:107E00002CEA07073E4361D1019F0CFA08F8E040D5
:107E100040EA08002CFA07FC40EA0C0010F0010FC1
:107E20000CBF00204FF4802023F00043C1F30A046C
:107E300059E70025E7E6904271EB0303B7EE000B2C
:107E400034BF31EE000B30EE410B26E7AFF300807C
:107E5000000000000000100000000000000030439F
:107E6000AB6A19C068AA0108E0BF01080000F03F32
:107E7000B5EEC06BF1EE10FA35EE465BBFEE004B8F
:107E800035EE077B58BFB0EE434B36EE040B34EEB5
:107E9000405B35EE066B36EE076B36EE006B36EE6A
:107EA000446BB5EE406BF1EE10FA04D12A4601F0B6
:107EB000004343EC162B9FED665B8DED045B9DED5F
:107EC000047B27EE057B8DED067B58E74BEC10AB72
:107ED00009B0BDEC0A8BBDE8F04F01F035B9B7EE43
:107EE000000B38EE000B00283FF4D7AEB1EE400B8C
:107EF000D3E692185C4983F400234FF000005B4105
:107F0000904271EB03035CD3B7EE000BC5E655EA74
:107F10000801EED0554C0021A34208BF8A4246D04A
:107F2000921853485B41914270EB030449D380455A
:107F300008BF8D4245D100F10040834208BF8A420C
:107F4000E2D083426FEA0C0C34BF002301234FEAD6
:107F5000DC7C634578D09FED400B9EE64BEC17AB85
:107F6000002B27EE070B33DB002055EA08035ED118
:107F7000BCF1000FBFF691AE09B0BDEC0A8BBDE8B5
:107F8000F04F01F0C9B803F140419FED356B01F5A9
:107F90007001104641EC100BA7EE000B20EE060B13
:107FA00009B0BDEC0A8BBDE8F04F01F0E9B800184C
:107FB0002D4B8CF4002C4CEB0C0C814273EB0C031E
:107FC000A2D24BEC17AB37EE010B66E600202BE795
:107FD000CEF30A03A3F2FF32342AC5D8C3F5866371
:107FE0004FF0FF32A3F11D04033302FA04F702FA43
:107FF00003F1C3F12006394322FA06F739439A40C8
:1080000020EA02022CEA01010A43ADD120FA03F36F
:108010000CFA06F633432CFA04F4234303F001036D
:10802000C3F10200002B9FD0B1EE400B9DE7BCF1E5
:10803000000FBFF632AEB7EE006B86EE007B8DED23
:10804000027B9DED020B28E621EE010B25E600BF29
:108050000000000000001000000000000000000010
:10806000000000000000007F0000F0FF0000F03F73
:108070000000E0FF00000000B0EE407B17EE903AF9
:108080001B4A23F0004393421BDD1A4A934202DD50
:1080900030EE400B704700B585B0684600F074FACA
:1080A00000F0030001289DED021B9DED000B0CD09C
:1080B000022812D070B1012000F0A6FF05B05DF8D3
:1080C00004FB9FED091B00F0AFBB00F09DFFB1EE7C
:1080D000400BF3E700F0A8FBF0E700F0A5FBB1EEE2
:1080E000400BEBE7AFF30080000000000000000051
:1080F000FB21E93FFFFFEF7FB0EE407B17EE903AA8
:108100001B4A23F0004393421CDD1A4A934202DDCE
:1081100030EE400B704700B585B0684600F034FA89
:1081200000F0030001289DED021B9DED000B0ED019
:10813000022813D070B100F077FBB1EE400B05B010
:108140005DF804FB9FED081B002000F05DBF00F010
:108150006BFBF4E7012000F057FFF0E7012000F08F
:1081600053FFB1EE400BEAE7000000000000000002
:10817000FB21E93FFFFFEF7F10EE103A40F22A416A
:10818000C3F30A528A42B7EEC03A32D8B7EE000BB8
:108190002D4B93ED4A2B93ED481BB0EE417BA2EEA5
:1081A000037B17EE100A37EE417B00F01F0203EB52
:1081B000C20130B492EE037B93ED4C4B53F8324046
:1081C0004D6893ED4E6B93ED505BA4EE076B27EE7D
:1081D000074B00210A1905EBC033A5EE070B43EC52
:1081E000172BA6EE040B30BC20EE070BB7EEC00B2E
:1081F000704713F5000F20D0B2F5FF6F1AD2DFEDF4
:10820000137AB4EEE70AF1EE10FA10DCDFED107A23
:10821000B4EEE70AF1EE10FA12D4DFED0E7AB4EE06
:10822000E70AF1EE10FAB1D50020FFF729BC0020D3
:10823000FFF72CBC30EE000A70479FED070A70472D
:108240000020FFF717BC00BFB0BA01081772B14297
:10825000B4F1CFC2CF8ECEC20000000010EE103AB3
:10826000B3F17E5F10EE101A38D0A3F50002B2F120
:10827000FE4F36D2BFEE000B01F14042264B02F515
:108280004D02C2F3C34003EB001093ED404B93ED5E
:10829000445B93ED467B93ED426BD30DDB0590ED94
:1082A000002BCB1A03EE903A90ED021BD215B7EEDD
:1082B000E33AA2EE030B03EE902A20EE002BA5EE8C
:1082C000007BB8EEE33BA6EE027BA3EE041B30EE90
:1082D000010BA2EE070BB7EEC00B70479FED0F0A24
:1082E00070475A0014D0B3F1FF4F14D0002B0BDBB2
:1082F000B2F17F4F08D2DFED0A7A60EE277A17EEEF
:10830000903AA3F13861B5E700EE103AFFF7D6BB1B
:108310000120FFF7C1BB7047F8BB01080000000057
:108320000000004B0000000030B510EE104AC4F30E
:108330000A53B3F57D7FB7EEC06A83B01BD226EE39
:10834000065BB3F5667F70D326EE052B25EE021B88
:10835000754B93ED1A3B93ED187B93ED164BA5EE01
:10836000037BA2EE046BB0EE460BA7EE010BB7EE5B
:10837000C00B03B030BD40F22E42934260D86A4930
:1083800091ED087B26EE077BFDEEC77B91ED0A5B46
:1083900017EE903A03F500031B1613F0020F07EED9
:1083A000903A01F1700208BF0A46D807B8EEE77BA1
:1083B000A7EE456BB0EE460B26EE067B1BD403F012
:1083C000030301EBC30392ED1A5B93ED003B92EDC7
:1083D000186B20EE030B92ED164BA7EE056B20EE0B
:1083E000075B27EE057BA5EE040BA6EE070BB7EEA9
:1083F000C00B03B030BD92ED142B27EE075B92ED5E
:10840000126B92ED0E3BA7EE026B92ED0C0B92ED10
:10841000104BA7EE030B27EE057BA5EE040BA6EE93
:10842000070BB7EEC00B03B030BD220D12F4FF6F87
:10843000DFD1B7EEC55B00EE104A8DED015AD8E7EB
:10844000B3F5FF6F4BD2394BC4F3836203EB820168
:1084500053F822200D69C4F31603C4F3C25043F449
:1084600000038340086A03FB02F2A3FB0010E3FB56
:10847000050202F100518D0F01F04041511AE8F759
:108480000DF92B4B9FED267B05EBD47441EC160BBD
:1084900014F0020FA3F1700208BF1346E90726EE9D
:1084A000077B27EE076B1FD404F0030402EBC40420
:1084B00093ED1A4B94ED002B93ED185B27EE027BA6
:1084C00093ED163BA6EE045B27EE064B26EE046BFF
:1084D000A4EE037BA5EE067BB7EEC70B89E703B0DE
:1084E000BDE83040FFF7EABA93ED142B26EE065BA9
:1084F00093ED127B93ED0E3BA6EE027B93ED0C0BFE
:1085000093ED104BA6EE030B26EE056BA5EE040BC8
:10851000A7EE060BB7EEC00B6BE700BFAFF3008012
:10852000182D4454FB21193C78BD010818BD0108E1
:10853000E8BD010808B52DED028BB0EE408A00F0D1
:108540006DF90E4B93F9003001330BD0B4EE488A2D
:10855000F1EE10FA06D6DFED0A8AB4EEE88AF1EE03
:1085600010FA02D4BDEC028B08BD00F049FF88EE82
:10857000A80ABDEC028B2123036008BDA5030024DB
:10858000000000000000000070B553EC102B9C4967
:1085900023F000458D4288B004466ADD99498D423A
:1085A0001E461BDC002B9FED867B40F3EC8030EEFB
:1085B000477BA1F51B21A1F5F0618D426AD09FEDAB
:1085C000826B012037EE465B37EE457B84ED005B26
:1085D00037EE467B84ED027B08B070BD8A498D4240
:1085E00060DD8A498D424DDC2A1510EE100AA2F298
:1085F0001642A5EB025141EC170B9FED755BBDEEEA
:10860000C76BB8EEC66B37EE467B27EE057BFDEEFB
:10861000C74B8DED026BB8EEE46B37EE467B27EE71
:10862000057BB5EE407BF1EE10FA8DED046B8DED20
:10863000067B40F0978014EE903A002B0CBF01238C
:108640000223734901910221009102A8214600F002
:1086500083F9002EC0DA94ED006B94ED027BB1EE4D
:10866000466BB1EE477B84ED006B84ED027B4042AC
:10867000B2E700200021C4E90201002084ED000BD4
:1086800008B070BD30EE407B002084ED027B84EDAD
:10869000007BA1E79FED505B9FED516B37EE457B73
:1086A00001208FE700F080FDB6EE007B9FED4E5B72
:1086B000A0EE057BFDEEC77B9FED413B17EE900AD8
:1086C0009FED416B1F28B8EEE75BB1EE454BA5EE81
:1086D000430B25EE067B1CDC4E4B421E53F822302A
:1086E000AB4216D030EE476B84ED006B30EE460B9C
:1086F00030EE470B002E84ED020BBFF66DAFB1EEEE
:10870000466BB1EE400B84ED006B84ED020B4042F2
:1087100062E730EE476B16EE903AC3F30A532A1520
:10872000C3EB1555102DDFDDB0EE403B9FED2A7BEE
:108730009FED2B6BA4EE073B30EE430BA4EE070B33
:10874000B0EE407B95EE067B33EE476B16EE903A2B
:10875000C3F30A53D21A312A06DCB0EE430B84ED80
:10876000006BC3E703236CE79FED216BB0EE430B77
:108770009FED212BA4EE060B33EE407BA4EE067B8F
:1087800095EE027BAEE7244930EE077B8D420ED09A
:108790009FED0D6B4FF0FF3037EE065B37EE457BFC
:1087A00084ED005B37EE067B84ED027B14E79FEDE2
:1087B0000A5B9FED0B6B37EE057B4FF0FF30EBE76D
:1087C00000004054FB21F93F3163621A61B4D03D8F
:1087D00000000000000070410000601A61B4D03D4C
:1087E0007370032E8A19A33B83C8C96D305FE43FC1
:1087F0000000002E8A19A33BC14920259A837B39AA
:10880000FB21E93F7BD90240FB213941FFFFEF7F8C
:10881000D8BE010858BE0108FB21F93FB1EEC00ADD
:10882000704700BF0000000010EE903A23F00043B4
:10883000B3F1795F2DED028B2EDAFDEEC07B17EEE2
:10884000903A002B65D020EE004B9FED358B9FEDCD
:10885000362B9FED373BA4EE082B9FED375BA4EE44
:10886000023B9FED376BA4EE035B9FED377BA4EEDD
:10887000056BA4EE067B24EE077B21EE400BB6EEE3
:10888000006BA4EE070BBDEC028BB7EE007B94EE01
:10889000060B37EE400B70479FED218B20EE004B0F
:1088A0009FED212B9FED223BA4EE082B9FED225B39
:1088B000A2EE043B9FED226BA3EE045B9FED227BB7
:1088C000A5EE046B224AA6EE047B934227EE047BBE
:1088D000D3DD204A934217DCB7EE006B0020A3F5EE
:1088E000001141EC150B36EE456BB6EE003B21EE68
:1088F000400B94EE035BA4EE070BBDEC028B35EE50
:10890000400B36EE400B7047B6EE076BB5EE025BE0
:10891000EBE7B7EE000BBDEC028B7047AFF30080C6
:10892000D43888BEE9FAA8BDC4B1B4BD9EEE213EDC
:10893000AD529C804F7E92BE9015CB19A001FA3E9D
:108940007751C1166CC156BF4C5555555555A53F6D
:108950003233D33F0000E93F2DE9F04F2DED088B76
:10896000ADF5157D1C4604930791AD4BA69912F108
:10897000140F53F82150824604F1FF38C0F2A6824A
:10898000A849D31E81FB0301DB17C3EBA1030393AB
:108990000133A3EB8303DB00D3180693039B15EB92
:1089A0000801A3EB08031AD401319FED976BA79838
:1089B00019441CAA0AE050F8234007EE904A0133FC
:1089C000B8EEE77B8B42A2EC027B08D0002BF2DAF8
:1089D000B0EE467B01338B42A2EC027BF6D1002D38
:1089E000C0F2D482049B1CA901EBC3046CAE4FEA15
:1089F000C30C4046EF180AEBC301B8F1000F9FED1E
:108A0000827B09DB22465346B3EC025B32ED026BFC
:108A10008B42A5EE067BF7D10130B842A6EC027B73
:108A200004F10804E9D107AB08AF03EB85099FED1A
:108A3000789B07EB85039FED788B083BDDF818B03A
:108A400005930AEB0C046CAE2946019594AB03EB3D
:108A5000C103002913ED280B16DD06EBC1033A46CE
:108A600020EE097B33ED025BB0EE406BBDEEC77BC1
:108A7000B342B8EEC77BA7EE486BBDEEC66B37EED0
:108A8000050BA2EC016AEBD15846029100F01CFCE8
:108A9000B0EE40ABB4EE000B2AEE000B00F090FB02
:108AA000B2EE007BA0EE47ABBDEECABBBBF1000F40
:108AB000B8EECB7B02993AEE47AB75DD01F1FF3C96
:108AC000CBF1180357F82C2042FA03F000FA03F315
:108AD000D31ACBF117051BEE102A43FA05F5024411
:108AE000002D47F82C300BEE102A65DCB5EE40ABBC
:108AF000F1EE10FA40F0C780019B01F1FF3C6345A5
:108B00000EDC01F18042013A07EB8202002052F8AC
:108B100004394A4540EA0300F9D1002840F0F580C5
:108B2000019B013B57F82330002B40F0E980059B67
:108B3000012553F804290135002AFAD001F1010E6C
:108B40000D447046049B1944039B03EB0E0C0CF17F
:108B5000804CA79B0CF1FF3C03EB8C0C1CAB06EB91
:108B6000CE0E03EBC1019CED017AB8EEC77BB8F1E4
:108B7000000F81ED007B0CF1040C0A469FED226B87
:108B800001F1080109DB534601E032ED027BB3EC51
:108B9000025BA342A5EE076BF7D10130A842AEEC11
:108BA000026BE0DD294651E740F0A0804B1E57F8EC
:108BB0002350ED15002D99DD1BEE103A002903F12D
:108BC00001030BEE103A40F397813A68002A40F017
:108BD000858001292FD03B46012053F8042F002A1D
:108BE0007FD0431CC2F18072994247F8202021DDDA
:108BF00057F8232007EB810C07EB83036FF07F40CE
:108C000013E000BFAFF30080000000000000000090
:108C1000000000000000703E0000000000007041F5
:108C200090C80108ABAAAA2A1A68821A43F8042B32
:108C30006345F9D10122BBF1000F0DDDBBF1010F3E
:108C400000F03C81BBF1020F06D1481E57F82030DE
:108C5000C3F3150347F82030022D7FF447AFB7EE7A
:108C6000000B30EE4AAB002A3FF440AF5846029169
:108C700000F02AFB3AEE40ABB5EE40ABF1EE10FA55
:108C800002993FF439AF069CB0EE4A0B6042029560
:108C90008B46019D00F018FB9FEDBF6BB4EEC60B39
:108CA000F1EE10FA029AC0F24D819FEDBD7B20EEED
:108CB000077BBDEEC77B0BF10103B8EEC75BA5EEEA
:108CC000460BBDEEC00B183410EE101A47F82B10EF
:108CD00017EE101A069447F823102DE00123002008
:108CE00080E7013088427FF478AFA4E7B6EE007BDE
:108CF000B4EEC7ABF1EE10FA80F2ED800025F5E698
:108D000001F1010E704675461CE78B460699A1F1EC
:108D1000180057F82C1006902A466346019D59B951
:108D20000BF18041023907EB810151F80449013B05
:108D30001838002CF9D006900698B7EE000BCDE954
:108D4000012300F0C1FA029B019A002BC0F2368188
:108D50006CA99FED936B01EBC30403F1010E07EBCC
:108D60008E014FEAC30C04F1080031ED017AB942DB
:108D7000B8EEC77B27EE007B20EE060B20ED027BD2
:108D8000F3D19FED894B274600260DF58878002DFD
:108D90009FED877B10DBB0EE446B874C384600219B
:108DA00003E08E4208DBB4EC026BB0EC025B0131F5
:108DB0008D42A5EE067BF4DA08EBC601B34281EDE5
:108DC000007BA7F1080706F1010101D00E46DEE79E
:108DD000A69902291EDC002900F3908010D19FED96
:108DE000747B0CF10803434433ED026B984537EE76
:108DF000067BF9D10AB1B1EE477B079B83ED007B7F
:108E00001BEE103A03F007000DF5157DBDEC088B45
:108E1000BDE8F08FA6990329F2D1002B00F0EB807A
:108E200008EB0C0191ED006B08EBC30131ED027B07
:108E3000B0EE465B884536EE076B37EE467B81ED3C
:108E4000006B37EE057B81ED027BEFD1012B40F308
:108E5000D28003F10053C444013BDB009CED006B66
:108E600003F10801414446A831ED027BB0EE465BB8
:108E7000884236EE076B37EE467B81ED006B37EEAE
:108E8000057B81ED027BEFD19FED497B103343449D
:108E900008F1100133ED026B994237EE067BF9D1F0
:108EA000002A57D1D8E90001D8E90223079C84EDB4
:108EB000047BC4E90001C4E90223A1E7481E57F876
:108EC0002030C3F3160347F82030C5E600216FF0C9
:108ED0001703039160E51BEE103A002903F101032B
:108EE0000BEE103AC8BF02253FF76FAEB7EE007B1E
:108EF00037EE4AAB0225F9E500229CE69FED2C7B7C
:108F000008EBCE0E3EED026BF04537EE067BF9D155
:108F100098ED006B82BB0799002B81ED007B36EE4C
:108F2000477B0BDD46A80121B0EC026B01318B427F
:108F300037EE067BF8DA0AB1B1EE477B079B83ED8B
:108F4000027B5DE7BDEEC00B10EE103A47F82B3008
:108F50005B46F1E698ED005BB1EE477B98ED026B66
:108F6000B1EE455B079BB1EE466B83ED005B83ED95
:108F7000026B83ED047B43E70799B1EE475B002B5F
:108F800081ED005B36EE477BCCDCD5E7049B4FEAF6
:108F9000C30C48E5AFF30080000000000000704102
:108FA000000000000000703E00000040FB21F93F7F
:108FB000000000000000000058C80108A69902291E
:108FC00009DC002912DC7FF41BAF9FED0D7B002A2A
:108FD0003FF413AF0FE7A69B032B7FF411AF9FED78
:108FE000087B0DF58878002AB4D15BE79FED047B00
:108FF0000DF588788CE79FED027B002AAAD151E716
:10900000000000000000000010EE903A23F0004342
:10901000B3F1795F04DAFDEEC07B17EE903A5BB3F3
:1090200020EE007B9FED162B9FED173B9FED184B1D
:10903000A7EE023B9FED185BA3EE074B9FED186B6D
:10904000A4EE075BA5EE076B20EE075B30B99FED42
:10905000164BA7EE064BA4EE050B70479FED144B85
:1090600026EE456BB6EE003BA1EE036B96EE071BBA
:10907000A5EE041B30EE410B704700BFAFF300803C
:109080007CD5CF5A3AD9E53DEB9C2B8AE6E55ABE12
:109090007DFEB157E31DC73ED561C119A0012ABFAE
:1090A000A6F810111111813F495555555555C5BFA9
:1090B000495555555555C53F10B582B08DED000B3E
:1090C000044600F09DF99DED000B046002B010BD58
:1090D00082B058B1B1EE407B8DED007B9DED007B01
:1090E000222020EE070B02B0FFF7E6BFB0EE407B78
:1090F000F2E700BF000000009FED010BFFF7E8BFA3
:1091000000000000000000109FED010BFFF7E0BF22
:10911000000000000000007082B00028B7EE006B75
:10912000BFEE007B06FE077B8DED007B9DED000B07
:109130009FED037B222080EE070B02B0FFF7BCBF40
:109140000000000000000000B4EE400BF1EE10FA49
:1091500030EE407B87EE076BB0EE460B02D6212047
:10916000FFF7AABF704700BFB5EE400BF1EE10FA53
:1091700000D070472220FFF79FBF00BF0000000013
:109180009FED076BB0EEC07BB4EE467BF1EE10FABC
:1091900000DC70472220FFF78FBF00BFAFF30080D5
:1091A000FFFFFFFFFFFFEF7F51EC100B10EE102AC7
:1091B00021F0004343EC102B704700BF000000007B
:1091C00082B08DED000B01990098C1F30A52A2F212
:1091D000FF33132B31DC002B21DB394A1A4101EA22
:1091E000020C5CEA000C2DD09FED337B9DED006BF3
:1091F00036EE077BB5EEC07BF1EE10FA09DD0029F3
:1092000004DA4FF4801040FA03F3194421EA020112
:1092100000200B46024643EC102B02B070479FED36
:10922000267B30EE077BB5EEC07BF1EE10FAF0DD69
:10923000002928DB00200146EBE7332B06DDB3F5E0
:10924000806F1BD09DED000B02B07047A2F213425D
:109250004FF0FF3C2CFA02F20242F3D09FED167B56
:109260009DED006B36EE077BB5EEC07BF1EE10FA9C
:10927000CFDD002910DB20EA0200CAE79DED007B6C
:1092800037EE070BE0E721F000430E4A18430028B1
:1092900018BF11460020BCE7142B09D04FF0010C79
:1092A000C3F134030CFA03F3181828BF6144E2E752
:1092B0000131E0E7AFF300809C7500883CE4377E25
:1092C000FFFF0F000000F0BF53EC102BC3F30A5157
:1092D00000B59C4671BB10EE101A23F0004C5CEAFE
:1092E000010125D09FED2E7B394920EE077B884276
:1092F00053EC172B4CDBC3F30A519C46363901441F
:1093000040F2FE7E71451DDC002937DC11F1350F7E
:1093100025DA4CF25031884214DC9FED230B9FED8F
:10932000246BB0EE407B002B20FE060B20EE070BDB
:109330005DF804FB40F2FF7E7145E0D130EE000B9A
:109340005DF804FB9FED1C0B9FED1D6BB0EE407BA9
:10935000002B20FE060B20EE070B5DF804FB2CF023
:10936000FF4C36312CF4E00C9FED177B4CEA015397
:1093700043EC102B20EE070B5DF804FB2CF0FF4CA8
:109380002CF4E00C4CEA015343EC102B5DF804FB89
:109390009FED050B27EE000B5DF804FBAFF300809B
:1093A000000000000000504359F3F8C21F6EA501F1
:1093B00059F3F8C21F6EA5819C7500883CE4377E86
:1093C0009C7500883CE437FE000000000000903CE3
:1093D000B03CFFFF08B5062000F090F9012001F035
:1093E000ADF8000010B5054C13462CB10A460146F5
:1093F0000220AFF3008010BD2046FCE70000000013
:10940000014B1868704700BFA803002470B50D4DCC
:109410000D4C641BA4100026A64209D10B4D0C4C28
:1094200003F0F2FA641BA4100026A64205D170BD19
:1094300055F8043B98470136EEE755F8043B98474A
:109440000136F2E728CA010828CA010828CA01081B
:1094500058CA0108024B0146186800F07FB800BFE7
:10946000A80300240A44914200F1FF3300D1704761
:1094700010B511F8014B03F8014F9142F9D110BD1D
:10948000884210B501EB020402D98442234607D872
:10949000431EA14208D011F8012B03F8012FF8E771
:1094A000024401468A4200D110BD13F8014D02F872
:1094B000014DF7E702440346934200D1704703F899
:1094C000011BF9E737B5002944D051F8043C01905D
:1094D000002BA1F10404B8BFE41800F053FA1E4AAF
:1094E0000198136833B96360146003B0BDE830407D
:1094F00000F04EBAA34208D9256861198B4201BF1A
:1095000019685B6849192160EDE71A465B680BB181
:10951000A342FAD911685518A5420BD124682144F9
:109520005418A3421160E0D11C685B685360214469
:109530001160DAE702D90C230360D6E725686119C8
:109540008B4204BF19685B68636004BF49192160DE
:109550005460CAE703B030BD30A50624F8B5CD1C71
:1095600025F0030508350C2D38BF0C25002D0646C7
:1095700001DBA94203D90C2333600020F8BD00F0C1
:1095800001FA21490A6814469CB9204F3B6823B967
:109590002146304600F07AF838602946304600F01F
:1095A00075F8431C23D10C233360304600F0F0F9EA
:1095B000E3E723685B1B17D40B2B03D923601C4400
:1095C000256004E06368A2420CBF0B605360304624
:1095D00000F0DEF904F10B00231D20F00700C21A91
:1095E000CCD01B1AA350C9E722466468CCE7C41C40
:1095F00024F00304A042E3D0211A304600F046F8DC
:109600000130DDD1CFE700BF30A5062434A5062404
:10961000164B10B51C68A36BB3B91820FFF71AFFDF
:10962000A06328B90246124B12484E2100F082F87E
:10963000114A124BC0E90023114B83600B23838135
:1096400001220023C0E90423A46B0E4A2069636948
:109650000D49424301FB0322A0FB0101431C42EBE5
:109660000100C4E9043020F0004010BDA80300242C
:10967000A4C80108BBC801080E33CDAB34126DE697
:10968000ECDE05002DF451582D7F954C38B5064D74
:109690000023044608462B6000F03AFF431C02D129
:1096A0002B6803B1236038BD3CA506241F2938B5BB
:1096B00004460D4604D9162303604FF0FF3038BD31
:1096C000426C12B152F821304BB9204600F030F80C
:1096D0002A4601462046BDE8384000F017B8012B65
:1096E0000AD0591C03D1162303600120E7E70024A8
:1096F00042F82540284698470020E0E7024B014603
:109700001868FFF7D3BF00BFA803002438B5074D82
:1097100000230446084611462B6000F0E1FE431C7E
:1097200002D12B6803B1236038BD00BF3CA50624DD
:1097300000F0C6BE1FB514461A46094B1B68054605
:10974000D8684CB1074B0091CDE9013406492B464E
:1097500000F0E4F8FFF73EFE044B1C46F3E700BFC1
:10976000A803002438C9010845C9010873C90108C4
:10977000002310B50446C0E90033C0E90433836018
:1097800081814366C2818361194608225C30FFF7FC
:1097900091FE054B6362054BA362054BE362054BEB
:1097A0002462236310BD00BF799F01089B9F0108BD
:1097B000D39F0108F79F0108014900F0C1B800BF1D
:1097C000D1A2010870B568224D1E55430E4605F121
:1097D0007401FFF7C3FE044640B10021C0E9001642
:1097E0000C30A06005F16802FFF764FE204670BDF2
:1097F000014800F0C5B800BF39A50624014800F0B3
:10980000C0B800BF39A50624014800F0B9B800BFB0
:109810003AA50624014800F0B4B800BF3AA50624D2
:1098200010B50446FFF7F0FFA3691BB1BDE8104077
:10983000FFF7F0BFC4E912332365134B134A1B68CB
:10984000A262A34204BF0123A361204600F020F8D6
:109850006060204600F01CF8A060204600F018F878
:109860000022E06004216068FFF782FFA068012207
:109870000921FFF77DFFE06802221221FFF778FF40
:109880000123A361D2E700BFA0C80108B99701086E
:10989000F8B50746FFF7ACFF1E4B1E68B36913B956
:1098A0003046FFF7BDFF4836D6E90134013B03D50A
:1098B00033680BB33668F7E7B4F90C50D5B9164BDB
:1098C000E36004F15800656600F059F8FFF796FF71
:1098D000C4E90155C4E904552560A561082229465B
:1098E00004F15C00FFF7E6FDC4E90D55C4E912552B
:1098F0002046F8BD6834D9E704213846FFF762FFF7
:10990000044630600028D5D1FFF778FF0C233B6078
:10991000EEE700BFA0C801080100FFFF0EB403B5C9
:10992000014603AB054853F8042B0068019300F08F
:109930005FF802B05DF804EB03B07047A8030024A1
:109940002DE9F8430646884600F148040027D4E98B
:109950000195B9F1010905D52468002CF7D13846E5
:10996000BDE8F883AB89012B07D9B5F90E30013377
:1099700003D029463046C04707436835E9E77047BA
:10998000704770470148FFF7FBBF00BF38A50624AA
:109990000148FFF7F6BF00BF38A506249368013BD6
:1099A000002B10B4936008DA9469A34201DB0A2902
:1099B00003D15DF8044B00F023BB1368581C106002
:1099C000197008465DF8044B7047F8B506460F4617
:1099D0001446D518AC4201D1002007E014F8011B51
:1099E0003A463046FFF7DAFF431CF3D1F8BD0000DA
:1099F0002DE9F04F0D469DB014469846064618B125
:109A000083690BB9FFF70CFF894B9D421BD1756829
:109A10006B6ED90705D4AB899A0502D4A86DFFF700
:109A2000AFFFAB891B0701D52B69EBB9294630463F
:109A300000F04AFBC0B16B6EDC070ED54FF0FF3073
:109A40001DB0BDE8F08F7B4B9D4201D1B568DFE7CB
:109A5000794B9D4208BFF568DAE7AB899805EDD4EC
:109A6000A86DFFF78EFFE9E70023099320238DF807
:109A70002930CDF80C803023DFF8C0818DF82A30F2
:109A80004FF0010923469A4613F8012B0AB1252A03
:109A9000F9D1BAEB040B0BD05B462246294630467F
:109AA000FFF793FF013000F0AA80099A5A44099207
:109AB0009AF80030002B00F0A28000234FF0FF3214
:109AC000CDE905230AF1010A049307938DF8533079
:109AD0001A935446052214F8011B5848E6F700FC77
:109AE000049AD8B9D10644BF20238DF85330130708
:109AF00044BF2B238DF853309AF800302A2B15D011
:109B0000079A544600204FF00A0C214611F8013BF9
:109B1000303B092B4ED9B0B1079214E0A0EB0803FB
:109B200009FA03F313430493A246D2E7039B191DDA
:109B30001B680391002BBBBF5B4242F002020793FC
:109B40000793B8BF049223782E2B0CD163782A2B6D
:109B500035D1039B1A1D1B680392002BB8BF4FF031
:109B6000FF3302340593DFF8E4A021780322504646
:109B7000E6F7B6FB40B14023A0EB0A0003FA00F081
:109B8000049B03430134049314F8011B2C488DF803
:109B900028100622E6F7A4FB00283FD0294B1BBB68
:109BA000039B073323F0070308330393099B3B44CC
:109BB000099367E70CFB02320C460120A5E700235E
:109BC0000134059319464FF00A0C204610F8012B7A
:109BD000303A092A03D9002BC5D00591C3E70CFB05
:109BE000012104460123F0E703AB00932A46164BFC
:109BF00004A93046AFF300800746781CD6D16B6EBF
:109C0000D90705D4AB899A0502D4A86DFFF7B9FE30
:109C1000AB895B063FF512AF099811E703AB0093E0
:109C20002A46094B04A9304600F080F8E4E700BF5B
:109C300094C90108B4C9010874C90108D4C901084C
:109C4000DEC9010800000000CB990108DAC901084B
:109C50002DE9F047164699468A680B69DDF82080A1
:109C60009342B8BF1346336091F8432007460C4631
:109C70000AB1013333602368990642BF3368023367
:109C80003360256815F0060506D104F1190AE3686A
:109C900032689B1AAB4226DC94F84320131E2268DC
:109CA00018BF012392062BD404F1430249463846DB
:109CB000C04701301ED02368E568326803F0060310
:109CC000042B08BFAD1AA36822690CBF25EAE5750D
:109CD00000259342C4BF9B1AED1800261A34B542E2
:109CE0001AD1002008E00123524649463846C047B1
:109CF000013003D14FF0FF30BDE8F0870135C6E7F2
:109D0000E1185A1C302081F84300224494F8451091
:109D100082F843100233C7E70123224649463846FA
:109D2000C0470130E6D00136D9E700002DE9FF47F2
:109D30000F7E0C9D782F914680460C469A4601F185
:109D4000430207D8622F0AD8002F00F0D880582F7E
:109D500000F0A38004F1420584F842703AE0A7F1D4
:109D60006303152BF6D801A151F823F0C59D010816
:109D7000D99D0108559D0108559D0108559D010873
:109D8000559D0108D99D0108559D0108559D010863
:109D9000559D0108559D0108E59E0108099E010891
:109DA000C79E0108559D0108559D0108079F0108A0
:109DB000559D0108099E0108559D0108559D010802
:109DC000CF9E01082B681A1D1B682A6004F142050A
:109DD00084F842300123A3E020682968060601F1D7
:109DE00004030AD50E682B60002E03DA2D23764279
:109DF00084F843305E480A2319E00E682B6010F0A7
:109E0000400F18BF36B2EFE72B682068191D296094
:109E1000010601D51E6802E04606FBD51E8854489F
:109E20006F2F0CBF08230A23002184F843106568B4
:109E3000A560002DA2BF216821F0040121600EB9A8
:109E4000002D4DD01546B6FBF3F103FB1167C75D3E
:109E500005F8017D3746BB420E46F4D9082B0BD1DD
:109E60002368DE0708D5236961689942DEBF302385
:109E700005F8013C05F1FF35521B2261CDF800A029
:109E80004B4603AA21464046FFF7E2FE01304CD183
:109E90004FF0FF3004B0BDE8F087354881F84570D9
:109EA0002968236851F8046B29601D0614D5DF0763
:109EB00044BF43F0200323601EB9236823F020032E
:109EC00023601023B0E7236843F020032360782346
:109ED000284884F84530E3E7590648BFB6B2E6E7BC
:109EE0001546BBE72B6826686169181D2860350692
:109EF0001B6801D5196002E07006FBD519800023AC
:109F000023611546BAE72B681A1D2A601D6862682E
:109F100000212846E6F7E4F908B1401B6060636859
:109F20002361002384F84330A8E723692A46494681
:109F30004046D0470130ABD023689B0713D4E0687C
:109F4000039B9842B8BF1846A4E70123324649460E
:109F50004046D04701309BD00135E36803995B1A36
:109F6000AB42F2DCEBE7002504F11906F5E700BF90
:109F7000E5C90108F6C9010810B50C46B1F90E1083
:109F800000F05AFA0028ABBF636DA3891B1823F4B5
:109F90008053ACBF6365A38110BD2DE9F0411F461E
:109FA0008B89DB0505460C46164605D5B1F90E1022
:109FB0000223002200F0C8F9A389B4F90E1023F49B
:109FC0008053A38132463B462846BDE8F04100F06D
:109FD00069B810B50C46B1F90E1000F0B5F9431C84
:109FE000A38915BF606523F4805343F48053A38194
:109FF00018BFA38110BDB1F90E1000F0D3B8000056
:10A00000F8B50E461446054618B183690BB9FFF73B
:10A0100007FC214B9C422BD16C68A369A360A389E8
:10A020001A072FD523696BB323692068C01A6369A7
:10A03000F6B28342374604DC2146284600F048F950
:10A0400030BBA368013BA36023685A1C22601E70CA
:10A0500063690130834204D0A389DB0706D50A2E49
:10A0600004D12146284600F033F988B93846F8BDB6
:10A070000A4B9C4201D1AC68CFE7094B9C4208BF18
:10A08000EC68CAE72146284600F01EF80028CBD02D
:10A090004FF0FF37EAE700BF94C90108B4C90108CF
:10A0A00074C9010838B5074D044608461146002218
:10A0B0002A601A4600F03AFA431C02D12B6803B119
:10A0C000236038BD3CA50624324B70B51D6806469A
:10A0D0000C4625B1AB6913B92846FFF7A1FB2E4BFF
:10A0E0009C420FD16C68A389B4F90C2019072CD4B9
:10A0F000DD0611D40923336042F04003A3814FF001
:10A10000FF303EE0254B9C4201D1AC68EBE7244B8D
:10A110009C4208BFEC68E6E7580712D5616B41B175
:10A1200004F14403994202D03046FFF7CBF90023F3
:10A130006363A38923F02403A3810023636023695D
:10A140002360A38943F00803A38123694BB9A38942
:10A1500003F42073B3F5007F03D02146304600F0AE
:10A160002BF9A089B4F90C2010F001030AD00023C8
:10A17000A36063695B42A361236943B910F0800067
:10A18000BAD170BD810758BF6369A360F4E70020AE
:10A19000F7E700BFA803002494C90108B4C9010867
:10A1A00074C9010838B5064D0023044608462B60E3
:10A1B00000F076F9431C02D12B6803B1236038BD4F
:10A1C0003CA506248A892DE9F041054610070C4676
:10A1D00058D44B68002B05DC0B6C002B02DC0020F4
:10A1E000BDE8F081E66A002EF9D0002312F4805217
:10A1F0002F682B6032D0606DA3895A0705D563683C
:10A20000C01A636B0BB1236CC01A00230246E66AC6
:10A21000216A2846B047431CA38906D129681D2915
:10A220002CD82A4ACA40D60728D500226260D90411
:10A230002269226004D5421C01D12B6803B96065F4
:10A24000616B2F600029CAD004F14403994202D007
:10A250002846FFF737F900206063C1E7216A012330
:10A260002846B047411CC7D12B68002BC4D01D2BFA
:10A2700001D0162B01D12F60B1E7A38943F0400331
:10A28000A381ADE70F69002FA9D093070E6808BF1F
:10A290004B690F6018BF0023A6EB07088B60B8F16D
:10A2A000000F9CDD216AA66A43463A462846B0471D
:10A2B000002806DCA38943F04003A3814FF0FF3060
:10A2C0008EE70744A8EB0008E9E700BF0100402043
:10A2D00038B50B6905460C4613B90025284638BD2C
:10A2E00018B183690BB9FFF79BFA144B9C421BD141
:10A2F0006C68B4F90C30002BEFD0626ED00704D438
:10A30000990502D4A06DFFF73BFB28462146FFF7D5
:10A3100059FF636EDA070546E0D4A3899B05DDD4B7
:10A32000A06DFFF72EFBD9E7054B9C4201D1AC682D
:10A33000DFE7044B9C4208BFEC68DAE794C90108E8
:10A34000B4C9010874C9010838B5074D0446084668
:10A35000114600222A601A4600F0CAF8431C02D1B6
:10A360002B6803B1236038BD3CA5062470B50E46AA
:10A37000B1F90E10002996B014461D4608DAB6F958
:10A380000C3000222A601A0610D44FF480630EE0CD
:10A390006A4600F063F80028F1DB019A02F470428B
:10A3A000A2F500535A425A412A60EEE740230020AA
:10A3B000236016B070BD00008B8973B59D070646FB
:10A3C0000C4607D504F14703236023610123636131
:10A3D00002B070BD01AB6A46FFF7C8FF00990546A1
:10A3E0003046FFF7BBF848B9B4F90C309A05EFD402
:10A3F00023F0030343F00203A381E3E70D4BB362B1
:10A40000A389206043F08003A381009B6361019BCB
:10A4100020615BB1B4F90E10304600F031F828B17C
:10A42000A38923F0030343F00103A381A08905431B
:10A43000A581CDE7B997010838B5074D0446084610
:10A44000114600222A601A4600F05AF8431C02D135
:10A450002B6803B1236038BD3CA5062438B5074DF1
:10A4600000230446084611462B6000F021F8431CE7
:10A4700002D12B6803B1236038BD00BF3CA5062480
:10A4800038B5064D0023044608462B6000F020F83E
:10A49000431C02D12B6803B1236038BD3CA50624C0
:10A4A000024B58221A604FF0FF3070473CA506243B
:10A4B000024B58221A604FF0FF3070473CA506242B
:10A4C000024B58221A604FF0FF3070473CA506241B
:10A4D000024B58221A600020704700BF3CA506249A
:10A4E000024B58221A604FF0FF3070473CA50624FB
:10A4F000024B58221A604FF0FF3070473CA50624EB
:10A50000024B58221A604FF0FF3070473CA50624DA
:10A51000044A05491368002B08BF0B461844106015
:10A520001846704740A5062444A50624024B58222D
:10A530001A604FF0FF3070473CA50624FEE700BFCD
:10A540000000010001000100010001000100010004
:10A5500001000100010001000200020002000200EF
:10A5600002000200020003000300040004000500D2
:10A570000500060007000800080009000A000B009B
:10A580000C000D000F001000110012001400150047
:10A59000170019001A001C001E00200022002400D1
:10A5A000260028002B002D00300032003500380036
:10A5B0003B003E004100440047004B004E0052006B
:10A5C000550059005D006100650069006E00720071
:10A5D00077007B00800085008A008F0095009A003C
:10A5E0009F00A500AB00B100B700BD00C300CA00CA
:10A5F000D000D700DE00E500EC00F300FA00020115
:10A600000A011101190122012A0132013B01440111
:10A610004C0155015F01680171017B0185018F01CA
:10A620009901A301AE01B801C301CE01D901E50131
:10A63000F001FC010802140220022C023902460239
:10A64000520260026D027A0288029602A402B202ED
:10A65000C002CF02DE02ED02FC020B031B032B0340
:10A660003B034B035B036C037D038E039F03B0032B
:10A67000C203D403E603F8030A041D0430044304B0
:10A6800056046A047E049204A604BA04CF04E404C7
:10A69000F9040E0524053A05500566057C05930569
:10A6A000AA05C105D905F005080620063906510698
:10A6B0006A0683069D06B606D006EA0605071F074A
:10A6C0003A07550771078C07A807C407E107FD077C
:10A6D0001A083708550872089008AF08CD08EC082A
:10A6E0000B092A094A096A098A09AA09CB09EC094E
:10A6F0000D0A2E0A500A720A940AB70ADA0AFD0AEB
:10A70000210B440B680B8D0BB10BD60BFB0B210CF3
:10A71000470C6D0C930CBA0CE10C080D300D580D64
:10A72000800DA80DD10DFA0D230E4D0E770EA10E42
:10A73000CC0EF70E220F4E0F7A0FA60FD20FFF0F7F
:10A7400000060C1003091316060B0104010501068F
:10A750000000030B060A00003000000003000000A8
:10A760000000803F0000803F00540040005800403F
:10A77000005C0040001C0058000000400004004045
:10A7800000080040000C004025002600270034008F
:10A7900035004700520053008E000000008040C08A
:10A7A00020A060E0109050D030B070F0088848C809
:10A7B00028A868E8189858D838B878F8048444C4A9
:10A7C00024A464E4149454D434B474F40C8C4CCCA9
:10A7D0002CAC6CEC1C9C5CDC3CBC7CFC028242C261
:10A7E00022A262E2129252D232B272F20A8A4ACAA9
:10A7F0002AAA6AEA1A9A5ADA3ABA7AFA068646C649
:10A8000026A666E6169656D636B676F60E8E4ECE48
:10A810002EAE6EEE1E9E5EDE3EBE7EFE018141C10C
:10A8200021A161E1119151D131B171F1098949C978
:10A8300029A969E9199959D939B979F9058545C518
:10A8400025A565E5159555D535B575F50D8D4DCD18
:10A850002DAD6DED1D9D5DDD3DBD7DFD038343C3D0
:10A8600023A363E3139353D333B373F30B8B4BCB18
:10A870002BAB6BEB1B9B5BDB3BBB7BFB078747C7B8
:10A8800027A767E7179757D737B777F70F8F4FCFB8
:10A890002FAF6FEF1F9F5FDF3FBF7FFF01070D11DE
:10A8A000040A14170000000002080E12050B151808
:10A8B000000000000003000000060000010100008D
:10A8C0000201000000070000020400000107000070
:10A8D0000200000000000000010801090200000061
:10A8E0000000000010000000000200000609000047
:10A8F000010C020B020A020902080302020C060AFA
:10A90000060B010401050108010901060107020007
:10A910000003010100070006020102040005000413
:10A9200000010000030B06090002010E010F0202E4
:10A9300002030000060000000C00000012000000EE
:10A940001800000000010000060100000C010000DA
:10A9500012010000180100000002000006020000C1
:10A960000C020000120200001802000000030000A8
:10A97000060300000A0A0909090A00000000FA4556
:10A9800000007A460000FA4600803B470080BB4743
:10A990000000000001020304010203040607080985
:10A9A0000003010300020102000610160006101643
:10A9B0000B00FF00D0000024B8000024C4000024D5
:10A9C00088000024F4000024DC000024E8000024B7
:10A9D0009400002418010024000100240C0100242C
:10A9E000A0000024AC93062494930624A09306248C
:10A9F0007C930624D0930624B8930624C49306249B
:10AA0000889306243C010024240100243001002402
:10AA1000AC00002401808080808080800480808061
:10AA2000808080800880808080808080108080800E
:10AA30008080808020808080808080804000000036
:10AA4000000408102040000002040810204000000C
:10AA5000010002000400060008000A000C001000BB
:10AA600020004000800000010038FAFE422EE63F40
:10AA70003067C79357F32E3D000000000000E0BF91
:10AA8000605555555555E5BF060000000000E03FF4
:10AA90004E5559999999E93F7AA429555555E5BFDD
:10AAA000E945489B5B49F2BFC33F268B2B00F03F33
:10AAB0000000000000A0F63F0000000000000000C1
:10AAC00000C8B9F2822CD6BF8056372824B4FA3C8D
:10AAD000000000000080F63F0000000000000000C1
:10AAE000000858BFBDD1D5BF20F7E0D808A51CBDD0
:10AAF000000000000060F63F0000000000000000C1
:10AB0000005845177776D5BF6D50B6D5A46223BDE2
:10AB1000000000000040F63F0000000000000000C0
:10AB200000F82D87AD1AD5BFD567B09EE484E6BC8A
:10AB3000000000000020F63F0000000000000000C0
:10AB4000007877955FBED4BFE03E2993691B04BDB2
:10AB5000000000000000F63F0000000000000000C0
:10AB600000601CC28B61D4BFCC844C482FD8133DED
:10AB70000000000000E0F53F0000000000000000C1
:10AB800000A886863004D4BF3A0B82EDF342DC3C49
:10AB90000000000000C0F53F0000000000000000C1
:10ABA000004869554CA6D3BF60945186C6B1203D7C
:10ABB0000000000000A0F53F0000000000000000C1
:10ABC0000080989ADD47D3BF9280C5D44D59253D6A
:10ABD000000000000080F53F0000000000000000C1
:10ABE0000020E1BAE2E8D2BFD82BB7991E7B263D00
:10ABF000000000000060F53F0000000000000000C1
:10AC00000088DE135A89D2BF3FB0CFB614CA153DB3
:10AC1000000000000060F53F0000000000000000A0
:10AC20000088DE135A89D2BF3FB0CFB614CA153D93
:10AC3000000000000040F53F0000000000000000A0
:10AC40000078CFFB4129D2BF76DA5328245A16BDAB
:10AC5000000000000020F53F0000000000000000A0
:10AC6000009869C198C8D1BF0454E768BCAF1FBD44
:10AC7000000000000000F53F0000000000000000A0
:10AC800000A8ABAB5C67D1BFF0A88233C61F1F3DE5
:10AC90000000000000E0F43F0000000000000000A1
:10ACA0000048AEF98B05D1BF665A05FDC4A826BD84
:10ACB0000000000000C0F43F0000000000000000A1
:10ACC000009073E224A3D0BF0E03F47EEE6B0CBDA4
:10ACD0000000000000A0F43F0000000000000000A1
:10ACE00000D0B4942540D0BF7F2DF49EB836F0BC80
:10ACF0000000000000A0F43F000000000000000081
:10AD000000D0B4942540D0BF7F2DF49EB836F0BC5F
:10AD1000000000000080F43F000000000000000080
:10AD200000405E6D18B9CFBF873C99AB2A570D3DE7
:10AD3000000000000060F43F000000000000000080
:10AD40000060DCCBADF0CEBF24AF869CB7262B3D98
:10AD5000000000000040F43F000000000000000080
:10AD600000F02A6E0727CEBF10FF3F544F2F17BDAC
:10AD7000000000000020F43F000000000000000080
:10AD800000C04F6B215CCDBF1B68CABB91BA213D8F
:10AD9000000000000000F43F000000000000000080
:10ADA00000A09AC7F78FCCBF34849F684F79273DA6
:10ADB000000000000000F43F000000000000000060
:10ADC00000A09AC7F78FCCBF34849F684F79273D86
:10ADD0000000000000E0F33F000000000000000061
:10ADE00000902D7486C2CBBF8FB78B31B04E193D0A
:10ADF0000000000000C0F33F000000000000000061
:10AE000000C0804EC9F3CABF6690CD3F634EBA3CC6
:10AE10000000000000A0F33F000000000000000060
:10AE200000B0E21FBC23CABFEAC146DC648C25BD6A
:10AE30000000000000A0F33F000000000000000040
:10AE400000B0E21FBC23CABFEAC146DC648C25BD4A
:10AE5000000000000080F33F000000000000000040
:10AE60000050F49C5A52C9BFE3D4C104D9D12ABDC1
:10AE7000000000000060F33F000000000000000040
:10AE800000D02065A07FC8BF09FADB7FBFBD2B3D86
:10AE9000000000000040F33F000000000000000040
:10AEA00000E0100289ABC7BF584A537290DB2B3DBC
:10AEB000000000000040F33F000000000000000020
:10AEC00000E0100289ABC7BF584A537290DB2B3D9C
:10AED000000000000020F33F000000000000000020
:10AEE00000D019E70FD6C6BF66E2B2A36AE410BD70
:10AEF000000000000000F33F000000000000000020
:10AF00000090A77030FFC5BF3950109F439E1EBDF3
:10AF1000000000000000F33F0000000000000000FF
:10AF20000090A77030FFC5BF3950109F439E1EBDD3
:10AF30000000000000E0F23F000000000000000000
:10AF400000B0A1E3E526C5BF8F5B07908BDE20BD77
:10AF50000000000000C0F23F000000000000000000
:10AF60000080CB6C2B4DC4BF3C783561C10C173DC4
:10AF70000000000000C0F23F0000000000000000E0
:10AF80000080CB6C2B4DC4BF3C783561C10C173DA4
:10AF90000000000000A0F23F0000000000000000E0
:10AFA00000901E20FC71C3BF3A54274D8678F13CB7
:10AFB000000000000080F23F0000000000000000E0
:10AFC00000F01FF85295C2BF08C47117308D24BD20
:10AFD000000000000060F23F0000000000000000E0
:10AFE00000602FD52AB7C1BF96A31118A4802EBD2B
:10AFF000000000000060F23F0000000000000000C0
:10B0000000602FD52AB7C1BF96A31118A4802EBD0A
:10B01000000000000040F23F0000000000000000BF
:10B020000090D07C7ED7C0BFF45BE88896690A3D6B
:10B03000000000000040F23F00000000000000009F
:10B040000090D07C7ED7C0BFF45BE88896690A3D4B
:10B05000000000000020F23F00000000000000009F
:10B0600000E0DB3191ECBFBFF233A35C547525BD2A
:10B07000000000000000F23F00000000000000009F
:10B0800000002B6E0727BEBF3C00F02A2C342A3D5F
:10B09000000000000000F23F00000000000000007F
:10B0A00000002B6E0727BEBF3C00F02A2C342A3D3F
:10B0B0000000000000E0F13F000000000000000080
:10B0C00000C05B8F545EBCBF06BE5F58570C1DBDF1
:10B0D0000000000000C0F13F000000000000000080
:10B0E00000E04A3A6D92BABFC8AA5BE83539253DFF
:10B0F0000000000000C0F13F000000000000000060
:10B1000000E04A3A6D92BABFC8AA5BE83539253DDE
:10B110000000000000A0F13F00000000000000005F
:10B1200000A031D645C3B8BF68562F4D297C133DCA
:10B130000000000000A0F13F00000000000000003F
:10B1400000A031D645C3B8BF68562F4D297C133DAA
:10B15000000000000080F13F00000000000000003F
:10B160000060E58AD2F0B6BFDA7333C9379726BDDF
:10B17000000000000060F13F00000000000000003F
:10B180000020063F071BB5BF575EC6615B021F3D2F
:10B19000000000000060F13F00000000000000001F
:10B1A0000020063F071BB5BF575EC6615B021F3D0F
:10B1B000000000000040F13F00000000000000001F
:10B1C00000E01B96D741B3BFDF13F9CCDA5E2C3D0C
:10B1D000000000000040F13F0000000000000000FF
:10B1E00000E01B96D741B3BFDF13F9CCDA5E2C3DEC
:10B1F000000000000020F13F0000000000000000FF
:10B200000080A3EE3665B1BF09A38F765E7C143D46
:10B21000000000000000F13F0000000000000000FE
:10B22000008011C0300AAFBF918E36839E592D3DEC
:10B23000000000000000F13F0000000000000000DE
:10B24000008011C0300AAFBF918E36839E592D3DCC
:10B250000000000000E0F03F0000000000000000DF
:10B2600000801971DD42ABBF4C70D6E57A821C3D7F
:10B270000000000000E0F03F0000000000000000BF
:10B2800000801971DD42ABBF4C70D6E57A821C3D5F
:10B290000000000000C0F03F0000000000000000BF
:10B2A00000C032F65874A7BFEEA1F23446FC2CBDA4
:10B2B0000000000000C0F03F00000000000000009F
:10B2C00000C032F65874A7BFEEA1F23446FC2CBD84
:10B2D0000000000000A0F03F00000000000000009F
:10B2E00000C0FEB9879EA3BFAAFE26F5B702F53CB3
:10B2F0000000000000A0F03F00000000000000007F
:10B3000000C0FEB9879EA3BFAAFE26F5B702F53C92
:10B31000000000000080F03F00000000000000007E
:10B320000000780E9B829FBFE4097E7C268029BDA9
:10B33000000000000080F03F00000000000000005E
:10B340000000780E9B829FBFE4097E7C268029BD89
:10B35000000000000060F03F00000000000000005E
:10B360000080D5071BB997BF39A6FA93548D28BD25
:10B37000000000000040F03F00000000000000005E
:10B380000000FCB0A8C08FBF9CA6D3F67C1EDFBC1B
:10B39000000000000040F03F00000000000000003E
:10B3A0000000FCB0A8C08FBF9CA6D3F67C1EDFBCFB
:10B3B000000000000020F03F00000000000000003E
:10B3C0000000106B2AE07FBFE440DA0D3FE219BDB8
:10B3D000000000000020F03F00000000000000001E
:10B3E0000000106B2AE07FBFE440DA0D3FE219BD98
:10B3F000000000000000F03F00000000000000001E
:10B40000000000000000000000000000000000003C
:10B41000000000000000F03F0000000000000000FD
:10B42000000000000000000000000000000000001C
:10B430000000000000C0EF3F00000000000000001E
:10B44000000089751510803FE82B9D996BC710BDD2
:10B45000000000000080EF3F00000000000000003E
:10B46000008093585620903FD2F7E2065BDC23BD64
:10B47000000000000040EF3F00000000000000005E
:10B480000000C9282549983F340C5A32BAA02ABD79
:10B49000000000000000EF3F00000000000000007E
:10B4A0000040E7895D41A03F53D7F15CC011013DE9
:10B4B0000000000000C0EE3F00000000000000009F
:10B4C00000002ED4AE66A43F28FDBD7573162CBDBA
:10B4D000000000000080EE3F0000000000000000BF
:10B4E00000C09F14AA94A83F7D265AD0957919BD13
:10B4F000000000000040EE3F0000000000000000DF
:10B5000000C0DDCD73CBAC3F0728D847F2681ABD29
:10B51000000000000020EE3F0000000000000000DE
:10B5200000C006C031EAAE3F7B3BC94F3E110EBDA5
:10B530000000000000E0ED3F0000000000000000FF
:10B54000006046D13B97B13F9B9E0D565D3225BDB5
:10B550000000000000A0ED3F00000000000000001F
:10B5600000E0D1A7F5BDB33FD74EDBA55EC82C3DAB
:10B57000000000000060ED3F00000000000000003F
:10B5800000A0974D5AE9B53F1E1D5D3C06692CBDD4
:10B59000000000000040ED3F00000000000000003F
:10B5A00000C0EA0AD300B73F32ED9DA98D1EEC3CE6
:10B5B000000000000000ED3F00000000000000005F
:10B5C0000040595D5E33B93FDA47BD3A5C11233D17
:10B5D0000000000000C0EC3F000000000000000080
:10B5E0000060AD8DC86ABB3FE568F72B809013BD46
:10B5F0000000000000A0EC3F000000000000000080
:10B600000040BC015888BC3FD3AC5AC6D146263D49
:10B61000000000000060EC3F00000000000000009F
:10B6200000200A8339C7BE3FE045E6AF68C02DBDA4
:10B63000000000000040EC3F00000000000000009F
:10B6400000E0DB3991E8BF3FFD0AA14FD63425BDAC
:10B65000000000000000EC3F0000000000000000BF
:10B6600000E027828E17C13FF2072DCE78EF213DF3
:10B670000000000000E0EB3F0000000000000000C0
:10B6800000F0237E2BAAC13F349938448EA72C3D6D
:10B690000000000000A0EB3F0000000000000000E0
:10B6A0000080860C61D1C23FA1B481CB6C9D033D6B
:10B6B000000000000080EB3F0000000000000000E0
:10B6C000009015B0FC65C33F89724B23A82FC63C80
:10B6D000000000000040EB3F000000000000000000
:10B6E00000B033833D91C43F78B6FD547983253D46
:10B6F000000000000020EB3F000000000000000000
:10B7000000B0A1E4E527C53FC77D69E5E833263DE4
:10B710000000000000E0EA3F000000000000000020
:10B7200000108CBE4E57C63F782E3C2C8BCF193D57
:10B730000000000000C0EA3F000000000000000020
:10B740000070758B12F0C63FE1219CE58D1125BD7F
:10B750000000000000A0EA3F000000000000000020
:10B76000005044858D89C73F0543917010661CBD0C
:10B77000000000000060EA3F000000000000000040
:10B78000000039EBAFBEC83FD12CE9AA543D07BD3C
:10B79000000000000040EA3F000000000000000040
:10B7A0000000F7DC5A5AC93F6FFFA05828F2073D46
:10B7B000000000000000EA3F000000000000000060
:10B7C00000E08A3CED93CA3F69215650437228BD80
:10B7D0000000000000E0E93F000000000000000061
:10B7E00000D05B57D831CB3FAAE1AC4E8D350CBDB4
:10B7F0000000000000C0E93F000000000000000061
:10B8000000E03B3887D0CB3FB6125459C44B2DBD16
:10B810000000000000A0E93F000000000000000060
:10B820000010F0C6FB6FCC3FD22B96C572ECF1BC7A
:10B83000000000000060E93F000000000000000080
:10B840000090D4B03DB1CD3F35B015F72AFF2ABDE9
:10B85000000000000040E93F000000000000000080
:10B860000010E7FF0E53CE3F30F441602712C23C78
:10B87000000000000020E93F000000000000000080
:10B880000000DDE4ADF5CE3F118EBB651521CABCCD
:10B89000000000000000E93F000000000000000080
:10B8A00000B0B36C1C99CF3F30DF0CCAECCB1B3D12
:10B8B0000000000000C0E83F0000000000000000A1
:10B8C00000584D603871D03F914EED16DB9CF83C2E
:10B8D0000000000000A0E83F0000000000000000A1
:10B8E000006061672DC4D03FE9EA3C168B18273D04
:10B8F000000000000080E83F0000000000000000A1
:10B9000000E827828E17D13F1CF0A5630E212CBDC5
:10B91000000000000060E83F0000000000000000A0
:10B9200000F8ACCB5C6BD13F8116A5F7CD9A2B3DCF
:10B93000000000000040E83F0000000000000000A0
:10B9400000685A6399BFD13FB7BD4751EDA62C3D62
:10B95000000000000020E83F0000000000000000A0
:10B9600000B80E6D4514D23FEABA46BADE870A3DEA
:10B970000000000000E0E73F0000000000000000C1
:10B980000090DC7CF0BED23FF404504AFA9C2A3D81
:10B990000000000000C0E73F0000000000000000C1
:10B9A0000060D3E1F114D33FB83C21D37AE228BD43
:10B9B0000000000000A0E73F0000000000000000C1
:10B9C0000010BE76676BD33FC877F1B0CD6E113DE6
:10B9D000000000000080E73F0000000000000000C1
:10B9E0000030337752C2D33F5CBD06B6543B183D9E
:10B9F000000000000060E73F0000000000000000C1
:10BA000000E8D523B419D43F9DE090EC36E4083D1E
:10BA1000000000000040E73F0000000000000000C0
:10BA200000C871C28D71D43F75D66709CE272FBD6E
:10BA3000000000000020E73F0000000000000000C0
:10BA40000030179EE0C9D43FA4D80A1B89202EBD20
:10BA5000000000000000E73F0000000000000000C0
:10BA600000A03807AE22D53F59C7648170BE2E3D75
:10BA70000000000000E0E63F0000000000000000C1
:10BA800000D0C853F77BD53FEF405DEEEDAD1F3DD5
:10BA90000000000000C0E63F0000000000000000C1
:10BAA000006059DFBDD5D53FDC65A4082A0B0ABD6F
:10BAB000000000000000F03F748515D3B0D9EF3FBF
:10BAC0000F89F96C58B5EF3F515B12D00193EF3FEE
:10BAD0007B517D3CB872EF3FAAB968318754EF3F84
:10BAE0003862756E7A38EF3FE1DE1FF59D1EEF3F3D
:10BAF00015B7310AFE06EF3FCBA93A37A7F1EE3F63
:10BB00002234124CA6DEEE3F2D89616008CEEE3F56
:10BB1000272A36D5DABFEE3F824F9D562BB4EE3F33
:10BB2000295448DD07ABEE3F85553AB07EA4EE3F81
:10BB3000CD3B7F669EA0EE3F745FECE8759FEE3FC5
:10BB40008701EB7314A1EE3F13CE4C9989A5EE3F0C
:10BB5000DBA02A42E5ACEE3FE5C5CDB037B7EE3FFE
:10BB600090F0A38291C4EE3F5D253EB203D5EE3F37
:10BB7000ADD35A999FE8EE3F475EFBF276FFEE3F6A
:10BB80009C5285DD9B19EF3F6990EFDC2037EF3F3A
:10BB900087A4FBDC1858EF3F5F9B7B33977CEF3F1C
:10BBA000DA90A4A2AFA4EF3F40456E5B76D0EF3FA2
:10BBB000000000000000E8429423914BF86AAC3F7B
:10BBC000F3C4FA50CEBFCE3FD6520CFF422EE63F12
:10BBD0000000000000003843FE822B6547154740F7
:10BBE0009423914BF86ABC3EF3C4FA50CEBF2E3F6B
:10BBF000D6520CFF422E963FBEF3F879EC61F63F29
:10BC0000DEAA8C80F77BD5BF3D88AF4AED71F53F4A
:10BC1000DB6DC0A7F0BED2BFB010F0F03995F43F95
:10BC2000673A517FAE1ED0BF8503B8B095C9F33FC8
:10BC3000E92482A6D831CBBFA564880C190DF33F47
:10BC40005877C00A4F57C6BFA08E0B7B225EF23FCB
:10BC500000819CC72BAAC1BF3F341A4A4ABBF13F9F
:10BC60005E0E8CCE764EBABFBAE58AF05823F13F0D
:10BC7000CC1C615A3C97B1BFA70099413F95F03F5A
:10BC80001E0CE138F452A2BF000000000000F03F9B
:10BC90000000000000000000AC479AFD8C60EE3F01
:10BCA0008459F25DAAA5AA3FA06A021FB3A4EC3F83
:10BCB000B42E36AA535EBC3FE6FC6A573620EB3FF3
:10BCC00008DB2077E526C53F2DAAA163D1C2E93F55
:10BCD0007047220D86C2CB3FED417803E686E83FF0
:10BCE000E17EA0C88B05D13F624853F5DC67E73F92
:10BCF00009EEB6573004D43FEF39FAFE422EE63F44
:10BD00003483B848A30ED0BF6A0BE00B5B57D53F16
:10BD100023410AF2FEFFDFBFA2000000F9A20000EB
:10BD200083F9A2006E83F9A24E6E83F9444E6E83AE
:10BD300015444E6E2915444EFC29154427FC29153F
:10BD40005727FC29D15727FCF5D1572734F5D15770
:10BD5000DD34F5D1C0DD34F5DBC0DD3462DBC0DDC0
:10BD60009562DBC0999562DB3C999562433C99955D
:10BD700090433C994190433C000000000000F03F9C
:10BD8000000000000000F0BF000000000000F0BF55
:10BD9000000000000000F03F83C8C96D305F6441BF
:10BDA000182D4454FB21F93F000000000000F03F33
:10BDB0001C620CFDFFFFDFBF198F06E15355A53F45
:10BDC0009D359AE887C056BFC3F87B024393F93E7E
:10BDD00003A695595455C5BFC40B23057610813F62
:10BDE00024CF7437EB9429BF000000000000F03F1F
:10BDF000000000000000F0BF000000000000F0BFE5
:10BE0000000000000000F03F83C8C96D305F64414E
:10BE1000182D4454FB21F93F000000000000F0BF42
:10BE20001C620CFDFFFFDF3F198F06E15355A5BFD4
:10BE30009D359AE887C0563FC3F87B024393F9BE0D
:10BE400003A695595455C5BFC40B23057610813FF1
:10BE500024CF7437EB9429BFFB21F93FFB21094024
:10BE60007CD91240FB2119407A6A1F407CD92240BC
:10BE7000BBFD2540FB2129403A462C407A6A2F40E1
:10BE80005C4731407CD932409C6B3440BBFD35402F
:10BE9000DB8F3740FB2139401BB43A403A463C40E7
:10BEA0005AD83D407A6A3F404C7E40405C47414012
:10BEB0006C1042407CD942408CA243409C6B444071
:10BEC000AC344540BBFD4540CBC64640DB8F4740C8
:10BED000EB584840FB21494083F9A200444E6E00D4
:10BEE000FC291500D1572700DD34F50062DBC000C6
:10BEF0003C999500419043006351FE00BBDEAB00CE
:10BF0000B761C5003A6E2400D24D42004906E000F8
:10BF100009EA2E001C92D100EB1DFE0029B11C0085
:10BF2000E83EA700F535820044BB2E009CE9840062
:10BF3000B4267000417E5F00D691390053833900EA
:10BF40009CF439008B5F840028F9BD00F81F3B008A
:10BF5000DEFF97000F980500112FEF000A5A8B00A3
:10BF60006D1F6D00CF7E360009CB2700464FB7000E
:10BF70009E663F002DEA5F00BA277500E5EBC7001B
:10BF80003D7BF100F739070092528A00FB6BEA0013
:10BF90001FB15F00085D8D00300356007BFC46003A
:10BFA000F0AB6B0020BCCF0036F49A00E3A91D0073
:10BFB0005E619100081BE60085996500A0145F0092
:10BFC0008D40680080D8FF0027734D0006063100C1
:10BFD000CA561500C9A873007BE260006B8CC000D4
:10BFE000FE822B65471567400000000000003843C3
:10BFF0000000FAFE422E76BF3A3B9EBC9AF70CBD7B
:10C00000BDFDFFFFFFFFDF3F3C5455555555C53F74
:10C01000912B17CF5555A53F17D0A4671111813F1C
:10C02000000000000000C842EF39FAFE422EE63F51
:10C0300024C482FFBDBFCE3FB5F40CD7086BAC3F24
:10C04000CC5046D2ABB2833F843A4E9BE0D7553FAB
:10C050000000000000000000000000000000F03FB1
:10C060006EBF881A4F3B9B3C3533FBA93DF6EF3F33
:10C070005DDCD89C136071BC6180773E9AECEF3F29
:10C08000D16687107A5E90BC857F6EE815E3EF3F3E
:10C0900013F6673552D28C3C748515D3B0D9EF3F77
:10C0A000FA8EF92380CE8BBCDEF6DD296BD0EF3F14
:10C0B00061C8E6614EF7603CC89B751845C7EF3F05
:10C0C00099D3335BE4A3903C83F3C6CA3EBEEF3FF3
:10C0D0006D7B835DA69A973C0F89F96C58B5EF3F4D
:10C0E000FCEFFD921AB58E3CF747722B92ACEF3FF6
:10C0F000D19C2F703DBE3E3CA2D1D332ECA3EF3F8A
:10C100000B6E908934036ABC1BD3FEAF669BEF3F76
:10C110000EBD2F2A525695BC515B12D00193EF3FB2
:10C1200055EA4E8CEF8050BCCC316CC0BD8AEF3FDD
:10C1300016F4D5B923C991BCE02DA9AE9A82EF3F80
:10C14000AF555CE9E3D3803C518EA5C8987AEF3FA8
:10C150004893A5EA151B80BC7B517D3CB872EF3F2C
:10C160003D32DE55F01F8FBCEA8D8C38F96AEF3F07
:10C17000BF53133F8C898B3C75CB6FEB5B63EF3FF9
:10C1800026EB11769CD996BCD45C0484E05BEF3F2F
:10C19000602F3A3EF7EC9A3CAAB968318754EF3FDA
:10C1A0009D3886CB82E78FBC1DD9FC22504DEF3FD6
:10C1B0008DC3A644416F8A3CD68C62883B46EF3FD4
:10C1C0007D04E4B0057A803C96DC7D91493FEF3FE9
:10C1D00094A8A8E3FD8E963C3862756E7A38EF3FDE
:10C1E0007D4874F2185E873C3FA6B24FCE31EF3FD8
:10C1F000F2E71F982B47803CDD7CE265452BEF3F43
:10C200005E08713F7BB896BC8163F5E1DF24EF3FA8
:10C2100031AB096DE1F7823CE1DE1FF59D1EEF3F7A
:10C22000FABF6F1A9B213DBC90D9DAD07F18EF3F3F
:10C23000B40A0C7282378B3C0B03E4A68512EF3FE5
:10C240008FCBCE8992146E3C562F3EA9AF0CEF3F98
:10C25000B6ABB04D754D833C15B7310AFE06EF3FC6
:10C260004C74ACE20142863C31D84CFC7001EF3F8B
:10C270004AF8D35D39DD8F3CFF1664B208FCEE3F0F
:10C28000045B8E3B80A386BCF19F925FC5F6EE3FB8
:10C2900068504BCCED4A92BCCBA93A37A7F1EE3FA0
:10C2A0008E2D511BF80799BC66D8056DAEECEE3F9C
:10C2B000D236943EE8D171BCF79FE534DBE7EE3F20
:10C2C000151BCEB3191999BCE5A813C32DE3EE3F96
:10C2D0006D4C2AA7489F853C2234124CA6DEEE3FC7
:10C2E0008A69287A601293BC1C80AC0445DAEE3F60
:10C2F0005B8917488FA758BC2A2EF7210AD6EE3F34
:10C300001B9A49679B2C7CBC97A850D9F5D1EE3F6E
:10C3100011ACC260ED63433C2D89616008CEEE3FF5
:10C32000EF64063B0966963C57001DED41CAEE3F9F
:10C330007903A1DAE1CC6E3CD03CC1B5A2C6EE3F98
:10C3400030120F3F8EFF933CDED3D7F02AC3EE3F6F
:10C35000B0AF7ABBCE90763C272A36D5DABFEE3F17
:10C3600077E054EBBD1D933C0DDDFD99B2BCEE3F73
:10C370008EA3710034948FBCA72C9D76B2B9EE3F8A
:10C3800049A393DCCCDE87BC4266CFA2DAB6EE3F8F
:10C390005F380FBDC6DE78BC824F9D562BB4EE3F92
:10C3A000F65C7BEC461286BC0F925DCAA4B1EE3FF0
:10C3B0008ED7FD180535933CDA27B53647AFEE3FEB
:10C3C000059B8A2FB7987B3CFDC797D412ADEE3FF3
:10C3D00009541CE2E163903C295448DD07ABEE3F71
:10C3E000EAC6195085C7343CB746598A26A9EE3F9C
:10C3F00035C0642BE632943C4821AD156FA7EE3F63
:10C400009F7699614AE48CBC09DC76B9E1A5EE3FE0
:10C41000A84DEF3BC5338CBC85553AB07EA4EE3FAA
:10C42000AEE92B89785384BC20C3CC3446A3EE3FBD
:10C4300058585678DDCE93BC2522558238A2EE3F5F
:10C4400064197E80AA10573C73A94CD455A1EE3FC5
:10C4500028225EBFEFB393BCCD3B7F669EA0EE3F2C
:10C4600082B93487AD126ABCBFDA0B7512A0EE3FF9
:10C47000EEA96DB8EF6763BC2F1A653CB29FEE3F23
:10C480005188E0543DDC80BC849451F97D9FEE3F9F
:10C49000CF3E5A7E641F78BC745FECE8759FEE3F18
:10C4A000B07D8BC04AEE86BC7481A5489A9FEE3F52
:10C4B0008AE6551E321986BCC9674256EB9FEE3F8D
:10C4C000D3D4095ECB9C903C3F5DDE4F69A0EE3F2C
:10C4D0001DA54DB9DC327BBC8701EB7314A1EE3F87
:10C4E0006BC06754FDEC943C32C13001EDA1EE3FCE
:10C4F000556CD6ABE1EB653C624ECF36F3A2EE3F16
:10C5000042CFB32FC5A188BC121A3E5427A4EE3FD8
:10C5100034373BF1B66993BC13CE4C9989A5EE3FF5
:10C520001EFF193A845E80BCADC723461AA7EE3FB2
:10C530006E5772D850D494BCED92449BD9A8EE3F6C
:10C54000008A0E5B67AD903C99668AD9C7AAEE3F18
:10C55000B4EAF0C12FB78D3CDBA02A42E5ACEE3F38
:10C56000FFE7C59C60B665BC8C44B51632AFEE3FA4
:10C57000445FF35983F67B3C36771599AEB1EE3FB5
:10C58000833D1EA71F0993BCC6FF910B5BB4EE3F12
:10C59000291E6C8BB8A95DBCE5C5CDB037B7EE3FA1
:10C5A00059B9907CF9236CBC0F52C8CB44BAEE3F0A
:10C5B000AAF9F422434392BC504EDE9F82BDEE3F67
:10C5C0004B8E66D76CCA85BCBA07CA70F1C0EE3F05
:10C5D00027CE912BFCAF713C90F0A38291C4EE3F2B
:10C5E000BB730AE135D26D3C2323E31963C8EE3FE8
:10C5F0006322622204C587BC65E55D7B66CCEE3FA5
:10C60000D531E2E3861C8B3C332D4AEC9BD0EE3FC8
:10C6100015BBBCD3D1BB91BC5D253EB203D5EE3F6B
:10C62000D231EE9C31CC903C58B330139ED9EE3FC2
:10C63000B35A736E8469843CBFFD79556BDEEE3F5F
:10C64000B49D8E97CDDF82BC7AF3D3BF6BE3EE3F10
:10C650008733CB92771A8C3CADD35A999FE8EE3F43
:10C66000FAD9D14A8F7B90BC66B68D2907EEEE3F92
:10C67000BAAEDC56D9C355BCFB154FB8A2F3EE3F9A
:10C6800040F6A63D0EA490BC3A59E58D72F9EE3FF6
:10C690003493AD38F4D668BC475EFBF276FFEE3FCC
:10C6A000358A586BE2EE91BC4A06A130B005EF3FE7
:10C6B000CDDD5F0AD7FF743CD2C14B901E0CEF3F1B
:10C6C000AC9892FAFBBD91BC091ED75BC212EF3F3A
:10C6D000B30CAF30AE6E733C9C5285DD9B19EF3FBF
:10C6E00094FD9F5C32E38E3C7AD0FF5FAB20EF3F3E
:10C6F000AC5909D18FE0843C4BD1572EF127EF3F45
:10C70000671A4E38AFCD633CB5E706946D2FEF3F07
:10C710006819926C2C6B673C6990EFDC2037EF3F17
:10C72000D2B5CC83188A80BCFAC35D550B3FEF3F6E
:10C730006FFAFF3F5DAD8FBC7C89074A2D47EF3F05
:10C7400049A97538AE0D90BCF2890D08874FEF3FAF
:10C75000A7073DA685A3743C87A4FBDC1858EF3FD0
:10C760000F2240209E9182BC9883C916E360EF3F60
:10C77000AC92C1D5505A8E3C8532DB03E669EF3F5F
:10C780004B6B01AC593A843C60B401F32173EF3F29
:10C790001F3EB40721D582BC5F9B7B33977CEF3F64
:10C7A000C90D473BB92A89BC29A1F5144686EF3F3C
:10C7B000D3883A6004B6743CF63F8BE72E90EF3F87
:10C7C00071729D51ECC5833C834CC7FB519AEF3F7E
:10C7D000F091D38F12F78FBCDA90A4A2AFA4EF3FF1
:10C7E0007D7423E298AE8DBCF1678E2D48AFEF3F8C
:10C7F0000820AA41BCC38E3C275A61EE1BBAEF3F0A
:10C8000032EBA9C3942B843C97BA6B372BC5EF3F0F
:10C81000EE85D131A9648A3C40456E5B76D0EF3F0E
:10C82000EDE33BE4BA378EBC14BE9CADFDDBEF3FBD
:10C830009DCD914D3B89773CD8909E81C1E7EF3FDC
:10C8400089CC6041C105533CF1718F2BC2F3EF3F9E
:10C8500000000040FB21F93F000000002D44743E21
:10C86000000000809846F83C0000006051CC783B06
:10C8700000000080831BF0390000004020257A383A
:10C88000000000802282E336000000001DF36935BD
:10C890000200000003000000040000000600000089
:10C8A000AC0300245245454E54206D616C6C6F639F
:10C8B00020737563636565646564002F6D6E742F06
:10C8C000776F726B73706163652F776F726B7370C4
:10C8D0006163652F4743432D31302D706970656C5E
:10C8E000696E652F6A656E6B696E732D4743432DC4
:10C8F00031302D706970656C696E652D34385F322A
:10C90000303230313132345F3136303631383036D2
:10C9100034312F7372632F6E65776C69622F6E6589
:10C92000776C69622F6C6962632F7374646C6962DF
:10C930002F72616E642E63002C2066756E637469BD
:10C940006F6E3A2000617373657274696F6E202296
:10C95000257322206661696C65643A2066696C659E
:10C9600020222573222C206C696E65202564257396
:10C9700025730A0000000000000000000000000015
:10C9800000000000000000000000000000000000A7
:10C990000000000000000000000000000000000097
:10C9A0000000000000000000000000000000000087
:10C9B0000000000000000000000000000000000077
:10C9C0000000000000000000000000000000000067
:10C9D00000000000232D302B2000686C4C006566A1
:10C9E00067454647003031323334353637383941C0
:10C9F00042434445460030313233343536373839D6
:10CA00006162636465660000F8B500BFF8BC08BCED
:10CA10009E467047F8B500BFF8BC08BC9E467047FC
:08CA2000083DFE7F010000004B
:10CA2800C50200085D2D0008E5370008714D0008B3
:10CA3800315800087D670008797100086D78000892
:10CA4800CD7D0008E5390108393F0108C14E0108CC
:04CA5800A10200082F
:10CA5C0000000000010000000100000001000000C7
:10CA6C000000803F0000803F0000803F0000803FBE
:10CA7C0000000045010000000000FA4600000047DD
:10CA8C00100000000000000000000000000000008A
:10CA9C00000000000000000010000000000000007A
:10CAAC00000000000000000000000000000000007A
:10CABC00100000000000000000000000000000005A
:10CACC0000000000000000000090D0030090D00394
:10CADC000100000010000000060A0500040500001B
:10CAEC0000000000010C050104070109050000000D
:10CAFC000004060000000000000000000004080014
:10CB0C0000000000000000000104050006050609F5
:10CB1C0005000000010505000705000000000000ED
:10CB2C00060B05000505000000000000010E0502C3
:10CB3C000205000000000000020105010F050203C0
:10CB4C0005000000030305000000000000000000C9
:10CB5C00020B06010406000000000000020C060196
:10CB6C000507000000000000020A0600000000009B
:10CB7C00000000000104080006080000000000008E
:10CB8C00010508000708000000000000000508006F
:10CB9C000000000000000000000000000000000089
:10CBAC000000000000000000000000000000000079
:10CBBC000100000000000000000000000000000068
:10CBCC000000000000000000000000000100000058
:10CBDC000000000000000000000000000000000049
:10CBEC000000000000000000010000000000000038
:10CBFC000000000000000000000000000000000029
:10CC0C000000000001000000000000000000000017
:10CC1C000000000000000000000000000000000008
:10CC2C0001000000000000000000000000000000F7
:10CC3C0000000000000000000000000001000000E7
:10CC4C0000000000000000000000000000000000D8
:10CC5C0000000000000000000100000000000000C7
:10CC6C0000000000000000000000000000000000B8
:10CC7C0000000000010000000000000000000000A7
:10CC8C000000000000000000000000000000000098
:10CC9C000100000000000000000000000000000087
:10CCAC000000000000000000000000000100000077
:10CCBC000000000000000000000000000000000068
:10CCCC000000000000000000010000000000000057
:10CCDC000000000000000000000000000000000048
:10CCEC000000000001000000000000000000000037
:10CCFC000000000000000000000000000000000028
:10CD0C000100000001070800000000000000000006
:10CD1C000106080000000000000000000B00FF00EE
:10CD2C006003002454030024780300246C030024C3
:10CD3C0090030024840300242403002418030024FB
:10CD4C003C0300243003002420A506249C0300246B
:10CD5C0048030024FCA4062414A5062408A50624D4
:10CD6C00C0020024B4020024010808020B080001D0
:10CD7C0008000000010908020A0800000800000071
:10CD8C00010C0E03020801050E000000020C080144
:10CD9C00060E00000000000001040B000000000063
:10CDAC0000000000010707010F0400000000000054
:10CDBC00010607010E04000000000000000307003C
:10CDCC00000000000000000000020700000000004E
:10CDDC0000000000020B0700000000000000000033
:10CDEC00020A07000000000000000000060907000E
:10CDFC000000000000FF0000AC0300240000000055
:10CE0C0094C90108B4C9010874C9010800000000E4
:10CE1C000000000000000000000000000000000006
:10CE2C0000000000000000000000000000000000F6
:10CE3C0000000000000000000000000000000000E6
:10CE4C0000000000000000000000000000000000D6
:0CCE5C00000000000000000000000000CA
:0400000508000A09DC
:00000001FF
